solid OpenSCAD_Model
  facet normal -0.760425 0.649426 0
    outer loop
      vertex 3.15106 81.3843 -4.5
      vertex 3.36508 81.6349 0
      vertex 3.36508 81.6349 -4.5
    endloop
  endfacet
  facet normal -0.760425 0.649426 0
    outer loop
      vertex 3.36508 81.6349 0
      vertex 3.15106 81.3843 -4.5
      vertex 3.15106 81.3843 0
    endloop
  endfacet
  facet normal 0.972321 -0.233651 0
    outer loop
      vertex 122.147 4.20106 0
      vertex 122.224 4.52149 -4.5
      vertex 122.224 4.52149 0
    endloop
  endfacet
  facet normal 0.972321 -0.233651 0
    outer loop
      vertex 122.224 4.52149 -4.5
      vertex 122.147 4.20106 0
      vertex 122.147 4.20106 -4.5
    endloop
  endfacet
  facet normal 0.23366 0.972318 -0
    outer loop
      vertex 120.799 82.1472 -4.5
      vertex 120.479 82.2241 0
      vertex 120.799 82.1472 0
    endloop
  endfacet
  facet normal 0.23366 0.972318 0
    outer loop
      vertex 120.479 82.2241 0
      vertex 120.799 82.1472 -4.5
      vertex 120.479 82.2241 -4.5
    endloop
  endfacet
  facet normal 0.07833 -0.996927 0
    outer loop
      vertex 120.15 2.75 -4.5
      vertex 120.479 2.77585 0
      vertex 120.15 2.75 0
    endloop
  endfacet
  facet normal 0.07833 -0.996927 0
    outer loop
      vertex 120.479 2.77585 0
      vertex 120.15 2.75 -4.5
      vertex 120.479 2.77585 -4.5
    endloop
  endfacet
  facet normal -0.760386 -0.649471 0
    outer loop
      vertex 3.36508 3.36508 -4.5
      vertex 3.15106 3.61565 0
      vertex 3.15106 3.61565 -4.5
    endloop
  endfacet
  facet normal -0.760386 -0.649471 0
    outer loop
      vertex 3.15106 3.61565 0
      vertex 3.36508 3.36508 -4.5
      vertex 3.36508 3.36508 0
    endloop
  endfacet
  facet normal 0.924017 0.382352 0
    outer loop
      vertex 122.147 80.7989 0
      vertex 122.021 81.1034 -4.5
      vertex 122.021 81.1034 0
    endloop
  endfacet
  facet normal 0.924017 0.382352 0
    outer loop
      vertex 122.021 81.1034 -4.5
      vertex 122.147 80.7989 0
      vertex 122.147 80.7989 -4.5
    endloop
  endfacet
  facet normal -0.23345 -0.972369 0
    outer loop
      vertex 4.20106 2.85278 -4.5
      vertex 4.52149 2.77585 0
      vertex 4.20106 2.85278 0
    endloop
  endfacet
  facet normal -0.23345 -0.972369 -0
    outer loop
      vertex 4.52149 2.77585 0
      vertex 4.20106 2.85278 -4.5
      vertex 4.52149 2.77585 -4.5
    endloop
  endfacet
  facet normal -0.0784461 -0.996918 0
    outer loop
      vertex 4.52149 2.77585 -4.5
      vertex 4.85 2.75 0
      vertex 4.52149 2.77585 0
    endloop
  endfacet
  facet normal -0.0784461 -0.996918 -0
    outer loop
      vertex 4.85 2.75 0
      vertex 4.52149 2.77585 -4.5
      vertex 4.85 2.75 -4.5
    endloop
  endfacet
  facet normal -0.852594 0.522574 0
    outer loop
      vertex 2.97889 81.1034 -4.5
      vertex 3.15106 81.3843 0
      vertex 3.15106 81.3843 -4.5
    endloop
  endfacet
  facet normal -0.852594 0.522574 0
    outer loop
      vertex 3.15106 81.3843 0
      vertex 2.97889 81.1034 -4.5
      vertex 2.97889 81.1034 0
    endloop
  endfacet
  facet normal -0.382701 -0.923872 0
    outer loop
      vertex 3.89662 2.97889 -4.5
      vertex 4.20106 2.85278 0
      vertex 3.89662 2.97889 0
    endloop
  endfacet
  facet normal -0.382701 -0.923872 -0
    outer loop
      vertex 4.20106 2.85278 0
      vertex 3.89662 2.97889 -4.5
      vertex 4.20106 2.85278 -4.5
    endloop
  endfacet
  facet normal -1 0 0
    outer loop
      vertex 2.75 4.85 -4.5
      vertex 2.75 5.91253 0
      vertex 2.75 5.91253 -4.5
    endloop
  endfacet
  facet normal -1 -0 0
    outer loop
      vertex 2.75 5.91253 0
      vertex 2.75 4.85 -4.5
      vertex 2.75 4.85 0
    endloop
  endfacet
  facet normal -1 0 0
    outer loop
      vertex 2.75 79.0875 -4.5
      vertex 2.75 80.15 0
      vertex 2.75 80.15 -4.5
    endloop
  endfacet
  facet normal -1 -0 0
    outer loop
      vertex 2.75 80.15 0
      vertex 2.75 79.0875 -4.5
      vertex 2.75 79.0875 0
    endloop
  endfacet
  facet normal -1 0 0
    outer loop
      vertex 2.75 8.08747 -4.5
      vertex 2.75 76.9125 0
      vertex 2.75 76.9125 -4.5
    endloop
  endfacet
  facet normal -1 -0 0
    outer loop
      vertex 2.75 76.9125 0
      vertex 2.75 8.08747 -4.5
      vertex 2.75 8.08747 0
    endloop
  endfacet
  facet normal -0.996918 -0.0784461 0
    outer loop
      vertex 2.77585 4.52149 -4.5
      vertex 2.75 4.85 0
      vertex 2.75 4.85 -4.5
    endloop
  endfacet
  facet normal -0.996918 -0.0784461 0
    outer loop
      vertex 2.75 4.85 0
      vertex 2.77585 4.52149 -4.5
      vertex 2.77585 4.52149 0
    endloop
  endfacet
  facet normal 0.852882 -0.522104 0
    outer loop
      vertex 121.849 3.61565 0
      vertex 122.021 3.89662 -4.5
      vertex 122.021 3.89662 0
    endloop
  endfacet
  facet normal 0.852882 -0.522104 0
    outer loop
      vertex 122.021 3.89662 -4.5
      vertex 121.849 3.61565 0
      vertex 121.849 3.61565 -4.5
    endloop
  endfacet
  facet normal 0 -1 0
    outer loop
      vertex 4.85 2.75 -4.5
      vertex 5.91253 2.75 0
      vertex 4.85 2.75 0
    endloop
  endfacet
  facet normal 0 -1 -0
    outer loop
      vertex 5.91253 2.75 0
      vertex 4.85 2.75 -4.5
      vertex 5.91253 2.75 -4.5
    endloop
  endfacet
  facet normal 0 -1 0
    outer loop
      vertex 119.087 2.75 -4.5
      vertex 120.15 2.75 0
      vertex 119.087 2.75 0
    endloop
  endfacet
  facet normal 0 -1 -0
    outer loop
      vertex 120.15 2.75 0
      vertex 119.087 2.75 -4.5
      vertex 120.15 2.75 -4.5
    endloop
  endfacet
  facet normal 0 -1 0
    outer loop
      vertex 8.08747 2.75 -4.5
      vertex 116.913 2.75 0
      vertex 8.08747 2.75 0
    endloop
  endfacet
  facet normal 0 -1 -0
    outer loop
      vertex 116.913 2.75 0
      vertex 8.08747 2.75 -4.5
      vertex 116.913 2.75 -4.5
    endloop
  endfacet
  facet normal 0.648792 0.760966 -0
    outer loop
      vertex 121.635 81.6349 -4.5
      vertex 121.384 81.8489 0
      vertex 121.635 81.6349 0
    endloop
  endfacet
  facet normal 0.648792 0.760966 0
    outer loop
      vertex 121.384 81.8489 0
      vertex 121.635 81.6349 -4.5
      vertex 121.384 81.8489 -4.5
    endloop
  endfacet
  facet normal 1 -0 0
    outer loop
      vertex 122.25 79.0875 0
      vertex 122.25 80.15 -4.5
      vertex 122.25 80.15 0
    endloop
  endfacet
  facet normal 1 0 0
    outer loop
      vertex 122.25 80.15 -4.5
      vertex 122.25 79.0875 0
      vertex 122.25 79.0875 -4.5
    endloop
  endfacet
  facet normal 1 -0 0
    outer loop
      vertex 122.25 4.85 0
      vertex 122.25 5.91253 -4.5
      vertex 122.25 5.91253 0
    endloop
  endfacet
  facet normal 1 0 0
    outer loop
      vertex 122.25 5.91253 -4.5
      vertex 122.25 4.85 0
      vertex 122.25 4.85 -4.5
    endloop
  endfacet
  facet normal 1 -0 0
    outer loop
      vertex 122.25 8.08747 0
      vertex 122.25 76.9125 -4.5
      vertex 122.25 76.9125 0
    endloop
  endfacet
  facet normal 1 0 0
    outer loop
      vertex 122.25 76.9125 -4.5
      vertex 122.25 8.08747 0
      vertex 122.25 8.08747 -4.5
    endloop
  endfacet
  facet normal -0.649471 -0.760386 0
    outer loop
      vertex 3.36508 3.36508 -4.5
      vertex 3.61565 3.15106 0
      vertex 3.36508 3.36508 0
    endloop
  endfacet
  facet normal -0.649471 -0.760386 -0
    outer loop
      vertex 3.61565 3.15106 0
      vertex 3.36508 3.36508 -4.5
      vertex 3.61565 3.15106 -4.5
    endloop
  endfacet
  facet normal 0.648827 -0.760936 0
    outer loop
      vertex 121.384 3.15106 -4.5
      vertex 121.635 3.36508 0
      vertex 121.384 3.15106 0
    endloop
  endfacet
  facet normal 0.648827 -0.760936 0
    outer loop
      vertex 121.635 3.36508 0
      vertex 121.384 3.15106 -4.5
      vertex 121.635 3.36508 -4.5
    endloop
  endfacet
  facet normal -0.852652 -0.52248 0
    outer loop
      vertex 3.15106 3.61565 -4.5
      vertex 2.97889 3.89662 0
      vertex 2.97889 3.89662 -4.5
    endloop
  endfacet
  facet normal -0.852652 -0.52248 0
    outer loop
      vertex 2.97889 3.89662 0
      vertex 3.15106 3.61565 -4.5
      vertex 3.15106 3.61565 0
    endloop
  endfacet
  facet normal -0.996918 0.0784485 0
    outer loop
      vertex 2.75 80.15 -4.5
      vertex 2.77585 80.4785 0
      vertex 2.77585 80.4785 -4.5
    endloop
  endfacet
  facet normal -0.996918 0.0784485 0
    outer loop
      vertex 2.77585 80.4785 0
      vertex 2.75 80.15 -4.5
      vertex 2.75 80.15 0
    endloop
  endfacet
  facet normal 0 1 -0
    outer loop
      vertex 120.15 82.25 -4.5
      vertex 119.087 82.25 0
      vertex 120.15 82.25 0
    endloop
  endfacet
  facet normal 0 1 0
    outer loop
      vertex 119.087 82.25 0
      vertex 120.15 82.25 -4.5
      vertex 119.087 82.25 -4.5
    endloop
  endfacet
  facet normal 0 1 -0
    outer loop
      vertex 5.91253 82.25 -4.5
      vertex 4.85 82.25 0
      vertex 5.91253 82.25 0
    endloop
  endfacet
  facet normal 0 1 0
    outer loop
      vertex 4.85 82.25 0
      vertex 5.91253 82.25 -4.5
      vertex 4.85 82.25 -4.5
    endloop
  endfacet
  facet normal 0 1 -0
    outer loop
      vertex 116.913 82.25 -4.5
      vertex 8.08747 82.25 0
      vertex 116.913 82.25 0
    endloop
  endfacet
  facet normal 0 1 0
    outer loop
      vertex 8.08747 82.25 0
      vertex 116.913 82.25 -4.5
      vertex 8.08747 82.25 -4.5
    endloop
  endfacet
  facet normal -0.972369 -0.23345 0
    outer loop
      vertex 2.85278 4.20106 -4.5
      vertex 2.77585 4.52149 0
      vertex 2.77585 4.52149 -4.5
    endloop
  endfacet
  facet normal -0.972369 -0.23345 0
    outer loop
      vertex 2.77585 4.52149 0
      vertex 2.85278 4.20106 -4.5
      vertex 2.85278 4.20106 0
    endloop
  endfacet
  facet normal 0.92399 -0.382416 0
    outer loop
      vertex 122.021 3.89662 0
      vertex 122.147 4.20106 -4.5
      vertex 122.147 4.20106 0
    endloop
  endfacet
  facet normal 0.92399 -0.382416 0
    outer loop
      vertex 122.147 4.20106 -4.5
      vertex 122.021 3.89662 0
      vertex 122.021 3.89662 -4.5
    endloop
  endfacet
  facet normal 0.760416 -0.649436 0
    outer loop
      vertex 121.635 3.36508 0
      vertex 121.849 3.61565 -4.5
      vertex 121.849 3.61565 0
    endloop
  endfacet
  facet normal 0.760416 -0.649436 0
    outer loop
      vertex 121.849 3.61565 -4.5
      vertex 121.635 3.36508 0
      vertex 121.635 3.36508 -4.5
    endloop
  endfacet
  facet normal 0.383148 0.923687 -0
    outer loop
      vertex 121.103 82.0211 -4.5
      vertex 120.799 82.1472 0
      vertex 121.103 82.0211 0
    endloop
  endfacet
  facet normal 0.383148 0.923687 0
    outer loop
      vertex 120.799 82.1472 0
      vertex 121.103 82.0211 -4.5
      vertex 120.799 82.1472 -4.5
    endloop
  endfacet
  facet normal 0.522439 -0.852677 0
    outer loop
      vertex 121.103 2.97889 -4.5
      vertex 121.384 3.15106 0
      vertex 121.103 2.97889 0
    endloop
  endfacet
  facet normal 0.522439 -0.852677 0
    outer loop
      vertex 121.384 3.15106 0
      vertex 121.103 2.97889 -4.5
      vertex 121.384 3.15106 -4.5
    endloop
  endfacet
  facet normal 0.972316 0.233671 0
    outer loop
      vertex 122.224 80.4785 0
      vertex 122.147 80.7989 -4.5
      vertex 122.147 80.7989 0
    endloop
  endfacet
  facet normal 0.972316 0.233671 0
    outer loop
      vertex 122.147 80.7989 -4.5
      vertex 122.224 80.4785 0
      vertex 122.224 80.4785 -4.5
    endloop
  endfacet
  facet normal -0.382675 0.923883 0
    outer loop
      vertex 4.20106 82.1472 -4.5
      vertex 3.89662 82.0211 0
      vertex 4.20106 82.1472 0
    endloop
  endfacet
  facet normal -0.382675 0.923883 0
    outer loop
      vertex 3.89662 82.0211 0
      vertex 4.20106 82.1472 -4.5
      vertex 3.89662 82.0211 -4.5
    endloop
  endfacet
  facet normal -0.923872 -0.382701 0
    outer loop
      vertex 2.97889 3.89662 -4.5
      vertex 2.85278 4.20106 0
      vertex 2.85278 4.20106 -4.5
    endloop
  endfacet
  facet normal -0.923872 -0.382701 0
    outer loop
      vertex 2.85278 4.20106 0
      vertex 2.97889 3.89662 -4.5
      vertex 2.97889 3.89662 0
    endloop
  endfacet
  facet normal -0.649436 0.760416 0
    outer loop
      vertex 3.61565 81.8489 -4.5
      vertex 3.36508 81.6349 0
      vertex 3.61565 81.8489 0
    endloop
  endfacet
  facet normal -0.649436 0.760416 0
    outer loop
      vertex 3.36508 81.6349 0
      vertex 3.61565 81.8489 -4.5
      vertex 3.36508 81.6349 -4.5
    endloop
  endfacet
  facet normal -0.52248 -0.852652 0
    outer loop
      vertex 3.61565 3.15106 -4.5
      vertex 3.89662 2.97889 0
      vertex 3.61565 3.15106 0
    endloop
  endfacet
  facet normal -0.52248 -0.852652 -0
    outer loop
      vertex 3.89662 2.97889 0
      vertex 3.61565 3.15106 -4.5
      vertex 3.89662 2.97889 -4.5
    endloop
  endfacet
  facet normal -0.522546 0.852611 0
    outer loop
      vertex 3.89662 82.0211 -4.5
      vertex 3.61565 81.8489 0
      vertex 3.89662 82.0211 0
    endloop
  endfacet
  facet normal -0.522546 0.852611 0
    outer loop
      vertex 3.61565 81.8489 0
      vertex 3.89662 82.0211 -4.5
      vertex 3.61565 81.8489 -4.5
    endloop
  endfacet
  facet normal 0.233746 -0.972298 0
    outer loop
      vertex 120.479 2.77585 -4.5
      vertex 120.799 2.85278 0
      vertex 120.479 2.77585 0
    endloop
  endfacet
  facet normal 0.233746 -0.972298 0
    outer loop
      vertex 120.799 2.85278 0
      vertex 120.479 2.77585 -4.5
      vertex 120.799 2.85278 -4.5
    endloop
  endfacet
  facet normal 0.996882 0.0789009 0
    outer loop
      vertex 122.25 80.15 0
      vertex 122.224 80.4785 -4.5
      vertex 122.224 80.4785 0
    endloop
  endfacet
  facet normal 0.996882 0.0789009 0
    outer loop
      vertex 122.224 80.4785 -4.5
      vertex 122.25 80.15 0
      vertex 122.25 80.15 -4.5
    endloop
  endfacet
  facet normal -0.972364 0.233471 0
    outer loop
      vertex 2.77585 80.4785 -4.5
      vertex 2.85278 80.7989 0
      vertex 2.85278 80.7989 -4.5
    endloop
  endfacet
  facet normal -0.972364 0.233471 0
    outer loop
      vertex 2.85278 80.7989 0
      vertex 2.77585 80.4785 -4.5
      vertex 2.77585 80.4785 0
    endloop
  endfacet
  facet normal 0.383174 -0.923676 0
    outer loop
      vertex 120.799 2.85278 -4.5
      vertex 121.103 2.97889 0
      vertex 120.799 2.85278 0
    endloop
  endfacet
  facet normal 0.383174 -0.923676 0
    outer loop
      vertex 121.103 2.97889 0
      vertex 120.799 2.85278 -4.5
      vertex 121.103 2.97889 -4.5
    endloop
  endfacet
  facet normal -0.923899 0.382637 0
    outer loop
      vertex 2.85278 80.7989 -4.5
      vertex 2.97889 81.1034 0
      vertex 2.97889 81.1034 -4.5
    endloop
  endfacet
  facet normal -0.923899 0.382637 0
    outer loop
      vertex 2.97889 81.1034 0
      vertex 2.85278 80.7989 -4.5
      vertex 2.85278 80.7989 0
    endloop
  endfacet
  facet normal 0.760455 0.649391 0
    outer loop
      vertex 121.849 81.3843 0
      vertex 121.635 81.6349 -4.5
      vertex 121.635 81.6349 0
    endloop
  endfacet
  facet normal 0.760455 0.649391 0
    outer loop
      vertex 121.635 81.6349 -4.5
      vertex 121.849 81.3843 0
      vertex 121.849 81.3843 -4.5
    endloop
  endfacet
  facet normal 0.522505 0.852636 -0
    outer loop
      vertex 121.384 81.8489 -4.5
      vertex 121.103 82.0211 0
      vertex 121.384 81.8489 0
    endloop
  endfacet
  facet normal 0.522505 0.852636 0
    outer loop
      vertex 121.103 82.0211 0
      vertex 121.384 81.8489 -4.5
      vertex 121.103 82.0211 -4.5
    endloop
  endfacet
  facet normal -0.0785969 0.996906 0
    outer loop
      vertex 4.85 82.25 -4.5
      vertex 4.52149 82.2241 0
      vertex 4.85 82.25 0
    endloop
  endfacet
  facet normal -0.0785969 0.996906 0
    outer loop
      vertex 4.52149 82.2241 0
      vertex 4.85 82.25 -4.5
      vertex 4.52149 82.2241 -4.5
    endloop
  endfacet
  facet normal 0.996883 -0.0788985 0
    outer loop
      vertex 122.224 4.52149 0
      vertex 122.25 4.85 -4.5
      vertex 122.25 4.85 0
    endloop
  endfacet
  facet normal 0.996883 -0.0788985 0
    outer loop
      vertex 122.25 4.85 -4.5
      vertex 122.224 4.52149 0
      vertex 122.224 4.52149 -4.5
    endloop
  endfacet
  facet normal 0.0784806 0.996916 -0
    outer loop
      vertex 120.479 82.2241 -4.5
      vertex 120.15 82.25 0
      vertex 120.479 82.2241 0
    endloop
  endfacet
  facet normal 0.0784806 0.996916 0
    outer loop
      vertex 120.15 82.25 0
      vertex 120.479 82.2241 -4.5
      vertex 120.15 82.25 -4.5
    endloop
  endfacet
  facet normal 0 0 -1
    outer loop
      vertex 5.64032 82.1846 -4.5
      vertex 4.85 82.25 -4.5
      vertex 5.91253 82.25 -4.5
    endloop
  endfacet
  facet normal 0 0 -1
    outer loop
      vertex 5.00244 81.9204 -4.5
      vertex 4.85 82.25 -4.5
      vertex 5.64032 82.1846 -4.5
    endloop
  endfacet
  facet normal 0 0 -1
    outer loop
      vertex 5.00244 81.9204 -4.5
      vertex 4.52149 82.2241 -4.5
      vertex 4.85 82.25 -4.5
    endloop
  endfacet
  facet normal 0 0 -1
    outer loop
      vertex 4.41374 81.5597 -4.5
      vertex 4.52149 82.2241 -4.5
      vertex 5.00244 81.9204 -4.5
    endloop
  endfacet
  facet normal 0 0 -1
    outer loop
      vertex 4.41374 81.5597 -4.5
      vertex 4.20106 82.1472 -4.5
      vertex 4.52149 82.2241 -4.5
    endloop
  endfacet
  facet normal 0 0 -1
    outer loop
      vertex 4.41374 81.5597 -4.5
      vertex 3.89662 82.0211 -4.5
      vertex 4.20106 82.1472 -4.5
    endloop
  endfacet
  facet normal 0 0 -1
    outer loop
      vertex 3.61565 81.8489 -4.5
      vertex 4.41374 81.5597 -4.5
      vertex 3.88873 81.1113 -4.5
    endloop
  endfacet
  facet normal 0 0 -1
    outer loop
      vertex 4.41374 81.5597 -4.5
      vertex 3.61565 81.8489 -4.5
      vertex 3.89662 82.0211 -4.5
    endloop
  endfacet
  facet normal 0 0 -1
    outer loop
      vertex 3.15106 81.3843 -4.5
      vertex 3.88873 81.1113 -4.5
      vertex 3.44032 80.5863 -4.5
    endloop
  endfacet
  facet normal 0 0 -1
    outer loop
      vertex 3.88873 81.1113 -4.5
      vertex 3.36508 81.6349 -4.5
      vertex 3.61565 81.8489 -4.5
    endloop
  endfacet
  facet normal 0 0 -1
    outer loop
      vertex 3.88873 81.1113 -4.5
      vertex 3.15106 81.3843 -4.5
      vertex 3.36508 81.6349 -4.5
    endloop
  endfacet
  facet normal 0 0 -1
    outer loop
      vertex 2.77585 80.4785 -4.5
      vertex 3.44032 80.5863 -4.5
      vertex 3.07957 79.9976 -4.5
    endloop
  endfacet
  facet normal 0 0 -1
    outer loop
      vertex 3.44032 80.5863 -4.5
      vertex 2.97889 81.1034 -4.5
      vertex 3.15106 81.3843 -4.5
    endloop
  endfacet
  facet normal 0 0 -1
    outer loop
      vertex 3.44032 80.5863 -4.5
      vertex 2.85278 80.7989 -4.5
      vertex 2.97889 81.1034 -4.5
    endloop
  endfacet
  facet normal 0 0 -1
    outer loop
      vertex 2.75 80.15 -4.5
      vertex 3.07957 79.9976 -4.5
      vertex 2.81535 79.3597 -4.5
    endloop
  endfacet
  facet normal 0 -0 -1
    outer loop
      vertex 2.77585 80.4785 -4.5
      vertex 3.07957 79.9976 -4.5
      vertex 2.75 80.15 -4.5
    endloop
  endfacet
  facet normal 0 0 -1
    outer loop
      vertex 2.75 80.15 -4.5
      vertex 2.81535 79.3597 -4.5
      vertex 2.75 79.0875 -4.5
    endloop
  endfacet
  facet normal -0 0 -1
    outer loop
      vertex 3.44032 80.5863 -4.5
      vertex 2.77585 80.4785 -4.5
      vertex 2.85278 80.7989 -4.5
    endloop
  endfacet
  facet normal 0 0 -1
    outer loop
      vertex 122.185 79.3597 -4.5
      vertex 122.25 80.15 -4.5
      vertex 122.25 79.0875 -4.5
    endloop
  endfacet
  facet normal 0 0 -1
    outer loop
      vertex 121.92 79.9976 -4.5
      vertex 122.25 80.15 -4.5
      vertex 122.185 79.3597 -4.5
    endloop
  endfacet
  facet normal -0 0 -1
    outer loop
      vertex 122.25 80.15 -4.5
      vertex 121.92 79.9976 -4.5
      vertex 122.224 80.4785 -4.5
    endloop
  endfacet
  facet normal 0 0 -1
    outer loop
      vertex 121.56 80.5863 -4.5
      vertex 122.224 80.4785 -4.5
      vertex 121.92 79.9976 -4.5
    endloop
  endfacet
  facet normal 0 0 -1
    outer loop
      vertex 122.224 80.4785 -4.5
      vertex 121.56 80.5863 -4.5
      vertex 122.147 80.7989 -4.5
    endloop
  endfacet
  facet normal -0 0 -1
    outer loop
      vertex 122.147 80.7989 -4.5
      vertex 121.56 80.5863 -4.5
      vertex 122.021 81.1034 -4.5
    endloop
  endfacet
  facet normal -0 0 -1
    outer loop
      vertex 122.021 81.1034 -4.5
      vertex 121.56 80.5863 -4.5
      vertex 121.849 81.3843 -4.5
    endloop
  endfacet
  facet normal 0 0 -1
    outer loop
      vertex 121.111 81.1113 -4.5
      vertex 121.849 81.3843 -4.5
      vertex 121.56 80.5863 -4.5
    endloop
  endfacet
  facet normal -0 0 -1
    outer loop
      vertex 121.849 81.3843 -4.5
      vertex 121.111 81.1113 -4.5
      vertex 121.635 81.6349 -4.5
    endloop
  endfacet
  facet normal -0 0 -1
    outer loop
      vertex 121.635 81.6349 -4.5
      vertex 121.111 81.1113 -4.5
      vertex 121.384 81.8489 -4.5
    endloop
  endfacet
  facet normal 0 0 -1
    outer loop
      vertex 120.586 81.5597 -4.5
      vertex 121.384 81.8489 -4.5
      vertex 121.111 81.1113 -4.5
    endloop
  endfacet
  facet normal -0 0 -1
    outer loop
      vertex 121.384 81.8489 -4.5
      vertex 120.586 81.5597 -4.5
      vertex 121.103 82.0211 -4.5
    endloop
  endfacet
  facet normal -0 0 -1
    outer loop
      vertex 121.103 82.0211 -4.5
      vertex 120.586 81.5597 -4.5
      vertex 120.799 82.1472 -4.5
    endloop
  endfacet
  facet normal 0 0 -1
    outer loop
      vertex 120.586 81.5597 -4.5
      vertex 120.479 82.2241 -4.5
      vertex 120.799 82.1472 -4.5
    endloop
  endfacet
  facet normal 0 0 -1
    outer loop
      vertex 119.998 81.9204 -4.5
      vertex 120.479 82.2241 -4.5
      vertex 120.586 81.5597 -4.5
    endloop
  endfacet
  facet normal -0 0 -1
    outer loop
      vertex 120.479 82.2241 -4.5
      vertex 119.998 81.9204 -4.5
      vertex 120.15 82.25 -4.5
    endloop
  endfacet
  facet normal 0 0 -1
    outer loop
      vertex 119.36 82.1846 -4.5
      vertex 120.15 82.25 -4.5
      vertex 119.998 81.9204 -4.5
    endloop
  endfacet
  facet normal -0 0 -1
    outer loop
      vertex 120.15 82.25 -4.5
      vertex 119.36 82.1846 -4.5
      vertex 119.087 82.25 -4.5
    endloop
  endfacet
  facet normal 0 0 -1
    outer loop
      vertex 4.85 2.75 -4.5
      vertex 5.64032 2.81535 -4.5
      vertex 5.91253 2.75 -4.5
    endloop
  endfacet
  facet normal 0 0 -1
    outer loop
      vertex 4.85 2.75 -4.5
      vertex 5.00244 3.07957 -4.5
      vertex 5.64032 2.81535 -4.5
    endloop
  endfacet
  facet normal 0 0 -1
    outer loop
      vertex 4.52149 2.77585 -4.5
      vertex 5.00244 3.07957 -4.5
      vertex 4.85 2.75 -4.5
    endloop
  endfacet
  facet normal 0 0 -1
    outer loop
      vertex 4.52149 2.77585 -4.5
      vertex 4.41374 3.44032 -4.5
      vertex 5.00244 3.07957 -4.5
    endloop
  endfacet
  facet normal 0 0 -1
    outer loop
      vertex 4.20106 2.85278 -4.5
      vertex 4.41374 3.44032 -4.5
      vertex 4.52149 2.77585 -4.5
    endloop
  endfacet
  facet normal 0 0 -1
    outer loop
      vertex 3.89662 2.97889 -4.5
      vertex 4.41374 3.44032 -4.5
      vertex 4.20106 2.85278 -4.5
    endloop
  endfacet
  facet normal 0 0 -1
    outer loop
      vertex 3.61565 3.15106 -4.5
      vertex 4.41374 3.44032 -4.5
      vertex 3.89662 2.97889 -4.5
    endloop
  endfacet
  facet normal -0 0 -1
    outer loop
      vertex 4.41374 3.44032 -4.5
      vertex 3.61565 3.15106 -4.5
      vertex 3.88873 3.88873 -4.5
    endloop
  endfacet
  facet normal 0 0 -1
    outer loop
      vertex 3.36508 3.36508 -4.5
      vertex 3.88873 3.88873 -4.5
      vertex 3.61565 3.15106 -4.5
    endloop
  endfacet
  facet normal 0 0 -1
    outer loop
      vertex 3.15106 3.61565 -4.5
      vertex 3.88873 3.88873 -4.5
      vertex 3.36508 3.36508 -4.5
    endloop
  endfacet
  facet normal -0 0 -1
    outer loop
      vertex 3.88873 3.88873 -4.5
      vertex 3.15106 3.61565 -4.5
      vertex 3.44032 4.41374 -4.5
    endloop
  endfacet
  facet normal 0 0 -1
    outer loop
      vertex 2.97889 3.89662 -4.5
      vertex 3.44032 4.41374 -4.5
      vertex 3.15106 3.61565 -4.5
    endloop
  endfacet
  facet normal 0 0 -1
    outer loop
      vertex 2.85278 4.20106 -4.5
      vertex 3.44032 4.41374 -4.5
      vertex 2.97889 3.89662 -4.5
    endloop
  endfacet
  facet normal 0 0 -1
    outer loop
      vertex 2.77585 4.52149 -4.5
      vertex 3.44032 4.41374 -4.5
      vertex 2.85278 4.20106 -4.5
    endloop
  endfacet
  facet normal 0 0 -1
    outer loop
      vertex 3.44032 4.41374 -4.5
      vertex 2.77585 4.52149 -4.5
      vertex 3.07957 5.00244 -4.5
    endloop
  endfacet
  facet normal 0 0 -1
    outer loop
      vertex 3.07957 5.00244 -4.5
      vertex 2.77585 4.52149 -4.5
      vertex 2.75 4.85 -4.5
    endloop
  endfacet
  facet normal -0 0 -1
    outer loop
      vertex 3.07957 5.00244 -4.5
      vertex 2.75 4.85 -4.5
      vertex 2.81535 5.64032 -4.5
    endloop
  endfacet
  facet normal -0 0 -1
    outer loop
      vertex 2.81535 5.64032 -4.5
      vertex 2.75 4.85 -4.5
      vertex 2.75 5.91253 -4.5
    endloop
  endfacet
  facet normal 0 0 -1
    outer loop
      vertex 121.92 5.00244 -4.5
      vertex 122.25 4.85 -4.5
      vertex 122.224 4.52149 -4.5
    endloop
  endfacet
  facet normal 0 0 -1
    outer loop
      vertex 122.25 4.85 -4.5
      vertex 122.185 5.64032 -4.5
      vertex 122.25 5.91253 -4.5
    endloop
  endfacet
  facet normal 0 0 -1
    outer loop
      vertex 121.56 4.41374 -4.5
      vertex 122.224 4.52149 -4.5
      vertex 122.147 4.20106 -4.5
    endloop
  endfacet
  facet normal 0 0 -1
    outer loop
      vertex 121.56 4.41374 -4.5
      vertex 122.147 4.20106 -4.5
      vertex 122.021 3.89662 -4.5
    endloop
  endfacet
  facet normal 0 0 -1
    outer loop
      vertex 122.25 4.85 -4.5
      vertex 121.92 5.00244 -4.5
      vertex 122.185 5.64032 -4.5
    endloop
  endfacet
  facet normal 0 0 -1
    outer loop
      vertex 121.56 4.41374 -4.5
      vertex 122.021 3.89662 -4.5
      vertex 121.849 3.61565 -4.5
    endloop
  endfacet
  facet normal 0 0 -1
    outer loop
      vertex 121.111 3.88873 -4.5
      vertex 121.849 3.61565 -4.5
      vertex 121.635 3.36508 -4.5
    endloop
  endfacet
  facet normal -0 0 -1
    outer loop
      vertex 122.224 4.52149 -4.5
      vertex 121.56 4.41374 -4.5
      vertex 121.92 5.00244 -4.5
    endloop
  endfacet
  facet normal 0 0 -1
    outer loop
      vertex 121.111 3.88873 -4.5
      vertex 121.635 3.36508 -4.5
      vertex 121.384 3.15106 -4.5
    endloop
  endfacet
  facet normal 0 0 -1
    outer loop
      vertex 121.849 3.61565 -4.5
      vertex 121.111 3.88873 -4.5
      vertex 121.56 4.41374 -4.5
    endloop
  endfacet
  facet normal 0 0 -1
    outer loop
      vertex 120.586 3.44032 -4.5
      vertex 121.384 3.15106 -4.5
      vertex 121.103 2.97889 -4.5
    endloop
  endfacet
  facet normal 0 0 -1
    outer loop
      vertex 120.586 3.44032 -4.5
      vertex 121.103 2.97889 -4.5
      vertex 120.799 2.85278 -4.5
    endloop
  endfacet
  facet normal 0 0 -1
    outer loop
      vertex 121.384 3.15106 -4.5
      vertex 120.586 3.44032 -4.5
      vertex 121.111 3.88873 -4.5
    endloop
  endfacet
  facet normal 0 0 -1
    outer loop
      vertex 120.479 2.77585 -4.5
      vertex 120.586 3.44032 -4.5
      vertex 120.799 2.85278 -4.5
    endloop
  endfacet
  facet normal 0 0 -1
    outer loop
      vertex 119.998 3.07957 -4.5
      vertex 120.479 2.77585 -4.5
      vertex 120.15 2.75 -4.5
    endloop
  endfacet
  facet normal 0 0 -1
    outer loop
      vertex 120.479 2.77585 -4.5
      vertex 119.998 3.07957 -4.5
      vertex 120.586 3.44032 -4.5
    endloop
  endfacet
  facet normal 0 0 -1
    outer loop
      vertex 120.15 2.75 -4.5
      vertex 119.36 2.81535 -4.5
      vertex 119.998 3.07957 -4.5
    endloop
  endfacet
  facet normal 0 -0 -1
    outer loop
      vertex 119.36 2.81535 -4.5
      vertex 120.15 2.75 -4.5
      vertex 119.087 2.75 -4.5
    endloop
  endfacet
  facet normal 0 0 -1
    outer loop
      vertex 3.88873 10.1113 -4.5
      vertex 4.25 74.5802 -4.5
      vertex 4.25 10.4198 -4.5
    endloop
  endfacet
  facet normal 0 0 -1
    outer loop
      vertex 3.88873 10.1113 -4.5
      vertex 3.88873 74.8887 -4.5
      vertex 4.25 74.5802 -4.5
    endloop
  endfacet
  facet normal 0 0 -1
    outer loop
      vertex 3.44032 9.58626 -4.5
      vertex 3.88873 74.8887 -4.5
      vertex 3.88873 10.1113 -4.5
    endloop
  endfacet
  facet normal 0 0 -1
    outer loop
      vertex 3.44032 9.58626 -4.5
      vertex 3.44032 75.4137 -4.5
      vertex 3.88873 74.8887 -4.5
    endloop
  endfacet
  facet normal 0 0 -1
    outer loop
      vertex 3.07957 8.99756 -4.5
      vertex 3.44032 75.4137 -4.5
      vertex 3.44032 9.58626 -4.5
    endloop
  endfacet
  facet normal 0 0 -1
    outer loop
      vertex 3.07957 8.99756 -4.5
      vertex 3.07957 76.0024 -4.5
      vertex 3.44032 75.4137 -4.5
    endloop
  endfacet
  facet normal 0 0 -1
    outer loop
      vertex 2.81535 8.35967 -4.5
      vertex 3.07957 76.0024 -4.5
      vertex 3.07957 8.99756 -4.5
    endloop
  endfacet
  facet normal 0 0 -1
    outer loop
      vertex 2.81535 8.35967 -4.5
      vertex 2.81535 76.6403 -4.5
      vertex 3.07957 76.0024 -4.5
    endloop
  endfacet
  facet normal 0 0 -1
    outer loop
      vertex 2.75 8.08747 -4.5
      vertex 2.81535 76.6403 -4.5
      vertex 2.81535 8.35967 -4.5
    endloop
  endfacet
  facet normal -0 0 -1
    outer loop
      vertex 2.81535 76.6403 -4.5
      vertex 2.75 8.08747 -4.5
      vertex 2.75 76.9125 -4.5
    endloop
  endfacet
  facet normal 0 0 -1
    outer loop
      vertex 114.889 3.88873 -4.5
      vertex 10.4198 4.25 -4.5
      vertex 114.58 4.25 -4.5
    endloop
  endfacet
  facet normal 0 0 -1
    outer loop
      vertex 10.1113 3.88873 -4.5
      vertex 114.889 3.88873 -4.5
      vertex 115.414 3.44032 -4.5
    endloop
  endfacet
  facet normal 0 0 -1
    outer loop
      vertex 9.58626 3.44032 -4.5
      vertex 115.414 3.44032 -4.5
      vertex 116.002 3.07957 -4.5
    endloop
  endfacet
  facet normal 0 0 -1
    outer loop
      vertex 8.99756 3.07957 -4.5
      vertex 116.002 3.07957 -4.5
      vertex 116.64 2.81535 -4.5
    endloop
  endfacet
  facet normal 0 0 -1
    outer loop
      vertex 8.35967 2.81535 -4.5
      vertex 116.64 2.81535 -4.5
      vertex 116.913 2.75 -4.5
    endloop
  endfacet
  facet normal 0 0 -1
    outer loop
      vertex 114.889 3.88873 -4.5
      vertex 10.1113 3.88873 -4.5
      vertex 10.4198 4.25 -4.5
    endloop
  endfacet
  facet normal 0 0 -1
    outer loop
      vertex 115.414 3.44032 -4.5
      vertex 9.58626 3.44032 -4.5
      vertex 10.1113 3.88873 -4.5
    endloop
  endfacet
  facet normal 0 0 -1
    outer loop
      vertex 116.002 3.07957 -4.5
      vertex 8.99756 3.07957 -4.5
      vertex 9.58626 3.44032 -4.5
    endloop
  endfacet
  facet normal 0 0 -1
    outer loop
      vertex 116.64 2.81535 -4.5
      vertex 8.35967 2.81535 -4.5
      vertex 8.99756 3.07957 -4.5
    endloop
  endfacet
  facet normal 0 -0 -1
    outer loop
      vertex 8.35967 2.81535 -4.5
      vertex 116.913 2.75 -4.5
      vertex 8.08747 2.75 -4.5
    endloop
  endfacet
  facet normal 0 0 -1
    outer loop
      vertex 10.4198 80.75 -4.5
      vertex 114.889 81.1113 -4.5
      vertex 114.58 80.75 -4.5
    endloop
  endfacet
  facet normal 0 0 -1
    outer loop
      vertex 10.1113 81.1113 -4.5
      vertex 114.889 81.1113 -4.5
      vertex 10.4198 80.75 -4.5
    endloop
  endfacet
  facet normal 0 0 -1
    outer loop
      vertex 114.889 81.1113 -4.5
      vertex 10.1113 81.1113 -4.5
      vertex 115.414 81.5597 -4.5
    endloop
  endfacet
  facet normal 0 0 -1
    outer loop
      vertex 9.58626 81.5597 -4.5
      vertex 115.414 81.5597 -4.5
      vertex 10.1113 81.1113 -4.5
    endloop
  endfacet
  facet normal 0 0 -1
    outer loop
      vertex 115.414 81.5597 -4.5
      vertex 9.58626 81.5597 -4.5
      vertex 116.002 81.9204 -4.5
    endloop
  endfacet
  facet normal 0 0 -1
    outer loop
      vertex 8.99756 81.9204 -4.5
      vertex 116.002 81.9204 -4.5
      vertex 9.58626 81.5597 -4.5
    endloop
  endfacet
  facet normal 0 0 -1
    outer loop
      vertex 116.002 81.9204 -4.5
      vertex 8.99756 81.9204 -4.5
      vertex 116.64 82.1846 -4.5
    endloop
  endfacet
  facet normal 0 0 -1
    outer loop
      vertex 8.35967 82.1846 -4.5
      vertex 116.64 82.1846 -4.5
      vertex 8.99756 81.9204 -4.5
    endloop
  endfacet
  facet normal 0 0 -1
    outer loop
      vertex 116.64 82.1846 -4.5
      vertex 8.35967 82.1846 -4.5
      vertex 116.913 82.25 -4.5
    endloop
  endfacet
  facet normal -0 0 -1
    outer loop
      vertex 116.913 82.25 -4.5
      vertex 8.35967 82.1846 -4.5
      vertex 8.08747 82.25 -4.5
    endloop
  endfacet
  facet normal 0 0 -1
    outer loop
      vertex 122.185 8.35967 -4.5
      vertex 122.25 76.9125 -4.5
      vertex 122.25 8.08747 -4.5
    endloop
  endfacet
  facet normal 0 0 -1
    outer loop
      vertex 122.185 8.35967 -4.5
      vertex 122.185 76.6403 -4.5
      vertex 122.25 76.9125 -4.5
    endloop
  endfacet
  facet normal 0 0 -1
    outer loop
      vertex 121.92 8.99756 -4.5
      vertex 122.185 76.6403 -4.5
      vertex 122.185 8.35967 -4.5
    endloop
  endfacet
  facet normal 0 0 -1
    outer loop
      vertex 121.92 8.99756 -4.5
      vertex 121.92 76.0024 -4.5
      vertex 122.185 76.6403 -4.5
    endloop
  endfacet
  facet normal 0 0 -1
    outer loop
      vertex 121.56 9.58626 -4.5
      vertex 121.92 76.0024 -4.5
      vertex 121.92 8.99756 -4.5
    endloop
  endfacet
  facet normal 0 0 -1
    outer loop
      vertex 121.56 9.58626 -4.5
      vertex 121.56 75.4137 -4.5
      vertex 121.92 76.0024 -4.5
    endloop
  endfacet
  facet normal 0 0 -1
    outer loop
      vertex 121.111 10.1113 -4.5
      vertex 121.56 75.4137 -4.5
      vertex 121.56 9.58626 -4.5
    endloop
  endfacet
  facet normal 0 0 -1
    outer loop
      vertex 121.111 10.1113 -4.5
      vertex 121.111 74.8887 -4.5
      vertex 121.56 75.4137 -4.5
    endloop
  endfacet
  facet normal 0 0 -1
    outer loop
      vertex 120.75 10.4198 -4.5
      vertex 121.111 74.8887 -4.5
      vertex 121.111 10.1113 -4.5
    endloop
  endfacet
  facet normal 0 0 -1
    outer loop
      vertex 121.111 74.8887 -4.5
      vertex 120.75 10.4198 -4.5
      vertex 120.75 74.5802 -4.5
    endloop
  endfacet
  facet normal -0.233364 0.97239 0
    outer loop
      vertex 4.52149 82.2241 -4.5
      vertex 4.20106 82.1472 0
      vertex 4.52149 82.2241 0
    endloop
  endfacet
  facet normal -0.233364 0.97239 0
    outer loop
      vertex 4.20106 82.1472 0
      vertex 4.52149 82.2241 -4.5
      vertex 4.20106 82.1472 -4.5
    endloop
  endfacet
  facet normal 0.852824 0.522199 0
    outer loop
      vertex 122.021 81.1034 0
      vertex 121.849 81.3843 -4.5
      vertex 121.849 81.3843 0
    endloop
  endfacet
  facet normal 0.852824 0.522199 0
    outer loop
      vertex 121.849 81.3843 -4.5
      vertex 122.021 81.1034 0
      vertex 122.021 81.1034 -4.5
    endloop
  endfacet
  facet normal 1 -0 0
    outer loop
      vertex 4.25 10.4198 0
      vertex 4.25 74.5802 -4.5
      vertex 4.25 74.5802 0
    endloop
  endfacet
  facet normal 1 0 0
    outer loop
      vertex 4.25 74.5802 -4.5
      vertex 4.25 10.4198 0
      vertex 4.25 10.4198 -4.5
    endloop
  endfacet
  facet normal 0 -1 0
    outer loop
      vertex 10.4198 80.75 -4.5
      vertex 114.58 80.75 0
      vertex 10.4198 80.75 0
    endloop
  endfacet
  facet normal 0 -1 -0
    outer loop
      vertex 114.58 80.75 0
      vertex 10.4198 80.75 -4.5
      vertex 114.58 80.75 -4.5
    endloop
  endfacet
  facet normal -1 0 0
    outer loop
      vertex 120.75 10.4198 -4.5
      vertex 120.75 74.5802 0
      vertex 120.75 74.5802 -4.5
    endloop
  endfacet
  facet normal -1 -0 0
    outer loop
      vertex 120.75 74.5802 0
      vertex 120.75 10.4198 -4.5
      vertex 120.75 10.4198 0
    endloop
  endfacet
  facet normal 0 1 -0
    outer loop
      vertex 114.58 4.25 -4.5
      vertex 10.4198 4.25 0
      vertex 114.58 4.25 0
    endloop
  endfacet
  facet normal 0 1 0
    outer loop
      vertex 10.4198 4.25 0
      vertex 114.58 4.25 -4.5
      vertex 10.4198 4.25 -4.5
    endloop
  endfacet
  facet normal 1 -0 0
    outer loop
      vertex 46 45 8.9
      vertex 46 74.4 2.4
      vertex 46 74.4 8.9
    endloop
  endfacet
  facet normal 1 0 0
    outer loop
      vertex 46 74.4 2.4
      vertex 46 45 8.9
      vertex 46 45 2.4
    endloop
  endfacet
  facet normal 0 0 1
    outer loop
      vertex 46 74.4 8.9
      vertex 44.2 72.6 8.9
      vertex 46 45 8.9
    endloop
  endfacet
  facet normal 0 0 1
    outer loop
      vertex 46 74.4 8.9
      vertex 18.4 72.6 8.9
      vertex 44.2 72.6 8.9
    endloop
  endfacet
  facet normal 0 0 1
    outer loop
      vertex 18.4 72.6 8.9
      vertex 16.6 74.4 8.9
      vertex 18.4 46.8 8.9
    endloop
  endfacet
  facet normal -0 0 1
    outer loop
      vertex 16.6 74.4 8.9
      vertex 18.4 72.6 8.9
      vertex 46 74.4 8.9
    endloop
  endfacet
  facet normal -0 0 1
    outer loop
      vertex 44.2 46.8 8.9
      vertex 46 45 8.9
      vertex 44.2 72.6 8.9
    endloop
  endfacet
  facet normal -0 0 1
    outer loop
      vertex 18.4 46.8 8.9
      vertex 46 45 8.9
      vertex 44.2 46.8 8.9
    endloop
  endfacet
  facet normal 0 0 1
    outer loop
      vertex 18.4 46.8 8.9
      vertex 16.6 45 8.9
      vertex 46 45 8.9
    endloop
  endfacet
  facet normal 0 0 1
    outer loop
      vertex 16.6 45 8.9
      vertex 18.4 46.8 8.9
      vertex 16.6 74.4 8.9
    endloop
  endfacet
  facet normal 0 0 -1
    outer loop
      vertex 27.8 45 2.4
      vertex 18.4 46.8 2.4
      vertex 27.8 46.8 2.4
    endloop
  endfacet
  facet normal -0 0 -1
    outer loop
      vertex 18.4 46.8 2.4
      vertex 16.6 45 2.4
      vertex 18.4 72.6 2.4
    endloop
  endfacet
  facet normal 0 0 -1
    outer loop
      vertex 16.6 45 2.4
      vertex 18.4 46.8 2.4
      vertex 27.8 45 2.4
    endloop
  endfacet
  facet normal 0 0 -1
    outer loop
      vertex 46 45 2.4
      vertex 44.2 46.8 2.4
      vertex 46 74.4 2.4
    endloop
  endfacet
  facet normal 0 0 -1
    outer loop
      vertex 34.8 45 2.4
      vertex 44.2 46.8 2.4
      vertex 46 45 2.4
    endloop
  endfacet
  facet normal -0 0 -1
    outer loop
      vertex 44.2 46.8 2.4
      vertex 34.8 45 2.4
      vertex 34.8 46.8 2.4
    endloop
  endfacet
  facet normal 0 0 -1
    outer loop
      vertex 44.2 72.6 2.4
      vertex 46 74.4 2.4
      vertex 44.2 46.8 2.4
    endloop
  endfacet
  facet normal 0 0 -1
    outer loop
      vertex 18.4 72.6 2.4
      vertex 46 74.4 2.4
      vertex 44.2 72.6 2.4
    endloop
  endfacet
  facet normal 0 0 -1
    outer loop
      vertex 18.4 72.6 2.4
      vertex 16.6 74.4 2.4
      vertex 46 74.4 2.4
    endloop
  endfacet
  facet normal 0 0 -1
    outer loop
      vertex 16.6 74.4 2.4
      vertex 18.4 72.6 2.4
      vertex 16.6 45 2.4
    endloop
  endfacet
  facet normal -1 0 0
    outer loop
      vertex 16.6 45 2.4
      vertex 16.6 74.4 8.9
      vertex 16.6 74.4 2.4
    endloop
  endfacet
  facet normal -1 -0 0
    outer loop
      vertex 16.6 74.4 8.9
      vertex 16.6 45 2.4
      vertex 16.6 45 8.9
    endloop
  endfacet
  facet normal 0 1 -0
    outer loop
      vertex 46 74.4 2.4
      vertex 16.6 74.4 8.9
      vertex 46 74.4 8.9
    endloop
  endfacet
  facet normal 0 1 0
    outer loop
      vertex 16.6 74.4 8.9
      vertex 46 74.4 2.4
      vertex 16.6 74.4 2.4
    endloop
  endfacet
  facet normal 0 -1 0
    outer loop
      vertex 16.6 45 8.9
      vertex 27.8 45 3.4
      vertex 46 45 8.9
    endloop
  endfacet
  facet normal 0 -1 0
    outer loop
      vertex 16.6 45 2.4
      vertex 27.8 45 3.4
      vertex 16.6 45 8.9
    endloop
  endfacet
  facet normal 0 -1 -0
    outer loop
      vertex 27.8 45 3.4
      vertex 16.6 45 2.4
      vertex 27.8 45 2.4
    endloop
  endfacet
  facet normal 0 -1 0
    outer loop
      vertex 34.8 45 3.4
      vertex 46 45 8.9
      vertex 27.8 45 3.4
    endloop
  endfacet
  facet normal 0 -1 0
    outer loop
      vertex 46 45 2.4
      vertex 34.8 45 3.4
      vertex 34.8 45 2.4
    endloop
  endfacet
  facet normal 0 -1 0
    outer loop
      vertex 34.8 45 3.4
      vertex 46 45 2.4
      vertex 46 45 8.9
    endloop
  endfacet
  facet normal -1 0 0
    outer loop
      vertex 44.2 46.8 2.4
      vertex 44.2 72.6 8.9
      vertex 44.2 72.6 2.4
    endloop
  endfacet
  facet normal -1 -0 0
    outer loop
      vertex 44.2 72.6 8.9
      vertex 44.2 46.8 2.4
      vertex 44.2 46.8 8.9
    endloop
  endfacet
  facet normal 1 -0 0
    outer loop
      vertex 18.4 46.8 8.9
      vertex 18.4 72.6 2.4
      vertex 18.4 72.6 8.9
    endloop
  endfacet
  facet normal 1 0 0
    outer loop
      vertex 18.4 72.6 2.4
      vertex 18.4 46.8 8.9
      vertex 18.4 46.8 2.4
    endloop
  endfacet
  facet normal 0 -1 0
    outer loop
      vertex 18.4 72.6 2.4
      vertex 44.2 72.6 8.9
      vertex 18.4 72.6 8.9
    endloop
  endfacet
  facet normal 0 -1 -0
    outer loop
      vertex 44.2 72.6 8.9
      vertex 18.4 72.6 2.4
      vertex 44.2 72.6 2.4
    endloop
  endfacet
  facet normal 0 1 0
    outer loop
      vertex 44.2 46.8 8.9
      vertex 34.8 46.8 3.4
      vertex 18.4 46.8 8.9
    endloop
  endfacet
  facet normal 0 1 -0
    outer loop
      vertex 44.2 46.8 2.4
      vertex 34.8 46.8 3.4
      vertex 44.2 46.8 8.9
    endloop
  endfacet
  facet normal 0 1 0
    outer loop
      vertex 34.8 46.8 3.4
      vertex 44.2 46.8 2.4
      vertex 34.8 46.8 2.4
    endloop
  endfacet
  facet normal 0 1 -0
    outer loop
      vertex 27.8 46.8 3.4
      vertex 18.4 46.8 8.9
      vertex 34.8 46.8 3.4
    endloop
  endfacet
  facet normal 0 1 0
    outer loop
      vertex 18.4 46.8 2.4
      vertex 27.8 46.8 3.4
      vertex 27.8 46.8 2.4
    endloop
  endfacet
  facet normal 0 1 0
    outer loop
      vertex 27.8 46.8 3.4
      vertex 18.4 46.8 2.4
      vertex 18.4 46.8 8.9
    endloop
  endfacet
  facet normal 0.233324 -0.972399 0
    outer loop
      vertex 121.204 0.0554018 0
      vertex 121.891 0.220245 2.4
      vertex 121.204 0.0554018 2.4
    endloop
  endfacet
  facet normal 0.233324 -0.972399 0
    outer loop
      vertex 121.891 0.220245 2.4
      vertex 121.204 0.0554018 0
      vertex 121.891 0.220245 0
    endloop
  endfacet
  facet normal 0 -1 0
    outer loop
      vertex 4.5 0 0
      vertex 120.5 0 2.4
      vertex 4.5 0 2.4
    endloop
  endfacet
  facet normal 0 -1 -0
    outer loop
      vertex 120.5 0 2.4
      vertex 4.5 0 0
      vertex 120.5 0 0
    endloop
  endfacet
  facet normal 0.760155 0.649742 0
    outer loop
      vertex 124.141 83.145 2.4
      vertex 123.682 83.682 0
      vertex 123.682 83.682 2.4
    endloop
  endfacet
  facet normal 0.760155 0.649742 0
    outer loop
      vertex 123.682 83.682 0
      vertex 124.141 83.145 2.4
      vertex 124.141 83.145 0
    endloop
  endfacet
  facet normal -0 0 1
    outer loop
      vertex 8.60381 77.1828 2.4
      vertex 27.8 48.8 2.4
      vertex 8.7119 77.4438 2.4
    endloop
  endfacet
  facet normal 0 0 1
    outer loop
      vertex 27.8 42.8 2.4
      vertex 8.77784 7.28158 2.4
      vertex 8.8 7 2.4
    endloop
  endfacet
  facet normal -0 0 1
    outer loop
      vertex 8.45623 76.942 2.4
      vertex 27.8 48.8 2.4
      vertex 8.60381 77.1828 2.4
    endloop
  endfacet
  facet normal 0 0 1
    outer loop
      vertex 27.8 42.8 2.4
      vertex 8.7119 7.55623 2.4
      vertex 8.77784 7.28158 2.4
    endloop
  endfacet
  facet normal -0 0 1
    outer loop
      vertex 8.27279 76.7272 2.4
      vertex 27.8 48.8 2.4
      vertex 8.45623 76.942 2.4
    endloop
  endfacet
  facet normal 0 0 1
    outer loop
      vertex 27.8 42.8 2.4
      vertex 8.60381 7.81718 2.4
      vertex 8.7119 7.55623 2.4
    endloop
  endfacet
  facet normal -0 0 1
    outer loop
      vertex 8.05801 76.5438 2.4
      vertex 27.8 48.8 2.4
      vertex 8.27279 76.7272 2.4
    endloop
  endfacet
  facet normal 0 0 1
    outer loop
      vertex 27.8 42.8 2.4
      vertex 8.45623 8.05801 2.4
      vertex 8.60381 7.81718 2.4
    endloop
  endfacet
  facet normal -0 0 1
    outer loop
      vertex 7.81718 76.3962 2.4
      vertex 27.8 48.8 2.4
      vertex 8.05801 76.5438 2.4
    endloop
  endfacet
  facet normal 0 0 1
    outer loop
      vertex 27.8 42.8 2.4
      vertex 8.27279 8.27279 2.4
      vertex 8.45623 8.05801 2.4
    endloop
  endfacet
  facet normal -0 0 1
    outer loop
      vertex 7.55623 76.2881 2.4
      vertex 27.8 48.8 2.4
      vertex 7.81718 76.3962 2.4
    endloop
  endfacet
  facet normal 0 0 1
    outer loop
      vertex 27.8 42.8 2.4
      vertex 8.05801 8.45623 2.4
      vertex 8.27279 8.27279 2.4
    endloop
  endfacet
  facet normal -0 0 1
    outer loop
      vertex 7.28158 76.2222 2.4
      vertex 27.8 48.8 2.4
      vertex 7.55623 76.2881 2.4
    endloop
  endfacet
  facet normal 0 0 1
    outer loop
      vertex 27.8 42.8 2.4
      vertex 7.81718 8.60381 2.4
      vertex 8.05801 8.45623 2.4
    endloop
  endfacet
  facet normal -0 0 1
    outer loop
      vertex 7 76.2 2.4
      vertex 27.8 48.8 2.4
      vertex 7.28158 76.2222 2.4
    endloop
  endfacet
  facet normal 0 0 1
    outer loop
      vertex 27.8 42.8 2.4
      vertex 7.55623 8.7119 2.4
      vertex 7.81718 8.60381 2.4
    endloop
  endfacet
  facet normal 0 0 1
    outer loop
      vertex 6.71842 76.2222 2.4
      vertex 27.8 48.8 2.4
      vertex 7 76.2 2.4
    endloop
  endfacet
  facet normal 0 0 1
    outer loop
      vertex 27.8 42.8 2.4
      vertex 7.28158 8.77784 2.4
      vertex 7.55623 8.7119 2.4
    endloop
  endfacet
  facet normal 0 0 1
    outer loop
      vertex 6.44377 76.2881 2.4
      vertex 27.8 48.8 2.4
      vertex 6.71842 76.2222 2.4
    endloop
  endfacet
  facet normal 0 0 1
    outer loop
      vertex 27.8 42.8 2.4
      vertex 7 8.8 2.4
      vertex 7.28158 8.77784 2.4
    endloop
  endfacet
  facet normal 0 0 1
    outer loop
      vertex 27.8 48.8 2.4
      vertex 6.44377 76.2881 2.4
      vertex 27.8 42.8 2.4
    endloop
  endfacet
  facet normal 0 0 1
    outer loop
      vertex 27.8 42.8 2.4
      vertex 6.71842 8.77784 2.4
      vertex 7 8.8 2.4
    endloop
  endfacet
  facet normal 0 0 1
    outer loop
      vertex 6.18282 76.3962 2.4
      vertex 27.8 42.8 2.4
      vertex 6.44377 76.2881 2.4
    endloop
  endfacet
  facet normal 0 0 1
    outer loop
      vertex 27.8 42.8 2.4
      vertex 6.44377 8.7119 2.4
      vertex 6.71842 8.77784 2.4
    endloop
  endfacet
  facet normal 0 0 1
    outer loop
      vertex 6.18282 8.60381 2.4
      vertex 27.8 42.8 2.4
      vertex 6.18282 76.3962 2.4
    endloop
  endfacet
  facet normal 0 0 1
    outer loop
      vertex 27.8 42.8 2.4
      vertex 6.18282 8.60381 2.4
      vertex 6.44377 8.7119 2.4
    endloop
  endfacet
  facet normal 0 0 1
    outer loop
      vertex 5.94199 76.5438 2.4
      vertex 6.18282 8.60381 2.4
      vertex 6.18282 76.3962 2.4
    endloop
  endfacet
  facet normal 0 0 1
    outer loop
      vertex 5.94199 76.5438 2.4
      vertex 5.94199 8.45623 2.4
      vertex 6.18282 8.60381 2.4
    endloop
  endfacet
  facet normal 0 0 1
    outer loop
      vertex 0 80.5 2.4
      vertex 5.94199 76.5438 2.4
      vertex 5.72721 76.7272 2.4
    endloop
  endfacet
  facet normal 0 0 1
    outer loop
      vertex 5.94199 76.5438 2.4
      vertex 0 80.5 2.4
      vertex 5.94199 8.45623 2.4
    endloop
  endfacet
  facet normal 0 0 1
    outer loop
      vertex 0 80.5 2.4
      vertex 5.72721 76.7272 2.4
      vertex 5.54377 76.942 2.4
    endloop
  endfacet
  facet normal 0 0 1
    outer loop
      vertex 0 4.5 2.4
      vertex 5.94199 8.45623 2.4
      vertex 0 80.5 2.4
    endloop
  endfacet
  facet normal 0 0 1
    outer loop
      vertex 0 80.5 2.4
      vertex 5.54377 76.942 2.4
      vertex 5.39619 77.1828 2.4
    endloop
  endfacet
  facet normal 0 0 1
    outer loop
      vertex 5.94199 8.45623 2.4
      vertex 0 4.5 2.4
      vertex 5.72721 8.27279 2.4
    endloop
  endfacet
  facet normal 0 0 1
    outer loop
      vertex 0 80.5 2.4
      vertex 5.39619 77.1828 2.4
      vertex 5.2881 77.4438 2.4
    endloop
  endfacet
  facet normal 0 0 1
    outer loop
      vertex 5.72721 8.27279 2.4
      vertex 0 4.5 2.4
      vertex 5.54377 8.05801 2.4
    endloop
  endfacet
  facet normal 0 0 1
    outer loop
      vertex 0 80.5 2.4
      vertex 5.2881 77.4438 2.4
      vertex 5.22216 77.7184 2.4
    endloop
  endfacet
  facet normal 0 0 1
    outer loop
      vertex 5.54377 8.05801 2.4
      vertex 0 4.5 2.4
      vertex 5.39619 7.81718 2.4
    endloop
  endfacet
  facet normal 0 0 1
    outer loop
      vertex 0 80.5 2.4
      vertex 5.22216 77.7184 2.4
      vertex 5.2 78 2.4
    endloop
  endfacet
  facet normal 0 0 1
    outer loop
      vertex 5.39619 7.81718 2.4
      vertex 0 4.5 2.4
      vertex 5.2881 7.55623 2.4
    endloop
  endfacet
  facet normal 0 0 1
    outer loop
      vertex 41.5234 18.6972 2.4
      vertex 34.2766 18.6972 2.4
      vertex 34.3 18.4 2.4
    endloop
  endfacet
  facet normal 0 0 1
    outer loop
      vertex 42.5374 20.0929 2.4
      vertex 34.207 18.9871 2.4
      vertex 34.2766 18.6972 2.4
    endloop
  endfacet
  facet normal 0 0 1
    outer loop
      vertex 42.5374 20.0929 2.4
      vertex 34.0929 19.2626 2.4
      vertex 34.207 18.9871 2.4
    endloop
  endfacet
  facet normal 0 0 1
    outer loop
      vertex 42.5374 20.0929 2.4
      vertex 33.9371 19.5168 2.4
      vertex 34.0929 19.2626 2.4
    endloop
  endfacet
  facet normal 0 0 1
    outer loop
      vertex 42.5374 20.0929 2.4
      vertex 33.7435 19.7435 2.4
      vertex 33.9371 19.5168 2.4
    endloop
  endfacet
  facet normal 0 0 1
    outer loop
      vertex 42.5374 20.0929 2.4
      vertex 33.5168 19.9371 2.4
      vertex 33.7435 19.7435 2.4
    endloop
  endfacet
  facet normal 0 0 1
    outer loop
      vertex 42.5374 20.0929 2.4
      vertex 33.2626 20.0929 2.4
      vertex 33.5168 19.9371 2.4
    endloop
  endfacet
  facet normal 0 0 1
    outer loop
      vertex 34.8 42.8 2.4
      vertex 32.9871 20.207 2.4
      vertex 33.2626 20.0929 2.4
    endloop
  endfacet
  facet normal 0 0 1
    outer loop
      vertex 34.8 42.8 2.4
      vertex 32.6972 20.2766 2.4
      vertex 32.9871 20.207 2.4
    endloop
  endfacet
  facet normal 0 0 1
    outer loop
      vertex 34.8 42.8 2.4
      vertex 32.4 20.3 2.4
      vertex 32.6972 20.2766 2.4
    endloop
  endfacet
  facet normal 0 0 1
    outer loop
      vertex 34.8 42.8 2.4
      vertex 32.1028 20.2766 2.4
      vertex 32.4 20.3 2.4
    endloop
  endfacet
  facet normal -0 0 1
    outer loop
      vertex 27.8 42.8 2.4
      vertex 32.1028 20.2766 2.4
      vertex 34.8 42.8 2.4
    endloop
  endfacet
  facet normal 0 0 1
    outer loop
      vertex 32.1028 20.2766 2.4
      vertex 27.8 42.8 2.4
      vertex 31.8129 20.207 2.4
    endloop
  endfacet
  facet normal 0 0 1
    outer loop
      vertex 31.8129 20.207 2.4
      vertex 27.8 42.8 2.4
      vertex 31.5374 20.0929 2.4
    endloop
  endfacet
  facet normal 0 0 1
    outer loop
      vertex 31.5374 20.0929 2.4
      vertex 27.8 42.8 2.4
      vertex 31.2832 19.9371 2.4
    endloop
  endfacet
  facet normal 0 0 1
    outer loop
      vertex 31.2832 19.9371 2.4
      vertex 27.8 42.8 2.4
      vertex 31.0565 19.7435 2.4
    endloop
  endfacet
  facet normal 0 0 1
    outer loop
      vertex 31.0565 19.7435 2.4
      vertex 27.8 42.8 2.4
      vertex 30.8629 19.5168 2.4
    endloop
  endfacet
  facet normal 0 0 1
    outer loop
      vertex 30.8629 19.5168 2.4
      vertex 27.8 42.8 2.4
      vertex 30.7071 19.2626 2.4
    endloop
  endfacet
  facet normal 0 0 1
    outer loop
      vertex 8.8 7 2.4
      vertex 30.7071 19.2626 2.4
      vertex 27.8 42.8 2.4
    endloop
  endfacet
  facet normal 0 0 1
    outer loop
      vertex 30.593 18.9871 2.4
      vertex 8.8 7 2.4
      vertex 30.5234 18.6972 2.4
    endloop
  endfacet
  facet normal 0 0 1
    outer loop
      vertex 30.7071 19.2626 2.4
      vertex 8.8 7 2.4
      vertex 30.593 18.9871 2.4
    endloop
  endfacet
  facet normal 0 0 1
    outer loop
      vertex 119.604 77.1828 2.4
      vertex 125 80.5 2.4
      vertex 119.712 77.4438 2.4
    endloop
  endfacet
  facet normal 0 0 1
    outer loop
      vertex 125 4.5 2.4
      vertex 119.778 7.28158 2.4
      vertex 119.8 7 2.4
    endloop
  endfacet
  facet normal 0 0 1
    outer loop
      vertex 119.456 76.942 2.4
      vertex 125 80.5 2.4
      vertex 119.604 77.1828 2.4
    endloop
  endfacet
  facet normal 0 0 1
    outer loop
      vertex 125 4.5 2.4
      vertex 119.712 7.55623 2.4
      vertex 119.778 7.28158 2.4
    endloop
  endfacet
  facet normal 0 0 1
    outer loop
      vertex 119.273 76.7272 2.4
      vertex 125 80.5 2.4
      vertex 119.456 76.942 2.4
    endloop
  endfacet
  facet normal 0 0 1
    outer loop
      vertex 125 4.5 2.4
      vertex 119.604 7.81718 2.4
      vertex 119.712 7.55623 2.4
    endloop
  endfacet
  facet normal 0 0 1
    outer loop
      vertex 119.058 76.5438 2.4
      vertex 125 80.5 2.4
      vertex 119.273 76.7272 2.4
    endloop
  endfacet
  facet normal 0 0 1
    outer loop
      vertex 125 4.5 2.4
      vertex 119.456 8.05801 2.4
      vertex 119.604 7.81718 2.4
    endloop
  endfacet
  facet normal 0 0 1
    outer loop
      vertex 125 80.5 2.4
      vertex 119.058 76.5438 2.4
      vertex 125 4.5 2.4
    endloop
  endfacet
  facet normal 0 0 1
    outer loop
      vertex 125 4.5 2.4
      vertex 119.273 8.27279 2.4
      vertex 119.456 8.05801 2.4
    endloop
  endfacet
  facet normal -0 0 1
    outer loop
      vertex 119.058 8.45623 2.4
      vertex 125 4.5 2.4
      vertex 119.058 76.5438 2.4
    endloop
  endfacet
  facet normal 0 0 1
    outer loop
      vertex 125 4.5 2.4
      vertex 119.058 8.45623 2.4
      vertex 119.273 8.27279 2.4
    endloop
  endfacet
  facet normal -0 0 1
    outer loop
      vertex 118.817 76.3962 2.4
      vertex 119.058 8.45623 2.4
      vertex 119.058 76.5438 2.4
    endloop
  endfacet
  facet normal 0 0 1
    outer loop
      vertex 118.817 76.3962 2.4
      vertex 118.817 8.60381 2.4
      vertex 119.058 8.45623 2.4
    endloop
  endfacet
  facet normal -0 0 1
    outer loop
      vertex 118.556 76.2881 2.4
      vertex 118.817 8.60381 2.4
      vertex 118.817 76.3962 2.4
    endloop
  endfacet
  facet normal 0 0 1
    outer loop
      vertex 118.556 76.2881 2.4
      vertex 118.556 8.7119 2.4
      vertex 118.817 8.60381 2.4
    endloop
  endfacet
  facet normal -0 0 1
    outer loop
      vertex 118.282 76.2222 2.4
      vertex 118.556 8.7119 2.4
      vertex 118.556 76.2881 2.4
    endloop
  endfacet
  facet normal 0 0 1
    outer loop
      vertex 118.282 76.2222 2.4
      vertex 118.282 8.77784 2.4
      vertex 118.556 8.7119 2.4
    endloop
  endfacet
  facet normal -0 0 1
    outer loop
      vertex 118 76.2 2.4
      vertex 118.282 8.77784 2.4
      vertex 118.282 76.2222 2.4
    endloop
  endfacet
  facet normal 0 0 1
    outer loop
      vertex 118 76.2 2.4
      vertex 118 8.8 2.4
      vertex 118.282 8.77784 2.4
    endloop
  endfacet
  facet normal 0 0 1
    outer loop
      vertex 117.718 76.2222 2.4
      vertex 118 8.8 2.4
      vertex 118 76.2 2.4
    endloop
  endfacet
  facet normal 0 0 1
    outer loop
      vertex 117.718 76.2222 2.4
      vertex 117.718 8.77784 2.4
      vertex 118 8.8 2.4
    endloop
  endfacet
  facet normal 0 0 1
    outer loop
      vertex 117.444 76.2881 2.4
      vertex 117.718 8.77784 2.4
      vertex 117.718 76.2222 2.4
    endloop
  endfacet
  facet normal 0 0 1
    outer loop
      vertex 117.444 76.2881 2.4
      vertex 117.444 8.7119 2.4
      vertex 117.718 8.77784 2.4
    endloop
  endfacet
  facet normal 0 0 1
    outer loop
      vertex 117.183 76.3962 2.4
      vertex 117.444 8.7119 2.4
      vertex 117.444 76.2881 2.4
    endloop
  endfacet
  facet normal 0 0 1
    outer loop
      vertex 117.183 76.3962 2.4
      vertex 117.183 8.60381 2.4
      vertex 117.444 8.7119 2.4
    endloop
  endfacet
  facet normal 0 0 1
    outer loop
      vertex 116.942 76.5438 2.4
      vertex 117.183 8.60381 2.4
      vertex 117.183 76.3962 2.4
    endloop
  endfacet
  facet normal 0 0 1
    outer loop
      vertex 116.942 76.5438 2.4
      vertex 116.942 8.45623 2.4
      vertex 117.183 8.60381 2.4
    endloop
  endfacet
  facet normal 0 0 1
    outer loop
      vertex 55.9371 19.5168 2.4
      vertex 116.942 76.5438 2.4
      vertex 116.727 76.7272 2.4
    endloop
  endfacet
  facet normal 0 0 1
    outer loop
      vertex 116.942 76.5438 2.4
      vertex 55.9371 19.5168 2.4
      vertex 116.942 8.45623 2.4
    endloop
  endfacet
  facet normal 0 0 1
    outer loop
      vertex 55.7435 19.7435 2.4
      vertex 116.727 76.7272 2.4
      vertex 116.544 76.942 2.4
    endloop
  endfacet
  facet normal -0 -0 1
    outer loop
      vertex 56.0929 19.2626 2.4
      vertex 116.942 8.45623 2.4
      vertex 55.9371 19.5168 2.4
    endloop
  endfacet
  facet normal 0 0 1
    outer loop
      vertex 55.5168 19.9371 2.4
      vertex 116.544 76.942 2.4
      vertex 116.396 77.1828 2.4
    endloop
  endfacet
  facet normal 0 0 1
    outer loop
      vertex 116.942 8.45623 2.4
      vertex 56.0929 19.2626 2.4
      vertex 116.727 8.27279 2.4
    endloop
  endfacet
  facet normal 0 0 1
    outer loop
      vertex 34.8 48.8 2.4
      vertex 116.396 77.1828 2.4
      vertex 116.288 77.4438 2.4
    endloop
  endfacet
  facet normal -0 -0 1
    outer loop
      vertex 56.207 18.9871 2.4
      vertex 116.727 8.27279 2.4
      vertex 56.0929 19.2626 2.4
    endloop
  endfacet
  facet normal 0 0 1
    outer loop
      vertex 34.8 48.8 2.4
      vertex 116.288 77.4438 2.4
      vertex 116.222 77.7184 2.4
    endloop
  endfacet
  facet normal 0 0 1
    outer loop
      vertex 116.727 8.27279 2.4
      vertex 56.207 18.9871 2.4
      vertex 116.544 8.05801 2.4
    endloop
  endfacet
  facet normal 0 0 1
    outer loop
      vertex 34.8 48.8 2.4
      vertex 116.222 77.7184 2.4
      vertex 116.2 78 2.4
    endloop
  endfacet
  facet normal -0 -0 1
    outer loop
      vertex 56.2766 18.6972 2.4
      vertex 116.544 8.05801 2.4
      vertex 56.207 18.9871 2.4
    endloop
  endfacet
  facet normal 0 0 1
    outer loop
      vertex 119.456 79.058 2.4
      vertex 125 80.5 2.4
      vertex 124.945 81.204 2.4
    endloop
  endfacet
  facet normal 0 0 1
    outer loop
      vertex 119.778 77.7184 2.4
      vertex 125 80.5 2.4
      vertex 119.8 78 2.4
    endloop
  endfacet
  facet normal 0 0 1
    outer loop
      vertex 119.456 79.058 2.4
      vertex 124.945 81.204 2.4
      vertex 124.78 81.8906 2.4
    endloop
  endfacet
  facet normal 0 0 1
    outer loop
      vertex 119.712 77.4438 2.4
      vertex 125 80.5 2.4
      vertex 119.778 77.7184 2.4
    endloop
  endfacet
  facet normal 0 0 1
    outer loop
      vertex 119.456 79.058 2.4
      vertex 124.78 81.8906 2.4
      vertex 124.51 82.543 2.4
    endloop
  endfacet
  facet normal -0 0 1
    outer loop
      vertex 119.778 6.71842 2.4
      vertex 125 4.5 2.4
      vertex 119.8 7 2.4
    endloop
  endfacet
  facet normal 0 0 1
    outer loop
      vertex 119.273 79.2728 2.4
      vertex 124.51 82.543 2.4
      vertex 124.141 83.145 2.4
    endloop
  endfacet
  facet normal -0 0 1
    outer loop
      vertex 119.712 6.44377 2.4
      vertex 125 4.5 2.4
      vertex 119.778 6.71842 2.4
    endloop
  endfacet
  facet normal 0 0 1
    outer loop
      vertex 119.273 79.2728 2.4
      vertex 124.141 83.145 2.4
      vertex 123.682 83.682 2.4
    endloop
  endfacet
  facet normal -0 0 1
    outer loop
      vertex 119.604 6.18282 2.4
      vertex 125 4.5 2.4
      vertex 119.712 6.44377 2.4
    endloop
  endfacet
  facet normal 0 0 1
    outer loop
      vertex 119.273 79.2728 2.4
      vertex 123.682 83.682 2.4
      vertex 123.145 84.1406 2.4
    endloop
  endfacet
  facet normal -0 0 1
    outer loop
      vertex 119.456 5.94199 2.4
      vertex 125 4.5 2.4
      vertex 119.604 6.18282 2.4
    endloop
  endfacet
  facet normal 0 0 1
    outer loop
      vertex 119.273 79.2728 2.4
      vertex 123.145 84.1406 2.4
      vertex 122.543 84.5095 2.4
    endloop
  endfacet
  facet normal 0 0 1
    outer loop
      vertex 125 4.5 2.4
      vertex 119.456 5.94199 2.4
      vertex 124.945 3.79604 2.4
    endloop
  endfacet
  facet normal 0 0 1
    outer loop
      vertex 119.058 79.4562 2.4
      vertex 122.543 84.5095 2.4
      vertex 121.891 84.7798 2.4
    endloop
  endfacet
  facet normal 0 0 1
    outer loop
      vertex 124.945 3.79604 2.4
      vertex 119.456 5.94199 2.4
      vertex 124.78 3.10942 2.4
    endloop
  endfacet
  facet normal 0 0 1
    outer loop
      vertex 119.058 79.4562 2.4
      vertex 121.891 84.7798 2.4
      vertex 121.204 84.9446 2.4
    endloop
  endfacet
  facet normal 0 0 1
    outer loop
      vertex 124.78 3.10942 2.4
      vertex 119.456 5.94199 2.4
      vertex 124.51 2.45704 2.4
    endloop
  endfacet
  facet normal 0 0 1
    outer loop
      vertex 119.058 79.4562 2.4
      vertex 121.204 84.9446 2.4
      vertex 120.5 85 2.4
    endloop
  endfacet
  facet normal -0 0 1
    outer loop
      vertex 119.273 5.72721 2.4
      vertex 124.51 2.45704 2.4
      vertex 119.456 5.94199 2.4
    endloop
  endfacet
  facet normal 0 0 1
    outer loop
      vertex 124.51 2.45704 2.4
      vertex 119.273 5.72721 2.4
      vertex 124.141 1.85497 2.4
    endloop
  endfacet
  facet normal 0 0 1
    outer loop
      vertex 125 80.5 2.4
      vertex 119.778 78.2816 2.4
      vertex 119.8 78 2.4
    endloop
  endfacet
  facet normal 0 0 1
    outer loop
      vertex 125 80.5 2.4
      vertex 119.712 78.5562 2.4
      vertex 119.778 78.2816 2.4
    endloop
  endfacet
  facet normal 0 0 1
    outer loop
      vertex 125 80.5 2.4
      vertex 119.604 78.8172 2.4
      vertex 119.712 78.5562 2.4
    endloop
  endfacet
  facet normal 0 0 1
    outer loop
      vertex 125 80.5 2.4
      vertex 119.456 79.058 2.4
      vertex 119.604 78.8172 2.4
    endloop
  endfacet
  facet normal 0 0 1
    outer loop
      vertex 124.51 82.543 2.4
      vertex 119.273 79.2728 2.4
      vertex 119.456 79.058 2.4
    endloop
  endfacet
  facet normal 0 0 1
    outer loop
      vertex 122.543 84.5095 2.4
      vertex 119.058 79.4562 2.4
      vertex 119.273 79.2728 2.4
    endloop
  endfacet
  facet normal 0 0 1
    outer loop
      vertex 120.5 85 2.4
      vertex 118.817 79.6038 2.4
      vertex 119.058 79.4562 2.4
    endloop
  endfacet
  facet normal 0 0 1
    outer loop
      vertex 120.5 85 2.4
      vertex 118.556 79.7119 2.4
      vertex 118.817 79.6038 2.4
    endloop
  endfacet
  facet normal 0 0 1
    outer loop
      vertex 120.5 85 2.4
      vertex 118.282 79.7778 2.4
      vertex 118.556 79.7119 2.4
    endloop
  endfacet
  facet normal 0 0 1
    outer loop
      vertex 120.5 85 2.4
      vertex 118 79.8 2.4
      vertex 118.282 79.7778 2.4
    endloop
  endfacet
  facet normal 0 0 1
    outer loop
      vertex 120.5 85 2.4
      vertex 117.718 79.7778 2.4
      vertex 118 79.8 2.4
    endloop
  endfacet
  facet normal 0 0 1
    outer loop
      vertex 120.5 85 2.4
      vertex 117.444 79.7119 2.4
      vertex 117.718 79.7778 2.4
    endloop
  endfacet
  facet normal 0 0 1
    outer loop
      vertex 120.5 85 2.4
      vertex 117.183 79.6038 2.4
      vertex 117.444 79.7119 2.4
    endloop
  endfacet
  facet normal 0 0 1
    outer loop
      vertex 120.5 85 2.4
      vertex 116.942 79.4562 2.4
      vertex 117.183 79.6038 2.4
    endloop
  endfacet
  facet normal 0 0 1
    outer loop
      vertex 120.5 85 2.4
      vertex 116.727 79.2728 2.4
      vertex 116.942 79.4562 2.4
    endloop
  endfacet
  facet normal 0 0 1
    outer loop
      vertex 120.5 85 2.4
      vertex 116.544 79.058 2.4
      vertex 116.727 79.2728 2.4
    endloop
  endfacet
  facet normal 0 0 1
    outer loop
      vertex 116.544 8.05801 2.4
      vertex 56.2766 18.6972 2.4
      vertex 116.396 7.81718 2.4
    endloop
  endfacet
  facet normal 0 0 1
    outer loop
      vertex 34.8 48.8 2.4
      vertex 116.2 78 2.4
      vertex 116.222 78.2816 2.4
    endloop
  endfacet
  facet normal 0 0 1
    outer loop
      vertex 34.8 48.8 2.4
      vertex 116.222 78.2816 2.4
      vertex 116.288 78.5562 2.4
    endloop
  endfacet
  facet normal 0 0 1
    outer loop
      vertex 8.7119 78.5562 2.4
      vertex 116.288 78.5562 2.4
      vertex 116.396 78.8172 2.4
    endloop
  endfacet
  facet normal 0 0 1
    outer loop
      vertex 8.60381 78.8172 2.4
      vertex 116.396 78.8172 2.4
      vertex 116.544 79.058 2.4
    endloop
  endfacet
  facet normal 0 0 1
    outer loop
      vertex 8.45623 79.058 2.4
      vertex 116.544 79.058 2.4
      vertex 120.5 85 2.4
    endloop
  endfacet
  facet normal 0 0 1
    outer loop
      vertex 116.288 7.55623 2.4
      vertex 56.2766 18.1028 2.4
      vertex 116.222 7.28158 2.4
    endloop
  endfacet
  facet normal -0 0 1
    outer loop
      vertex 56.2766 18.1028 2.4
      vertex 116.288 7.55623 2.4
      vertex 56.3 18.4 2.4
    endloop
  endfacet
  facet normal 0 0 1
    outer loop
      vertex 116.396 7.81718 2.4
      vertex 56.3 18.4 2.4
      vertex 116.288 7.55623 2.4
    endloop
  endfacet
  facet normal -0 -0 1
    outer loop
      vertex 56.3 18.4 2.4
      vertex 116.396 7.81718 2.4
      vertex 56.2766 18.6972 2.4
    endloop
  endfacet
  facet normal 0 0 1
    outer loop
      vertex 116.727 76.7272 2.4
      vertex 55.7435 19.7435 2.4
      vertex 55.9371 19.5168 2.4
    endloop
  endfacet
  facet normal 0 0 1
    outer loop
      vertex 116.544 76.942 2.4
      vertex 55.5168 19.9371 2.4
      vertex 55.7435 19.7435 2.4
    endloop
  endfacet
  facet normal 0 0 1
    outer loop
      vertex 116.396 77.1828 2.4
      vertex 34.8 48.8 2.4
      vertex 55.2626 20.0929 2.4
    endloop
  endfacet
  facet normal 0 0 1
    outer loop
      vertex 116.396 77.1828 2.4
      vertex 55.2626 20.0929 2.4
      vertex 55.5168 19.9371 2.4
    endloop
  endfacet
  facet normal 0 0 1
    outer loop
      vertex 55.2626 20.0929 2.4
      vertex 34.8 48.8 2.4
      vertex 54.9871 20.207 2.4
    endloop
  endfacet
  facet normal 0 0 1
    outer loop
      vertex 54.9871 20.207 2.4
      vertex 34.8 48.8 2.4
      vertex 54.6972 20.2766 2.4
    endloop
  endfacet
  facet normal -0 0 1
    outer loop
      vertex 34.8 42.8 2.4
      vertex 54.6972 20.2766 2.4
      vertex 34.8 48.8 2.4
    endloop
  endfacet
  facet normal 0 0 1
    outer loop
      vertex 54.6972 20.2766 2.4
      vertex 34.8 42.8 2.4
      vertex 54.4 20.3 2.4
    endloop
  endfacet
  facet normal 0 0 1
    outer loop
      vertex 54.4 20.3 2.4
      vertex 34.8 42.8 2.4
      vertex 54.1028 20.2766 2.4
    endloop
  endfacet
  facet normal 0 0 1
    outer loop
      vertex 54.1028 20.2766 2.4
      vertex 34.8 42.8 2.4
      vertex 53.8129 20.207 2.4
    endloop
  endfacet
  facet normal 0 -0 1
    outer loop
      vertex 43.9871 20.207 2.4
      vertex 53.8129 20.207 2.4
      vertex 34.8 42.8 2.4
    endloop
  endfacet
  facet normal 0 0 1
    outer loop
      vertex 52.5234 18.6972 2.4
      vertex 45.3 18.4 2.4
      vertex 52.5 18.4 2.4
    endloop
  endfacet
  facet normal 0 0 1
    outer loop
      vertex 45.2766 18.6972 2.4
      vertex 52.5234 18.6972 2.4
      vertex 52.593 18.9871 2.4
    endloop
  endfacet
  facet normal 0 0 1
    outer loop
      vertex 45.207 18.9871 2.4
      vertex 52.593 18.9871 2.4
      vertex 52.7071 19.2626 2.4
    endloop
  endfacet
  facet normal 0 0 1
    outer loop
      vertex 45.0929 19.2626 2.4
      vertex 52.7071 19.2626 2.4
      vertex 52.8629 19.5168 2.4
    endloop
  endfacet
  facet normal 0 0 1
    outer loop
      vertex 44.9371 19.5168 2.4
      vertex 52.8629 19.5168 2.4
      vertex 53.0565 19.7435 2.4
    endloop
  endfacet
  facet normal 0 0 1
    outer loop
      vertex 53.8129 20.207 2.4
      vertex 43.9871 20.207 2.4
      vertex 53.5374 20.0929 2.4
    endloop
  endfacet
  facet normal 0 0 1
    outer loop
      vertex 52.5234 18.6972 2.4
      vertex 45.2766 18.6972 2.4
      vertex 45.3 18.4 2.4
    endloop
  endfacet
  facet normal 0 0 1
    outer loop
      vertex 52.593 18.9871 2.4
      vertex 45.207 18.9871 2.4
      vertex 45.2766 18.6972 2.4
    endloop
  endfacet
  facet normal 0 0 1
    outer loop
      vertex 52.7071 19.2626 2.4
      vertex 45.0929 19.2626 2.4
      vertex 45.207 18.9871 2.4
    endloop
  endfacet
  facet normal 0 0 1
    outer loop
      vertex 52.8629 19.5168 2.4
      vertex 44.9371 19.5168 2.4
      vertex 45.0929 19.2626 2.4
    endloop
  endfacet
  facet normal 0 -0 1
    outer loop
      vertex 44.2626 20.0929 2.4
      vertex 53.5374 20.0929 2.4
      vertex 43.9871 20.207 2.4
    endloop
  endfacet
  facet normal 0 0 1
    outer loop
      vertex 53.0565 19.7435 2.4
      vertex 44.7435 19.7435 2.4
      vertex 44.9371 19.5168 2.4
    endloop
  endfacet
  facet normal 0 0 1
    outer loop
      vertex 53.5374 20.0929 2.4
      vertex 44.2626 20.0929 2.4
      vertex 53.2832 19.9371 2.4
    endloop
  endfacet
  facet normal 0 0 1
    outer loop
      vertex 53.0565 19.7435 2.4
      vertex 44.5168 19.9371 2.4
      vertex 44.7435 19.7435 2.4
    endloop
  endfacet
  facet normal 0 0 1
    outer loop
      vertex 53.2832 19.9371 2.4
      vertex 44.5168 19.9371 2.4
      vertex 53.0565 19.7435 2.4
    endloop
  endfacet
  facet normal 0 -0 1
    outer loop
      vertex 44.5168 19.9371 2.4
      vertex 53.2832 19.9371 2.4
      vertex 44.2626 20.0929 2.4
    endloop
  endfacet
  facet normal 0 0 1
    outer loop
      vertex 43.9871 20.207 2.4
      vertex 34.8 42.8 2.4
      vertex 43.6972 20.2766 2.4
    endloop
  endfacet
  facet normal 0 0 1
    outer loop
      vertex 43.6972 20.2766 2.4
      vertex 34.8 42.8 2.4
      vertex 43.4 20.3 2.4
    endloop
  endfacet
  facet normal 0 0 1
    outer loop
      vertex 43.4 20.3 2.4
      vertex 34.8 42.8 2.4
      vertex 43.1028 20.2766 2.4
    endloop
  endfacet
  facet normal 0 0 1
    outer loop
      vertex 43.1028 20.2766 2.4
      vertex 34.8 42.8 2.4
      vertex 42.8129 20.207 2.4
    endloop
  endfacet
  facet normal 0 0 1
    outer loop
      vertex 34.2766 18.6972 2.4
      vertex 41.593 18.9871 2.4
      vertex 41.7071 19.2626 2.4
    endloop
  endfacet
  facet normal 0 0 1
    outer loop
      vertex 34.2766 18.6972 2.4
      vertex 41.7071 19.2626 2.4
      vertex 41.8629 19.5168 2.4
    endloop
  endfacet
  facet normal 0 0 1
    outer loop
      vertex 34.2766 18.6972 2.4
      vertex 41.8629 19.5168 2.4
      vertex 42.0565 19.7435 2.4
    endloop
  endfacet
  facet normal 0 0 1
    outer loop
      vertex 34.2766 18.6972 2.4
      vertex 42.0565 19.7435 2.4
      vertex 42.2832 19.9371 2.4
    endloop
  endfacet
  facet normal 0 0 1
    outer loop
      vertex 34.2766 18.6972 2.4
      vertex 42.2832 19.9371 2.4
      vertex 42.5374 20.0929 2.4
    endloop
  endfacet
  facet normal 0 0 1
    outer loop
      vertex 33.2626 20.0929 2.4
      vertex 42.5374 20.0929 2.4
      vertex 34.8 42.8 2.4
    endloop
  endfacet
  facet normal 0 0 1
    outer loop
      vertex 42.8129 20.207 2.4
      vertex 34.8 42.8 2.4
      vertex 42.5374 20.0929 2.4
    endloop
  endfacet
  facet normal 0 0 1
    outer loop
      vertex 116.288 78.5562 2.4
      vertex 8.7119 78.5562 2.4
      vertex 34.8 48.8 2.4
    endloop
  endfacet
  facet normal -0 0 1
    outer loop
      vertex 8.7119 77.4438 2.4
      vertex 34.8 48.8 2.4
      vertex 8.77784 77.7184 2.4
    endloop
  endfacet
  facet normal -0 -0 1
    outer loop
      vertex 8.77784 78.2816 2.4
      vertex 34.8 48.8 2.4
      vertex 8.7119 78.5562 2.4
    endloop
  endfacet
  facet normal -0 0 1
    outer loop
      vertex 8.77784 77.7184 2.4
      vertex 34.8 48.8 2.4
      vertex 8.8 78 2.4
    endloop
  endfacet
  facet normal -0 -0 1
    outer loop
      vertex 8.8 78 2.4
      vertex 34.8 48.8 2.4
      vertex 8.77784 78.2816 2.4
    endloop
  endfacet
  facet normal 0 0 1
    outer loop
      vertex 116.396 78.8172 2.4
      vertex 8.60381 78.8172 2.4
      vertex 8.7119 78.5562 2.4
    endloop
  endfacet
  facet normal 0 0 1
    outer loop
      vertex 116.544 79.058 2.4
      vertex 8.45623 79.058 2.4
      vertex 8.60381 78.8172 2.4
    endloop
  endfacet
  facet normal -0 0 1
    outer loop
      vertex 4.5 85 2.4
      vertex 8.45623 79.058 2.4
      vertex 120.5 85 2.4
    endloop
  endfacet
  facet normal 0 0 1
    outer loop
      vertex 8.45623 79.058 2.4
      vertex 4.5 85 2.4
      vertex 8.27279 79.2728 2.4
    endloop
  endfacet
  facet normal 0 0 1
    outer loop
      vertex 8.27279 79.2728 2.4
      vertex 4.5 85 2.4
      vertex 8.05801 79.4562 2.4
    endloop
  endfacet
  facet normal 0 0 1
    outer loop
      vertex 8.05801 79.4562 2.4
      vertex 4.5 85 2.4
      vertex 7.81718 79.6038 2.4
    endloop
  endfacet
  facet normal 0 0 1
    outer loop
      vertex 7.81718 79.6038 2.4
      vertex 4.5 85 2.4
      vertex 7.55623 79.7119 2.4
    endloop
  endfacet
  facet normal 0 0 1
    outer loop
      vertex 7.55623 79.7119 2.4
      vertex 4.5 85 2.4
      vertex 7.28158 79.7778 2.4
    endloop
  endfacet
  facet normal -0 0 1
    outer loop
      vertex 0.859423 83.145 2.4
      vertex 5.72721 79.2728 2.4
      vertex 1.31802 83.682 2.4
    endloop
  endfacet
  facet normal -0 0 1
    outer loop
      vertex 1.31802 83.682 2.4
      vertex 5.72721 79.2728 2.4
      vertex 1.85497 84.1406 2.4
    endloop
  endfacet
  facet normal -0 0 1
    outer loop
      vertex 1.85497 84.1406 2.4
      vertex 5.72721 79.2728 2.4
      vertex 2.45704 84.5095 2.4
    endloop
  endfacet
  facet normal 0 0 1
    outer loop
      vertex 5.94199 79.4562 2.4
      vertex 2.45704 84.5095 2.4
      vertex 5.72721 79.2728 2.4
    endloop
  endfacet
  facet normal -0 0 1
    outer loop
      vertex 2.45704 84.5095 2.4
      vertex 5.94199 79.4562 2.4
      vertex 3.10942 84.7798 2.4
    endloop
  endfacet
  facet normal -0 0 1
    outer loop
      vertex 3.10942 84.7798 2.4
      vertex 5.94199 79.4562 2.4
      vertex 3.79604 84.9446 2.4
    endloop
  endfacet
  facet normal -0 0 1
    outer loop
      vertex 3.79604 84.9446 2.4
      vertex 5.94199 79.4562 2.4
      vertex 4.5 85 2.4
    endloop
  endfacet
  facet normal 0 0 1
    outer loop
      vertex 6.18282 79.6038 2.4
      vertex 4.5 85 2.4
      vertex 5.94199 79.4562 2.4
    endloop
  endfacet
  facet normal 0 0 1
    outer loop
      vertex 6.44377 79.7119 2.4
      vertex 4.5 85 2.4
      vertex 6.18282 79.6038 2.4
    endloop
  endfacet
  facet normal 0 0 1
    outer loop
      vertex 6.71842 79.7778 2.4
      vertex 4.5 85 2.4
      vertex 6.44377 79.7119 2.4
    endloop
  endfacet
  facet normal 0 0 1
    outer loop
      vertex 7 79.8 2.4
      vertex 4.5 85 2.4
      vertex 6.71842 79.7778 2.4
    endloop
  endfacet
  facet normal 0 0 1
    outer loop
      vertex 7.28158 79.7778 2.4
      vertex 4.5 85 2.4
      vertex 7 79.8 2.4
    endloop
  endfacet
  facet normal 0 0 1
    outer loop
      vertex 124.141 1.85497 2.4
      vertex 119.273 5.72721 2.4
      vertex 123.682 1.31802 2.4
    endloop
  endfacet
  facet normal 0 0 1
    outer loop
      vertex 123.682 1.31802 2.4
      vertex 119.273 5.72721 2.4
      vertex 123.145 0.859423 2.4
    endloop
  endfacet
  facet normal 0 0 1
    outer loop
      vertex 123.145 0.859423 2.4
      vertex 119.273 5.72721 2.4
      vertex 122.543 0.49047 2.4
    endloop
  endfacet
  facet normal -0 0 1
    outer loop
      vertex 119.058 5.54377 2.4
      vertex 122.543 0.49047 2.4
      vertex 119.273 5.72721 2.4
    endloop
  endfacet
  facet normal 0 0 1
    outer loop
      vertex 122.543 0.49047 2.4
      vertex 119.058 5.54377 2.4
      vertex 121.891 0.220245 2.4
    endloop
  endfacet
  facet normal 0 0 1
    outer loop
      vertex 121.891 0.220245 2.4
      vertex 119.058 5.54377 2.4
      vertex 121.204 0.0554018 2.4
    endloop
  endfacet
  facet normal 0 0 1
    outer loop
      vertex 121.204 0.0554018 2.4
      vertex 119.058 5.54377 2.4
      vertex 120.5 0 2.4
    endloop
  endfacet
  facet normal -0 0 1
    outer loop
      vertex 118.817 5.39619 2.4
      vertex 120.5 0 2.4
      vertex 119.058 5.54377 2.4
    endloop
  endfacet
  facet normal -0 0 1
    outer loop
      vertex 118.556 5.2881 2.4
      vertex 120.5 0 2.4
      vertex 118.817 5.39619 2.4
    endloop
  endfacet
  facet normal -0 0 1
    outer loop
      vertex 118.282 5.22216 2.4
      vertex 120.5 0 2.4
      vertex 118.556 5.2881 2.4
    endloop
  endfacet
  facet normal -0 0 1
    outer loop
      vertex 118 5.2 2.4
      vertex 120.5 0 2.4
      vertex 118.282 5.22216 2.4
    endloop
  endfacet
  facet normal 0 0 1
    outer loop
      vertex 117.718 5.22216 2.4
      vertex 120.5 0 2.4
      vertex 118 5.2 2.4
    endloop
  endfacet
  facet normal 0 0 1
    outer loop
      vertex 117.444 5.2881 2.4
      vertex 120.5 0 2.4
      vertex 117.718 5.22216 2.4
    endloop
  endfacet
  facet normal 0 0 1
    outer loop
      vertex 117.183 5.39619 2.4
      vertex 120.5 0 2.4
      vertex 117.444 5.2881 2.4
    endloop
  endfacet
  facet normal 0 0 1
    outer loop
      vertex 116.942 5.54377 2.4
      vertex 120.5 0 2.4
      vertex 117.183 5.39619 2.4
    endloop
  endfacet
  facet normal 0 0 1
    outer loop
      vertex 116.727 5.72721 2.4
      vertex 120.5 0 2.4
      vertex 116.942 5.54377 2.4
    endloop
  endfacet
  facet normal 0 0 1
    outer loop
      vertex 116.544 5.94199 2.4
      vertex 120.5 0 2.4
      vertex 116.727 5.72721 2.4
    endloop
  endfacet
  facet normal -0 0 1
    outer loop
      vertex 56.207 17.8129 2.4
      vertex 116.222 7.28158 2.4
      vertex 56.2766 18.1028 2.4
    endloop
  endfacet
  facet normal 0 0 1
    outer loop
      vertex 116.222 7.28158 2.4
      vertex 56.207 17.8129 2.4
      vertex 116.2 7 2.4
    endloop
  endfacet
  facet normal -0 0 1
    outer loop
      vertex 56.0929 17.5374 2.4
      vertex 116.2 7 2.4
      vertex 56.207 17.8129 2.4
    endloop
  endfacet
  facet normal 0 0 1
    outer loop
      vertex 116.2 7 2.4
      vertex 56.0929 17.5374 2.4
      vertex 116.222 6.71842 2.4
    endloop
  endfacet
  facet normal -0 0 1
    outer loop
      vertex 55.9371 17.2832 2.4
      vertex 116.222 6.71842 2.4
      vertex 56.0929 17.5374 2.4
    endloop
  endfacet
  facet normal 0 0 1
    outer loop
      vertex 116.222 6.71842 2.4
      vertex 55.9371 17.2832 2.4
      vertex 116.288 6.44377 2.4
    endloop
  endfacet
  facet normal -0 0 1
    outer loop
      vertex 55.7435 17.0565 2.4
      vertex 116.288 6.44377 2.4
      vertex 55.9371 17.2832 2.4
    endloop
  endfacet
  facet normal 0 0 1
    outer loop
      vertex 116.288 6.44377 2.4
      vertex 55.7435 17.0565 2.4
      vertex 116.396 6.18282 2.4
    endloop
  endfacet
  facet normal -0 0 1
    outer loop
      vertex 55.5168 16.8629 2.4
      vertex 116.396 6.18282 2.4
      vertex 55.7435 17.0565 2.4
    endloop
  endfacet
  facet normal 0 0 1
    outer loop
      vertex 116.396 6.18282 2.4
      vertex 55.5168 16.8629 2.4
      vertex 116.544 5.94199 2.4
    endloop
  endfacet
  facet normal 0 0 1
    outer loop
      vertex 116.544 5.94199 2.4
      vertex 55.5168 16.8629 2.4
      vertex 120.5 0 2.4
    endloop
  endfacet
  facet normal -0 0 1
    outer loop
      vertex 55.2626 16.7071 2.4
      vertex 120.5 0 2.4
      vertex 55.5168 16.8629 2.4
    endloop
  endfacet
  facet normal -0 0 1
    outer loop
      vertex 54.9871 16.593 2.4
      vertex 120.5 0 2.4
      vertex 55.2626 16.7071 2.4
    endloop
  endfacet
  facet normal -0 0 1
    outer loop
      vertex 54.6972 16.5234 2.4
      vertex 120.5 0 2.4
      vertex 54.9871 16.593 2.4
    endloop
  endfacet
  facet normal -0 0 1
    outer loop
      vertex 54.4 16.5 2.4
      vertex 120.5 0 2.4
      vertex 54.6972 16.5234 2.4
    endloop
  endfacet
  facet normal 0 0 1
    outer loop
      vertex 4.5 0 2.4
      vertex 54.4 16.5 2.4
      vertex 54.1028 16.5234 2.4
    endloop
  endfacet
  facet normal 0 0 1
    outer loop
      vertex 43.6972 16.5234 2.4
      vertex 54.1028 16.5234 2.4
      vertex 53.8129 16.593 2.4
    endloop
  endfacet
  facet normal -0 0 1
    outer loop
      vertex 45.3 18.4 2.4
      vertex 52.5234 18.1028 2.4
      vertex 52.5 18.4 2.4
    endloop
  endfacet
  facet normal 0 0 1
    outer loop
      vertex 45.2766 18.1028 2.4
      vertex 52.5234 18.1028 2.4
      vertex 45.3 18.4 2.4
    endloop
  endfacet
  facet normal 0 0 1
    outer loop
      vertex 52.5234 18.1028 2.4
      vertex 45.2766 18.1028 2.4
      vertex 52.593 17.8129 2.4
    endloop
  endfacet
  facet normal 0 0 1
    outer loop
      vertex 45.207 17.8129 2.4
      vertex 52.593 17.8129 2.4
      vertex 45.2766 18.1028 2.4
    endloop
  endfacet
  facet normal 0 0 1
    outer loop
      vertex 52.593 17.8129 2.4
      vertex 45.207 17.8129 2.4
      vertex 52.7071 17.5374 2.4
    endloop
  endfacet
  facet normal 0 0 1
    outer loop
      vertex 45.0929 17.5374 2.4
      vertex 52.7071 17.5374 2.4
      vertex 45.207 17.8129 2.4
    endloop
  endfacet
  facet normal 0 0 1
    outer loop
      vertex 52.7071 17.5374 2.4
      vertex 45.0929 17.5374 2.4
      vertex 52.8629 17.2832 2.4
    endloop
  endfacet
  facet normal 0 0 1
    outer loop
      vertex 44.9371 17.2832 2.4
      vertex 52.8629 17.2832 2.4
      vertex 45.0929 17.5374 2.4
    endloop
  endfacet
  facet normal 0 0 1
    outer loop
      vertex 52.8629 17.2832 2.4
      vertex 44.9371 17.2832 2.4
      vertex 53.0565 17.0565 2.4
    endloop
  endfacet
  facet normal 0 0 1
    outer loop
      vertex 44.7435 17.0565 2.4
      vertex 53.0565 17.0565 2.4
      vertex 44.9371 17.2832 2.4
    endloop
  endfacet
  facet normal 0 0 1
    outer loop
      vertex 53.0565 17.0565 2.4
      vertex 44.7435 17.0565 2.4
      vertex 53.2832 16.8629 2.4
    endloop
  endfacet
  facet normal 0 0 1
    outer loop
      vertex 44.5168 16.8629 2.4
      vertex 53.2832 16.8629 2.4
      vertex 44.7435 17.0565 2.4
    endloop
  endfacet
  facet normal 0 0 1
    outer loop
      vertex 53.2832 16.8629 2.4
      vertex 44.5168 16.8629 2.4
      vertex 53.5374 16.7071 2.4
    endloop
  endfacet
  facet normal 0 0 1
    outer loop
      vertex 44.2626 16.7071 2.4
      vertex 53.5374 16.7071 2.4
      vertex 44.5168 16.8629 2.4
    endloop
  endfacet
  facet normal 0 0 1
    outer loop
      vertex 53.5374 16.7071 2.4
      vertex 44.2626 16.7071 2.4
      vertex 53.8129 16.593 2.4
    endloop
  endfacet
  facet normal 0 0 1
    outer loop
      vertex 43.9871 16.593 2.4
      vertex 53.8129 16.593 2.4
      vertex 44.2626 16.7071 2.4
    endloop
  endfacet
  facet normal 0 0 1
    outer loop
      vertex 43.6972 16.5234 2.4
      vertex 53.8129 16.593 2.4
      vertex 43.9871 16.593 2.4
    endloop
  endfacet
  facet normal 0 0 1
    outer loop
      vertex 54.1028 16.5234 2.4
      vertex 43.6972 16.5234 2.4
      vertex 4.5 0 2.4
    endloop
  endfacet
  facet normal 0 0 1
    outer loop
      vertex 4.5 0 2.4
      vertex 43.6972 16.5234 2.4
      vertex 43.4 16.5 2.4
    endloop
  endfacet
  facet normal 0 0 1
    outer loop
      vertex 4.5 0 2.4
      vertex 43.4 16.5 2.4
      vertex 43.1028 16.5234 2.4
    endloop
  endfacet
  facet normal 0 0 1
    outer loop
      vertex 34.2766 18.6972 2.4
      vertex 41.5234 18.6972 2.4
      vertex 41.593 18.9871 2.4
    endloop
  endfacet
  facet normal 0 0 1
    outer loop
      vertex 41.5234 18.6972 2.4
      vertex 34.3 18.4 2.4
      vertex 41.5 18.4 2.4
    endloop
  endfacet
  facet normal 0 0 1
    outer loop
      vertex 41.5 18.4 2.4
      vertex 34.3 18.4 2.4
      vertex 41.5234 18.1028 2.4
    endloop
  endfacet
  facet normal 0 0 1
    outer loop
      vertex 34.2766 18.1028 2.4
      vertex 41.5234 18.1028 2.4
      vertex 34.3 18.4 2.4
    endloop
  endfacet
  facet normal 0 0 1
    outer loop
      vertex 41.5234 18.1028 2.4
      vertex 34.2766 18.1028 2.4
      vertex 41.593 17.8129 2.4
    endloop
  endfacet
  facet normal 0 0 1
    outer loop
      vertex 34.207 17.8129 2.4
      vertex 41.593 17.8129 2.4
      vertex 34.2766 18.1028 2.4
    endloop
  endfacet
  facet normal 0 0 1
    outer loop
      vertex 41.593 17.8129 2.4
      vertex 34.207 17.8129 2.4
      vertex 41.7071 17.5374 2.4
    endloop
  endfacet
  facet normal 0 0 1
    outer loop
      vertex 34.0929 17.5374 2.4
      vertex 41.7071 17.5374 2.4
      vertex 34.207 17.8129 2.4
    endloop
  endfacet
  facet normal 0 0 1
    outer loop
      vertex 41.7071 17.5374 2.4
      vertex 34.0929 17.5374 2.4
      vertex 41.8629 17.2832 2.4
    endloop
  endfacet
  facet normal 0 0 1
    outer loop
      vertex 33.9371 17.2832 2.4
      vertex 41.8629 17.2832 2.4
      vertex 34.0929 17.5374 2.4
    endloop
  endfacet
  facet normal 0 0 1
    outer loop
      vertex 41.8629 17.2832 2.4
      vertex 33.9371 17.2832 2.4
      vertex 42.0565 17.0565 2.4
    endloop
  endfacet
  facet normal 0 0 1
    outer loop
      vertex 33.7435 17.0565 2.4
      vertex 42.0565 17.0565 2.4
      vertex 33.9371 17.2832 2.4
    endloop
  endfacet
  facet normal 0 0 1
    outer loop
      vertex 42.0565 17.0565 2.4
      vertex 33.7435 17.0565 2.4
      vertex 42.2832 16.8629 2.4
    endloop
  endfacet
  facet normal 0 0 1
    outer loop
      vertex 33.5168 16.8629 2.4
      vertex 42.2832 16.8629 2.4
      vertex 33.7435 17.0565 2.4
    endloop
  endfacet
  facet normal 0 0 1
    outer loop
      vertex 42.2832 16.8629 2.4
      vertex 33.5168 16.8629 2.4
      vertex 42.5374 16.7071 2.4
    endloop
  endfacet
  facet normal 0 0 1
    outer loop
      vertex 33.2626 16.7071 2.4
      vertex 42.5374 16.7071 2.4
      vertex 33.5168 16.8629 2.4
    endloop
  endfacet
  facet normal 0 0 1
    outer loop
      vertex 42.5374 16.7071 2.4
      vertex 33.2626 16.7071 2.4
      vertex 42.8129 16.593 2.4
    endloop
  endfacet
  facet normal 0 0 1
    outer loop
      vertex 32.9871 16.593 2.4
      vertex 42.8129 16.593 2.4
      vertex 33.2626 16.7071 2.4
    endloop
  endfacet
  facet normal 0 0 1
    outer loop
      vertex 42.8129 16.593 2.4
      vertex 32.9871 16.593 2.4
      vertex 43.1028 16.5234 2.4
    endloop
  endfacet
  facet normal 0 0 1
    outer loop
      vertex 32.6972 16.5234 2.4
      vertex 43.1028 16.5234 2.4
      vertex 32.9871 16.593 2.4
    endloop
  endfacet
  facet normal 0 0 1
    outer loop
      vertex 43.1028 16.5234 2.4
      vertex 32.6972 16.5234 2.4
      vertex 4.5 0 2.4
    endloop
  endfacet
  facet normal 0 0 1
    outer loop
      vertex 4.5 0 2.4
      vertex 32.6972 16.5234 2.4
      vertex 32.4 16.5 2.4
    endloop
  endfacet
  facet normal 0 0 1
    outer loop
      vertex 8.45623 5.94199 2.4
      vertex 32.4 16.5 2.4
      vertex 32.1028 16.5234 2.4
    endloop
  endfacet
  facet normal 0 0 1
    outer loop
      vertex 30.5234 18.6972 2.4
      vertex 8.8 7 2.4
      vertex 30.5 18.4 2.4
    endloop
  endfacet
  facet normal 0 0 1
    outer loop
      vertex 34.8 48.8 2.4
      vertex 8.7119 77.4438 2.4
      vertex 27.8 48.8 2.4
    endloop
  endfacet
  facet normal 0 0 1
    outer loop
      vertex 30.5 18.4 2.4
      vertex 8.8 7 2.4
      vertex 30.5234 18.1028 2.4
    endloop
  endfacet
  facet normal 0 0 1
    outer loop
      vertex 30.5234 18.1028 2.4
      vertex 8.8 7 2.4
      vertex 30.593 17.8129 2.4
    endloop
  endfacet
  facet normal 0 0 1
    outer loop
      vertex 8.8 7 2.4
      vertex 30.7071 17.5374 2.4
      vertex 30.593 17.8129 2.4
    endloop
  endfacet
  facet normal 0 0 1
    outer loop
      vertex 8.8 7 2.4
      vertex 30.8629 17.2832 2.4
      vertex 30.7071 17.5374 2.4
    endloop
  endfacet
  facet normal 0 0 1
    outer loop
      vertex 8.8 7 2.4
      vertex 31.0565 17.0565 2.4
      vertex 30.8629 17.2832 2.4
    endloop
  endfacet
  facet normal 0 0 1
    outer loop
      vertex 8.8 7 2.4
      vertex 31.2832 16.8629 2.4
      vertex 31.0565 17.0565 2.4
    endloop
  endfacet
  facet normal 0 0 1
    outer loop
      vertex 8.77784 6.71842 2.4
      vertex 31.2832 16.8629 2.4
      vertex 8.8 7 2.4
    endloop
  endfacet
  facet normal 0 0 1
    outer loop
      vertex 31.2832 16.8629 2.4
      vertex 8.77784 6.71842 2.4
      vertex 31.5374 16.7071 2.4
    endloop
  endfacet
  facet normal 0 0 1
    outer loop
      vertex 8.7119 6.44377 2.4
      vertex 31.5374 16.7071 2.4
      vertex 8.77784 6.71842 2.4
    endloop
  endfacet
  facet normal 0 0 1
    outer loop
      vertex 31.5374 16.7071 2.4
      vertex 8.7119 6.44377 2.4
      vertex 31.8129 16.593 2.4
    endloop
  endfacet
  facet normal 0 0 1
    outer loop
      vertex 8.60381 6.18282 2.4
      vertex 31.8129 16.593 2.4
      vertex 8.7119 6.44377 2.4
    endloop
  endfacet
  facet normal 0 0 1
    outer loop
      vertex 31.8129 16.593 2.4
      vertex 8.60381 6.18282 2.4
      vertex 32.1028 16.5234 2.4
    endloop
  endfacet
  facet normal 0 0 1
    outer loop
      vertex 8.45623 5.94199 2.4
      vertex 32.1028 16.5234 2.4
      vertex 8.60381 6.18282 2.4
    endloop
  endfacet
  facet normal 0 0 1
    outer loop
      vertex 32.4 16.5 2.4
      vertex 8.45623 5.94199 2.4
      vertex 4.5 0 2.4
    endloop
  endfacet
  facet normal 0 0 1
    outer loop
      vertex 4.5 0 2.4
      vertex 8.45623 5.94199 2.4
      vertex 8.27279 5.72721 2.4
    endloop
  endfacet
  facet normal 0 0 1
    outer loop
      vertex 4.5 0 2.4
      vertex 8.27279 5.72721 2.4
      vertex 8.05801 5.54377 2.4
    endloop
  endfacet
  facet normal 0 0 1
    outer loop
      vertex 4.5 0 2.4
      vertex 8.05801 5.54377 2.4
      vertex 7.81718 5.39619 2.4
    endloop
  endfacet
  facet normal 0 0 1
    outer loop
      vertex 4.5 0 2.4
      vertex 7.81718 5.39619 2.4
      vertex 7.55623 5.2881 2.4
    endloop
  endfacet
  facet normal 0 0 1
    outer loop
      vertex 4.5 0 2.4
      vertex 7.55623 5.2881 2.4
      vertex 7.28158 5.22216 2.4
    endloop
  endfacet
  facet normal 0 0 1
    outer loop
      vertex 4.5 0 2.4
      vertex 7.28158 5.22216 2.4
      vertex 7 5.2 2.4
    endloop
  endfacet
  facet normal 0 0 1
    outer loop
      vertex 54.4 16.5 2.4
      vertex 4.5 0 2.4
      vertex 120.5 0 2.4
    endloop
  endfacet
  facet normal 0 0 1
    outer loop
      vertex 6.71842 5.22216 2.4
      vertex 4.5 0 2.4
      vertex 7 5.2 2.4
    endloop
  endfacet
  facet normal 0 0 1
    outer loop
      vertex 6.44377 5.2881 2.4
      vertex 4.5 0 2.4
      vertex 6.71842 5.22216 2.4
    endloop
  endfacet
  facet normal 0 0 1
    outer loop
      vertex 6.18282 5.39619 2.4
      vertex 4.5 0 2.4
      vertex 6.44377 5.2881 2.4
    endloop
  endfacet
  facet normal 0 0 1
    outer loop
      vertex 5.94199 5.54377 2.4
      vertex 4.5 0 2.4
      vertex 6.18282 5.39619 2.4
    endloop
  endfacet
  facet normal 0 0 1
    outer loop
      vertex 2.45704 0.49047 2.4
      vertex 5.94199 5.54377 2.4
      vertex 5.72721 5.72721 2.4
    endloop
  endfacet
  facet normal 0 0 1
    outer loop
      vertex 0.49047 2.45704 2.4
      vertex 5.72721 5.72721 2.4
      vertex 5.54377 5.94199 2.4
    endloop
  endfacet
  facet normal 0 0 1
    outer loop
      vertex 0 4.5 2.4
      vertex 5.54377 5.94199 2.4
      vertex 5.39619 6.18282 2.4
    endloop
  endfacet
  facet normal 0 0 1
    outer loop
      vertex 0 4.5 2.4
      vertex 5.39619 6.18282 2.4
      vertex 5.2881 6.44377 2.4
    endloop
  endfacet
  facet normal 0 0 1
    outer loop
      vertex 0 4.5 2.4
      vertex 5.2881 6.44377 2.4
      vertex 5.22216 6.71842 2.4
    endloop
  endfacet
  facet normal 0 0 1
    outer loop
      vertex 0 4.5 2.4
      vertex 5.22216 6.71842 2.4
      vertex 5.2 7 2.4
    endloop
  endfacet
  facet normal 0 0 1
    outer loop
      vertex 5.2881 7.55623 2.4
      vertex 0 4.5 2.4
      vertex 5.22216 7.28158 2.4
    endloop
  endfacet
  facet normal -0 0 1
    outer loop
      vertex 0.49047 82.543 2.4
      vertex 5.72721 79.2728 2.4
      vertex 0.859423 83.145 2.4
    endloop
  endfacet
  facet normal 0 0 1
    outer loop
      vertex 5.22216 7.28158 2.4
      vertex 0 4.5 2.4
      vertex 5.2 7 2.4
    endloop
  endfacet
  facet normal 0 0 1
    outer loop
      vertex 5.72721 79.2728 2.4
      vertex 0.49047 82.543 2.4
      vertex 5.54377 79.058 2.4
    endloop
  endfacet
  facet normal 0 0 1
    outer loop
      vertex 5.54377 5.94199 2.4
      vertex 0 4.5 2.4
      vertex 0.0554018 3.79604 2.4
    endloop
  endfacet
  facet normal -0 0 1
    outer loop
      vertex 0.220245 81.8906 2.4
      vertex 5.54377 79.058 2.4
      vertex 0.49047 82.543 2.4
    endloop
  endfacet
  facet normal 0 0 1
    outer loop
      vertex 5.94199 5.54377 2.4
      vertex 3.79604 0.0554018 2.4
      vertex 4.5 0 2.4
    endloop
  endfacet
  facet normal -0 0 1
    outer loop
      vertex 0.0554018 81.204 2.4
      vertex 5.54377 79.058 2.4
      vertex 0.220245 81.8906 2.4
    endloop
  endfacet
  facet normal 0 0 1
    outer loop
      vertex 5.94199 5.54377 2.4
      vertex 3.10942 0.220245 2.4
      vertex 3.79604 0.0554018 2.4
    endloop
  endfacet
  facet normal -0 0 1
    outer loop
      vertex 0 80.5 2.4
      vertex 5.54377 79.058 2.4
      vertex 0.0554018 81.204 2.4
    endloop
  endfacet
  facet normal 0 0 1
    outer loop
      vertex 5.94199 5.54377 2.4
      vertex 2.45704 0.49047 2.4
      vertex 3.10942 0.220245 2.4
    endloop
  endfacet
  facet normal 0 0 1
    outer loop
      vertex 5.54377 79.058 2.4
      vertex 0 80.5 2.4
      vertex 5.39619 78.8172 2.4
    endloop
  endfacet
  facet normal 0 0 1
    outer loop
      vertex 5.72721 5.72721 2.4
      vertex 1.85497 0.859423 2.4
      vertex 2.45704 0.49047 2.4
    endloop
  endfacet
  facet normal 0 0 1
    outer loop
      vertex 5.39619 78.8172 2.4
      vertex 0 80.5 2.4
      vertex 5.2881 78.5562 2.4
    endloop
  endfacet
  facet normal 0 0 1
    outer loop
      vertex 5.72721 5.72721 2.4
      vertex 1.31802 1.31802 2.4
      vertex 1.85497 0.859423 2.4
    endloop
  endfacet
  facet normal 0 0 1
    outer loop
      vertex 5.2881 78.5562 2.4
      vertex 0 80.5 2.4
      vertex 5.22216 78.2816 2.4
    endloop
  endfacet
  facet normal 0 0 1
    outer loop
      vertex 5.72721 5.72721 2.4
      vertex 0.859423 1.85497 2.4
      vertex 1.31802 1.31802 2.4
    endloop
  endfacet
  facet normal 0 0 1
    outer loop
      vertex 5.22216 78.2816 2.4
      vertex 0 80.5 2.4
      vertex 5.2 78 2.4
    endloop
  endfacet
  facet normal 0 0 1
    outer loop
      vertex 5.72721 5.72721 2.4
      vertex 0.49047 2.45704 2.4
      vertex 0.859423 1.85497 2.4
    endloop
  endfacet
  facet normal 0 0 1
    outer loop
      vertex 5.54377 5.94199 2.4
      vertex 0.220245 3.10942 2.4
      vertex 0.49047 2.45704 2.4
    endloop
  endfacet
  facet normal 0 0 1
    outer loop
      vertex 5.54377 5.94199 2.4
      vertex 0.0554018 3.79604 2.4
      vertex 0.220245 3.10942 2.4
    endloop
  endfacet
  facet normal -0.852638 -0.522503 0
    outer loop
      vertex 0.859423 1.85497 0
      vertex 0.49047 2.45704 2.4
      vertex 0.49047 2.45704 0
    endloop
  endfacet
  facet normal -0.852638 -0.522503 0
    outer loop
      vertex 0.49047 2.45704 2.4
      vertex 0.859423 1.85497 0
      vertex 0.859423 1.85497 2.4
    endloop
  endfacet
  facet normal 0.522547 -0.852611 0
    outer loop
      vertex 122.543 0.49047 0
      vertex 123.145 0.859423 2.4
      vertex 122.543 0.49047 2.4
    endloop
  endfacet
  facet normal 0.522547 -0.852611 0
    outer loop
      vertex 123.145 0.859423 2.4
      vertex 122.543 0.49047 0
      vertex 123.145 0.859423 0
    endloop
  endfacet
  facet normal 0 1 -0
    outer loop
      vertex 120.5 85 0
      vertex 4.5 85 2.4
      vertex 120.5 85 2.4
    endloop
  endfacet
  facet normal 0 1 0
    outer loop
      vertex 4.5 85 2.4
      vertex 120.5 85 0
      vertex 4.5 85 0
    endloop
  endfacet
  facet normal -0.760437 0.649412 0
    outer loop
      vertex 0.859423 83.145 0
      vertex 1.31802 83.682 2.4
      vertex 1.31802 83.682 0
    endloop
  endfacet
  facet normal -0.760437 0.649412 0
    outer loop
      vertex 1.31802 83.682 2.4
      vertex 0.859423 83.145 0
      vertex 0.859423 83.145 2.4
    endloop
  endfacet
  facet normal 0.852581 0.522595 0
    outer loop
      vertex 124.51 82.543 2.4
      vertex 124.141 83.145 0
      vertex 124.141 83.145 2.4
    endloop
  endfacet
  facet normal 0.852581 0.522595 0
    outer loop
      vertex 124.141 83.145 0
      vertex 124.51 82.543 2.4
      vertex 124.51 82.543 0
    endloop
  endfacet
  facet normal 0.996962 -0.0778921 0
    outer loop
      vertex 124.945 3.79604 2.4
      vertex 125 4.5 0
      vertex 125 4.5 2.4
    endloop
  endfacet
  facet normal 0.996962 -0.0778921 0
    outer loop
      vertex 125 4.5 0
      vertex 124.945 3.79604 2.4
      vertex 124.945 3.79604 0
    endloop
  endfacet
  facet normal 0.996962 0.0778877 0
    outer loop
      vertex 125 80.5 2.4
      vertex 124.945 81.204 0
      vertex 124.945 81.204 2.4
    endloop
  endfacet
  facet normal 0.996962 0.0778877 0
    outer loop
      vertex 124.945 81.204 0
      vertex 125 80.5 2.4
      vertex 125 80.5 0
    endloop
  endfacet
  facet normal 0.522492 0.852644 -0
    outer loop
      vertex 123.145 84.1406 0
      vertex 122.543 84.5095 2.4
      vertex 123.145 84.1406 2.4
    endloop
  endfacet
  facet normal 0.522492 0.852644 0
    outer loop
      vertex 122.543 84.5095 2.4
      vertex 123.145 84.1406 0
      vertex 122.543 84.5095 0
    endloop
  endfacet
  facet normal 0.852608 -0.522551 0
    outer loop
      vertex 124.141 1.85497 2.4
      vertex 124.51 2.45704 0
      vertex 124.51 2.45704 2.4
    endloop
  endfacet
  facet normal 0.852608 -0.522551 0
    outer loop
      vertex 124.51 2.45704 0
      vertex 124.141 1.85497 2.4
      vertex 124.141 1.85497 0
    endloop
  endfacet
  facet normal -0.923884 0.382674 0
    outer loop
      vertex 0.220245 81.8906 0
      vertex 0.49047 82.543 2.4
      vertex 0.49047 82.543 0
    endloop
  endfacet
  facet normal -0.923884 0.382674 0
    outer loop
      vertex 0.49047 82.543 2.4
      vertex 0.220245 81.8906 0
      vertex 0.220245 81.8906 2.4
    endloop
  endfacet
  facet normal -0.0784576 -0.996917 0
    outer loop
      vertex 3.79604 0.0554018 0
      vertex 4.5 0 2.4
      vertex 3.79604 0.0554018 2.4
    endloop
  endfacet
  facet normal -0.0784576 -0.996917 -0
    outer loop
      vertex 4.5 0 2.4
      vertex 3.79604 0.0554018 0
      vertex 4.5 0 0
    endloop
  endfacet
  facet normal 1 -0 0
    outer loop
      vertex 125 4.5 2.4
      vertex 125 80.5 0
      vertex 125 80.5 2.4
    endloop
  endfacet
  facet normal 1 0 0
    outer loop
      vertex 125 80.5 0
      vertex 125 4.5 2.4
      vertex 125 4.5 0
    endloop
  endfacet
  facet normal 0.972319 -0.233656 0
    outer loop
      vertex 124.78 3.10942 2.4
      vertex 124.945 3.79604 0
      vertex 124.945 3.79604 2.4
    endloop
  endfacet
  facet normal 0.972319 -0.233656 0
    outer loop
      vertex 124.945 3.79604 0
      vertex 124.78 3.10942 2.4
      vertex 124.78 3.10942 0
    endloop
  endfacet
  facet normal 0.923996 0.382402 0
    outer loop
      vertex 124.78 81.8906 2.4
      vertex 124.51 82.543 0
      vertex 124.51 82.543 2.4
    endloop
  endfacet
  facet normal 0.923996 0.382402 0
    outer loop
      vertex 124.51 82.543 0
      vertex 124.78 81.8906 2.4
      vertex 124.78 81.8906 0
    endloop
  endfacet
  facet normal -0.852611 0.522547 0
    outer loop
      vertex 0.49047 82.543 0
      vertex 0.859423 83.145 2.4
      vertex 0.859423 83.145 0
    endloop
  endfacet
  facet normal -0.852611 0.522547 0
    outer loop
      vertex 0.859423 83.145 2.4
      vertex 0.49047 82.543 0
      vertex 0.49047 82.543 2.4
    endloop
  endfacet
  facet normal 0.760125 -0.649777 0
    outer loop
      vertex 123.682 1.31802 2.4
      vertex 124.141 1.85497 0
      vertex 124.141 1.85497 2.4
    endloop
  endfacet
  facet normal 0.760125 -0.649777 0
    outer loop
      vertex 124.141 1.85497 0
      vertex 123.682 1.31802 2.4
      vertex 123.682 1.31802 0
    endloop
  endfacet
  facet normal -0.649449 0.760405 0
    outer loop
      vertex 1.85497 84.1406 0
      vertex 1.31802 83.682 2.4
      vertex 1.85497 84.1406 2.4
    endloop
  endfacet
  facet normal -0.649449 0.760405 0
    outer loop
      vertex 1.31802 83.682 2.4
      vertex 1.85497 84.1406 0
      vertex 1.31802 83.682 0
    endloop
  endfacet
  facet normal 0.0784532 -0.996918 0
    outer loop
      vertex 120.5 0 0
      vertex 121.204 0.0554018 2.4
      vertex 120.5 0 2.4
    endloop
  endfacet
  facet normal 0.0784532 -0.996918 0
    outer loop
      vertex 121.204 0.0554018 2.4
      vertex 120.5 0 0
      vertex 121.204 0.0554018 0
    endloop
  endfacet
  facet normal 0.0784506 0.996918 -0
    outer loop
      vertex 121.204 84.9446 0
      vertex 120.5 85 2.4
      vertex 121.204 84.9446 2.4
    endloop
  endfacet
  facet normal 0.0784506 0.996918 0
    outer loop
      vertex 120.5 85 2.4
      vertex 121.204 84.9446 0
      vertex 120.5 85 0
    endloop
  endfacet
  facet normal -0.522448 0.852671 0
    outer loop
      vertex 2.45704 84.5095 0
      vertex 1.85497 84.1406 2.4
      vertex 2.45704 84.5095 2.4
    endloop
  endfacet
  facet normal -0.522448 0.852671 0
    outer loop
      vertex 1.85497 84.1406 2.4
      vertex 2.45704 84.5095 0
      vertex 1.85497 84.1406 0
    endloop
  endfacet
  facet normal 0.382874 -0.9238 0
    outer loop
      vertex 121.891 0.220245 0
      vertex 122.543 0.49047 2.4
      vertex 121.891 0.220245 2.4
    endloop
  endfacet
  facet normal 0.382874 -0.9238 0
    outer loop
      vertex 122.543 0.49047 2.4
      vertex 121.891 0.220245 0
      vertex 122.543 0.49047 0
    endloop
  endfacet
  facet normal 0.649412 -0.760437 0
    outer loop
      vertex 123.145 0.859423 0
      vertex 123.682 1.31802 2.4
      vertex 123.145 0.859423 2.4
    endloop
  endfacet
  facet normal 0.649412 -0.760437 0
    outer loop
      vertex 123.682 1.31802 2.4
      vertex 123.145 0.859423 0
      vertex 123.682 1.31802 0
    endloop
  endfacet
  facet normal -1 0 0
    outer loop
      vertex 0 4.5 0
      vertex 0 80.5 2.4
      vertex 0 80.5 0
    endloop
  endfacet
  facet normal -1 -0 0
    outer loop
      vertex 0 80.5 2.4
      vertex 0 4.5 0
      vertex 0 4.5 2.4
    endloop
  endfacet
  facet normal -0.649447 -0.760407 0
    outer loop
      vertex 1.31802 1.31802 0
      vertex 1.85497 0.859423 2.4
      vertex 1.31802 1.31802 2.4
    endloop
  endfacet
  facet normal -0.649447 -0.760407 -0
    outer loop
      vertex 1.85497 0.859423 2.4
      vertex 1.31802 1.31802 0
      vertex 1.85497 0.859423 0
    endloop
  endfacet
  facet normal 0.649414 0.760435 -0
    outer loop
      vertex 123.682 83.682 0
      vertex 123.145 84.1406 2.4
      vertex 123.682 83.682 2.4
    endloop
  endfacet
  facet normal 0.649414 0.760435 0
    outer loop
      vertex 123.145 84.1406 2.4
      vertex 123.682 83.682 0
      vertex 123.145 84.1406 0
    endloop
  endfacet
  facet normal -0.233446 -0.97237 0
    outer loop
      vertex 3.10942 0.220245 0
      vertex 3.79604 0.0554018 2.4
      vertex 3.10942 0.220245 2.4
    endloop
  endfacet
  facet normal -0.233446 -0.97237 -0
    outer loop
      vertex 3.79604 0.0554018 2.4
      vertex 3.10942 0.220245 0
      vertex 3.79604 0.0554018 0
    endloop
  endfacet
  facet normal -0.382684 -0.923879 0
    outer loop
      vertex 2.45704 0.49047 0
      vertex 3.10942 0.220245 2.4
      vertex 2.45704 0.49047 2.4
    endloop
  endfacet
  facet normal -0.382684 -0.923879 -0
    outer loop
      vertex 3.10942 0.220245 2.4
      vertex 2.45704 0.49047 0
      vertex 3.10942 0.220245 0
    endloop
  endfacet
  facet normal 0.923992 -0.382412 0
    outer loop
      vertex 124.51 2.45704 2.4
      vertex 124.78 3.10942 0
      vertex 124.78 3.10942 2.4
    endloop
  endfacet
  facet normal 0.923992 -0.382412 0
    outer loop
      vertex 124.78 3.10942 0
      vertex 124.51 2.45704 2.4
      vertex 124.51 2.45704 0
    endloop
  endfacet
  facet normal -0.972368 0.233452 0
    outer loop
      vertex 0.0554018 81.204 0
      vertex 0.220245 81.8906 2.4
      vertex 0.220245 81.8906 0
    endloop
  endfacet
  facet normal -0.972368 0.233452 0
    outer loop
      vertex 0.220245 81.8906 2.4
      vertex 0.0554018 81.204 0
      vertex 0.0554018 81.204 2.4
    endloop
  endfacet
  facet normal -0.522503 -0.852638 0
    outer loop
      vertex 1.85497 0.859423 0
      vertex 2.45704 0.49047 2.4
      vertex 1.85497 0.859423 2.4
    endloop
  endfacet
  facet normal -0.522503 -0.852638 -0
    outer loop
      vertex 2.45704 0.49047 2.4
      vertex 1.85497 0.859423 0
      vertex 2.45704 0.49047 0
    endloop
  endfacet
  facet normal 0.972318 0.233662 0
    outer loop
      vertex 124.945 81.204 2.4
      vertex 124.78 81.8906 0
      vertex 124.78 81.8906 2.4
    endloop
  endfacet
  facet normal 0.972318 0.233662 0
    outer loop
      vertex 124.78 81.8906 0
      vertex 124.945 81.204 2.4
      vertex 124.945 81.204 0
    endloop
  endfacet
  facet normal -0.996917 -0.0784576 0
    outer loop
      vertex 0.0554018 3.79604 0
      vertex 0 4.5 2.4
      vertex 0 4.5 0
    endloop
  endfacet
  facet normal -0.996917 -0.0784576 0
    outer loop
      vertex 0 4.5 2.4
      vertex 0.0554018 3.79604 0
      vertex 0.0554018 3.79604 2.4
    endloop
  endfacet
  facet normal -0.996918 0.0784532 0
    outer loop
      vertex 0 80.5 0
      vertex 0.0554018 81.204 2.4
      vertex 0.0554018 81.204 0
    endloop
  endfacet
  facet normal -0.996918 0.0784532 0
    outer loop
      vertex 0.0554018 81.204 2.4
      vertex 0 80.5 0
      vertex 0 80.5 2.4
    endloop
  endfacet
  facet normal -0.382775 0.923842 0
    outer loop
      vertex 3.10942 84.7798 0
      vertex 2.45704 84.5095 2.4
      vertex 3.10942 84.7798 2.4
    endloop
  endfacet
  facet normal -0.382775 0.923842 0
    outer loop
      vertex 2.45704 84.5095 2.4
      vertex 3.10942 84.7798 0
      vertex 2.45704 84.5095 0
    endloop
  endfacet
  facet normal -0.233388 0.972384 0
    outer loop
      vertex 3.79604 84.9446 0
      vertex 3.10942 84.7798 2.4
      vertex 3.79604 84.9446 2.4
    endloop
  endfacet
  facet normal -0.233388 0.972384 0
    outer loop
      vertex 3.10942 84.7798 2.4
      vertex 3.79604 84.9446 0
      vertex 3.10942 84.7798 0
    endloop
  endfacet
  facet normal 0.382965 0.923763 -0
    outer loop
      vertex 122.543 84.5095 0
      vertex 121.891 84.7798 2.4
      vertex 122.543 84.5095 2.4
    endloop
  endfacet
  facet normal 0.382965 0.923763 0
    outer loop
      vertex 121.891 84.7798 2.4
      vertex 122.543 84.5095 0
      vertex 121.891 84.7798 0
    endloop
  endfacet
  facet normal -0.97237 -0.233446 0
    outer loop
      vertex 0.220245 3.10942 0
      vertex 0.0554018 3.79604 2.4
      vertex 0.0554018 3.79604 0
    endloop
  endfacet
  facet normal -0.97237 -0.233446 0
    outer loop
      vertex 0.0554018 3.79604 2.4
      vertex 0.220245 3.10942 0
      vertex 0.220245 3.10942 2.4
    endloop
  endfacet
  facet normal -0.923879 -0.382684 0
    outer loop
      vertex 0.49047 2.45704 0
      vertex 0.220245 3.10942 2.4
      vertex 0.220245 3.10942 0
    endloop
  endfacet
  facet normal -0.923879 -0.382684 0
    outer loop
      vertex 0.220245 3.10942 2.4
      vertex 0.49047 2.45704 0
      vertex 0.49047 2.45704 2.4
    endloop
  endfacet
  facet normal 0.233266 0.972413 -0
    outer loop
      vertex 121.891 84.7798 0
      vertex 121.204 84.9446 2.4
      vertex 121.891 84.7798 2.4
    endloop
  endfacet
  facet normal 0.233266 0.972413 0
    outer loop
      vertex 121.204 84.9446 2.4
      vertex 121.891 84.7798 0
      vertex 121.204 84.9446 0
    endloop
  endfacet
  facet normal -0.760407 -0.649447 0
    outer loop
      vertex 1.31802 1.31802 0
      vertex 0.859423 1.85497 2.4
      vertex 0.859423 1.85497 0
    endloop
  endfacet
  facet normal -0.760407 -0.649447 0
    outer loop
      vertex 0.859423 1.85497 2.4
      vertex 1.31802 1.31802 0
      vertex 1.31802 1.31802 2.4
    endloop
  endfacet
  facet normal -0.0784551 0.996918 0
    outer loop
      vertex 4.5 85 0
      vertex 3.79604 84.9446 2.4
      vertex 4.5 85 2.4
    endloop
  endfacet
  facet normal -0.0784551 0.996918 0
    outer loop
      vertex 3.79604 84.9446 2.4
      vertex 4.5 85 0
      vertex 3.79604 84.9446 0
    endloop
  endfacet
  facet normal 0 0 -1
    outer loop
      vertex 0 80.5 0
      vertex 2.75 79.0875 0
      vertex 2.65417 78.6883 0
    endloop
  endfacet
  facet normal 0 0 -1
    outer loop
      vertex 125 4.5 0
      vertex 122.25 8.08747 0
      vertex 125 80.5 0
    endloop
  endfacet
  facet normal 0 0 -1
    outer loop
      vertex 125 80.5 0
      vertex 122.346 77.3117 0
      vertex 122.4 78 0
    endloop
  endfacet
  facet normal 0 0 -1
    outer loop
      vertex 122.25 76.9125 0
      vertex 125 80.5 0
      vertex 122.25 8.08747 0
    endloop
  endfacet
  facet normal 0 0 -1
    outer loop
      vertex 125 80.5 0
      vertex 122.25 76.9125 0
      vertex 122.346 77.3117 0
    endloop
  endfacet
  facet normal 0 0 -1
    outer loop
      vertex 122.224 4.52149 0
      vertex 125 4.5 0
      vertex 124.945 3.79604 0
    endloop
  endfacet
  facet normal 0 0 -1
    outer loop
      vertex 122.346 7.68831 0
      vertex 125 4.5 0
      vertex 122.4 7 0
    endloop
  endfacet
  facet normal 0 0 -1
    outer loop
      vertex 122.147 4.20106 0
      vertex 124.945 3.79604 0
      vertex 124.78 3.10942 0
    endloop
  endfacet
  facet normal 0 0 -1
    outer loop
      vertex 122.25 8.08747 0
      vertex 125 4.5 0
      vertex 122.346 7.68831 0
    endloop
  endfacet
  facet normal 0 0 -1
    outer loop
      vertex 122.021 3.89662 0
      vertex 124.78 3.10942 0
      vertex 124.51 2.45704 0
    endloop
  endfacet
  facet normal 0 0 -1
    outer loop
      vertex 122.346 78.6883 0
      vertex 125 80.5 0
      vertex 122.4 78 0
    endloop
  endfacet
  facet normal 0 0 -1
    outer loop
      vertex 121.849 3.61565 0
      vertex 124.51 2.45704 0
      vertex 124.141 1.85497 0
    endloop
  endfacet
  facet normal 0 0 -1
    outer loop
      vertex 122.25 79.0875 0
      vertex 125 80.5 0
      vertex 122.346 78.6883 0
    endloop
  endfacet
  facet normal 0 0 -1
    outer loop
      vertex 121.635 3.36508 0
      vertex 124.141 1.85497 0
      vertex 123.682 1.31802 0
    endloop
  endfacet
  facet normal 0 0 -1
    outer loop
      vertex 122.25 80.15 0
      vertex 125 80.5 0
      vertex 122.25 79.0875 0
    endloop
  endfacet
  facet normal 0 0 -1
    outer loop
      vertex 121.635 3.36508 0
      vertex 123.682 1.31802 0
      vertex 123.145 0.859423 0
    endloop
  endfacet
  facet normal 0 0 -1
    outer loop
      vertex 122.224 80.4785 0
      vertex 125 80.5 0
      vertex 122.25 80.15 0
    endloop
  endfacet
  facet normal 0 0 -1
    outer loop
      vertex 121.384 3.15106 0
      vertex 123.145 0.859423 0
      vertex 122.543 0.49047 0
    endloop
  endfacet
  facet normal 0 0 -1
    outer loop
      vertex 122.147 80.7989 0
      vertex 124.945 81.204 0
      vertex 122.224 80.4785 0
    endloop
  endfacet
  facet normal -0 0 -1
    outer loop
      vertex 124.945 81.204 0
      vertex 122.147 80.7989 0
      vertex 124.78 81.8906 0
    endloop
  endfacet
  facet normal 0 0 -1
    outer loop
      vertex 125 4.5 0
      vertex 122.346 6.31169 0
      vertex 122.4 7 0
    endloop
  endfacet
  facet normal 0 0 -1
    outer loop
      vertex 125 4.5 0
      vertex 122.25 4.85 0
      vertex 122.25 5.91253 0
    endloop
  endfacet
  facet normal 0 0 -1
    outer loop
      vertex 125 4.5 0
      vertex 122.224 4.52149 0
      vertex 122.25 4.85 0
    endloop
  endfacet
  facet normal 0 0 -1
    outer loop
      vertex 124.945 3.79604 0
      vertex 122.147 4.20106 0
      vertex 122.224 4.52149 0
    endloop
  endfacet
  facet normal 0 0 -1
    outer loop
      vertex 124.78 3.10942 0
      vertex 122.021 3.89662 0
      vertex 122.147 4.20106 0
    endloop
  endfacet
  facet normal 0 0 -1
    outer loop
      vertex 121.103 2.97889 0
      vertex 122.543 0.49047 0
      vertex 121.891 0.220245 0
    endloop
  endfacet
  facet normal 0 0 -1
    outer loop
      vertex 124.51 2.45704 0
      vertex 121.849 3.61565 0
      vertex 122.021 3.89662 0
    endloop
  endfacet
  facet normal 0 0 -1
    outer loop
      vertex 124.141 1.85497 0
      vertex 121.635 3.36508 0
      vertex 121.849 3.61565 0
    endloop
  endfacet
  facet normal 0 0 -1
    outer loop
      vertex 123.145 0.859423 0
      vertex 121.384 3.15106 0
      vertex 121.635 3.36508 0
    endloop
  endfacet
  facet normal 0 0 -1
    outer loop
      vertex 120.799 2.85278 0
      vertex 121.891 0.220245 0
      vertex 121.204 0.0554018 0
    endloop
  endfacet
  facet normal 0 0 -1
    outer loop
      vertex 122.543 0.49047 0
      vertex 121.103 2.97889 0
      vertex 121.384 3.15106 0
    endloop
  endfacet
  facet normal 0 0 -1
    outer loop
      vertex 121.891 0.220245 0
      vertex 120.799 2.85278 0
      vertex 121.103 2.97889 0
    endloop
  endfacet
  facet normal 0 0 -1
    outer loop
      vertex 120.479 2.77585 0
      vertex 121.204 0.0554018 0
      vertex 120.5 0 0
    endloop
  endfacet
  facet normal 0 0 -1
    outer loop
      vertex 121.204 0.0554018 0
      vertex 120.479 2.77585 0
      vertex 120.799 2.85278 0
    endloop
  endfacet
  facet normal 0 0 -1
    outer loop
      vertex 120.5 0 0
      vertex 120.15 2.75 0
      vertex 120.479 2.77585 0
    endloop
  endfacet
  facet normal 0 0 -1
    outer loop
      vertex 120.5 0 0
      vertex 119.087 2.75 0
      vertex 120.15 2.75 0
    endloop
  endfacet
  facet normal 0 0 -1
    outer loop
      vertex 120.5 0 0
      vertex 118.688 2.65417 0
      vertex 119.087 2.75 0
    endloop
  endfacet
  facet normal 0 0 -1
    outer loop
      vertex 120.5 0 0
      vertex 118 2.6 0
      vertex 118.688 2.65417 0
    endloop
  endfacet
  facet normal 0 0 -1
    outer loop
      vertex 120.5 0 0
      vertex 117.312 2.65417 0
      vertex 118 2.6 0
    endloop
  endfacet
  facet normal 0 0 -1
    outer loop
      vertex 120.5 0 0
      vertex 116.913 2.75 0
      vertex 117.312 2.65417 0
    endloop
  endfacet
  facet normal 0 0 -1
    outer loop
      vertex 120.5 0 0
      vertex 8.08747 2.75 0
      vertex 116.913 2.75 0
    endloop
  endfacet
  facet normal 0 0 -1
    outer loop
      vertex 4.5 0 0
      vertex 8.08747 2.75 0
      vertex 120.5 0 0
    endloop
  endfacet
  facet normal 0 0 -1
    outer loop
      vertex 8.08747 2.75 0
      vertex 4.5 0 0
      vertex 7.68831 2.65417 0
    endloop
  endfacet
  facet normal 0 0 -1
    outer loop
      vertex 4.5 0 0
      vertex 5.91253 2.75 0
      vertex 6.31169 2.65417 0
    endloop
  endfacet
  facet normal 0 0 -1
    outer loop
      vertex 4.5 0 0
      vertex 6.31169 2.65417 0
      vertex 7 2.6 0
    endloop
  endfacet
  facet normal 0 0 -1
    outer loop
      vertex 7.68831 2.65417 0
      vertex 4.5 0 0
      vertex 7 2.6 0
    endloop
  endfacet
  facet normal -0 0 -1
    outer loop
      vertex 5.91253 2.75 0
      vertex 4.5 0 0
      vertex 4.85 2.75 0
    endloop
  endfacet
  facet normal 0 0 -1
    outer loop
      vertex 4.5 0 0
      vertex 4.52149 2.77585 0
      vertex 4.85 2.75 0
    endloop
  endfacet
  facet normal 0 0 -1
    outer loop
      vertex 3.79604 0.0554018 0
      vertex 4.52149 2.77585 0
      vertex 4.5 0 0
    endloop
  endfacet
  facet normal -0 0 -1
    outer loop
      vertex 4.52149 2.77585 0
      vertex 3.79604 0.0554018 0
      vertex 4.20106 2.85278 0
    endloop
  endfacet
  facet normal 0 0 -1
    outer loop
      vertex 3.10942 0.220245 0
      vertex 4.20106 2.85278 0
      vertex 3.79604 0.0554018 0
    endloop
  endfacet
  facet normal -0 0 -1
    outer loop
      vertex 4.20106 2.85278 0
      vertex 3.10942 0.220245 0
      vertex 3.89662 2.97889 0
    endloop
  endfacet
  facet normal 0 0 -1
    outer loop
      vertex 2.45704 0.49047 0
      vertex 3.89662 2.97889 0
      vertex 3.10942 0.220245 0
    endloop
  endfacet
  facet normal -0 0 -1
    outer loop
      vertex 3.89662 2.97889 0
      vertex 2.45704 0.49047 0
      vertex 3.61565 3.15106 0
    endloop
  endfacet
  facet normal 0 0 -1
    outer loop
      vertex 1.85497 0.859423 0
      vertex 3.61565 3.15106 0
      vertex 2.45704 0.49047 0
    endloop
  endfacet
  facet normal -0 0 -1
    outer loop
      vertex 3.61565 3.15106 0
      vertex 1.85497 0.859423 0
      vertex 3.36508 3.36508 0
    endloop
  endfacet
  facet normal 0 0 -1
    outer loop
      vertex 1.31802 1.31802 0
      vertex 3.36508 3.36508 0
      vertex 1.85497 0.859423 0
    endloop
  endfacet
  facet normal 0 0 -1
    outer loop
      vertex 0.859423 1.85497 0
      vertex 3.36508 3.36508 0
      vertex 1.31802 1.31802 0
    endloop
  endfacet
  facet normal -0 0 -1
    outer loop
      vertex 3.36508 3.36508 0
      vertex 0.859423 1.85497 0
      vertex 3.15106 3.61565 0
    endloop
  endfacet
  facet normal 0 0 -1
    outer loop
      vertex 0 4.5 0
      vertex 2.75 5.91253 0
      vertex 2.75 4.85 0
    endloop
  endfacet
  facet normal -0 0 -1
    outer loop
      vertex 2.75 5.91253 0
      vertex 0 4.5 0
      vertex 2.65417 6.31169 0
    endloop
  endfacet
  facet normal 0 0 -1
    outer loop
      vertex 0.220245 3.10942 0
      vertex 2.97889 3.89662 0
      vertex 0.49047 2.45704 0
    endloop
  endfacet
  facet normal -0 0 -1
    outer loop
      vertex 3.15106 3.61565 0
      vertex 0.49047 2.45704 0
      vertex 2.97889 3.89662 0
    endloop
  endfacet
  facet normal 0 0 -1
    outer loop
      vertex 0.49047 2.45704 0
      vertex 3.15106 3.61565 0
      vertex 0.859423 1.85497 0
    endloop
  endfacet
  facet normal 0 0 -1
    outer loop
      vertex 122.021 81.1034 0
      vertex 124.78 81.8906 0
      vertex 122.147 80.7989 0
    endloop
  endfacet
  facet normal -0 0 -1
    outer loop
      vertex 124.78 81.8906 0
      vertex 122.021 81.1034 0
      vertex 124.51 82.543 0
    endloop
  endfacet
  facet normal -0 0 -1
    outer loop
      vertex 125 80.5 0
      vertex 122.224 80.4785 0
      vertex 124.945 81.204 0
    endloop
  endfacet
  facet normal 0 0 -1
    outer loop
      vertex 121.849 81.3843 0
      vertex 124.51 82.543 0
      vertex 122.021 81.1034 0
    endloop
  endfacet
  facet normal -0 0 -1
    outer loop
      vertex 124.51 82.543 0
      vertex 121.849 81.3843 0
      vertex 124.141 83.145 0
    endloop
  endfacet
  facet normal 0 0 -1
    outer loop
      vertex 121.635 81.6349 0
      vertex 124.141 83.145 0
      vertex 121.849 81.3843 0
    endloop
  endfacet
  facet normal -0 0 -1
    outer loop
      vertex 124.141 83.145 0
      vertex 121.635 81.6349 0
      vertex 123.682 83.682 0
    endloop
  endfacet
  facet normal -0 0 -1
    outer loop
      vertex 123.682 83.682 0
      vertex 121.635 81.6349 0
      vertex 123.145 84.1406 0
    endloop
  endfacet
  facet normal 0 0 -1
    outer loop
      vertex 121.384 81.8489 0
      vertex 123.145 84.1406 0
      vertex 121.635 81.6349 0
    endloop
  endfacet
  facet normal -0 0 -1
    outer loop
      vertex 123.145 84.1406 0
      vertex 121.384 81.8489 0
      vertex 122.543 84.5095 0
    endloop
  endfacet
  facet normal 0 0 -1
    outer loop
      vertex 121.103 82.0211 0
      vertex 122.543 84.5095 0
      vertex 121.384 81.8489 0
    endloop
  endfacet
  facet normal -0 0 -1
    outer loop
      vertex 122.543 84.5095 0
      vertex 121.103 82.0211 0
      vertex 121.891 84.7798 0
    endloop
  endfacet
  facet normal 0 0 -1
    outer loop
      vertex 120.799 82.1472 0
      vertex 121.891 84.7798 0
      vertex 121.103 82.0211 0
    endloop
  endfacet
  facet normal -0 0 -1
    outer loop
      vertex 121.891 84.7798 0
      vertex 120.799 82.1472 0
      vertex 121.204 84.9446 0
    endloop
  endfacet
  facet normal 0 0 -1
    outer loop
      vertex 120.479 82.2241 0
      vertex 121.204 84.9446 0
      vertex 120.799 82.1472 0
    endloop
  endfacet
  facet normal -0 0 -1
    outer loop
      vertex 121.204 84.9446 0
      vertex 120.479 82.2241 0
      vertex 120.5 85 0
    endloop
  endfacet
  facet normal 0 0 -1
    outer loop
      vertex 120.15 82.25 0
      vertex 120.5 85 0
      vertex 120.479 82.2241 0
    endloop
  endfacet
  facet normal 0 0 -1
    outer loop
      vertex 119.087 82.25 0
      vertex 120.5 85 0
      vertex 120.15 82.25 0
    endloop
  endfacet
  facet normal 0 0 -1
    outer loop
      vertex 118.688 82.3458 0
      vertex 120.5 85 0
      vertex 119.087 82.25 0
    endloop
  endfacet
  facet normal 0 0 -1
    outer loop
      vertex 118 82.4 0
      vertex 120.5 85 0
      vertex 118.688 82.3458 0
    endloop
  endfacet
  facet normal 0 0 -1
    outer loop
      vertex 117.312 82.3458 0
      vertex 120.5 85 0
      vertex 118 82.4 0
    endloop
  endfacet
  facet normal 0 0 -1
    outer loop
      vertex 116.913 82.25 0
      vertex 120.5 85 0
      vertex 117.312 82.3458 0
    endloop
  endfacet
  facet normal 0 0 -1
    outer loop
      vertex 8.08747 82.25 0
      vertex 120.5 85 0
      vertex 116.913 82.25 0
    endloop
  endfacet
  facet normal 0 0 -1
    outer loop
      vertex 4.5 85 0
      vertex 8.08747 82.25 0
      vertex 7.68831 82.3458 0
    endloop
  endfacet
  facet normal 0 0 -1
    outer loop
      vertex 4.5 85 0
      vertex 7.68831 82.3458 0
      vertex 7 82.4 0
    endloop
  endfacet
  facet normal 0 0 -1
    outer loop
      vertex 4.5 85 0
      vertex 5.91253 82.25 0
      vertex 4.85 82.25 0
    endloop
  endfacet
  facet normal 0 0 -1
    outer loop
      vertex 5.91253 82.25 0
      vertex 4.5 85 0
      vertex 6.31169 82.3458 0
    endloop
  endfacet
  facet normal 0 0 -1
    outer loop
      vertex 8.08747 82.25 0
      vertex 4.5 85 0
      vertex 120.5 85 0
    endloop
  endfacet
  facet normal 0 0 -1
    outer loop
      vertex 6.31169 82.3458 0
      vertex 4.5 85 0
      vertex 7 82.4 0
    endloop
  endfacet
  facet normal 0 0 -1
    outer loop
      vertex 4.52149 82.2241 0
      vertex 4.5 85 0
      vertex 4.85 82.25 0
    endloop
  endfacet
  facet normal 0 0 -1
    outer loop
      vertex 3.79604 84.9446 0
      vertex 4.52149 82.2241 0
      vertex 4.20106 82.1472 0
    endloop
  endfacet
  facet normal 0 0 -1
    outer loop
      vertex 3.10942 84.7798 0
      vertex 4.20106 82.1472 0
      vertex 3.89662 82.0211 0
    endloop
  endfacet
  facet normal 0 0 -1
    outer loop
      vertex 4.52149 82.2241 0
      vertex 3.79604 84.9446 0
      vertex 4.5 85 0
    endloop
  endfacet
  facet normal 0 0 -1
    outer loop
      vertex 2.45704 84.5095 0
      vertex 3.89662 82.0211 0
      vertex 3.61565 81.8489 0
    endloop
  endfacet
  facet normal 0 0 -1
    outer loop
      vertex 1.85497 84.1406 0
      vertex 3.61565 81.8489 0
      vertex 3.36508 81.6349 0
    endloop
  endfacet
  facet normal 0 0 -1
    outer loop
      vertex 0.859423 83.145 0
      vertex 3.36508 81.6349 0
      vertex 3.15106 81.3843 0
    endloop
  endfacet
  facet normal 0 0 -1
    outer loop
      vertex 4.20106 82.1472 0
      vertex 3.10942 84.7798 0
      vertex 3.79604 84.9446 0
    endloop
  endfacet
  facet normal 0 0 -1
    outer loop
      vertex 0.49047 82.543 0
      vertex 3.15106 81.3843 0
      vertex 2.97889 81.1034 0
    endloop
  endfacet
  facet normal 0 0 -1
    outer loop
      vertex 0.220245 81.8906 0
      vertex 2.97889 81.1034 0
      vertex 2.85278 80.7989 0
    endloop
  endfacet
  facet normal 0 0 -1
    outer loop
      vertex 0.0554018 81.204 0
      vertex 2.85278 80.7989 0
      vertex 2.77585 80.4785 0
    endloop
  endfacet
  facet normal 0 0 -1
    outer loop
      vertex 0 80.5 0
      vertex 2.77585 80.4785 0
      vertex 2.75 80.15 0
    endloop
  endfacet
  facet normal 0 0 -1
    outer loop
      vertex 0 80.5 0
      vertex 2.65417 78.6883 0
      vertex 2.6 78 0
    endloop
  endfacet
  facet normal 0 0 -1
    outer loop
      vertex 3.89662 82.0211 0
      vertex 2.45704 84.5095 0
      vertex 3.10942 84.7798 0
    endloop
  endfacet
  facet normal 0 0 -1
    outer loop
      vertex 2.75 79.0875 0
      vertex 0 80.5 0
      vertex 2.75 80.15 0
    endloop
  endfacet
  facet normal -0 0 -1
    outer loop
      vertex 2.6 7 0
      vertex 0 4.5 0
      vertex 2.6 78 0
    endloop
  endfacet
  facet normal -0 0 -1
    outer loop
      vertex 2.97889 3.89662 0
      vertex 0.220245 3.10942 0
      vertex 2.85278 4.20106 0
    endloop
  endfacet
  facet normal 0 0 -1
    outer loop
      vertex 0 80.5 0
      vertex 2.6 78 0
      vertex 0 4.5 0
    endloop
  endfacet
  facet normal 0 0 -1
    outer loop
      vertex 0.0554018 3.79604 0
      vertex 2.85278 4.20106 0
      vertex 0.220245 3.10942 0
    endloop
  endfacet
  facet normal 0 0 -1
    outer loop
      vertex 2.77585 80.4785 0
      vertex 0 80.5 0
      vertex 0.0554018 81.204 0
    endloop
  endfacet
  facet normal -0 0 -1
    outer loop
      vertex 2.85278 4.20106 0
      vertex 0.0554018 3.79604 0
      vertex 2.77585 4.52149 0
    endloop
  endfacet
  facet normal 0 0 -1
    outer loop
      vertex 3.61565 81.8489 0
      vertex 1.85497 84.1406 0
      vertex 2.45704 84.5095 0
    endloop
  endfacet
  facet normal 0 0 -1
    outer loop
      vertex 0 4.5 0
      vertex 2.77585 4.52149 0
      vertex 0.0554018 3.79604 0
    endloop
  endfacet
  facet normal 0 0 -1
    outer loop
      vertex 3.36508 81.6349 0
      vertex 1.31802 83.682 0
      vertex 1.85497 84.1406 0
    endloop
  endfacet
  facet normal -0 0 -1
    outer loop
      vertex 2.77585 4.52149 0
      vertex 0 4.5 0
      vertex 2.75 4.85 0
    endloop
  endfacet
  facet normal 0 0 -1
    outer loop
      vertex 3.36508 81.6349 0
      vertex 0.859423 83.145 0
      vertex 1.31802 83.682 0
    endloop
  endfacet
  facet normal -0 0 -1
    outer loop
      vertex 2.65417 6.31169 0
      vertex 0 4.5 0
      vertex 2.6 7 0
    endloop
  endfacet
  facet normal 0 0 -1
    outer loop
      vertex 3.15106 81.3843 0
      vertex 0.49047 82.543 0
      vertex 0.859423 83.145 0
    endloop
  endfacet
  facet normal 0 0 -1
    outer loop
      vertex 2.97889 81.1034 0
      vertex 0.220245 81.8906 0
      vertex 0.49047 82.543 0
    endloop
  endfacet
  facet normal 0 0 -1
    outer loop
      vertex 2.85278 80.7989 0
      vertex 0.0554018 81.204 0
      vertex 0.220245 81.8906 0
    endloop
  endfacet
  facet normal 0 0 -1
    outer loop
      vertex 125 4.5 0
      vertex 122.25 5.91253 0
      vertex 122.346 6.31169 0
    endloop
  endfacet
  facet normal 0 0 -1
    outer loop
      vertex 2.65417 7.68831 0
      vertex 2.75 76.9125 0
      vertex 2.75 8.08747 0
    endloop
  endfacet
  facet normal 0 0 -1
    outer loop
      vertex 2.65417 7.68831 0
      vertex 2.65417 77.3117 0
      vertex 2.75 76.9125 0
    endloop
  endfacet
  facet normal 0 0 -1
    outer loop
      vertex 2.6 7 0
      vertex 2.65417 77.3117 0
      vertex 2.65417 7.68831 0
    endloop
  endfacet
  facet normal -0 0 -1
    outer loop
      vertex 2.65417 77.3117 0
      vertex 2.6 7 0
      vertex 2.6 78 0
    endloop
  endfacet
  facet normal 0 0 -1
    outer loop
      vertex 8.8 7 0
      vertex 11.4 7 0
      vertex 11.3458 6.31169 0
    endloop
  endfacet
  facet normal 0 0 -1
    outer loop
      vertex 8.77784 6.71842 0
      vertex 11.3458 6.31169 0
      vertex 11.1846 5.64032 0
    endloop
  endfacet
  facet normal 0 0 -1
    outer loop
      vertex 11.4 7 0
      vertex 8.8 7 0
      vertex 11.3458 7.68831 0
    endloop
  endfacet
  facet normal 0 0 -1
    outer loop
      vertex 8.7119 6.44377 0
      vertex 11.1846 5.64032 0
      vertex 10.9204 5.00244 0
    endloop
  endfacet
  facet normal 0 0 -1
    outer loop
      vertex 8.77784 7.28158 0
      vertex 11.3458 7.68831 0
      vertex 8.8 7 0
    endloop
  endfacet
  facet normal 0 0 -1
    outer loop
      vertex 8.60381 6.18282 0
      vertex 10.9204 5.00244 0
      vertex 10.5597 4.41374 0
    endloop
  endfacet
  facet normal -0 0 -1
    outer loop
      vertex 11.3458 7.68831 0
      vertex 8.77784 7.28158 0
      vertex 11.1846 8.35967 0
    endloop
  endfacet
  facet normal 0 0 -1
    outer loop
      vertex 8.45623 5.94199 0
      vertex 10.5597 4.41374 0
      vertex 10.4198 4.25 0
    endloop
  endfacet
  facet normal 0 0 -1
    outer loop
      vertex 8.27279 5.72721 0
      vertex 10.4198 4.25 0
      vertex 10.1113 3.88873 0
    endloop
  endfacet
  facet normal 0 0 -1
    outer loop
      vertex 8.7119 7.55623 0
      vertex 11.1846 8.35967 0
      vertex 8.77784 7.28158 0
    endloop
  endfacet
  facet normal 0 0 -1
    outer loop
      vertex 8.27279 5.72721 0
      vertex 10.1113 3.88873 0
      vertex 9.58626 3.44032 0
    endloop
  endfacet
  facet normal -0 0 -1
    outer loop
      vertex 11.1846 8.35967 0
      vertex 8.7119 7.55623 0
      vertex 10.9204 8.99756 0
    endloop
  endfacet
  facet normal 0 0 -1
    outer loop
      vertex 8.05801 5.54377 0
      vertex 9.58626 3.44032 0
      vertex 8.99756 3.07957 0
    endloop
  endfacet
  facet normal 0 0 -1
    outer loop
      vertex 8.60381 7.81718 0
      vertex 10.9204 8.99756 0
      vertex 8.7119 7.55623 0
    endloop
  endfacet
  facet normal -0 0 -1
    outer loop
      vertex 10.9204 8.99756 0
      vertex 8.60381 7.81718 0
      vertex 10.5597 9.58626 0
    endloop
  endfacet
  facet normal 0 0 -1
    outer loop
      vertex 11.3458 6.31169 0
      vertex 8.77784 6.71842 0
      vertex 8.8 7 0
    endloop
  endfacet
  facet normal 0 0 -1
    outer loop
      vertex 11.1846 5.64032 0
      vertex 8.7119 6.44377 0
      vertex 8.77784 6.71842 0
    endloop
  endfacet
  facet normal 0 0 -1
    outer loop
      vertex 10.9204 5.00244 0
      vertex 8.60381 6.18282 0
      vertex 8.7119 6.44377 0
    endloop
  endfacet
  facet normal 0 0 -1
    outer loop
      vertex 10.5597 4.41374 0
      vertex 8.45623 5.94199 0
      vertex 8.60381 6.18282 0
    endloop
  endfacet
  facet normal 0 0 -1
    outer loop
      vertex 7.81718 5.39619 0
      vertex 8.99756 3.07957 0
      vertex 8.35967 2.81535 0
    endloop
  endfacet
  facet normal 0 0 -1
    outer loop
      vertex 10.4198 4.25 0
      vertex 8.27279 5.72721 0
      vertex 8.45623 5.94199 0
    endloop
  endfacet
  facet normal 0 0 -1
    outer loop
      vertex 7.55623 5.2881 0
      vertex 8.35967 2.81535 0
      vertex 8.08747 2.75 0
    endloop
  endfacet
  facet normal 0 0 -1
    outer loop
      vertex 9.58626 3.44032 0
      vertex 8.05801 5.54377 0
      vertex 8.27279 5.72721 0
    endloop
  endfacet
  facet normal 0 0 -1
    outer loop
      vertex 8.99756 3.07957 0
      vertex 7.81718 5.39619 0
      vertex 8.05801 5.54377 0
    endloop
  endfacet
  facet normal 0 0 -1
    outer loop
      vertex 7.28158 5.22216 0
      vertex 8.08747 2.75 0
      vertex 7.68831 2.65417 0
    endloop
  endfacet
  facet normal 0 0 -1
    outer loop
      vertex 8.35967 2.81535 0
      vertex 7.55623 5.2881 0
      vertex 7.81718 5.39619 0
    endloop
  endfacet
  facet normal 0 0 -1
    outer loop
      vertex 8.08747 2.75 0
      vertex 7.28158 5.22216 0
      vertex 7.55623 5.2881 0
    endloop
  endfacet
  facet normal 0 0 -1
    outer loop
      vertex 7 2.6 0
      vertex 7.28158 5.22216 0
      vertex 7.68831 2.65417 0
    endloop
  endfacet
  facet normal 0 0 -1
    outer loop
      vertex 7 2.6 0
      vertex 7 5.2 0
      vertex 7.28158 5.22216 0
    endloop
  endfacet
  facet normal 0 0 -1
    outer loop
      vertex 7 2.6 0
      vertex 6.71842 5.22216 0
      vertex 7 5.2 0
    endloop
  endfacet
  facet normal 0 0 -1
    outer loop
      vertex 6.31169 2.65417 0
      vertex 6.71842 5.22216 0
      vertex 7 2.6 0
    endloop
  endfacet
  facet normal 0 0 -1
    outer loop
      vertex 5.91253 2.75 0
      vertex 6.71842 5.22216 0
      vertex 6.31169 2.65417 0
    endloop
  endfacet
  facet normal -0 0 -1
    outer loop
      vertex 6.71842 5.22216 0
      vertex 5.91253 2.75 0
      vertex 6.44377 5.2881 0
    endloop
  endfacet
  facet normal 0 0 -1
    outer loop
      vertex 5.64032 2.81535 0
      vertex 6.44377 5.2881 0
      vertex 5.91253 2.75 0
    endloop
  endfacet
  facet normal -0 0 -1
    outer loop
      vertex 6.44377 5.2881 0
      vertex 5.64032 2.81535 0
      vertex 6.18282 5.39619 0
    endloop
  endfacet
  facet normal 0 0 -1
    outer loop
      vertex 5.00244 3.07957 0
      vertex 6.18282 5.39619 0
      vertex 5.64032 2.81535 0
    endloop
  endfacet
  facet normal -0 0 -1
    outer loop
      vertex 6.18282 5.39619 0
      vertex 5.00244 3.07957 0
      vertex 5.94199 5.54377 0
    endloop
  endfacet
  facet normal 0 0 -1
    outer loop
      vertex 4.41374 3.44032 0
      vertex 5.94199 5.54377 0
      vertex 5.00244 3.07957 0
    endloop
  endfacet
  facet normal -0 0 -1
    outer loop
      vertex 5.94199 5.54377 0
      vertex 4.41374 3.44032 0
      vertex 5.72721 5.72721 0
    endloop
  endfacet
  facet normal 0 0 -1
    outer loop
      vertex 3.88873 3.88873 0
      vertex 5.72721 5.72721 0
      vertex 4.41374 3.44032 0
    endloop
  endfacet
  facet normal -0 0 -1
    outer loop
      vertex 5.72721 5.72721 0
      vertex 3.88873 3.88873 0
      vertex 5.54377 5.94199 0
    endloop
  endfacet
  facet normal -0 0 -1
    outer loop
      vertex 5.54377 5.94199 0
      vertex 3.44032 4.41374 0
      vertex 5.39619 6.18282 0
    endloop
  endfacet
  facet normal 0 0 -1
    outer loop
      vertex 3.44032 4.41374 0
      vertex 5.54377 5.94199 0
      vertex 3.88873 3.88873 0
    endloop
  endfacet
  facet normal 0 0 -1
    outer loop
      vertex 8.45623 8.05801 0
      vertex 10.5597 9.58626 0
      vertex 8.60381 7.81718 0
    endloop
  endfacet
  facet normal -0 0 -1
    outer loop
      vertex 10.5597 9.58626 0
      vertex 8.45623 8.05801 0
      vertex 10.1113 10.1113 0
    endloop
  endfacet
  facet normal 0 0 -1
    outer loop
      vertex 8.27279 8.27279 0
      vertex 10.1113 10.1113 0
      vertex 8.45623 8.05801 0
    endloop
  endfacet
  facet normal -0 0 -1
    outer loop
      vertex 10.1113 10.1113 0
      vertex 8.27279 8.27279 0
      vertex 9.58626 10.5597 0
    endloop
  endfacet
  facet normal 0 0 -1
    outer loop
      vertex 8.05801 8.45623 0
      vertex 9.58626 10.5597 0
      vertex 8.27279 8.27279 0
    endloop
  endfacet
  facet normal -0 0 -1
    outer loop
      vertex 9.58626 10.5597 0
      vertex 8.05801 8.45623 0
      vertex 8.99756 10.9204 0
    endloop
  endfacet
  facet normal 0 0 -1
    outer loop
      vertex 7.81718 8.60381 0
      vertex 8.99756 10.9204 0
      vertex 8.05801 8.45623 0
    endloop
  endfacet
  facet normal -0 0 -1
    outer loop
      vertex 8.99756 10.9204 0
      vertex 7.81718 8.60381 0
      vertex 8.35967 11.1846 0
    endloop
  endfacet
  facet normal 0 0 -1
    outer loop
      vertex 7.55623 8.7119 0
      vertex 8.35967 11.1846 0
      vertex 7.81718 8.60381 0
    endloop
  endfacet
  facet normal -0 0 -1
    outer loop
      vertex 8.35967 11.1846 0
      vertex 7.55623 8.7119 0
      vertex 7.68831 11.3458 0
    endloop
  endfacet
  facet normal 0 0 -1
    outer loop
      vertex 7.28158 8.77784 0
      vertex 7.68831 11.3458 0
      vertex 7.55623 8.7119 0
    endloop
  endfacet
  facet normal 0 0 -1
    outer loop
      vertex 7 8.8 0
      vertex 7.68831 11.3458 0
      vertex 7.28158 8.77784 0
    endloop
  endfacet
  facet normal 0 0 -1
    outer loop
      vertex 7 8.8 0
      vertex 7 11.4 0
      vertex 7.68831 11.3458 0
    endloop
  endfacet
  facet normal 0 0 -1
    outer loop
      vertex 6.71842 8.77784 0
      vertex 7 11.4 0
      vertex 7 8.8 0
    endloop
  endfacet
  facet normal 0 0 -1
    outer loop
      vertex 6.31169 11.3458 0
      vertex 6.71842 8.77784 0
      vertex 6.44377 8.7119 0
    endloop
  endfacet
  facet normal 0 0 -1
    outer loop
      vertex 6.71842 8.77784 0
      vertex 6.31169 11.3458 0
      vertex 7 11.4 0
    endloop
  endfacet
  facet normal 0 0 -1
    outer loop
      vertex 5.64032 11.1846 0
      vertex 6.44377 8.7119 0
      vertex 6.18282 8.60381 0
    endloop
  endfacet
  facet normal 0 0 -1
    outer loop
      vertex 5.00244 10.9204 0
      vertex 6.18282 8.60381 0
      vertex 5.94199 8.45623 0
    endloop
  endfacet
  facet normal 0 0 -1
    outer loop
      vertex 4.25 10.4198 0
      vertex 5.94199 8.45623 0
      vertex 5.72721 8.27279 0
    endloop
  endfacet
  facet normal 0 0 -1
    outer loop
      vertex 6.44377 8.7119 0
      vertex 5.64032 11.1846 0
      vertex 6.31169 11.3458 0
    endloop
  endfacet
  facet normal 0 0 -1
    outer loop
      vertex 3.88873 10.1113 0
      vertex 5.72721 8.27279 0
      vertex 5.54377 8.05801 0
    endloop
  endfacet
  facet normal 0 0 -1
    outer loop
      vertex 3.44032 9.58626 0
      vertex 5.54377 8.05801 0
      vertex 5.39619 7.81718 0
    endloop
  endfacet
  facet normal 0 0 -1
    outer loop
      vertex 3.07957 8.99756 0
      vertex 5.39619 7.81718 0
      vertex 5.2881 7.55623 0
    endloop
  endfacet
  facet normal 0 0 -1
    outer loop
      vertex 2.75 8.08747 0
      vertex 5.2881 7.55623 0
      vertex 5.22216 7.28158 0
    endloop
  endfacet
  facet normal 0 0 -1
    outer loop
      vertex 6.18282 8.60381 0
      vertex 5.00244 10.9204 0
      vertex 5.64032 11.1846 0
    endloop
  endfacet
  facet normal 0 0 -1
    outer loop
      vertex 2.65417 7.68831 0
      vertex 5.22216 7.28158 0
      vertex 5.2 7 0
    endloop
  endfacet
  facet normal 0 0 -1
    outer loop
      vertex 3.07957 5.00244 0
      vertex 5.39619 6.18282 0
      vertex 3.44032 4.41374 0
    endloop
  endfacet
  facet normal -0 0 -1
    outer loop
      vertex 5.39619 6.18282 0
      vertex 3.07957 5.00244 0
      vertex 5.2881 6.44377 0
    endloop
  endfacet
  facet normal 0 0 -1
    outer loop
      vertex 5.94199 8.45623 0
      vertex 4.25 10.4198 0
      vertex 4.41374 10.5597 0
    endloop
  endfacet
  facet normal 0 0 -1
    outer loop
      vertex 5.94199 8.45623 0
      vertex 4.41374 10.5597 0
      vertex 5.00244 10.9204 0
    endloop
  endfacet
  facet normal 0 0 -1
    outer loop
      vertex 2.81535 5.64032 0
      vertex 5.2881 6.44377 0
      vertex 3.07957 5.00244 0
    endloop
  endfacet
  facet normal -0 0 -1
    outer loop
      vertex 5.22216 6.71842 0
      vertex 2.65417 6.31169 0
      vertex 5.2 7 0
    endloop
  endfacet
  facet normal 0 0 -1
    outer loop
      vertex 2.75 5.91253 0
      vertex 5.2881 6.44377 0
      vertex 2.81535 5.64032 0
    endloop
  endfacet
  facet normal 0 0 -1
    outer loop
      vertex 5.2881 7.55623 0
      vertex 2.75 8.08747 0
      vertex 2.81535 8.35967 0
    endloop
  endfacet
  facet normal -0 0 -1
    outer loop
      vertex 5.2881 6.44377 0
      vertex 2.75 5.91253 0
      vertex 5.22216 6.71842 0
    endloop
  endfacet
  facet normal 0 0 -1
    outer loop
      vertex 5.54377 8.05801 0
      vertex 3.44032 9.58626 0
      vertex 3.88873 10.1113 0
    endloop
  endfacet
  facet normal 0 0 -1
    outer loop
      vertex 2.65417 6.31169 0
      vertex 5.22216 6.71842 0
      vertex 2.75 5.91253 0
    endloop
  endfacet
  facet normal 0 0 -1
    outer loop
      vertex 5.72721 8.27279 0
      vertex 3.88873 10.1113 0
      vertex 4.25 10.4198 0
    endloop
  endfacet
  facet normal 0 0 -1
    outer loop
      vertex 5.39619 7.81718 0
      vertex 3.07957 8.99756 0
      vertex 3.44032 9.58626 0
    endloop
  endfacet
  facet normal 0 0 -1
    outer loop
      vertex 5.2881 7.55623 0
      vertex 2.81535 8.35967 0
      vertex 3.07957 8.99756 0
    endloop
  endfacet
  facet normal -0 0 -1
    outer loop
      vertex 5.2 7 0
      vertex 2.65417 6.31169 0
      vertex 2.6 7 0
    endloop
  endfacet
  facet normal 0 -0 -1
    outer loop
      vertex 2.65417 7.68831 0
      vertex 5.2 7 0
      vertex 2.6 7 0
    endloop
  endfacet
  facet normal 0 0 -1
    outer loop
      vertex 5.22216 7.28158 0
      vertex 2.65417 7.68831 0
      vertex 2.75 8.08747 0
    endloop
  endfacet
  facet normal -0 0 -1
    outer loop
      vertex 30.5 18.4 0
      vertex 10.1113 10.1113 0
      vertex 30.5234 18.6972 0
    endloop
  endfacet
  facet normal 0 0 -1
    outer loop
      vertex 27.8 42.8 0
      vertex 11.3458 77.3117 0
      vertex 11.4 78 0
    endloop
  endfacet
  facet normal 0 0 -1
    outer loop
      vertex 9.58626 10.5597 0
      vertex 30.5234 18.6972 0
      vertex 10.1113 10.1113 0
    endloop
  endfacet
  facet normal 0 0 -1
    outer loop
      vertex 27.8 42.8 0
      vertex 11.1846 76.6403 0
      vertex 11.3458 77.3117 0
    endloop
  endfacet
  facet normal -0 0 -1
    outer loop
      vertex 30.5234 18.6972 0
      vertex 9.58626 10.5597 0
      vertex 30.593 18.9871 0
    endloop
  endfacet
  facet normal 0 0 -1
    outer loop
      vertex 27.8 42.8 0
      vertex 10.9204 76.0024 0
      vertex 11.1846 76.6403 0
    endloop
  endfacet
  facet normal 0 0 -1
    outer loop
      vertex 8.99756 10.9204 0
      vertex 30.593 18.9871 0
      vertex 9.58626 10.5597 0
    endloop
  endfacet
  facet normal 0 0 -1
    outer loop
      vertex 27.8 42.8 0
      vertex 10.5597 75.4137 0
      vertex 10.9204 76.0024 0
    endloop
  endfacet
  facet normal -0 0 -1
    outer loop
      vertex 30.593 18.9871 0
      vertex 8.99756 10.9204 0
      vertex 30.7071 19.2626 0
    endloop
  endfacet
  facet normal 0 0 -1
    outer loop
      vertex 27.8 42.8 0
      vertex 10.1113 74.8887 0
      vertex 10.5597 75.4137 0
    endloop
  endfacet
  facet normal 0 0 -1
    outer loop
      vertex 8.35967 11.1846 0
      vertex 30.7071 19.2626 0
      vertex 8.99756 10.9204 0
    endloop
  endfacet
  facet normal 0 0 -1
    outer loop
      vertex 27.8 42.8 0
      vertex 9.58626 74.4403 0
      vertex 10.1113 74.8887 0
    endloop
  endfacet
  facet normal -0 0 -1
    outer loop
      vertex 30.7071 19.2626 0
      vertex 8.35967 11.1846 0
      vertex 27.8 42.8 0
    endloop
  endfacet
  facet normal 0 0 -1
    outer loop
      vertex 27.8 42.8 0
      vertex 8.99756 74.0796 0
      vertex 9.58626 74.4403 0
    endloop
  endfacet
  facet normal 0 0 -1
    outer loop
      vertex 7.68831 11.3458 0
      vertex 27.8 42.8 0
      vertex 8.35967 11.1846 0
    endloop
  endfacet
  facet normal 0 0 -1
    outer loop
      vertex 27.8 42.8 0
      vertex 8.35967 73.8154 0
      vertex 8.99756 74.0796 0
    endloop
  endfacet
  facet normal 0 0 -1
    outer loop
      vertex 7 11.4 0
      vertex 27.8 42.8 0
      vertex 7.68831 11.3458 0
    endloop
  endfacet
  facet normal 0 0 -1
    outer loop
      vertex 27.8 42.8 0
      vertex 7.68831 73.6542 0
      vertex 8.35967 73.8154 0
    endloop
  endfacet
  facet normal 0 0 -1
    outer loop
      vertex 6.31169 11.3458 0
      vertex 27.8 42.8 0
      vertex 7 11.4 0
    endloop
  endfacet
  facet normal 0 0 -1
    outer loop
      vertex 27.8 42.8 0
      vertex 7 73.6 0
      vertex 7.68831 73.6542 0
    endloop
  endfacet
  facet normal 0 0 -1
    outer loop
      vertex 5.64032 11.1846 0
      vertex 27.8 42.8 0
      vertex 6.31169 11.3458 0
    endloop
  endfacet
  facet normal 0 0 -1
    outer loop
      vertex 27.8 42.8 0
      vertex 6.31169 73.6542 0
      vertex 7 73.6 0
    endloop
  endfacet
  facet normal 0 0 -1
    outer loop
      vertex 5.64032 73.8154 0
      vertex 27.8 42.8 0
      vertex 5.64032 11.1846 0
    endloop
  endfacet
  facet normal 0 0 -1
    outer loop
      vertex 27.8 42.8 0
      vertex 5.64032 73.8154 0
      vertex 6.31169 73.6542 0
    endloop
  endfacet
  facet normal 0 0 -1
    outer loop
      vertex 5.00244 10.9204 0
      vertex 5.64032 73.8154 0
      vertex 5.64032 11.1846 0
    endloop
  endfacet
  facet normal 0 0 -1
    outer loop
      vertex 5.00244 10.9204 0
      vertex 5.00244 74.0796 0
      vertex 5.64032 73.8154 0
    endloop
  endfacet
  facet normal 0 0 -1
    outer loop
      vertex 4.41374 10.5597 0
      vertex 5.00244 74.0796 0
      vertex 5.00244 10.9204 0
    endloop
  endfacet
  facet normal 0 0 -1
    outer loop
      vertex 4.41374 10.5597 0
      vertex 4.41374 74.4403 0
      vertex 5.00244 74.0796 0
    endloop
  endfacet
  facet normal 0 0 -1
    outer loop
      vertex 4.25 10.4198 0
      vertex 4.41374 74.4403 0
      vertex 4.41374 10.5597 0
    endloop
  endfacet
  facet normal -0 0 -1
    outer loop
      vertex 4.41374 74.4403 0
      vertex 4.25 10.4198 0
      vertex 4.25 74.5802 0
    endloop
  endfacet
  facet normal 0 0 -1
    outer loop
      vertex 55.7435 19.7435 0
      vertex 114.889 74.8887 0
      vertex 55.9371 19.5168 0
    endloop
  endfacet
  facet normal 0 0 -1
    outer loop
      vertex 56.0929 17.5374 0
      vertex 113.6 7 0
      vertex 113.654 6.31169 0
    endloop
  endfacet
  facet normal 0 0 -1
    outer loop
      vertex 55.9371 17.2832 0
      vertex 113.654 6.31169 0
      vertex 113.815 5.64032 0
    endloop
  endfacet
  facet normal 0 0 -1
    outer loop
      vertex 55.7435 17.0565 0
      vertex 113.815 5.64032 0
      vertex 114.08 5.00244 0
    endloop
  endfacet
  facet normal 0 0 -1
    outer loop
      vertex 55.5168 16.8629 0
      vertex 114.08 5.00244 0
      vertex 114.44 4.41374 0
    endloop
  endfacet
  facet normal 0 0 -1
    outer loop
      vertex 55.2626 16.7071 0
      vertex 114.44 4.41374 0
      vertex 114.58 4.25 0
    endloop
  endfacet
  facet normal 0 0 -1
    outer loop
      vertex 113.654 7.68831 0
      vertex 56.2766 18.1028 0
      vertex 56.3 18.4 0
    endloop
  endfacet
  facet normal 0 0 -1
    outer loop
      vertex 113.654 7.68831 0
      vertex 56.207 17.8129 0
      vertex 56.2766 18.1028 0
    endloop
  endfacet
  facet normal 0 0 -1
    outer loop
      vertex 113.6 7 0
      vertex 56.0929 17.5374 0
      vertex 56.207 17.8129 0
    endloop
  endfacet
  facet normal 0 0 -1
    outer loop
      vertex 113.654 6.31169 0
      vertex 55.9371 17.2832 0
      vertex 56.0929 17.5374 0
    endloop
  endfacet
  facet normal 0 0 -1
    outer loop
      vertex 113.815 5.64032 0
      vertex 55.7435 17.0565 0
      vertex 55.9371 17.2832 0
    endloop
  endfacet
  facet normal 0 0 -1
    outer loop
      vertex 114.08 5.00244 0
      vertex 55.5168 16.8629 0
      vertex 55.7435 17.0565 0
    endloop
  endfacet
  facet normal 0 0 -1
    outer loop
      vertex 114.44 4.41374 0
      vertex 55.2626 16.7071 0
      vertex 55.5168 16.8629 0
    endloop
  endfacet
  facet normal 0 0 -1
    outer loop
      vertex 114.58 4.25 0
      vertex 54.9871 16.593 0
      vertex 55.2626 16.7071 0
    endloop
  endfacet
  facet normal 0 0 -1
    outer loop
      vertex 114.58 4.25 0
      vertex 54.6972 16.5234 0
      vertex 54.9871 16.593 0
    endloop
  endfacet
  facet normal 0 0 -1
    outer loop
      vertex 114.58 4.25 0
      vertex 54.4 16.5 0
      vertex 54.6972 16.5234 0
    endloop
  endfacet
  facet normal 0 0 -1
    outer loop
      vertex 10.4198 4.25 0
      vertex 54.4 16.5 0
      vertex 114.58 4.25 0
    endloop
  endfacet
  facet normal 0 0 -1
    outer loop
      vertex 52.5234 18.1028 0
      vertex 45.3 18.4 0
      vertex 52.5 18.4 0
    endloop
  endfacet
  facet normal 0 0 -1
    outer loop
      vertex 45.2766 18.1028 0
      vertex 52.5234 18.1028 0
      vertex 52.593 17.8129 0
    endloop
  endfacet
  facet normal 0 0 -1
    outer loop
      vertex 45.207 17.8129 0
      vertex 52.593 17.8129 0
      vertex 52.7071 17.5374 0
    endloop
  endfacet
  facet normal 0 0 -1
    outer loop
      vertex 45.0929 17.5374 0
      vertex 52.7071 17.5374 0
      vertex 52.8629 17.2832 0
    endloop
  endfacet
  facet normal 0 0 -1
    outer loop
      vertex 44.9371 17.2832 0
      vertex 52.8629 17.2832 0
      vertex 53.0565 17.0565 0
    endloop
  endfacet
  facet normal 0 0 -1
    outer loop
      vertex 44.7435 17.0565 0
      vertex 53.0565 17.0565 0
      vertex 53.2832 16.8629 0
    endloop
  endfacet
  facet normal 0 0 -1
    outer loop
      vertex 44.5168 16.8629 0
      vertex 53.2832 16.8629 0
      vertex 53.5374 16.7071 0
    endloop
  endfacet
  facet normal 0 0 -1
    outer loop
      vertex 44.2626 16.7071 0
      vertex 53.5374 16.7071 0
      vertex 53.8129 16.593 0
    endloop
  endfacet
  facet normal 0 0 -1
    outer loop
      vertex 43.9871 16.593 0
      vertex 53.8129 16.593 0
      vertex 54.1028 16.5234 0
    endloop
  endfacet
  facet normal 0 0 -1
    outer loop
      vertex 52.5234 18.1028 0
      vertex 45.2766 18.1028 0
      vertex 45.3 18.4 0
    endloop
  endfacet
  facet normal -0 0 -1
    outer loop
      vertex 54.4 16.5 0
      vertex 10.4198 4.25 0
      vertex 54.1028 16.5234 0
    endloop
  endfacet
  facet normal 0 0 -1
    outer loop
      vertex 52.593 17.8129 0
      vertex 45.207 17.8129 0
      vertex 45.2766 18.1028 0
    endloop
  endfacet
  facet normal 0 0 -1
    outer loop
      vertex 52.7071 17.5374 0
      vertex 45.0929 17.5374 0
      vertex 45.207 17.8129 0
    endloop
  endfacet
  facet normal 0 0 -1
    outer loop
      vertex 52.8629 17.2832 0
      vertex 44.9371 17.2832 0
      vertex 45.0929 17.5374 0
    endloop
  endfacet
  facet normal 0 0 -1
    outer loop
      vertex 53.0565 17.0565 0
      vertex 44.7435 17.0565 0
      vertex 44.9371 17.2832 0
    endloop
  endfacet
  facet normal 0 0 -1
    outer loop
      vertex 53.2832 16.8629 0
      vertex 44.5168 16.8629 0
      vertex 44.7435 17.0565 0
    endloop
  endfacet
  facet normal 0 0 -1
    outer loop
      vertex 53.5374 16.7071 0
      vertex 44.2626 16.7071 0
      vertex 44.5168 16.8629 0
    endloop
  endfacet
  facet normal 0 0 -1
    outer loop
      vertex 53.8129 16.593 0
      vertex 43.9871 16.593 0
      vertex 44.2626 16.7071 0
    endloop
  endfacet
  facet normal 0 0 -1
    outer loop
      vertex 54.1028 16.5234 0
      vertex 43.6972 16.5234 0
      vertex 43.9871 16.593 0
    endloop
  endfacet
  facet normal -0 0 -1
    outer loop
      vertex 54.1028 16.5234 0
      vertex 10.4198 4.25 0
      vertex 43.6972 16.5234 0
    endloop
  endfacet
  facet normal 0 0 -1
    outer loop
      vertex 43.6972 16.5234 0
      vertex 10.4198 4.25 0
      vertex 43.4 16.5 0
    endloop
  endfacet
  facet normal 0 0 -1
    outer loop
      vertex 34.3 18.4 0
      vertex 41.5 18.4 0
      vertex 41.5234 18.1028 0
    endloop
  endfacet
  facet normal 0 0 -1
    outer loop
      vertex 34.2766 18.1028 0
      vertex 41.5234 18.1028 0
      vertex 41.593 17.8129 0
    endloop
  endfacet
  facet normal 0 0 -1
    outer loop
      vertex 41.5 18.4 0
      vertex 34.3 18.4 0
      vertex 34.2766 18.6972 0
    endloop
  endfacet
  facet normal 0 0 -1
    outer loop
      vertex 34.207 17.8129 0
      vertex 41.593 17.8129 0
      vertex 41.7071 17.5374 0
    endloop
  endfacet
  facet normal 0 0 -1
    outer loop
      vertex 34.0929 17.5374 0
      vertex 41.7071 17.5374 0
      vertex 41.8629 17.2832 0
    endloop
  endfacet
  facet normal 0 0 -1
    outer loop
      vertex 33.9371 17.2832 0
      vertex 41.8629 17.2832 0
      vertex 42.0565 17.0565 0
    endloop
  endfacet
  facet normal 0 0 -1
    outer loop
      vertex 33.7435 17.0565 0
      vertex 42.0565 17.0565 0
      vertex 42.2832 16.8629 0
    endloop
  endfacet
  facet normal 0 0 -1
    outer loop
      vertex 33.5168 16.8629 0
      vertex 42.2832 16.8629 0
      vertex 42.5374 16.7071 0
    endloop
  endfacet
  facet normal 0 0 -1
    outer loop
      vertex 33.2626 16.7071 0
      vertex 42.5374 16.7071 0
      vertex 42.8129 16.593 0
    endloop
  endfacet
  facet normal 0 0 -1
    outer loop
      vertex 32.9871 16.593 0
      vertex 42.8129 16.593 0
      vertex 43.1028 16.5234 0
    endloop
  endfacet
  facet normal 0 0 -1
    outer loop
      vertex 41.5234 18.1028 0
      vertex 34.2766 18.1028 0
      vertex 34.3 18.4 0
    endloop
  endfacet
  facet normal 0 0 -1
    outer loop
      vertex 41.593 17.8129 0
      vertex 34.207 17.8129 0
      vertex 34.2766 18.1028 0
    endloop
  endfacet
  facet normal -0 0 -1
    outer loop
      vertex 43.4 16.5 0
      vertex 10.4198 4.25 0
      vertex 43.1028 16.5234 0
    endloop
  endfacet
  facet normal 0 0 -1
    outer loop
      vertex 41.7071 17.5374 0
      vertex 34.0929 17.5374 0
      vertex 34.207 17.8129 0
    endloop
  endfacet
  facet normal 0 0 -1
    outer loop
      vertex 41.8629 17.2832 0
      vertex 33.9371 17.2832 0
      vertex 34.0929 17.5374 0
    endloop
  endfacet
  facet normal 0 0 -1
    outer loop
      vertex 42.0565 17.0565 0
      vertex 33.7435 17.0565 0
      vertex 33.9371 17.2832 0
    endloop
  endfacet
  facet normal 0 0 -1
    outer loop
      vertex 42.2832 16.8629 0
      vertex 33.5168 16.8629 0
      vertex 33.7435 17.0565 0
    endloop
  endfacet
  facet normal 0 0 -1
    outer loop
      vertex 42.5374 16.7071 0
      vertex 33.2626 16.7071 0
      vertex 33.5168 16.8629 0
    endloop
  endfacet
  facet normal 0 0 -1
    outer loop
      vertex 42.8129 16.593 0
      vertex 32.9871 16.593 0
      vertex 33.2626 16.7071 0
    endloop
  endfacet
  facet normal 0 -0 -1
    outer loop
      vertex 32.6972 16.5234 0
      vertex 43.1028 16.5234 0
      vertex 10.4198 4.25 0
    endloop
  endfacet
  facet normal 0 0 -1
    outer loop
      vertex 43.1028 16.5234 0
      vertex 32.6972 16.5234 0
      vertex 32.9871 16.593 0
    endloop
  endfacet
  facet normal 0 -0 -1
    outer loop
      vertex 10.5597 4.41374 0
      vertex 32.6972 16.5234 0
      vertex 10.4198 4.25 0
    endloop
  endfacet
  facet normal 0 0 -1
    outer loop
      vertex 10.9204 8.99756 0
      vertex 30.7071 17.5374 0
      vertex 11.1846 8.35967 0
    endloop
  endfacet
  facet normal 0 0 -1
    outer loop
      vertex 10.1113 10.1113 0
      vertex 30.5 18.4 0
      vertex 10.5597 9.58626 0
    endloop
  endfacet
  facet normal -0 0 -1
    outer loop
      vertex 30.7071 17.5374 0
      vertex 10.9204 8.99756 0
      vertex 30.593 17.8129 0
    endloop
  endfacet
  facet normal -0 0 -1
    outer loop
      vertex 30.8629 17.2832 0
      vertex 11.1846 8.35967 0
      vertex 30.7071 17.5374 0
    endloop
  endfacet
  facet normal 0 0 -1
    outer loop
      vertex 11.1846 8.35967 0
      vertex 30.8629 17.2832 0
      vertex 11.3458 7.68831 0
    endloop
  endfacet
  facet normal -0 0 -1
    outer loop
      vertex 31.0565 17.0565 0
      vertex 11.3458 7.68831 0
      vertex 30.8629 17.2832 0
    endloop
  endfacet
  facet normal 0 0 -1
    outer loop
      vertex 11.3458 7.68831 0
      vertex 31.0565 17.0565 0
      vertex 11.4 7 0
    endloop
  endfacet
  facet normal -0 0 -1
    outer loop
      vertex 31.2832 16.8629 0
      vertex 11.4 7 0
      vertex 31.0565 17.0565 0
    endloop
  endfacet
  facet normal -0 0 -1
    outer loop
      vertex 31.5374 16.7071 0
      vertex 11.4 7 0
      vertex 31.2832 16.8629 0
    endloop
  endfacet
  facet normal 0 0 -1
    outer loop
      vertex 11.3458 6.31169 0
      vertex 31.5374 16.7071 0
      vertex 31.8129 16.593 0
    endloop
  endfacet
  facet normal 0 0 -1
    outer loop
      vertex 11.1846 5.64032 0
      vertex 31.8129 16.593 0
      vertex 32.1028 16.5234 0
    endloop
  endfacet
  facet normal 0 0 -1
    outer loop
      vertex 32.6972 16.5234 0
      vertex 10.5597 4.41374 0
      vertex 32.4 16.5 0
    endloop
  endfacet
  facet normal 0 0 -1
    outer loop
      vertex 31.5374 16.7071 0
      vertex 11.3458 6.31169 0
      vertex 11.4 7 0
    endloop
  endfacet
  facet normal 0 0 -1
    outer loop
      vertex 31.8129 16.593 0
      vertex 11.1846 5.64032 0
      vertex 11.3458 6.31169 0
    endloop
  endfacet
  facet normal 0 0 -1
    outer loop
      vertex 32.1028 16.5234 0
      vertex 10.9204 5.00244 0
      vertex 11.1846 5.64032 0
    endloop
  endfacet
  facet normal -0 0 -1
    outer loop
      vertex 32.4 16.5 0
      vertex 10.9204 5.00244 0
      vertex 32.1028 16.5234 0
    endloop
  endfacet
  facet normal 0 -0 -1
    outer loop
      vertex 10.9204 5.00244 0
      vertex 32.4 16.5 0
      vertex 10.5597 4.41374 0
    endloop
  endfacet
  facet normal 0 0 -1
    outer loop
      vertex 120.586 10.5597 0
      vertex 120.75 74.5802 0
      vertex 120.75 10.4198 0
    endloop
  endfacet
  facet normal 0 0 -1
    outer loop
      vertex 120.586 10.5597 0
      vertex 120.586 74.4403 0
      vertex 120.75 74.5802 0
    endloop
  endfacet
  facet normal 0 0 -1
    outer loop
      vertex 119.998 10.9204 0
      vertex 120.586 74.4403 0
      vertex 120.586 10.5597 0
    endloop
  endfacet
  facet normal 0 0 -1
    outer loop
      vertex 119.998 10.9204 0
      vertex 119.998 74.0796 0
      vertex 120.586 74.4403 0
    endloop
  endfacet
  facet normal 0 0 -1
    outer loop
      vertex 119.36 11.1846 0
      vertex 119.998 74.0796 0
      vertex 119.998 10.9204 0
    endloop
  endfacet
  facet normal 0 0 -1
    outer loop
      vertex 119.36 11.1846 0
      vertex 119.36 73.8154 0
      vertex 119.998 74.0796 0
    endloop
  endfacet
  facet normal 0 0 -1
    outer loop
      vertex 118.688 11.3458 0
      vertex 119.36 73.8154 0
      vertex 119.36 11.1846 0
    endloop
  endfacet
  facet normal 0 0 -1
    outer loop
      vertex 118.688 11.3458 0
      vertex 118.688 73.6542 0
      vertex 119.36 73.8154 0
    endloop
  endfacet
  facet normal 0 0 -1
    outer loop
      vertex 118 11.4 0
      vertex 118.688 73.6542 0
      vertex 118.688 11.3458 0
    endloop
  endfacet
  facet normal 0 0 -1
    outer loop
      vertex 118 11.4 0
      vertex 118 73.6 0
      vertex 118.688 73.6542 0
    endloop
  endfacet
  facet normal 0 0 -1
    outer loop
      vertex 117.312 11.3458 0
      vertex 118 73.6 0
      vertex 118 11.4 0
    endloop
  endfacet
  facet normal 0 0 -1
    outer loop
      vertex 117.312 11.3458 0
      vertex 117.312 73.6542 0
      vertex 118 73.6 0
    endloop
  endfacet
  facet normal 0 0 -1
    outer loop
      vertex 116.64 11.1846 0
      vertex 117.312 73.6542 0
      vertex 117.312 11.3458 0
    endloop
  endfacet
  facet normal 0 0 -1
    outer loop
      vertex 116.64 11.1846 0
      vertex 116.64 73.8154 0
      vertex 117.312 73.6542 0
    endloop
  endfacet
  facet normal 0 0 -1
    outer loop
      vertex 116.002 10.9204 0
      vertex 116.64 73.8154 0
      vertex 116.64 11.1846 0
    endloop
  endfacet
  facet normal 0 0 -1
    outer loop
      vertex 116.002 10.9204 0
      vertex 116.002 74.0796 0
      vertex 116.64 73.8154 0
    endloop
  endfacet
  facet normal 0 0 -1
    outer loop
      vertex 115.414 10.5597 0
      vertex 116.002 74.0796 0
      vertex 116.002 10.9204 0
    endloop
  endfacet
  facet normal 0 0 -1
    outer loop
      vertex 115.414 10.5597 0
      vertex 115.414 74.4403 0
      vertex 116.002 74.0796 0
    endloop
  endfacet
  facet normal 0 0 -1
    outer loop
      vertex 56.207 18.9871 0
      vertex 114.44 9.58626 0
      vertex 56.2766 18.6972 0
    endloop
  endfacet
  facet normal 0 0 -1
    outer loop
      vertex 114.44 9.58626 0
      vertex 56.207 18.9871 0
      vertex 114.889 10.1113 0
    endloop
  endfacet
  facet normal 0 0 -1
    outer loop
      vertex 114.08 8.99756 0
      vertex 56.2766 18.6972 0
      vertex 114.44 9.58626 0
    endloop
  endfacet
  facet normal 0 0 -1
    outer loop
      vertex 56.0929 19.2626 0
      vertex 114.889 10.1113 0
      vertex 56.207 18.9871 0
    endloop
  endfacet
  facet normal 0 0 -1
    outer loop
      vertex 56.2766 18.6972 0
      vertex 114.08 8.99756 0
      vertex 56.3 18.4 0
    endloop
  endfacet
  facet normal 0 0 -1
    outer loop
      vertex 55.9371 19.5168 0
      vertex 114.889 10.1113 0
      vertex 56.0929 19.2626 0
    endloop
  endfacet
  facet normal 0 0 -1
    outer loop
      vertex 56.3 18.4 0
      vertex 114.08 8.99756 0
      vertex 113.815 8.35967 0
    endloop
  endfacet
  facet normal 0 0 -1
    outer loop
      vertex 114.889 10.1113 0
      vertex 55.9371 19.5168 0
      vertex 115.414 10.5597 0
    endloop
  endfacet
  facet normal 0 0 -1
    outer loop
      vertex 56.3 18.4 0
      vertex 113.815 8.35967 0
      vertex 113.654 7.68831 0
    endloop
  endfacet
  facet normal 0 0 -1
    outer loop
      vertex 115.414 10.5597 0
      vertex 55.9371 19.5168 0
      vertex 115.414 74.4403 0
    endloop
  endfacet
  facet normal 0 0 -1
    outer loop
      vertex 56.207 17.8129 0
      vertex 113.654 7.68831 0
      vertex 113.6 7 0
    endloop
  endfacet
  facet normal -0 0 -1
    outer loop
      vertex 115.414 74.4403 0
      vertex 55.9371 19.5168 0
      vertex 114.889 74.8887 0
    endloop
  endfacet
  facet normal -0 0 -1
    outer loop
      vertex 114.889 74.8887 0
      vertex 55.7435 19.7435 0
      vertex 114.44 75.4137 0
    endloop
  endfacet
  facet normal 0 0 -1
    outer loop
      vertex 55.5168 19.9371 0
      vertex 114.44 75.4137 0
      vertex 55.7435 19.7435 0
    endloop
  endfacet
  facet normal -0 0 -1
    outer loop
      vertex 114.44 75.4137 0
      vertex 55.5168 19.9371 0
      vertex 114.08 76.0024 0
    endloop
  endfacet
  facet normal 0 0 -1
    outer loop
      vertex 55.2626 20.0929 0
      vertex 114.08 76.0024 0
      vertex 55.5168 19.9371 0
    endloop
  endfacet
  facet normal 0 0 -1
    outer loop
      vertex 34.8 48.8 0
      vertex 114.08 76.0024 0
      vertex 55.2626 20.0929 0
    endloop
  endfacet
  facet normal -0 0 -1
    outer loop
      vertex 114.08 76.0024 0
      vertex 34.8 48.8 0
      vertex 113.815 76.6403 0
    endloop
  endfacet
  facet normal -0 0 -1
    outer loop
      vertex 113.815 76.6403 0
      vertex 34.8 48.8 0
      vertex 113.654 77.3117 0
    endloop
  endfacet
  facet normal -0 0 -1
    outer loop
      vertex 113.654 77.3117 0
      vertex 34.8 48.8 0
      vertex 113.6 78 0
    endloop
  endfacet
  facet normal -0 0 -1
    outer loop
      vertex 113.6 78 0
      vertex 34.8 48.8 0
      vertex 113.654 78.6883 0
    endloop
  endfacet
  facet normal -0 0 -1
    outer loop
      vertex 113.654 78.6883 0
      vertex 34.8 48.8 0
      vertex 113.815 79.3597 0
    endloop
  endfacet
  facet normal 0 0 -1
    outer loop
      vertex 11.1846 79.3597 0
      vertex 113.815 79.3597 0
      vertex 34.8 48.8 0
    endloop
  endfacet
  facet normal 0 0 -1
    outer loop
      vertex 113.815 79.3597 0
      vertex 11.1846 79.3597 0
      vertex 114.08 79.9976 0
    endloop
  endfacet
  facet normal 0 0 -1
    outer loop
      vertex 34.8 48.8 0
      vertex 55.2626 20.0929 0
      vertex 54.9871 20.207 0
    endloop
  endfacet
  facet normal 0 0 -1
    outer loop
      vertex 34.8 48.8 0
      vertex 54.9871 20.207 0
      vertex 54.6972 20.2766 0
    endloop
  endfacet
  facet normal 0 0 -1
    outer loop
      vertex 34.8 42.8 0
      vertex 54.6972 20.2766 0
      vertex 54.4 20.3 0
    endloop
  endfacet
  facet normal 0 0 -1
    outer loop
      vertex 34.8 42.8 0
      vertex 54.4 20.3 0
      vertex 54.1028 20.2766 0
    endloop
  endfacet
  facet normal 0 0 -1
    outer loop
      vertex 34.8 42.8 0
      vertex 54.1028 20.2766 0
      vertex 53.8129 20.207 0
    endloop
  endfacet
  facet normal 0 0 -1
    outer loop
      vertex 43.9871 20.207 0
      vertex 53.8129 20.207 0
      vertex 53.5374 20.0929 0
    endloop
  endfacet
  facet normal 0 0 -1
    outer loop
      vertex 44.2626 20.0929 0
      vertex 53.5374 20.0929 0
      vertex 53.2832 19.9371 0
    endloop
  endfacet
  facet normal 0 0 -1
    outer loop
      vertex 44.5168 19.9371 0
      vertex 53.2832 19.9371 0
      vertex 53.0565 19.7435 0
    endloop
  endfacet
  facet normal 0 0 -1
    outer loop
      vertex 45.3 18.4 0
      vertex 52.5234 18.6972 0
      vertex 52.5 18.4 0
    endloop
  endfacet
  facet normal 0 0 -1
    outer loop
      vertex 45.2766 18.6972 0
      vertex 52.5234 18.6972 0
      vertex 45.3 18.4 0
    endloop
  endfacet
  facet normal 0 0 -1
    outer loop
      vertex 52.5234 18.6972 0
      vertex 45.2766 18.6972 0
      vertex 52.593 18.9871 0
    endloop
  endfacet
  facet normal 0 0 -1
    outer loop
      vertex 45.207 18.9871 0
      vertex 52.593 18.9871 0
      vertex 45.2766 18.6972 0
    endloop
  endfacet
  facet normal 0 0 -1
    outer loop
      vertex 52.593 18.9871 0
      vertex 45.207 18.9871 0
      vertex 52.7071 19.2626 0
    endloop
  endfacet
  facet normal 0 0 -1
    outer loop
      vertex 45.0929 19.2626 0
      vertex 52.7071 19.2626 0
      vertex 45.207 18.9871 0
    endloop
  endfacet
  facet normal 0 0 -1
    outer loop
      vertex 52.7071 19.2626 0
      vertex 45.0929 19.2626 0
      vertex 52.8629 19.5168 0
    endloop
  endfacet
  facet normal 0 0 -1
    outer loop
      vertex 44.9371 19.5168 0
      vertex 52.8629 19.5168 0
      vertex 45.0929 19.2626 0
    endloop
  endfacet
  facet normal 0 0 -1
    outer loop
      vertex 52.8629 19.5168 0
      vertex 44.9371 19.5168 0
      vertex 53.0565 19.7435 0
    endloop
  endfacet
  facet normal 0 0 -1
    outer loop
      vertex 44.7435 19.7435 0
      vertex 53.0565 19.7435 0
      vertex 44.9371 19.5168 0
    endloop
  endfacet
  facet normal 0 0 -1
    outer loop
      vertex 44.5168 19.9371 0
      vertex 53.0565 19.7435 0
      vertex 44.7435 19.7435 0
    endloop
  endfacet
  facet normal 0 0 -1
    outer loop
      vertex 53.2832 19.9371 0
      vertex 44.5168 19.9371 0
      vertex 44.2626 20.0929 0
    endloop
  endfacet
  facet normal 0 0 -1
    outer loop
      vertex 53.5374 20.0929 0
      vertex 44.2626 20.0929 0
      vertex 43.9871 20.207 0
    endloop
  endfacet
  facet normal 0 0 -1
    outer loop
      vertex 53.8129 20.207 0
      vertex 43.9871 20.207 0
      vertex 34.8 42.8 0
    endloop
  endfacet
  facet normal 0 0 -1
    outer loop
      vertex 34.8 42.8 0
      vertex 43.9871 20.207 0
      vertex 43.6972 20.2766 0
    endloop
  endfacet
  facet normal 0 0 -1
    outer loop
      vertex 34.8 42.8 0
      vertex 43.6972 20.2766 0
      vertex 43.4 20.3 0
    endloop
  endfacet
  facet normal 0 0 -1
    outer loop
      vertex 34.8 42.8 0
      vertex 43.4 20.3 0
      vertex 43.1028 20.2766 0
    endloop
  endfacet
  facet normal 0 0 -1
    outer loop
      vertex 34.8 42.8 0
      vertex 43.1028 20.2766 0
      vertex 42.8129 20.207 0
    endloop
  endfacet
  facet normal 0 0 -1
    outer loop
      vertex 34.8 42.8 0
      vertex 42.8129 20.207 0
      vertex 42.5374 20.0929 0
    endloop
  endfacet
  facet normal 0 0 -1
    outer loop
      vertex 34.8 42.8 0
      vertex 42.5374 20.0929 0
      vertex 42.2832 19.9371 0
    endloop
  endfacet
  facet normal 0 0 -1
    outer loop
      vertex 34.8 42.8 0
      vertex 41.5234 18.6972 0
      vertex 41.5 18.4 0
    endloop
  endfacet
  facet normal 0 0 -1
    outer loop
      vertex 34.8 42.8 0
      vertex 41.593 18.9871 0
      vertex 41.5234 18.6972 0
    endloop
  endfacet
  facet normal 0 0 -1
    outer loop
      vertex 34.8 42.8 0
      vertex 41.7071 19.2626 0
      vertex 41.593 18.9871 0
    endloop
  endfacet
  facet normal 0 0 -1
    outer loop
      vertex 34.8 42.8 0
      vertex 41.8629 19.5168 0
      vertex 41.7071 19.2626 0
    endloop
  endfacet
  facet normal 0 0 -1
    outer loop
      vertex 34.8 42.8 0
      vertex 42.0565 19.7435 0
      vertex 41.8629 19.5168 0
    endloop
  endfacet
  facet normal 0 0 -1
    outer loop
      vertex 34.8 42.8 0
      vertex 42.2832 19.9371 0
      vertex 42.0565 19.7435 0
    endloop
  endfacet
  facet normal 0 0 -1
    outer loop
      vertex 54.6972 20.2766 0
      vertex 34.8 42.8 0
      vertex 34.8 48.8 0
    endloop
  endfacet
  facet normal 0 0 -1
    outer loop
      vertex 10.9204 79.9976 0
      vertex 114.08 79.9976 0
      vertex 11.1846 79.3597 0
    endloop
  endfacet
  facet normal 0 0 -1
    outer loop
      vertex 11.4 78 0
      vertex 34.8 48.8 0
      vertex 27.8 48.8 0
    endloop
  endfacet
  facet normal 0 0 -1
    outer loop
      vertex 27.8 42.8 0
      vertex 11.4 78 0
      vertex 27.8 48.8 0
    endloop
  endfacet
  facet normal 0 0 -1
    outer loop
      vertex 34.8 48.8 0
      vertex 11.4 78 0
      vertex 11.3458 78.6883 0
    endloop
  endfacet
  facet normal 0 0 -1
    outer loop
      vertex 11.1846 79.3597 0
      vertex 34.8 48.8 0
      vertex 11.3458 78.6883 0
    endloop
  endfacet
  facet normal 0 0 -1
    outer loop
      vertex 114.08 79.9976 0
      vertex 10.9204 79.9976 0
      vertex 114.44 80.5863 0
    endloop
  endfacet
  facet normal 0 0 -1
    outer loop
      vertex 10.5597 80.5863 0
      vertex 114.44 80.5863 0
      vertex 10.9204 79.9976 0
    endloop
  endfacet
  facet normal 0 0 -1
    outer loop
      vertex 114.44 80.5863 0
      vertex 10.5597 80.5863 0
      vertex 114.58 80.75 0
    endloop
  endfacet
  facet normal -0 0 -1
    outer loop
      vertex 114.58 80.75 0
      vertex 10.5597 80.5863 0
      vertex 10.4198 80.75 0
    endloop
  endfacet
  facet normal 0 0 -1
    outer loop
      vertex 41.5 18.4 0
      vertex 34.2766 18.6972 0
      vertex 34.207 18.9871 0
    endloop
  endfacet
  facet normal 0 0 -1
    outer loop
      vertex 41.5 18.4 0
      vertex 34.207 18.9871 0
      vertex 34.0929 19.2626 0
    endloop
  endfacet
  facet normal 0 0 -1
    outer loop
      vertex 41.5 18.4 0
      vertex 34.0929 19.2626 0
      vertex 33.9371 19.5168 0
    endloop
  endfacet
  facet normal 0 0 -1
    outer loop
      vertex 41.5 18.4 0
      vertex 33.9371 19.5168 0
      vertex 33.7435 19.7435 0
    endloop
  endfacet
  facet normal 0 0 -1
    outer loop
      vertex 41.5 18.4 0
      vertex 33.7435 19.7435 0
      vertex 33.5168 19.9371 0
    endloop
  endfacet
  facet normal 0 0 -1
    outer loop
      vertex 33.2626 20.0929 0
      vertex 41.5 18.4 0
      vertex 33.5168 19.9371 0
    endloop
  endfacet
  facet normal 0 0 -1
    outer loop
      vertex 41.5 18.4 0
      vertex 33.2626 20.0929 0
      vertex 34.8 42.8 0
    endloop
  endfacet
  facet normal 0 0 -1
    outer loop
      vertex 32.9871 20.207 0
      vertex 34.8 42.8 0
      vertex 33.2626 20.0929 0
    endloop
  endfacet
  facet normal 0 0 -1
    outer loop
      vertex 32.6972 20.2766 0
      vertex 34.8 42.8 0
      vertex 32.9871 20.207 0
    endloop
  endfacet
  facet normal 0 0 -1
    outer loop
      vertex 32.4 20.3 0
      vertex 34.8 42.8 0
      vertex 32.6972 20.2766 0
    endloop
  endfacet
  facet normal 0 0 -1
    outer loop
      vertex 32.1028 20.2766 0
      vertex 34.8 42.8 0
      vertex 32.4 20.3 0
    endloop
  endfacet
  facet normal 0 0 -1
    outer loop
      vertex 27.8 42.8 0
      vertex 32.1028 20.2766 0
      vertex 31.8129 20.207 0
    endloop
  endfacet
  facet normal 0 0 -1
    outer loop
      vertex 27.8 42.8 0
      vertex 31.8129 20.207 0
      vertex 31.5374 20.0929 0
    endloop
  endfacet
  facet normal 0 0 -1
    outer loop
      vertex 27.8 42.8 0
      vertex 31.5374 20.0929 0
      vertex 31.2832 19.9371 0
    endloop
  endfacet
  facet normal 0 0 -1
    outer loop
      vertex 27.8 42.8 0
      vertex 31.2832 19.9371 0
      vertex 31.0565 19.7435 0
    endloop
  endfacet
  facet normal 0 0 -1
    outer loop
      vertex 27.8 42.8 0
      vertex 31.0565 19.7435 0
      vertex 30.8629 19.5168 0
    endloop
  endfacet
  facet normal 0 0 -1
    outer loop
      vertex 27.8 42.8 0
      vertex 30.8629 19.5168 0
      vertex 30.7071 19.2626 0
    endloop
  endfacet
  facet normal -0 0 -1
    outer loop
      vertex 30.5234 18.1028 0
      vertex 10.5597 9.58626 0
      vertex 30.5 18.4 0
    endloop
  endfacet
  facet normal -0 0 -1
    outer loop
      vertex 30.593 17.8129 0
      vertex 10.5597 9.58626 0
      vertex 30.5234 18.1028 0
    endloop
  endfacet
  facet normal 0 0 -1
    outer loop
      vertex 32.1028 20.2766 0
      vertex 27.8 42.8 0
      vertex 34.8 42.8 0
    endloop
  endfacet
  facet normal 0 0 -1
    outer loop
      vertex 10.5597 9.58626 0
      vertex 30.593 17.8129 0
      vertex 10.9204 8.99756 0
    endloop
  endfacet
  facet normal 0 0 -1
    outer loop
      vertex 119.8 7 0
      vertex 122.4 7 0
      vertex 122.346 6.31169 0
    endloop
  endfacet
  facet normal 0 0 -1
    outer loop
      vertex 119.778 6.71842 0
      vertex 122.346 6.31169 0
      vertex 122.25 5.91253 0
    endloop
  endfacet
  facet normal 0 0 -1
    outer loop
      vertex 122.4 7 0
      vertex 119.8 7 0
      vertex 122.346 7.68831 0
    endloop
  endfacet
  facet normal 0 0 -1
    outer loop
      vertex 119.712 6.44377 0
      vertex 122.25 5.91253 0
      vertex 122.185 5.64032 0
    endloop
  endfacet
  facet normal 0 0 -1
    outer loop
      vertex 119.778 7.28158 0
      vertex 122.346 7.68831 0
      vertex 119.8 7 0
    endloop
  endfacet
  facet normal 0 0 -1
    outer loop
      vertex 119.712 6.44377 0
      vertex 122.185 5.64032 0
      vertex 121.92 5.00244 0
    endloop
  endfacet
  facet normal -0 0 -1
    outer loop
      vertex 122.346 7.68831 0
      vertex 119.778 7.28158 0
      vertex 122.25 8.08747 0
    endloop
  endfacet
  facet normal 0 0 -1
    outer loop
      vertex 119.604 6.18282 0
      vertex 121.92 5.00244 0
      vertex 121.56 4.41374 0
    endloop
  endfacet
  facet normal 0 0 -1
    outer loop
      vertex 119.712 7.55623 0
      vertex 122.25 8.08747 0
      vertex 119.778 7.28158 0
    endloop
  endfacet
  facet normal 0 0 -1
    outer loop
      vertex 119.456 5.94199 0
      vertex 121.56 4.41374 0
      vertex 121.111 3.88873 0
    endloop
  endfacet
  facet normal -0 0 -1
    outer loop
      vertex 122.25 8.08747 0
      vertex 119.712 7.55623 0
      vertex 122.185 8.35967 0
    endloop
  endfacet
  facet normal -0 0 -1
    outer loop
      vertex 122.185 8.35967 0
      vertex 119.712 7.55623 0
      vertex 121.92 8.99756 0
    endloop
  endfacet
  facet normal 0 0 -1
    outer loop
      vertex 119.273 5.72721 0
      vertex 121.111 3.88873 0
      vertex 120.586 3.44032 0
    endloop
  endfacet
  facet normal 0 0 -1
    outer loop
      vertex 119.604 7.81718 0
      vertex 121.92 8.99756 0
      vertex 119.712 7.55623 0
    endloop
  endfacet
  facet normal 0 0 -1
    outer loop
      vertex 119.058 5.54377 0
      vertex 120.586 3.44032 0
      vertex 119.998 3.07957 0
    endloop
  endfacet
  facet normal -0 0 -1
    outer loop
      vertex 121.92 8.99756 0
      vertex 119.604 7.81718 0
      vertex 121.56 9.58626 0
    endloop
  endfacet
  facet normal 0 0 -1
    outer loop
      vertex 119.456 8.05801 0
      vertex 121.56 9.58626 0
      vertex 119.604 7.81718 0
    endloop
  endfacet
  facet normal 0 0 -1
    outer loop
      vertex 122.346 6.31169 0
      vertex 119.778 6.71842 0
      vertex 119.8 7 0
    endloop
  endfacet
  facet normal 0 0 -1
    outer loop
      vertex 122.25 5.91253 0
      vertex 119.712 6.44377 0
      vertex 119.778 6.71842 0
    endloop
  endfacet
  facet normal 0 0 -1
    outer loop
      vertex 121.92 5.00244 0
      vertex 119.604 6.18282 0
      vertex 119.712 6.44377 0
    endloop
  endfacet
  facet normal 0 0 -1
    outer loop
      vertex 121.56 4.41374 0
      vertex 119.456 5.94199 0
      vertex 119.604 6.18282 0
    endloop
  endfacet
  facet normal 0 0 -1
    outer loop
      vertex 118.817 5.39619 0
      vertex 119.998 3.07957 0
      vertex 119.36 2.81535 0
    endloop
  endfacet
  facet normal 0 0 -1
    outer loop
      vertex 121.111 3.88873 0
      vertex 119.273 5.72721 0
      vertex 119.456 5.94199 0
    endloop
  endfacet
  facet normal 0 0 -1
    outer loop
      vertex 118.556 5.2881 0
      vertex 119.36 2.81535 0
      vertex 119.087 2.75 0
    endloop
  endfacet
  facet normal 0 0 -1
    outer loop
      vertex 120.586 3.44032 0
      vertex 119.058 5.54377 0
      vertex 119.273 5.72721 0
    endloop
  endfacet
  facet normal 0 0 -1
    outer loop
      vertex 119.998 3.07957 0
      vertex 118.817 5.39619 0
      vertex 119.058 5.54377 0
    endloop
  endfacet
  facet normal 0 0 -1
    outer loop
      vertex 118.282 5.22216 0
      vertex 119.087 2.75 0
      vertex 118.688 2.65417 0
    endloop
  endfacet
  facet normal 0 0 -1
    outer loop
      vertex 119.36 2.81535 0
      vertex 118.556 5.2881 0
      vertex 118.817 5.39619 0
    endloop
  endfacet
  facet normal 0 0 -1
    outer loop
      vertex 119.087 2.75 0
      vertex 118.282 5.22216 0
      vertex 118.556 5.2881 0
    endloop
  endfacet
  facet normal 0 0 -1
    outer loop
      vertex 118 2.6 0
      vertex 118.282 5.22216 0
      vertex 118.688 2.65417 0
    endloop
  endfacet
  facet normal 0 0 -1
    outer loop
      vertex 118 2.6 0
      vertex 118 5.2 0
      vertex 118.282 5.22216 0
    endloop
  endfacet
  facet normal 0 0 -1
    outer loop
      vertex 118 2.6 0
      vertex 117.718 5.22216 0
      vertex 118 5.2 0
    endloop
  endfacet
  facet normal 0 0 -1
    outer loop
      vertex 117.312 2.65417 0
      vertex 117.718 5.22216 0
      vertex 118 2.6 0
    endloop
  endfacet
  facet normal 0 0 -1
    outer loop
      vertex 116.913 2.75 0
      vertex 117.718 5.22216 0
      vertex 117.312 2.65417 0
    endloop
  endfacet
  facet normal -0 0 -1
    outer loop
      vertex 117.718 5.22216 0
      vertex 116.913 2.75 0
      vertex 117.444 5.2881 0
    endloop
  endfacet
  facet normal 0 0 -1
    outer loop
      vertex 116.64 2.81535 0
      vertex 117.444 5.2881 0
      vertex 116.913 2.75 0
    endloop
  endfacet
  facet normal -0 0 -1
    outer loop
      vertex 117.444 5.2881 0
      vertex 116.64 2.81535 0
      vertex 117.183 5.39619 0
    endloop
  endfacet
  facet normal 0 0 -1
    outer loop
      vertex 116.002 3.07957 0
      vertex 117.183 5.39619 0
      vertex 116.64 2.81535 0
    endloop
  endfacet
  facet normal -0 0 -1
    outer loop
      vertex 117.183 5.39619 0
      vertex 116.002 3.07957 0
      vertex 116.942 5.54377 0
    endloop
  endfacet
  facet normal 0 0 -1
    outer loop
      vertex 115.414 3.44032 0
      vertex 116.942 5.54377 0
      vertex 116.002 3.07957 0
    endloop
  endfacet
  facet normal -0 0 -1
    outer loop
      vertex 116.942 5.54377 0
      vertex 115.414 3.44032 0
      vertex 116.727 5.72721 0
    endloop
  endfacet
  facet normal 0 0 -1
    outer loop
      vertex 114.889 3.88873 0
      vertex 116.727 5.72721 0
      vertex 115.414 3.44032 0
    endloop
  endfacet
  facet normal 0 0 -1
    outer loop
      vertex 114.58 4.25 0
      vertex 116.727 5.72721 0
      vertex 114.889 3.88873 0
    endloop
  endfacet
  facet normal 0 0 -1
    outer loop
      vertex 114.44 4.41374 0
      vertex 116.544 5.94199 0
      vertex 114.58 4.25 0
    endloop
  endfacet
  facet normal -0 0 -1
    outer loop
      vertex 116.727 5.72721 0
      vertex 114.58 4.25 0
      vertex 116.544 5.94199 0
    endloop
  endfacet
  facet normal -0 0 -1
    outer loop
      vertex 121.56 9.58626 0
      vertex 119.456 8.05801 0
      vertex 121.111 10.1113 0
    endloop
  endfacet
  facet normal 0 0 -1
    outer loop
      vertex 119.273 8.27279 0
      vertex 121.111 10.1113 0
      vertex 119.456 8.05801 0
    endloop
  endfacet
  facet normal -0 0 -1
    outer loop
      vertex 121.111 10.1113 0
      vertex 119.273 8.27279 0
      vertex 120.75 10.4198 0
    endloop
  endfacet
  facet normal 0 0 -1
    outer loop
      vertex 119.058 8.45623 0
      vertex 120.75 10.4198 0
      vertex 119.273 8.27279 0
    endloop
  endfacet
  facet normal -0 0 -1
    outer loop
      vertex 120.75 10.4198 0
      vertex 119.058 8.45623 0
      vertex 120.586 10.5597 0
    endloop
  endfacet
  facet normal -0 0 -1
    outer loop
      vertex 120.586 10.5597 0
      vertex 119.058 8.45623 0
      vertex 119.998 10.9204 0
    endloop
  endfacet
  facet normal 0 0 -1
    outer loop
      vertex 118.817 8.60381 0
      vertex 119.998 10.9204 0
      vertex 119.058 8.45623 0
    endloop
  endfacet
  facet normal -0 0 -1
    outer loop
      vertex 119.998 10.9204 0
      vertex 118.817 8.60381 0
      vertex 119.36 11.1846 0
    endloop
  endfacet
  facet normal 0 0 -1
    outer loop
      vertex 118.556 8.7119 0
      vertex 119.36 11.1846 0
      vertex 118.817 8.60381 0
    endloop
  endfacet
  facet normal -0 0 -1
    outer loop
      vertex 119.36 11.1846 0
      vertex 118.556 8.7119 0
      vertex 118.688 11.3458 0
    endloop
  endfacet
  facet normal 0 0 -1
    outer loop
      vertex 118.282 8.77784 0
      vertex 118.688 11.3458 0
      vertex 118.556 8.7119 0
    endloop
  endfacet
  facet normal 0 0 -1
    outer loop
      vertex 118 8.8 0
      vertex 118.688 11.3458 0
      vertex 118.282 8.77784 0
    endloop
  endfacet
  facet normal 0 0 -1
    outer loop
      vertex 118 8.8 0
      vertex 118 11.4 0
      vertex 118.688 11.3458 0
    endloop
  endfacet
  facet normal 0 0 -1
    outer loop
      vertex 117.718 8.77784 0
      vertex 118 11.4 0
      vertex 118 8.8 0
    endloop
  endfacet
  facet normal 0 0 -1
    outer loop
      vertex 117.312 11.3458 0
      vertex 117.718 8.77784 0
      vertex 117.444 8.7119 0
    endloop
  endfacet
  facet normal 0 0 -1
    outer loop
      vertex 117.718 8.77784 0
      vertex 117.312 11.3458 0
      vertex 118 11.4 0
    endloop
  endfacet
  facet normal 0 0 -1
    outer loop
      vertex 116.64 11.1846 0
      vertex 117.444 8.7119 0
      vertex 117.183 8.60381 0
    endloop
  endfacet
  facet normal 0 0 -1
    outer loop
      vertex 116.002 10.9204 0
      vertex 117.183 8.60381 0
      vertex 116.942 8.45623 0
    endloop
  endfacet
  facet normal 0 0 -1
    outer loop
      vertex 115.414 10.5597 0
      vertex 116.942 8.45623 0
      vertex 116.727 8.27279 0
    endloop
  endfacet
  facet normal 0 0 -1
    outer loop
      vertex 117.444 8.7119 0
      vertex 116.64 11.1846 0
      vertex 117.312 11.3458 0
    endloop
  endfacet
  facet normal 0 0 -1
    outer loop
      vertex 114.889 10.1113 0
      vertex 116.727 8.27279 0
      vertex 116.544 8.05801 0
    endloop
  endfacet
  facet normal 0 0 -1
    outer loop
      vertex 114.44 9.58626 0
      vertex 116.544 8.05801 0
      vertex 116.396 7.81718 0
    endloop
  endfacet
  facet normal 0 0 -1
    outer loop
      vertex 114.08 8.99756 0
      vertex 116.396 7.81718 0
      vertex 116.288 7.55623 0
    endloop
  endfacet
  facet normal 0 0 -1
    outer loop
      vertex 113.815 8.35967 0
      vertex 116.288 7.55623 0
      vertex 116.222 7.28158 0
    endloop
  endfacet
  facet normal 0 0 -1
    outer loop
      vertex 117.183 8.60381 0
      vertex 116.002 10.9204 0
      vertex 116.64 11.1846 0
    endloop
  endfacet
  facet normal 0 0 -1
    outer loop
      vertex 113.654 7.68831 0
      vertex 116.222 7.28158 0
      vertex 116.2 7 0
    endloop
  endfacet
  facet normal -0 0 -1
    outer loop
      vertex 116.544 5.94199 0
      vertex 114.44 4.41374 0
      vertex 116.396 6.18282 0
    endloop
  endfacet
  facet normal 0 0 -1
    outer loop
      vertex 114.08 5.00244 0
      vertex 116.396 6.18282 0
      vertex 114.44 4.41374 0
    endloop
  endfacet
  facet normal 0 0 -1
    outer loop
      vertex 113.815 5.64032 0
      vertex 116.288 6.44377 0
      vertex 114.08 5.00244 0
    endloop
  endfacet
  facet normal -0 0 -1
    outer loop
      vertex 116.396 6.18282 0
      vertex 114.08 5.00244 0
      vertex 116.288 6.44377 0
    endloop
  endfacet
  facet normal 0 0 -1
    outer loop
      vertex 116.942 8.45623 0
      vertex 115.414 10.5597 0
      vertex 116.002 10.9204 0
    endloop
  endfacet
  facet normal 0 0 -1
    outer loop
      vertex 116.727 8.27279 0
      vertex 114.889 10.1113 0
      vertex 115.414 10.5597 0
    endloop
  endfacet
  facet normal -0 0 -1
    outer loop
      vertex 116.288 6.44377 0
      vertex 113.815 5.64032 0
      vertex 116.222 6.71842 0
    endloop
  endfacet
  facet normal 0 0 -1
    outer loop
      vertex 116.544 8.05801 0
      vertex 114.44 9.58626 0
      vertex 114.889 10.1113 0
    endloop
  endfacet
  facet normal 0 0 -1
    outer loop
      vertex 113.654 6.31169 0
      vertex 116.222 6.71842 0
      vertex 113.815 5.64032 0
    endloop
  endfacet
  facet normal 0 0 -1
    outer loop
      vertex 116.396 7.81718 0
      vertex 114.08 8.99756 0
      vertex 114.44 9.58626 0
    endloop
  endfacet
  facet normal -0 0 -1
    outer loop
      vertex 116.222 6.71842 0
      vertex 113.654 6.31169 0
      vertex 116.2 7 0
    endloop
  endfacet
  facet normal 0 0 -1
    outer loop
      vertex 116.288 7.55623 0
      vertex 113.815 8.35967 0
      vertex 114.08 8.99756 0
    endloop
  endfacet
  facet normal 0 0 -1
    outer loop
      vertex 113.6 7 0
      vertex 116.2 7 0
      vertex 113.654 6.31169 0
    endloop
  endfacet
  facet normal 0 0 -1
    outer loop
      vertex 116.222 7.28158 0
      vertex 113.654 7.68831 0
      vertex 113.815 8.35967 0
    endloop
  endfacet
  facet normal 0 0 -1
    outer loop
      vertex 116.2 7 0
      vertex 113.6 7 0
      vertex 113.654 7.68831 0
    endloop
  endfacet
  facet normal 0 0 -1
    outer loop
      vertex 119.8 78 0
      vertex 122.4 78 0
      vertex 122.346 77.3117 0
    endloop
  endfacet
  facet normal 0 0 -1
    outer loop
      vertex 119.778 77.7184 0
      vertex 122.346 77.3117 0
      vertex 122.25 76.9125 0
    endloop
  endfacet
  facet normal 0 0 -1
    outer loop
      vertex 122.4 78 0
      vertex 119.8 78 0
      vertex 122.346 78.6883 0
    endloop
  endfacet
  facet normal 0 0 -1
    outer loop
      vertex 119.712 77.4438 0
      vertex 122.25 76.9125 0
      vertex 122.185 76.6403 0
    endloop
  endfacet
  facet normal 0 0 -1
    outer loop
      vertex 119.778 78.2816 0
      vertex 122.346 78.6883 0
      vertex 119.8 78 0
    endloop
  endfacet
  facet normal 0 0 -1
    outer loop
      vertex 119.712 77.4438 0
      vertex 122.185 76.6403 0
      vertex 121.92 76.0024 0
    endloop
  endfacet
  facet normal -0 0 -1
    outer loop
      vertex 122.346 78.6883 0
      vertex 119.778 78.2816 0
      vertex 122.25 79.0875 0
    endloop
  endfacet
  facet normal 0 0 -1
    outer loop
      vertex 119.604 77.1828 0
      vertex 121.92 76.0024 0
      vertex 121.56 75.4137 0
    endloop
  endfacet
  facet normal 0 0 -1
    outer loop
      vertex 119.712 78.5562 0
      vertex 122.25 79.0875 0
      vertex 119.778 78.2816 0
    endloop
  endfacet
  facet normal 0 0 -1
    outer loop
      vertex 119.456 76.942 0
      vertex 121.56 75.4137 0
      vertex 121.111 74.8887 0
    endloop
  endfacet
  facet normal -0 0 -1
    outer loop
      vertex 122.25 79.0875 0
      vertex 119.712 78.5562 0
      vertex 122.185 79.3597 0
    endloop
  endfacet
  facet normal 0 0 -1
    outer loop
      vertex 119.273 76.7272 0
      vertex 121.111 74.8887 0
      vertex 120.75 74.5802 0
    endloop
  endfacet
  facet normal 0 0 -1
    outer loop
      vertex 119.058 76.5438 0
      vertex 120.75 74.5802 0
      vertex 120.586 74.4403 0
    endloop
  endfacet
  facet normal -0 0 -1
    outer loop
      vertex 122.185 79.3597 0
      vertex 119.712 78.5562 0
      vertex 121.92 79.9976 0
    endloop
  endfacet
  facet normal 0 0 -1
    outer loop
      vertex 119.058 76.5438 0
      vertex 120.586 74.4403 0
      vertex 119.998 74.0796 0
    endloop
  endfacet
  facet normal 0 0 -1
    outer loop
      vertex 119.604 78.8172 0
      vertex 121.92 79.9976 0
      vertex 119.712 78.5562 0
    endloop
  endfacet
  facet normal -0 0 -1
    outer loop
      vertex 121.92 79.9976 0
      vertex 119.604 78.8172 0
      vertex 121.56 80.5863 0
    endloop
  endfacet
  facet normal 0 0 -1
    outer loop
      vertex 122.346 77.3117 0
      vertex 119.778 77.7184 0
      vertex 119.8 78 0
    endloop
  endfacet
  facet normal 0 0 -1
    outer loop
      vertex 122.25 76.9125 0
      vertex 119.712 77.4438 0
      vertex 119.778 77.7184 0
    endloop
  endfacet
  facet normal 0 0 -1
    outer loop
      vertex 121.92 76.0024 0
      vertex 119.604 77.1828 0
      vertex 119.712 77.4438 0
    endloop
  endfacet
  facet normal 0 0 -1
    outer loop
      vertex 121.56 75.4137 0
      vertex 119.456 76.942 0
      vertex 119.604 77.1828 0
    endloop
  endfacet
  facet normal 0 0 -1
    outer loop
      vertex 118.817 76.3962 0
      vertex 119.998 74.0796 0
      vertex 119.36 73.8154 0
    endloop
  endfacet
  facet normal 0 0 -1
    outer loop
      vertex 121.111 74.8887 0
      vertex 119.273 76.7272 0
      vertex 119.456 76.942 0
    endloop
  endfacet
  facet normal 0 0 -1
    outer loop
      vertex 120.75 74.5802 0
      vertex 119.058 76.5438 0
      vertex 119.273 76.7272 0
    endloop
  endfacet
  facet normal 0 0 -1
    outer loop
      vertex 119.998 74.0796 0
      vertex 118.817 76.3962 0
      vertex 119.058 76.5438 0
    endloop
  endfacet
  facet normal 0 0 -1
    outer loop
      vertex 118.556 76.2881 0
      vertex 119.36 73.8154 0
      vertex 118.688 73.6542 0
    endloop
  endfacet
  facet normal 0 0 -1
    outer loop
      vertex 119.36 73.8154 0
      vertex 118.556 76.2881 0
      vertex 118.817 76.3962 0
    endloop
  endfacet
  facet normal 0 0 -1
    outer loop
      vertex 118.688 73.6542 0
      vertex 118.282 76.2222 0
      vertex 118.556 76.2881 0
    endloop
  endfacet
  facet normal 0 0 -1
    outer loop
      vertex 118 73.6 0
      vertex 118.282 76.2222 0
      vertex 118.688 73.6542 0
    endloop
  endfacet
  facet normal 0 0 -1
    outer loop
      vertex 118 73.6 0
      vertex 118 76.2 0
      vertex 118.282 76.2222 0
    endloop
  endfacet
  facet normal 0 0 -1
    outer loop
      vertex 118 73.6 0
      vertex 117.718 76.2222 0
      vertex 118 76.2 0
    endloop
  endfacet
  facet normal 0 0 -1
    outer loop
      vertex 117.312 73.6542 0
      vertex 117.718 76.2222 0
      vertex 118 73.6 0
    endloop
  endfacet
  facet normal -0 0 -1
    outer loop
      vertex 117.718 76.2222 0
      vertex 117.312 73.6542 0
      vertex 117.444 76.2881 0
    endloop
  endfacet
  facet normal 0 0 -1
    outer loop
      vertex 116.64 73.8154 0
      vertex 117.444 76.2881 0
      vertex 117.312 73.6542 0
    endloop
  endfacet
  facet normal -0 0 -1
    outer loop
      vertex 117.444 76.2881 0
      vertex 116.64 73.8154 0
      vertex 117.183 76.3962 0
    endloop
  endfacet
  facet normal 0 0 -1
    outer loop
      vertex 116.002 74.0796 0
      vertex 117.183 76.3962 0
      vertex 116.64 73.8154 0
    endloop
  endfacet
  facet normal -0 0 -1
    outer loop
      vertex 117.183 76.3962 0
      vertex 116.002 74.0796 0
      vertex 116.942 76.5438 0
    endloop
  endfacet
  facet normal 0 0 -1
    outer loop
      vertex 115.414 74.4403 0
      vertex 116.942 76.5438 0
      vertex 116.002 74.0796 0
    endloop
  endfacet
  facet normal -0 0 -1
    outer loop
      vertex 116.942 76.5438 0
      vertex 115.414 74.4403 0
      vertex 116.727 76.7272 0
    endloop
  endfacet
  facet normal 0 0 -1
    outer loop
      vertex 114.889 74.8887 0
      vertex 116.727 76.7272 0
      vertex 115.414 74.4403 0
    endloop
  endfacet
  facet normal -0 0 -1
    outer loop
      vertex 116.727 76.7272 0
      vertex 114.889 74.8887 0
      vertex 116.544 76.942 0
    endloop
  endfacet
  facet normal -0 0 -1
    outer loop
      vertex 116.544 76.942 0
      vertex 114.44 75.4137 0
      vertex 116.396 77.1828 0
    endloop
  endfacet
  facet normal 0 0 -1
    outer loop
      vertex 114.44 75.4137 0
      vertex 116.544 76.942 0
      vertex 114.889 74.8887 0
    endloop
  endfacet
  facet normal 0 0 -1
    outer loop
      vertex 119.456 79.058 0
      vertex 121.56 80.5863 0
      vertex 119.604 78.8172 0
    endloop
  endfacet
  facet normal -0 0 -1
    outer loop
      vertex 121.56 80.5863 0
      vertex 119.456 79.058 0
      vertex 121.111 81.1113 0
    endloop
  endfacet
  facet normal 0 0 -1
    outer loop
      vertex 119.273 79.2728 0
      vertex 121.111 81.1113 0
      vertex 119.456 79.058 0
    endloop
  endfacet
  facet normal -0 0 -1
    outer loop
      vertex 121.111 81.1113 0
      vertex 119.273 79.2728 0
      vertex 120.586 81.5597 0
    endloop
  endfacet
  facet normal 0 0 -1
    outer loop
      vertex 119.058 79.4562 0
      vertex 120.586 81.5597 0
      vertex 119.273 79.2728 0
    endloop
  endfacet
  facet normal -0 0 -1
    outer loop
      vertex 120.586 81.5597 0
      vertex 119.058 79.4562 0
      vertex 119.998 81.9204 0
    endloop
  endfacet
  facet normal 0 0 -1
    outer loop
      vertex 118.817 79.6038 0
      vertex 119.998 81.9204 0
      vertex 119.058 79.4562 0
    endloop
  endfacet
  facet normal -0 0 -1
    outer loop
      vertex 119.998 81.9204 0
      vertex 118.817 79.6038 0
      vertex 119.36 82.1846 0
    endloop
  endfacet
  facet normal 0 0 -1
    outer loop
      vertex 118.556 79.7119 0
      vertex 119.36 82.1846 0
      vertex 118.817 79.6038 0
    endloop
  endfacet
  facet normal -0 0 -1
    outer loop
      vertex 119.36 82.1846 0
      vertex 118.556 79.7119 0
      vertex 119.087 82.25 0
    endloop
  endfacet
  facet normal 0 0 -1
    outer loop
      vertex 118.282 79.7778 0
      vertex 119.087 82.25 0
      vertex 118.556 79.7119 0
    endloop
  endfacet
  facet normal -0 0 -1
    outer loop
      vertex 119.087 82.25 0
      vertex 118.282 79.7778 0
      vertex 118.688 82.3458 0
    endloop
  endfacet
  facet normal 0 0 -1
    outer loop
      vertex 118 79.8 0
      vertex 118.688 82.3458 0
      vertex 118.282 79.7778 0
    endloop
  endfacet
  facet normal 0 0 -1
    outer loop
      vertex 118 79.8 0
      vertex 118 82.4 0
      vertex 118.688 82.3458 0
    endloop
  endfacet
  facet normal 0 0 -1
    outer loop
      vertex 117.718 79.7778 0
      vertex 118 82.4 0
      vertex 118 79.8 0
    endloop
  endfacet
  facet normal 0 0 -1
    outer loop
      vertex 116.913 82.25 0
      vertex 117.718 79.7778 0
      vertex 117.444 79.7119 0
    endloop
  endfacet
  facet normal 0 0 -1
    outer loop
      vertex 117.718 79.7778 0
      vertex 117.312 82.3458 0
      vertex 118 82.4 0
    endloop
  endfacet
  facet normal 0 0 -1
    outer loop
      vertex 116.64 82.1846 0
      vertex 117.444 79.7119 0
      vertex 117.183 79.6038 0
    endloop
  endfacet
  facet normal 0 0 -1
    outer loop
      vertex 116.002 81.9204 0
      vertex 117.183 79.6038 0
      vertex 116.942 79.4562 0
    endloop
  endfacet
  facet normal 0 0 -1
    outer loop
      vertex 117.718 79.7778 0
      vertex 116.913 82.25 0
      vertex 117.312 82.3458 0
    endloop
  endfacet
  facet normal 0 0 -1
    outer loop
      vertex 115.414 81.5597 0
      vertex 116.942 79.4562 0
      vertex 116.727 79.2728 0
    endloop
  endfacet
  facet normal 0 0 -1
    outer loop
      vertex 117.444 79.7119 0
      vertex 116.64 82.1846 0
      vertex 116.913 82.25 0
    endloop
  endfacet
  facet normal 0 0 -1
    outer loop
      vertex 114.58 80.75 0
      vertex 116.727 79.2728 0
      vertex 116.544 79.058 0
    endloop
  endfacet
  facet normal 0 0 -1
    outer loop
      vertex 114.44 80.5863 0
      vertex 116.544 79.058 0
      vertex 116.396 78.8172 0
    endloop
  endfacet
  facet normal 0 0 -1
    outer loop
      vertex 114.08 79.9976 0
      vertex 116.396 78.8172 0
      vertex 116.288 78.5562 0
    endloop
  endfacet
  facet normal 0 0 -1
    outer loop
      vertex 113.815 79.3597 0
      vertex 116.288 78.5562 0
      vertex 116.222 78.2816 0
    endloop
  endfacet
  facet normal 0 0 -1
    outer loop
      vertex 117.183 79.6038 0
      vertex 116.002 81.9204 0
      vertex 116.64 82.1846 0
    endloop
  endfacet
  facet normal 0 0 -1
    outer loop
      vertex 113.654 78.6883 0
      vertex 116.222 78.2816 0
      vertex 116.2 78 0
    endloop
  endfacet
  facet normal 0 0 -1
    outer loop
      vertex 114.08 76.0024 0
      vertex 116.396 77.1828 0
      vertex 114.44 75.4137 0
    endloop
  endfacet
  facet normal -0 0 -1
    outer loop
      vertex 116.396 77.1828 0
      vertex 114.08 76.0024 0
      vertex 116.288 77.4438 0
    endloop
  endfacet
  facet normal 0 0 -1
    outer loop
      vertex 116.727 79.2728 0
      vertex 114.58 80.75 0
      vertex 114.889 81.1113 0
    endloop
  endfacet
  facet normal 0 0 -1
    outer loop
      vertex 113.815 76.6403 0
      vertex 116.288 77.4438 0
      vertex 114.08 76.0024 0
    endloop
  endfacet
  facet normal 0 0 -1
    outer loop
      vertex 116.942 79.4562 0
      vertex 115.414 81.5597 0
      vertex 116.002 81.9204 0
    endloop
  endfacet
  facet normal 0 0 -1
    outer loop
      vertex 116.727 79.2728 0
      vertex 114.889 81.1113 0
      vertex 115.414 81.5597 0
    endloop
  endfacet
  facet normal -0 0 -1
    outer loop
      vertex 116.288 77.4438 0
      vertex 113.815 76.6403 0
      vertex 116.222 77.7184 0
    endloop
  endfacet
  facet normal 0 0 -1
    outer loop
      vertex 113.654 77.3117 0
      vertex 116.222 77.7184 0
      vertex 113.815 76.6403 0
    endloop
  endfacet
  facet normal -0 0 -1
    outer loop
      vertex 116.222 77.7184 0
      vertex 113.654 77.3117 0
      vertex 116.2 78 0
    endloop
  endfacet
  facet normal 0 0 -1
    outer loop
      vertex 116.544 79.058 0
      vertex 114.44 80.5863 0
      vertex 114.58 80.75 0
    endloop
  endfacet
  facet normal 0 0 -1
    outer loop
      vertex 116.288 78.5562 0
      vertex 113.815 79.3597 0
      vertex 114.08 79.9976 0
    endloop
  endfacet
  facet normal 0 0 -1
    outer loop
      vertex 116.396 78.8172 0
      vertex 114.08 79.9976 0
      vertex 114.44 80.5863 0
    endloop
  endfacet
  facet normal 0 0 -1
    outer loop
      vertex 113.6 78 0
      vertex 116.2 78 0
      vertex 113.654 77.3117 0
    endloop
  endfacet
  facet normal 0 0 -1
    outer loop
      vertex 116.222 78.2816 0
      vertex 113.654 78.6883 0
      vertex 113.815 79.3597 0
    endloop
  endfacet
  facet normal 0 0 -1
    outer loop
      vertex 116.2 78 0
      vertex 113.6 78 0
      vertex 113.654 78.6883 0
    endloop
  endfacet
  facet normal 0 0 -1
    outer loop
      vertex 8.8 78 0
      vertex 11.4 78 0
      vertex 11.3458 77.3117 0
    endloop
  endfacet
  facet normal 0 0 -1
    outer loop
      vertex 8.77784 77.7184 0
      vertex 11.3458 77.3117 0
      vertex 11.1846 76.6403 0
    endloop
  endfacet
  facet normal 0 0 -1
    outer loop
      vertex 11.4 78 0
      vertex 8.8 78 0
      vertex 11.3458 78.6883 0
    endloop
  endfacet
  facet normal 0 0 -1
    outer loop
      vertex 8.7119 77.4438 0
      vertex 11.1846 76.6403 0
      vertex 10.9204 76.0024 0
    endloop
  endfacet
  facet normal 0 0 -1
    outer loop
      vertex 8.77784 78.2816 0
      vertex 11.3458 78.6883 0
      vertex 8.8 78 0
    endloop
  endfacet
  facet normal 0 0 -1
    outer loop
      vertex 8.60381 77.1828 0
      vertex 10.9204 76.0024 0
      vertex 10.5597 75.4137 0
    endloop
  endfacet
  facet normal -0 0 -1
    outer loop
      vertex 11.3458 78.6883 0
      vertex 8.77784 78.2816 0
      vertex 11.1846 79.3597 0
    endloop
  endfacet
  facet normal 0 0 -1
    outer loop
      vertex 8.7119 78.5562 0
      vertex 11.1846 79.3597 0
      vertex 8.77784 78.2816 0
    endloop
  endfacet
  facet normal 0 0 -1
    outer loop
      vertex 8.45623 76.942 0
      vertex 10.5597 75.4137 0
      vertex 10.1113 74.8887 0
    endloop
  endfacet
  facet normal -0 0 -1
    outer loop
      vertex 11.1846 79.3597 0
      vertex 8.7119 78.5562 0
      vertex 10.9204 79.9976 0
    endloop
  endfacet
  facet normal 0 0 -1
    outer loop
      vertex 8.27279 76.7272 0
      vertex 10.1113 74.8887 0
      vertex 9.58626 74.4403 0
    endloop
  endfacet
  facet normal 0 0 -1
    outer loop
      vertex 8.60381 78.8172 0
      vertex 10.9204 79.9976 0
      vertex 8.7119 78.5562 0
    endloop
  endfacet
  facet normal 0 0 -1
    outer loop
      vertex 8.05801 76.5438 0
      vertex 9.58626 74.4403 0
      vertex 8.99756 74.0796 0
    endloop
  endfacet
  facet normal -0 0 -1
    outer loop
      vertex 10.9204 79.9976 0
      vertex 8.60381 78.8172 0
      vertex 10.5597 80.5863 0
    endloop
  endfacet
  facet normal 0 0 -1
    outer loop
      vertex 8.45623 79.058 0
      vertex 10.5597 80.5863 0
      vertex 8.60381 78.8172 0
    endloop
  endfacet
  facet normal 0 0 -1
    outer loop
      vertex 11.3458 77.3117 0
      vertex 8.77784 77.7184 0
      vertex 8.8 78 0
    endloop
  endfacet
  facet normal 0 0 -1
    outer loop
      vertex 11.1846 76.6403 0
      vertex 8.7119 77.4438 0
      vertex 8.77784 77.7184 0
    endloop
  endfacet
  facet normal 0 0 -1
    outer loop
      vertex 10.9204 76.0024 0
      vertex 8.60381 77.1828 0
      vertex 8.7119 77.4438 0
    endloop
  endfacet
  facet normal 0 0 -1
    outer loop
      vertex 10.5597 75.4137 0
      vertex 8.45623 76.942 0
      vertex 8.60381 77.1828 0
    endloop
  endfacet
  facet normal 0 0 -1
    outer loop
      vertex 7.81718 76.3962 0
      vertex 8.99756 74.0796 0
      vertex 8.35967 73.8154 0
    endloop
  endfacet
  facet normal 0 0 -1
    outer loop
      vertex 10.1113 74.8887 0
      vertex 8.27279 76.7272 0
      vertex 8.45623 76.942 0
    endloop
  endfacet
  facet normal 0 0 -1
    outer loop
      vertex 9.58626 74.4403 0
      vertex 8.05801 76.5438 0
      vertex 8.27279 76.7272 0
    endloop
  endfacet
  facet normal 0 0 -1
    outer loop
      vertex 8.99756 74.0796 0
      vertex 7.81718 76.3962 0
      vertex 8.05801 76.5438 0
    endloop
  endfacet
  facet normal 0 0 -1
    outer loop
      vertex 7.55623 76.2881 0
      vertex 8.35967 73.8154 0
      vertex 7.68831 73.6542 0
    endloop
  endfacet
  facet normal 0 0 -1
    outer loop
      vertex 8.35967 73.8154 0
      vertex 7.55623 76.2881 0
      vertex 7.81718 76.3962 0
    endloop
  endfacet
  facet normal 0 0 -1
    outer loop
      vertex 7.68831 73.6542 0
      vertex 7.28158 76.2222 0
      vertex 7.55623 76.2881 0
    endloop
  endfacet
  facet normal 0 0 -1
    outer loop
      vertex 7 73.6 0
      vertex 7.28158 76.2222 0
      vertex 7.68831 73.6542 0
    endloop
  endfacet
  facet normal 0 0 -1
    outer loop
      vertex 7 73.6 0
      vertex 7 76.2 0
      vertex 7.28158 76.2222 0
    endloop
  endfacet
  facet normal 0 0 -1
    outer loop
      vertex 7 73.6 0
      vertex 6.71842 76.2222 0
      vertex 7 76.2 0
    endloop
  endfacet
  facet normal 0 0 -1
    outer loop
      vertex 6.31169 73.6542 0
      vertex 6.71842 76.2222 0
      vertex 7 73.6 0
    endloop
  endfacet
  facet normal -0 0 -1
    outer loop
      vertex 6.71842 76.2222 0
      vertex 6.31169 73.6542 0
      vertex 6.44377 76.2881 0
    endloop
  endfacet
  facet normal 0 0 -1
    outer loop
      vertex 5.64032 73.8154 0
      vertex 6.44377 76.2881 0
      vertex 6.31169 73.6542 0
    endloop
  endfacet
  facet normal -0 0 -1
    outer loop
      vertex 6.44377 76.2881 0
      vertex 5.64032 73.8154 0
      vertex 6.18282 76.3962 0
    endloop
  endfacet
  facet normal 0 0 -1
    outer loop
      vertex 5.00244 74.0796 0
      vertex 6.18282 76.3962 0
      vertex 5.64032 73.8154 0
    endloop
  endfacet
  facet normal -0 0 -1
    outer loop
      vertex 6.18282 76.3962 0
      vertex 5.00244 74.0796 0
      vertex 5.94199 76.5438 0
    endloop
  endfacet
  facet normal 0 0 -1
    outer loop
      vertex 4.41374 74.4403 0
      vertex 5.94199 76.5438 0
      vertex 5.00244 74.0796 0
    endloop
  endfacet
  facet normal 0 0 -1
    outer loop
      vertex 4.25 74.5802 0
      vertex 5.94199 76.5438 0
      vertex 4.41374 74.4403 0
    endloop
  endfacet
  facet normal -0 0 -1
    outer loop
      vertex 5.94199 76.5438 0
      vertex 4.25 74.5802 0
      vertex 5.72721 76.7272 0
    endloop
  endfacet
  facet normal 0 0 -1
    outer loop
      vertex 3.88873 74.8887 0
      vertex 5.72721 76.7272 0
      vertex 4.25 74.5802 0
    endloop
  endfacet
  facet normal 0 0 -1
    outer loop
      vertex 3.44032 75.4137 0
      vertex 5.54377 76.942 0
      vertex 3.88873 74.8887 0
    endloop
  endfacet
  facet normal -0 0 -1
    outer loop
      vertex 5.72721 76.7272 0
      vertex 3.88873 74.8887 0
      vertex 5.54377 76.942 0
    endloop
  endfacet
  facet normal -0 0 -1
    outer loop
      vertex 10.5597 80.5863 0
      vertex 8.45623 79.058 0
      vertex 10.4198 80.75 0
    endloop
  endfacet
  facet normal 0 0 -1
    outer loop
      vertex 8.27279 79.2728 0
      vertex 10.4198 80.75 0
      vertex 8.45623 79.058 0
    endloop
  endfacet
  facet normal -0 0 -1
    outer loop
      vertex 10.4198 80.75 0
      vertex 8.27279 79.2728 0
      vertex 10.1113 81.1113 0
    endloop
  endfacet
  facet normal -0 0 -1
    outer loop
      vertex 10.1113 81.1113 0
      vertex 8.27279 79.2728 0
      vertex 9.58626 81.5597 0
    endloop
  endfacet
  facet normal 0 0 -1
    outer loop
      vertex 8.05801 79.4562 0
      vertex 9.58626 81.5597 0
      vertex 8.27279 79.2728 0
    endloop
  endfacet
  facet normal -0 0 -1
    outer loop
      vertex 9.58626 81.5597 0
      vertex 8.05801 79.4562 0
      vertex 8.99756 81.9204 0
    endloop
  endfacet
  facet normal 0 0 -1
    outer loop
      vertex 7.81718 79.6038 0
      vertex 8.99756 81.9204 0
      vertex 8.05801 79.4562 0
    endloop
  endfacet
  facet normal -0 0 -1
    outer loop
      vertex 8.99756 81.9204 0
      vertex 7.81718 79.6038 0
      vertex 8.35967 82.1846 0
    endloop
  endfacet
  facet normal 0 0 -1
    outer loop
      vertex 7.55623 79.7119 0
      vertex 8.35967 82.1846 0
      vertex 7.81718 79.6038 0
    endloop
  endfacet
  facet normal -0 0 -1
    outer loop
      vertex 8.35967 82.1846 0
      vertex 7.55623 79.7119 0
      vertex 8.08747 82.25 0
    endloop
  endfacet
  facet normal 0 0 -1
    outer loop
      vertex 7.28158 79.7778 0
      vertex 8.08747 82.25 0
      vertex 7.55623 79.7119 0
    endloop
  endfacet
  facet normal -0 0 -1
    outer loop
      vertex 8.08747 82.25 0
      vertex 7.28158 79.7778 0
      vertex 7.68831 82.3458 0
    endloop
  endfacet
  facet normal 0 0 -1
    outer loop
      vertex 7 79.8 0
      vertex 7.68831 82.3458 0
      vertex 7.28158 79.7778 0
    endloop
  endfacet
  facet normal 0 0 -1
    outer loop
      vertex 7 79.8 0
      vertex 7 82.4 0
      vertex 7.68831 82.3458 0
    endloop
  endfacet
  facet normal 0 0 -1
    outer loop
      vertex 6.71842 79.7778 0
      vertex 7 82.4 0
      vertex 7 79.8 0
    endloop
  endfacet
  facet normal 0 0 -1
    outer loop
      vertex 5.91253 82.25 0
      vertex 6.71842 79.7778 0
      vertex 6.44377 79.7119 0
    endloop
  endfacet
  facet normal 0 0 -1
    outer loop
      vertex 6.71842 79.7778 0
      vertex 6.31169 82.3458 0
      vertex 7 82.4 0
    endloop
  endfacet
  facet normal 0 0 -1
    outer loop
      vertex 5.64032 82.1846 0
      vertex 6.44377 79.7119 0
      vertex 6.18282 79.6038 0
    endloop
  endfacet
  facet normal 0 0 -1
    outer loop
      vertex 5.00244 81.9204 0
      vertex 6.18282 79.6038 0
      vertex 5.94199 79.4562 0
    endloop
  endfacet
  facet normal 0 0 -1
    outer loop
      vertex 6.71842 79.7778 0
      vertex 5.91253 82.25 0
      vertex 6.31169 82.3458 0
    endloop
  endfacet
  facet normal 0 0 -1
    outer loop
      vertex 4.41374 81.5597 0
      vertex 5.94199 79.4562 0
      vertex 5.72721 79.2728 0
    endloop
  endfacet
  facet normal 0 0 -1
    outer loop
      vertex 6.44377 79.7119 0
      vertex 5.64032 82.1846 0
      vertex 5.91253 82.25 0
    endloop
  endfacet
  facet normal 0 0 -1
    outer loop
      vertex 3.88873 81.1113 0
      vertex 5.72721 79.2728 0
      vertex 5.54377 79.058 0
    endloop
  endfacet
  facet normal 0 0 -1
    outer loop
      vertex 3.44032 80.5863 0
      vertex 5.54377 79.058 0
      vertex 5.39619 78.8172 0
    endloop
  endfacet
  facet normal 0 0 -1
    outer loop
      vertex 3.07957 79.9976 0
      vertex 5.39619 78.8172 0
      vertex 5.2881 78.5562 0
    endloop
  endfacet
  facet normal 0 0 -1
    outer loop
      vertex 2.75 79.0875 0
      vertex 5.2881 78.5562 0
      vertex 5.22216 78.2816 0
    endloop
  endfacet
  facet normal 0 0 -1
    outer loop
      vertex 6.18282 79.6038 0
      vertex 5.00244 81.9204 0
      vertex 5.64032 82.1846 0
    endloop
  endfacet
  facet normal 0 0 -1
    outer loop
      vertex 2.65417 78.6883 0
      vertex 5.22216 78.2816 0
      vertex 5.2 78 0
    endloop
  endfacet
  facet normal -0 0 -1
    outer loop
      vertex 5.54377 76.942 0
      vertex 3.44032 75.4137 0
      vertex 5.39619 77.1828 0
    endloop
  endfacet
  facet normal 0 0 -1
    outer loop
      vertex 3.07957 76.0024 0
      vertex 5.39619 77.1828 0
      vertex 3.44032 75.4137 0
    endloop
  endfacet
  facet normal -0 0 -1
    outer loop
      vertex 5.39619 77.1828 0
      vertex 3.07957 76.0024 0
      vertex 5.2881 77.4438 0
    endloop
  endfacet
  facet normal 0 0 -1
    outer loop
      vertex 5.94199 79.4562 0
      vertex 4.41374 81.5597 0
      vertex 5.00244 81.9204 0
    endloop
  endfacet
  facet normal 0 0 -1
    outer loop
      vertex 2.81535 76.6403 0
      vertex 5.2881 77.4438 0
      vertex 3.07957 76.0024 0
    endloop
  endfacet
  facet normal 0 0 -1
    outer loop
      vertex 5.72721 79.2728 0
      vertex 3.88873 81.1113 0
      vertex 4.41374 81.5597 0
    endloop
  endfacet
  facet normal 0 0 -1
    outer loop
      vertex 2.75 76.9125 0
      vertex 5.2881 77.4438 0
      vertex 2.81535 76.6403 0
    endloop
  endfacet
  facet normal -0 0 -1
    outer loop
      vertex 5.22216 77.7184 0
      vertex 2.65417 77.3117 0
      vertex 5.2 78 0
    endloop
  endfacet
  facet normal -0 0 -1
    outer loop
      vertex 5.2881 77.4438 0
      vertex 2.75 76.9125 0
      vertex 5.22216 77.7184 0
    endloop
  endfacet
  facet normal 0 0 -1
    outer loop
      vertex 5.2881 78.5562 0
      vertex 2.75 79.0875 0
      vertex 2.81535 79.3597 0
    endloop
  endfacet
  facet normal 0 0 -1
    outer loop
      vertex 2.65417 77.3117 0
      vertex 5.22216 77.7184 0
      vertex 2.75 76.9125 0
    endloop
  endfacet
  facet normal 0 0 -1
    outer loop
      vertex 5.54377 79.058 0
      vertex 3.44032 80.5863 0
      vertex 3.88873 81.1113 0
    endloop
  endfacet
  facet normal 0 0 -1
    outer loop
      vertex 5.39619 78.8172 0
      vertex 3.07957 79.9976 0
      vertex 3.44032 80.5863 0
    endloop
  endfacet
  facet normal 0 0 -1
    outer loop
      vertex 5.2881 78.5562 0
      vertex 2.81535 79.3597 0
      vertex 3.07957 79.9976 0
    endloop
  endfacet
  facet normal -0 0 -1
    outer loop
      vertex 5.2 78 0
      vertex 2.65417 77.3117 0
      vertex 2.6 78 0
    endloop
  endfacet
  facet normal 0 -0 -1
    outer loop
      vertex 2.65417 78.6883 0
      vertex 5.2 78 0
      vertex 2.6 78 0
    endloop
  endfacet
  facet normal 0 0 -1
    outer loop
      vertex 5.22216 78.2816 0
      vertex 2.65417 78.6883 0
      vertex 2.75 79.0875 0
    endloop
  endfacet
  facet normal -0.522492 0.852644 0
    outer loop
      vertex 9.58626 3.44032 -4.5
      vertex 8.99756 3.07957 0
      vertex 9.58626 3.44032 0
    endloop
  endfacet
  facet normal -0.522492 0.852644 0
    outer loop
      vertex 8.99756 3.07957 0
      vertex 9.58626 3.44032 -4.5
      vertex 8.99756 3.07957 -4.5
    endloop
  endfacet
  facet normal 0.972369 -0.233447 0
    outer loop
      vertex 2.75 8.08747 0
      vertex 2.81535 8.35967 -4.5
      vertex 2.81535 8.35967 0
    endloop
  endfacet
  facet normal 0.972369 -0.233447 0
    outer loop
      vertex 2.81535 8.35967 -4.5
      vertex 2.75 8.08747 0
      vertex 2.75 8.08747 -4.5
    endloop
  endfacet
  facet normal 0.233439 0.972371 -0
    outer loop
      vertex 5.91253 2.75 -4.5
      vertex 5.64032 2.81535 0
      vertex 5.91253 2.75 0
    endloop
  endfacet
  facet normal 0.233439 0.972371 0
    outer loop
      vertex 5.64032 2.81535 0
      vertex 5.91253 2.75 -4.5
      vertex 5.64032 2.81535 -4.5
    endloop
  endfacet
  facet normal -0.38268 0.923881 0
    outer loop
      vertex 8.99756 3.07957 -4.5
      vertex 8.35967 2.81535 0
      vertex 8.99756 3.07957 0
    endloop
  endfacet
  facet normal -0.38268 0.923881 0
    outer loop
      vertex 8.35967 2.81535 0
      vertex 8.99756 3.07957 -4.5
      vertex 8.35967 2.81535 -4.5
    endloop
  endfacet
  facet normal -0.649434 0.760418 0
    outer loop
      vertex 10.1113 3.88873 -4.5
      vertex 9.58626 3.44032 0
      vertex 10.1113 3.88873 0
    endloop
  endfacet
  facet normal -0.649434 0.760418 0
    outer loop
      vertex 9.58626 3.44032 0
      vertex 10.1113 3.88873 -4.5
      vertex 9.58626 3.44032 -4.5
    endloop
  endfacet
  facet normal -0.760462 0.649383 0
    outer loop
      vertex 10.1113 3.88873 -4.5
      vertex 10.4198 4.25 0
      vertex 10.4198 4.25 -4.5
    endloop
  endfacet
  facet normal -0.760462 0.649383 0
    outer loop
      vertex 10.4198 4.25 0
      vertex 10.1113 3.88873 -4.5
      vertex 10.1113 3.88873 0
    endloop
  endfacet
  facet normal 0.760418 -0.649434 0
    outer loop
      vertex 3.44032 9.58626 0
      vertex 3.88873 10.1113 -4.5
      vertex 3.88873 10.1113 0
    endloop
  endfacet
  facet normal 0.760418 -0.649434 0
    outer loop
      vertex 3.88873 10.1113 -4.5
      vertex 3.44032 9.58626 0
      vertex 3.44032 9.58626 -4.5
    endloop
  endfacet
  facet normal 0.852644 0.522492 0
    outer loop
      vertex 3.44032 4.41374 0
      vertex 3.07957 5.00244 -4.5
      vertex 3.07957 5.00244 0
    endloop
  endfacet
  facet normal 0.852644 0.522492 0
    outer loop
      vertex 3.07957 5.00244 -4.5
      vertex 3.44032 4.41374 0
      vertex 3.44032 4.41374 -4.5
    endloop
  endfacet
  facet normal 0.649383 -0.760462 0
    outer loop
      vertex 3.88873 10.1113 -4.5
      vertex 4.25 10.4198 0
      vertex 3.88873 10.1113 0
    endloop
  endfacet
  facet normal 0.649383 -0.760462 0
    outer loop
      vertex 4.25 10.4198 0
      vertex 3.88873 10.1113 -4.5
      vertex 4.25 10.4198 -4.5
    endloop
  endfacet
  facet normal 0.923879 0.382685 0
    outer loop
      vertex 3.07957 5.00244 0
      vertex 2.81535 5.64032 -4.5
      vertex 2.81535 5.64032 0
    endloop
  endfacet
  facet normal 0.923879 0.382685 0
    outer loop
      vertex 2.81535 5.64032 -4.5
      vertex 3.07957 5.00244 0
      vertex 3.07957 5.00244 -4.5
    endloop
  endfacet
  facet normal 0.852644 -0.522492 0
    outer loop
      vertex 3.07957 8.99756 0
      vertex 3.44032 9.58626 -4.5
      vertex 3.44032 9.58626 0
    endloop
  endfacet
  facet normal 0.852644 -0.522492 0
    outer loop
      vertex 3.44032 9.58626 -4.5
      vertex 3.07957 8.99756 0
      vertex 3.07957 8.99756 -4.5
    endloop
  endfacet
  facet normal 0.382685 0.923879 -0
    outer loop
      vertex 5.64032 2.81535 -4.5
      vertex 5.00244 3.07957 0
      vertex 5.64032 2.81535 0
    endloop
  endfacet
  facet normal 0.382685 0.923879 0
    outer loop
      vertex 5.00244 3.07957 0
      vertex 5.64032 2.81535 -4.5
      vertex 5.00244 3.07957 -4.5
    endloop
  endfacet
  facet normal -0.233447 0.972369 0
    outer loop
      vertex 8.35967 2.81535 -4.5
      vertex 8.08747 2.75 0
      vertex 8.35967 2.81535 0
    endloop
  endfacet
  facet normal -0.233447 0.972369 0
    outer loop
      vertex 8.08747 2.75 0
      vertex 8.35967 2.81535 -4.5
      vertex 8.08747 2.75 -4.5
    endloop
  endfacet
  facet normal 0.760399 0.649456 0
    outer loop
      vertex 3.88873 3.88873 0
      vertex 3.44032 4.41374 -4.5
      vertex 3.44032 4.41374 0
    endloop
  endfacet
  facet normal 0.760399 0.649456 0
    outer loop
      vertex 3.44032 4.41374 -4.5
      vertex 3.88873 3.88873 0
      vertex 3.88873 3.88873 -4.5
    endloop
  endfacet
  facet normal 0.649456 0.760399 -0
    outer loop
      vertex 4.41374 3.44032 -4.5
      vertex 3.88873 3.88873 0
      vertex 4.41374 3.44032 0
    endloop
  endfacet
  facet normal 0.649456 0.760399 0
    outer loop
      vertex 3.88873 3.88873 0
      vertex 4.41374 3.44032 -4.5
      vertex 3.88873 3.88873 -4.5
    endloop
  endfacet
  facet normal 0.972371 0.233439 0
    outer loop
      vertex 2.81535 5.64032 0
      vertex 2.75 5.91253 -4.5
      vertex 2.75 5.91253 0
    endloop
  endfacet
  facet normal 0.972371 0.233439 0
    outer loop
      vertex 2.75 5.91253 -4.5
      vertex 2.81535 5.64032 0
      vertex 2.81535 5.64032 -4.5
    endloop
  endfacet
  facet normal 0.522492 0.852644 -0
    outer loop
      vertex 5.00244 3.07957 -4.5
      vertex 4.41374 3.44032 0
      vertex 5.00244 3.07957 0
    endloop
  endfacet
  facet normal 0.522492 0.852644 0
    outer loop
      vertex 4.41374 3.44032 0
      vertex 5.00244 3.07957 -4.5
      vertex 4.41374 3.44032 -4.5
    endloop
  endfacet
  facet normal 0.923881 -0.38268 0
    outer loop
      vertex 2.81535 8.35967 0
      vertex 3.07957 8.99756 -4.5
      vertex 3.07957 8.99756 0
    endloop
  endfacet
  facet normal 0.923881 -0.38268 0
    outer loop
      vertex 3.07957 8.99756 -4.5
      vertex 2.81535 8.35967 0
      vertex 2.81535 8.35967 -4.5
    endloop
  endfacet
  facet normal -0.522944 0.852367 0
    outer loop
      vertex 120.586 3.44032 -4.5
      vertex 119.998 3.07957 0
      vertex 120.586 3.44032 0
    endloop
  endfacet
  facet normal -0.522944 0.852367 0
    outer loop
      vertex 119.998 3.07957 0
      vertex 120.586 3.44032 -4.5
      vertex 119.998 3.07957 -4.5
    endloop
  endfacet
  facet normal -0.972653 -0.232265 0
    outer loop
      vertex 122.25 8.08747 -4.5
      vertex 122.185 8.35967 0
      vertex 122.185 8.35967 -4.5
    endloop
  endfacet
  facet normal -0.972653 -0.232265 0
    outer loop
      vertex 122.185 8.35967 0
      vertex 122.25 8.08747 -4.5
      vertex 122.25 8.08747 0
    endloop
  endfacet
  facet normal 0.2328 0.972525 -0
    outer loop
      vertex 116.913 2.75 -4.5
      vertex 116.64 2.81535 0
      vertex 116.913 2.75 0
    endloop
  endfacet
  facet normal 0.2328 0.972525 0
    outer loop
      vertex 116.64 2.81535 0
      vertex 116.913 2.75 -4.5
      vertex 116.64 2.81535 -4.5
    endloop
  endfacet
  facet normal -0.382624 0.923904 0
    outer loop
      vertex 119.998 3.07957 -4.5
      vertex 119.36 2.81535 0
      vertex 119.998 3.07957 0
    endloop
  endfacet
  facet normal -0.382624 0.923904 0
    outer loop
      vertex 119.36 2.81535 0
      vertex 119.998 3.07957 -4.5
      vertex 119.36 2.81535 -4.5
    endloop
  endfacet
  facet normal -0.853128 0.521702 0
    outer loop
      vertex 121.56 4.41374 -4.5
      vertex 121.92 5.00244 0
      vertex 121.92 5.00244 -4.5
    endloop
  endfacet
  facet normal -0.853128 0.521702 0
    outer loop
      vertex 121.92 5.00244 0
      vertex 121.56 4.41374 -4.5
      vertex 121.56 4.41374 0
    endloop
  endfacet
  facet normal -0.649663 -0.760222 0
    outer loop
      vertex 120.75 10.4198 -4.5
      vertex 121.111 10.1113 0
      vertex 120.75 10.4198 0
    endloop
  endfacet
  facet normal -0.649663 -0.760222 -0
    outer loop
      vertex 121.111 10.1113 0
      vertex 120.75 10.4198 -4.5
      vertex 121.111 10.1113 -4.5
    endloop
  endfacet
  facet normal -0.649463 0.760393 0
    outer loop
      vertex 121.111 3.88873 -4.5
      vertex 120.586 3.44032 0
      vertex 121.111 3.88873 0
    endloop
  endfacet
  facet normal -0.649463 0.760393 0
    outer loop
      vertex 120.586 3.44032 0
      vertex 121.111 3.88873 -4.5
      vertex 120.586 3.44032 -4.5
    endloop
  endfacet
  facet normal -0.923481 -0.383644 0
    outer loop
      vertex 122.185 8.35967 -4.5
      vertex 121.92 8.99756 0
      vertex 121.92 8.99756 -4.5
    endloop
  endfacet
  facet normal -0.923481 -0.383644 0
    outer loop
      vertex 121.92 8.99756 0
      vertex 122.185 8.35967 -4.5
      vertex 122.185 8.35967 0
    endloop
  endfacet
  facet normal -0.759978 0.649949 0
    outer loop
      vertex 121.111 3.88873 -4.5
      vertex 121.56 4.41374 0
      vertex 121.56 4.41374 -4.5
    endloop
  endfacet
  facet normal -0.759978 0.649949 0
    outer loop
      vertex 121.56 4.41374 0
      vertex 121.111 3.88873 -4.5
      vertex 121.111 3.88873 0
    endloop
  endfacet
  facet normal -0.759996 -0.649928 0
    outer loop
      vertex 121.56 9.58626 -4.5
      vertex 121.111 10.1113 0
      vertex 121.111 10.1113 -4.5
    endloop
  endfacet
  facet normal -0.759996 -0.649928 0
    outer loop
      vertex 121.111 10.1113 0
      vertex 121.56 9.58626 -4.5
      vertex 121.56 9.58626 0
    endloop
  endfacet
  facet normal -0.923479 0.383649 0
    outer loop
      vertex 121.92 5.00244 -4.5
      vertex 122.185 5.64032 0
      vertex 122.185 5.64032 -4.5
    endloop
  endfacet
  facet normal -0.923479 0.383649 0
    outer loop
      vertex 122.185 5.64032 0
      vertex 121.92 5.00244 -4.5
      vertex 121.92 5.00244 0
    endloop
  endfacet
  facet normal 0.382624 0.923904 -0
    outer loop
      vertex 116.64 2.81535 -4.5
      vertex 116.002 3.07957 0
      vertex 116.64 2.81535 0
    endloop
  endfacet
  facet normal 0.382624 0.923904 0
    outer loop
      vertex 116.002 3.07957 0
      vertex 116.64 2.81535 -4.5
      vertex 116.002 3.07957 -4.5
    endloop
  endfacet
  facet normal -0.2328 0.972525 0
    outer loop
      vertex 119.36 2.81535 -4.5
      vertex 119.087 2.75 0
      vertex 119.36 2.81535 0
    endloop
  endfacet
  facet normal -0.2328 0.972525 0
    outer loop
      vertex 119.087 2.75 0
      vertex 119.36 2.81535 -4.5
      vertex 119.087 2.75 -4.5
    endloop
  endfacet
  facet normal 0.759942 0.649991 0
    outer loop
      vertex 114.889 3.88873 0
      vertex 114.58 4.25 -4.5
      vertex 114.58 4.25 0
    endloop
  endfacet
  facet normal 0.759942 0.649991 0
    outer loop
      vertex 114.58 4.25 -4.5
      vertex 114.889 3.88873 0
      vertex 114.889 3.88873 -4.5
    endloop
  endfacet
  facet normal 0.649463 0.760393 -0
    outer loop
      vertex 115.414 3.44032 -4.5
      vertex 114.889 3.88873 0
      vertex 115.414 3.44032 0
    endloop
  endfacet
  facet normal 0.649463 0.760393 0
    outer loop
      vertex 114.889 3.88873 0
      vertex 115.414 3.44032 -4.5
      vertex 114.889 3.88873 -4.5
    endloop
  endfacet
  facet normal -0.853128 -0.521702 0
    outer loop
      vertex 121.92 8.99756 -4.5
      vertex 121.56 9.58626 0
      vertex 121.56 9.58626 -4.5
    endloop
  endfacet
  facet normal -0.853128 -0.521702 0
    outer loop
      vertex 121.56 9.58626 0
      vertex 121.92 8.99756 -4.5
      vertex 121.92 8.99756 0
    endloop
  endfacet
  facet normal -0.972655 0.232257 0
    outer loop
      vertex 122.185 5.64032 -4.5
      vertex 122.25 5.91253 0
      vertex 122.25 5.91253 -4.5
    endloop
  endfacet
  facet normal -0.972655 0.232257 0
    outer loop
      vertex 122.25 5.91253 0
      vertex 122.185 5.64032 -4.5
      vertex 122.185 5.64032 0
    endloop
  endfacet
  facet normal 0.522944 0.852367 -0
    outer loop
      vertex 116.002 3.07957 -4.5
      vertex 115.414 3.44032 0
      vertex 116.002 3.07957 0
    endloop
  endfacet
  facet normal 0.522944 0.852367 0
    outer loop
      vertex 115.414 3.44032 0
      vertex 116.002 3.07957 -4.5
      vertex 115.414 3.44032 -4.5
    endloop
  endfacet
  facet normal -0.760488 -0.649351 0
    outer loop
      vertex 10.4198 80.75 -4.5
      vertex 10.1113 81.1113 0
      vertex 10.1113 81.1113 -4.5
    endloop
  endfacet
  facet normal -0.760488 -0.649351 0
    outer loop
      vertex 10.1113 81.1113 0
      vertex 10.4198 80.75 -4.5
      vertex 10.4198 80.75 0
    endloop
  endfacet
  facet normal 0.649383 0.760462 -0
    outer loop
      vertex 4.25 74.5802 -4.5
      vertex 3.88873 74.8887 0
      vertex 4.25 74.5802 0
    endloop
  endfacet
  facet normal 0.649383 0.760462 0
    outer loop
      vertex 3.88873 74.8887 0
      vertex 4.25 74.5802 -4.5
      vertex 3.88873 74.8887 -4.5
    endloop
  endfacet
  facet normal -0.382655 -0.923891 0
    outer loop
      vertex 8.35967 82.1846 -4.5
      vertex 8.99756 81.9204 0
      vertex 8.35967 82.1846 0
    endloop
  endfacet
  facet normal -0.382655 -0.923891 -0
    outer loop
      vertex 8.99756 81.9204 0
      vertex 8.35967 82.1846 -4.5
      vertex 8.99756 81.9204 -4.5
    endloop
  endfacet
  facet normal 0.923883 0.382675 0
    outer loop
      vertex 3.07957 76.0024 0
      vertex 2.81535 76.6403 -4.5
      vertex 2.81535 76.6403 0
    endloop
  endfacet
  facet normal 0.923883 0.382675 0
    outer loop
      vertex 2.81535 76.6403 -4.5
      vertex 3.07957 76.0024 0
      vertex 3.07957 76.0024 -4.5
    endloop
  endfacet
  facet normal 0.649447 -0.760407 0
    outer loop
      vertex 3.88873 81.1113 -4.5
      vertex 4.41374 81.5597 0
      vertex 3.88873 81.1113 0
    endloop
  endfacet
  facet normal 0.649447 -0.760407 0
    outer loop
      vertex 4.41374 81.5597 0
      vertex 3.88873 81.1113 -4.5
      vertex 4.41374 81.5597 -4.5
    endloop
  endfacet
  facet normal -0.233616 -0.972329 0
    outer loop
      vertex 8.08747 82.25 -4.5
      vertex 8.35967 82.1846 0
      vertex 8.08747 82.25 0
    endloop
  endfacet
  facet normal -0.233616 -0.972329 -0
    outer loop
      vertex 8.35967 82.1846 0
      vertex 8.08747 82.25 -4.5
      vertex 8.35967 82.1846 -4.5
    endloop
  endfacet
  facet normal 0.852644 0.522492 0
    outer loop
      vertex 3.44032 75.4137 0
      vertex 3.07957 76.0024 -4.5
      vertex 3.07957 76.0024 0
    endloop
  endfacet
  facet normal 0.852644 0.522492 0
    outer loop
      vertex 3.07957 76.0024 -4.5
      vertex 3.44032 75.4137 0
      vertex 3.44032 75.4137 -4.5
    endloop
  endfacet
  facet normal 0.52244 -0.852676 0
    outer loop
      vertex 4.41374 81.5597 -4.5
      vertex 5.00244 81.9204 0
      vertex 4.41374 81.5597 0
    endloop
  endfacet
  facet normal 0.52244 -0.852676 0
    outer loop
      vertex 5.00244 81.9204 0
      vertex 4.41374 81.5597 -4.5
      vertex 5.00244 81.9204 -4.5
    endloop
  endfacet
  facet normal 0.760393 -0.649463 0
    outer loop
      vertex 3.44032 80.5863 0
      vertex 3.88873 81.1113 -4.5
      vertex 3.88873 81.1113 0
    endloop
  endfacet
  facet normal 0.760393 -0.649463 0
    outer loop
      vertex 3.88873 81.1113 -4.5
      vertex 3.44032 80.5863 0
      vertex 3.44032 80.5863 -4.5
    endloop
  endfacet
  facet normal -0.649426 -0.760425 0
    outer loop
      vertex 9.58626 81.5597 -4.5
      vertex 10.1113 81.1113 0
      vertex 9.58626 81.5597 0
    endloop
  endfacet
  facet normal -0.649426 -0.760425 -0
    outer loop
      vertex 10.1113 81.1113 0
      vertex 9.58626 81.5597 -4.5
      vertex 10.1113 81.1113 -4.5
    endloop
  endfacet
  facet normal 0.972369 -0.233447 0
    outer loop
      vertex 2.75 79.0875 0
      vertex 2.81535 79.3597 -4.5
      vertex 2.81535 79.3597 0
    endloop
  endfacet
  facet normal 0.972369 -0.233447 0
    outer loop
      vertex 2.81535 79.3597 -4.5
      vertex 2.75 79.0875 0
      vertex 2.75 79.0875 -4.5
    endloop
  endfacet
  facet normal -0.52244 -0.852676 0
    outer loop
      vertex 8.99756 81.9204 -4.5
      vertex 9.58626 81.5597 0
      vertex 8.99756 81.9204 0
    endloop
  endfacet
  facet normal -0.52244 -0.852676 -0
    outer loop
      vertex 9.58626 81.5597 0
      vertex 8.99756 81.9204 -4.5
      vertex 9.58626 81.5597 -4.5
    endloop
  endfacet
  facet normal 0.382661 -0.923889 0
    outer loop
      vertex 5.00244 81.9204 -4.5
      vertex 5.64032 82.1846 0
      vertex 5.00244 81.9204 0
    endloop
  endfacet
  facet normal 0.382661 -0.923889 0
    outer loop
      vertex 5.64032 82.1846 0
      vertex 5.00244 81.9204 -4.5
      vertex 5.64032 82.1846 -4.5
    endloop
  endfacet
  facet normal 0.233608 -0.972331 0
    outer loop
      vertex 5.64032 82.1846 -4.5
      vertex 5.91253 82.25 0
      vertex 5.64032 82.1846 0
    endloop
  endfacet
  facet normal 0.233608 -0.972331 0
    outer loop
      vertex 5.91253 82.25 0
      vertex 5.64032 82.1846 -4.5
      vertex 5.91253 82.25 -4.5
    endloop
  endfacet
  facet normal 0.760393 0.649463 0
    outer loop
      vertex 3.88873 74.8887 0
      vertex 3.44032 75.4137 -4.5
      vertex 3.44032 75.4137 0
    endloop
  endfacet
  facet normal 0.760393 0.649463 0
    outer loop
      vertex 3.44032 75.4137 -4.5
      vertex 3.88873 74.8887 0
      vertex 3.88873 74.8887 -4.5
    endloop
  endfacet
  facet normal 0.972369 0.233447 0
    outer loop
      vertex 2.81535 76.6403 0
      vertex 2.75 76.9125 -4.5
      vertex 2.75 76.9125 0
    endloop
  endfacet
  facet normal 0.972369 0.233447 0
    outer loop
      vertex 2.75 76.9125 -4.5
      vertex 2.81535 76.6403 0
      vertex 2.81535 76.6403 -4.5
    endloop
  endfacet
  facet normal 0.852644 -0.522492 0
    outer loop
      vertex 3.07957 79.9976 0
      vertex 3.44032 80.5863 -4.5
      vertex 3.44032 80.5863 0
    endloop
  endfacet
  facet normal 0.852644 -0.522492 0
    outer loop
      vertex 3.44032 80.5863 -4.5
      vertex 3.07957 79.9976 0
      vertex 3.07957 79.9976 -4.5
    endloop
  endfacet
  facet normal 0.923883 -0.382675 0
    outer loop
      vertex 2.81535 79.3597 0
      vertex 3.07957 79.9976 -4.5
      vertex 3.07957 79.9976 0
    endloop
  endfacet
  facet normal 0.923883 -0.382675 0
    outer loop
      vertex 3.07957 79.9976 -4.5
      vertex 2.81535 79.3597 0
      vertex 2.81535 79.3597 -4.5
    endloop
  endfacet
  facet normal -0.972653 -0.232265 0
    outer loop
      vertex 122.25 79.0875 -4.5
      vertex 122.185 79.3597 0
      vertex 122.185 79.3597 -4.5
    endloop
  endfacet
  facet normal -0.972653 -0.232265 0
    outer loop
      vertex 122.185 79.3597 0
      vertex 122.25 79.0875 -4.5
      vertex 122.25 79.0875 0
    endloop
  endfacet
  facet normal -0.759971 -0.649957 0
    outer loop
      vertex 121.56 80.5863 -4.5
      vertex 121.111 81.1113 0
      vertex 121.111 81.1113 -4.5
    endloop
  endfacet
  facet normal -0.759971 -0.649957 0
    outer loop
      vertex 121.111 81.1113 0
      vertex 121.56 80.5863 -4.5
      vertex 121.56 80.5863 0
    endloop
  endfacet
  facet normal -0.853128 -0.521702 0
    outer loop
      vertex 121.92 79.9976 -4.5
      vertex 121.56 80.5863 0
      vertex 121.56 80.5863 -4.5
    endloop
  endfacet
  facet normal -0.853128 -0.521702 0
    outer loop
      vertex 121.56 80.5863 0
      vertex 121.92 79.9976 -4.5
      vertex 121.92 79.9976 0
    endloop
  endfacet
  facet normal -0.382599 -0.923914 0
    outer loop
      vertex 119.36 82.1846 -4.5
      vertex 119.998 81.9204 0
      vertex 119.36 82.1846 0
    endloop
  endfacet
  facet normal -0.382599 -0.923914 -0
    outer loop
      vertex 119.998 81.9204 0
      vertex 119.36 82.1846 -4.5
      vertex 119.998 81.9204 -4.5
    endloop
  endfacet
  facet normal -0.923483 0.383639 0
    outer loop
      vertex 121.92 76.0024 -4.5
      vertex 122.185 76.6403 0
      vertex 122.185 76.6403 -4.5
    endloop
  endfacet
  facet normal -0.923483 0.383639 0
    outer loop
      vertex 122.185 76.6403 0
      vertex 121.92 76.0024 -4.5
      vertex 121.92 76.0024 0
    endloop
  endfacet
  facet normal 0.649454 -0.760401 0
    outer loop
      vertex 114.889 81.1113 -4.5
      vertex 115.414 81.5597 0
      vertex 114.889 81.1113 0
    endloop
  endfacet
  facet normal 0.649454 -0.760401 0
    outer loop
      vertex 115.414 81.5597 0
      vertex 114.889 81.1113 -4.5
      vertex 115.414 81.5597 -4.5
    endloop
  endfacet
  facet normal -0.232969 -0.972484 0
    outer loop
      vertex 119.087 82.25 -4.5
      vertex 119.36 82.1846 0
      vertex 119.087 82.25 0
    endloop
  endfacet
  facet normal -0.232969 -0.972484 -0
    outer loop
      vertex 119.36 82.1846 0
      vertex 119.087 82.25 -4.5
      vertex 119.36 82.1846 -4.5
    endloop
  endfacet
  facet normal -0.853128 0.521702 0
    outer loop
      vertex 121.56 75.4137 -4.5
      vertex 121.92 76.0024 0
      vertex 121.92 76.0024 -4.5
    endloop
  endfacet
  facet normal -0.853128 0.521702 0
    outer loop
      vertex 121.92 76.0024 0
      vertex 121.56 75.4137 -4.5
      vertex 121.56 75.4137 0
    endloop
  endfacet
  facet normal 0.522892 -0.852399 0
    outer loop
      vertex 115.414 81.5597 -4.5
      vertex 116.002 81.9204 0
      vertex 115.414 81.5597 0
    endloop
  endfacet
  facet normal 0.522892 -0.852399 0
    outer loop
      vertex 116.002 81.9204 0
      vertex 115.414 81.5597 -4.5
      vertex 116.002 81.9204 -4.5
    endloop
  endfacet
  facet normal 0.759969 -0.64996 0
    outer loop
      vertex 114.58 80.75 0
      vertex 114.889 81.1113 -4.5
      vertex 114.889 81.1113 0
    endloop
  endfacet
  facet normal 0.759969 -0.64996 0
    outer loop
      vertex 114.889 81.1113 -4.5
      vertex 114.58 80.75 0
      vertex 114.58 80.75 -4.5
    endloop
  endfacet
  facet normal -0.649454 -0.760401 0
    outer loop
      vertex 120.586 81.5597 -4.5
      vertex 121.111 81.1113 0
      vertex 120.586 81.5597 0
    endloop
  endfacet
  facet normal -0.649454 -0.760401 -0
    outer loop
      vertex 121.111 81.1113 0
      vertex 120.586 81.5597 -4.5
      vertex 121.111 81.1113 -4.5
    endloop
  endfacet
  facet normal -0.522892 -0.852399 0
    outer loop
      vertex 119.998 81.9204 -4.5
      vertex 120.586 81.5597 0
      vertex 119.998 81.9204 0
    endloop
  endfacet
  facet normal -0.522892 -0.852399 -0
    outer loop
      vertex 120.586 81.5597 0
      vertex 119.998 81.9204 -4.5
      vertex 120.586 81.5597 -4.5
    endloop
  endfacet
  facet normal 0.382599 -0.923914 0
    outer loop
      vertex 116.002 81.9204 -4.5
      vertex 116.64 82.1846 0
      vertex 116.002 81.9204 0
    endloop
  endfacet
  facet normal 0.382599 -0.923914 0
    outer loop
      vertex 116.64 82.1846 0
      vertex 116.002 81.9204 -4.5
      vertex 116.64 82.1846 -4.5
    endloop
  endfacet
  facet normal 0.232969 -0.972484 0
    outer loop
      vertex 116.64 82.1846 -4.5
      vertex 116.913 82.25 0
      vertex 116.64 82.1846 0
    endloop
  endfacet
  facet normal 0.232969 -0.972484 0
    outer loop
      vertex 116.913 82.25 0
      vertex 116.64 82.1846 -4.5
      vertex 116.913 82.25 -4.5
    endloop
  endfacet
  facet normal -0.759971 0.649957 0
    outer loop
      vertex 121.111 74.8887 -4.5
      vertex 121.56 75.4137 0
      vertex 121.56 75.4137 -4.5
    endloop
  endfacet
  facet normal -0.759971 0.649957 0
    outer loop
      vertex 121.56 75.4137 0
      vertex 121.111 74.8887 -4.5
      vertex 121.111 74.8887 0
    endloop
  endfacet
  facet normal -0.923483 -0.383639 0
    outer loop
      vertex 122.185 79.3597 -4.5
      vertex 121.92 79.9976 0
      vertex 121.92 79.9976 -4.5
    endloop
  endfacet
  facet normal -0.923483 -0.383639 0
    outer loop
      vertex 121.92 79.9976 0
      vertex 122.185 79.3597 -4.5
      vertex 122.185 79.3597 0
    endloop
  endfacet
  facet normal -0.972653 0.232265 0
    outer loop
      vertex 122.185 76.6403 -4.5
      vertex 122.25 76.9125 0
      vertex 122.25 76.9125 -4.5
    endloop
  endfacet
  facet normal -0.972653 0.232265 0
    outer loop
      vertex 122.25 76.9125 0
      vertex 122.185 76.6403 -4.5
      vertex 122.185 76.6403 0
    endloop
  endfacet
  facet normal -0.649663 0.760222 0
    outer loop
      vertex 121.111 74.8887 -4.5
      vertex 120.75 74.5802 0
      vertex 121.111 74.8887 0
    endloop
  endfacet
  facet normal -0.649663 0.760222 0
    outer loop
      vertex 120.75 74.5802 0
      vertex 121.111 74.8887 -4.5
      vertex 120.75 74.5802 -4.5
    endloop
  endfacet
  facet normal 0.760405 -0.649449 0
    outer loop
      vertex 5.54377 8.05801 2.4
      vertex 5.72721 8.27279 0
      vertex 5.72721 8.27279 2.4
    endloop
  endfacet
  facet normal 0.760405 -0.649449 0
    outer loop
      vertex 5.72721 8.27279 0
      vertex 5.54377 8.05801 2.4
      vertex 5.54377 8.05801 0
    endloop
  endfacet
  facet normal -0.0784562 0.996918 0
    outer loop
      vertex 7.28158 5.22216 0
      vertex 7 5.2 2.4
      vertex 7.28158 5.22216 2.4
    endloop
  endfacet
  facet normal -0.0784562 0.996918 0
    outer loop
      vertex 7 5.2 2.4
      vertex 7.28158 5.22216 0
      vertex 7 5.2 0
    endloop
  endfacet
  facet normal -0.972368 -0.233453 0
    outer loop
      vertex 8.77784 7.28158 0
      vertex 8.7119 7.55623 2.4
      vertex 8.7119 7.55623 0
    endloop
  endfacet
  facet normal -0.972368 -0.233453 0
    outer loop
      vertex 8.7119 7.55623 2.4
      vertex 8.77784 7.28158 0
      vertex 8.77784 7.28158 2.4
    endloop
  endfacet
  facet normal -0.852641 0.522496 0
    outer loop
      vertex 8.45623 5.94199 0
      vertex 8.60381 6.18282 2.4
      vertex 8.60381 6.18282 0
    endloop
  endfacet
  facet normal -0.852641 0.522496 0
    outer loop
      vertex 8.60381 6.18282 2.4
      vertex 8.45623 5.94199 0
      vertex 8.45623 5.94199 2.4
    endloop
  endfacet
  facet normal -0.233453 -0.972368 0
    outer loop
      vertex 7.28158 8.77784 0
      vertex 7.55623 8.7119 2.4
      vertex 7.28158 8.77784 2.4
    endloop
  endfacet
  facet normal -0.233453 -0.972368 -0
    outer loop
      vertex 7.55623 8.7119 2.4
      vertex 7.28158 8.77784 0
      vertex 7.55623 8.7119 0
    endloop
  endfacet
  facet normal 0.233453 0.972368 -0
    outer loop
      vertex 6.71842 5.22216 0
      vertex 6.44377 5.2881 2.4
      vertex 6.71842 5.22216 2.4
    endloop
  endfacet
  facet normal 0.233453 0.972368 0
    outer loop
      vertex 6.44377 5.2881 2.4
      vertex 6.71842 5.22216 0
      vertex 6.44377 5.2881 0
    endloop
  endfacet
  facet normal 0.996918 -0.0784562 0
    outer loop
      vertex 5.2 7 2.4
      vertex 5.22216 7.28158 0
      vertex 5.22216 7.28158 2.4
    endloop
  endfacet
  facet normal 0.996918 -0.0784562 0
    outer loop
      vertex 5.22216 7.28158 0
      vertex 5.2 7 2.4
      vertex 5.2 7 0
    endloop
  endfacet
  facet normal 0.0784562 -0.996918 0
    outer loop
      vertex 6.71842 8.77784 0
      vertex 7 8.8 2.4
      vertex 6.71842 8.77784 2.4
    endloop
  endfacet
  facet normal 0.0784562 -0.996918 0
    outer loop
      vertex 7 8.8 2.4
      vertex 6.71842 8.77784 0
      vertex 7 8.8 0
    endloop
  endfacet
  facet normal 0.233453 -0.972368 0
    outer loop
      vertex 6.44377 8.7119 0
      vertex 6.71842 8.77784 2.4
      vertex 6.44377 8.7119 2.4
    endloop
  endfacet
  facet normal 0.233453 -0.972368 0
    outer loop
      vertex 6.71842 8.77784 2.4
      vertex 6.44377 8.7119 0
      vertex 6.71842 8.77784 0
    endloop
  endfacet
  facet normal 0.972368 -0.233453 0
    outer loop
      vertex 5.22216 7.28158 2.4
      vertex 5.2881 7.55623 0
      vertex 5.2881 7.55623 2.4
    endloop
  endfacet
  facet normal 0.972368 -0.233453 0
    outer loop
      vertex 5.2881 7.55623 0
      vertex 5.22216 7.28158 2.4
      vertex 5.22216 7.28158 0
    endloop
  endfacet
  facet normal -0.649449 -0.760405 0
    outer loop
      vertex 8.05801 8.45623 0
      vertex 8.27279 8.27279 2.4
      vertex 8.05801 8.45623 2.4
    endloop
  endfacet
  facet normal -0.649449 -0.760405 -0
    outer loop
      vertex 8.27279 8.27279 2.4
      vertex 8.05801 8.45623 0
      vertex 8.27279 8.27279 0
    endloop
  endfacet
  facet normal 0.972368 0.233453 0
    outer loop
      vertex 5.2881 6.44377 2.4
      vertex 5.22216 6.71842 0
      vertex 5.22216 6.71842 2.4
    endloop
  endfacet
  facet normal 0.972368 0.233453 0
    outer loop
      vertex 5.22216 6.71842 0
      vertex 5.2881 6.44377 2.4
      vertex 5.2881 6.44377 0
    endloop
  endfacet
  facet normal -0.923878 -0.382686 0
    outer loop
      vertex 8.7119 7.55623 0
      vertex 8.60381 7.81718 2.4
      vertex 8.60381 7.81718 0
    endloop
  endfacet
  facet normal -0.923878 -0.382686 0
    outer loop
      vertex 8.60381 7.81718 2.4
      vertex 8.7119 7.55623 0
      vertex 8.7119 7.55623 2.4
    endloop
  endfacet
  facet normal -0.996918 -0.0784562 0
    outer loop
      vertex 8.8 7 0
      vertex 8.77784 7.28158 2.4
      vertex 8.77784 7.28158 0
    endloop
  endfacet
  facet normal -0.996918 -0.0784562 0
    outer loop
      vertex 8.77784 7.28158 2.4
      vertex 8.8 7 0
      vertex 8.8 7 2.4
    endloop
  endfacet
  facet normal -0.522496 -0.852641 0
    outer loop
      vertex 7.81718 8.60381 0
      vertex 8.05801 8.45623 2.4
      vertex 7.81718 8.60381 2.4
    endloop
  endfacet
  facet normal -0.522496 -0.852641 -0
    outer loop
      vertex 8.05801 8.45623 2.4
      vertex 7.81718 8.60381 0
      vertex 8.05801 8.45623 0
    endloop
  endfacet
  facet normal -0.852641 -0.522496 0
    outer loop
      vertex 8.60381 7.81718 0
      vertex 8.45623 8.05801 2.4
      vertex 8.45623 8.05801 0
    endloop
  endfacet
  facet normal -0.852641 -0.522496 0
    outer loop
      vertex 8.45623 8.05801 2.4
      vertex 8.60381 7.81718 0
      vertex 8.60381 7.81718 2.4
    endloop
  endfacet
  facet normal -0.996918 0.0784562 0
    outer loop
      vertex 8.77784 6.71842 0
      vertex 8.8 7 2.4
      vertex 8.8 7 0
    endloop
  endfacet
  facet normal -0.996918 0.0784562 0
    outer loop
      vertex 8.8 7 2.4
      vertex 8.77784 6.71842 0
      vertex 8.77784 6.71842 2.4
    endloop
  endfacet
  facet normal -0.522496 0.852641 0
    outer loop
      vertex 8.05801 5.54377 0
      vertex 7.81718 5.39619 2.4
      vertex 8.05801 5.54377 2.4
    endloop
  endfacet
  facet normal -0.522496 0.852641 0
    outer loop
      vertex 7.81718 5.39619 2.4
      vertex 8.05801 5.54377 0
      vertex 7.81718 5.39619 0
    endloop
  endfacet
  facet normal -0.972368 0.233453 0
    outer loop
      vertex 8.7119 6.44377 0
      vertex 8.77784 6.71842 2.4
      vertex 8.77784 6.71842 0
    endloop
  endfacet
  facet normal -0.972368 0.233453 0
    outer loop
      vertex 8.77784 6.71842 2.4
      vertex 8.7119 6.44377 0
      vertex 8.7119 6.44377 2.4
    endloop
  endfacet
  facet normal -0.760405 -0.649449 0
    outer loop
      vertex 8.45623 8.05801 0
      vertex 8.27279 8.27279 2.4
      vertex 8.27279 8.27279 0
    endloop
  endfacet
  facet normal -0.760405 -0.649449 0
    outer loop
      vertex 8.27279 8.27279 2.4
      vertex 8.45623 8.05801 0
      vertex 8.45623 8.05801 2.4
    endloop
  endfacet
  facet normal -0.760405 0.649449 0
    outer loop
      vertex 8.27279 5.72721 0
      vertex 8.45623 5.94199 2.4
      vertex 8.45623 5.94199 0
    endloop
  endfacet
  facet normal -0.760405 0.649449 0
    outer loop
      vertex 8.45623 5.94199 2.4
      vertex 8.27279 5.72721 0
      vertex 8.27279 5.72721 2.4
    endloop
  endfacet
  facet normal 0.649449 -0.760405 0
    outer loop
      vertex 5.72721 8.27279 0
      vertex 5.94199 8.45623 2.4
      vertex 5.72721 8.27279 2.4
    endloop
  endfacet
  facet normal 0.649449 -0.760405 0
    outer loop
      vertex 5.94199 8.45623 2.4
      vertex 5.72721 8.27279 0
      vertex 5.94199 8.45623 0
    endloop
  endfacet
  facet normal -0.382686 -0.923878 0
    outer loop
      vertex 7.55623 8.7119 0
      vertex 7.81718 8.60381 2.4
      vertex 7.55623 8.7119 2.4
    endloop
  endfacet
  facet normal -0.382686 -0.923878 -0
    outer loop
      vertex 7.81718 8.60381 2.4
      vertex 7.55623 8.7119 0
      vertex 7.81718 8.60381 0
    endloop
  endfacet
  facet normal 0.522496 0.852641 -0
    outer loop
      vertex 6.18282 5.39619 0
      vertex 5.94199 5.54377 2.4
      vertex 6.18282 5.39619 2.4
    endloop
  endfacet
  facet normal 0.522496 0.852641 0
    outer loop
      vertex 5.94199 5.54377 2.4
      vertex 6.18282 5.39619 0
      vertex 5.94199 5.54377 0
    endloop
  endfacet
  facet normal 0.522496 -0.852641 0
    outer loop
      vertex 5.94199 8.45623 0
      vertex 6.18282 8.60381 2.4
      vertex 5.94199 8.45623 2.4
    endloop
  endfacet
  facet normal 0.522496 -0.852641 0
    outer loop
      vertex 6.18282 8.60381 2.4
      vertex 5.94199 8.45623 0
      vertex 6.18282 8.60381 0
    endloop
  endfacet
  facet normal -0.649449 0.760405 0
    outer loop
      vertex 8.27279 5.72721 0
      vertex 8.05801 5.54377 2.4
      vertex 8.27279 5.72721 2.4
    endloop
  endfacet
  facet normal -0.649449 0.760405 0
    outer loop
      vertex 8.05801 5.54377 2.4
      vertex 8.27279 5.72721 0
      vertex 8.05801 5.54377 0
    endloop
  endfacet
  facet normal 0.382686 -0.923878 0
    outer loop
      vertex 6.18282 8.60381 0
      vertex 6.44377 8.7119 2.4
      vertex 6.18282 8.60381 2.4
    endloop
  endfacet
  facet normal 0.382686 -0.923878 0
    outer loop
      vertex 6.44377 8.7119 2.4
      vertex 6.18282 8.60381 0
      vertex 6.44377 8.7119 0
    endloop
  endfacet
  facet normal 0.382686 0.923878 -0
    outer loop
      vertex 6.44377 5.2881 0
      vertex 6.18282 5.39619 2.4
      vertex 6.44377 5.2881 2.4
    endloop
  endfacet
  facet normal 0.382686 0.923878 0
    outer loop
      vertex 6.18282 5.39619 2.4
      vertex 6.44377 5.2881 0
      vertex 6.18282 5.39619 0
    endloop
  endfacet
  facet normal 0.760405 0.649449 0
    outer loop
      vertex 5.72721 5.72721 2.4
      vertex 5.54377 5.94199 0
      vertex 5.54377 5.94199 2.4
    endloop
  endfacet
  facet normal 0.760405 0.649449 0
    outer loop
      vertex 5.54377 5.94199 0
      vertex 5.72721 5.72721 2.4
      vertex 5.72721 5.72721 0
    endloop
  endfacet
  facet normal -0.923878 0.382686 0
    outer loop
      vertex 8.60381 6.18282 0
      vertex 8.7119 6.44377 2.4
      vertex 8.7119 6.44377 0
    endloop
  endfacet
  facet normal -0.923878 0.382686 0
    outer loop
      vertex 8.7119 6.44377 2.4
      vertex 8.60381 6.18282 0
      vertex 8.60381 6.18282 2.4
    endloop
  endfacet
  facet normal 0.996918 0.0784562 0
    outer loop
      vertex 5.22216 6.71842 2.4
      vertex 5.2 7 0
      vertex 5.2 7 2.4
    endloop
  endfacet
  facet normal 0.996918 0.0784562 0
    outer loop
      vertex 5.2 7 0
      vertex 5.22216 6.71842 2.4
      vertex 5.22216 6.71842 0
    endloop
  endfacet
  facet normal 0.852641 -0.522496 0
    outer loop
      vertex 5.39619 7.81718 2.4
      vertex 5.54377 8.05801 0
      vertex 5.54377 8.05801 2.4
    endloop
  endfacet
  facet normal 0.852641 -0.522496 0
    outer loop
      vertex 5.54377 8.05801 0
      vertex 5.39619 7.81718 2.4
      vertex 5.39619 7.81718 0
    endloop
  endfacet
  facet normal -0.233453 0.972368 0
    outer loop
      vertex 7.55623 5.2881 0
      vertex 7.28158 5.22216 2.4
      vertex 7.55623 5.2881 2.4
    endloop
  endfacet
  facet normal -0.233453 0.972368 0
    outer loop
      vertex 7.28158 5.22216 2.4
      vertex 7.55623 5.2881 0
      vertex 7.28158 5.22216 0
    endloop
  endfacet
  facet normal -0.382686 0.923878 0
    outer loop
      vertex 7.81718 5.39619 0
      vertex 7.55623 5.2881 2.4
      vertex 7.81718 5.39619 2.4
    endloop
  endfacet
  facet normal -0.382686 0.923878 0
    outer loop
      vertex 7.55623 5.2881 2.4
      vertex 7.81718 5.39619 0
      vertex 7.55623 5.2881 0
    endloop
  endfacet
  facet normal 0.649449 0.760405 -0
    outer loop
      vertex 5.94199 5.54377 0
      vertex 5.72721 5.72721 2.4
      vertex 5.94199 5.54377 2.4
    endloop
  endfacet
  facet normal 0.649449 0.760405 0
    outer loop
      vertex 5.72721 5.72721 2.4
      vertex 5.94199 5.54377 0
      vertex 5.72721 5.72721 0
    endloop
  endfacet
  facet normal 0.923878 -0.382686 0
    outer loop
      vertex 5.2881 7.55623 2.4
      vertex 5.39619 7.81718 0
      vertex 5.39619 7.81718 2.4
    endloop
  endfacet
  facet normal 0.923878 -0.382686 0
    outer loop
      vertex 5.39619 7.81718 0
      vertex 5.2881 7.55623 2.4
      vertex 5.2881 7.55623 0
    endloop
  endfacet
  facet normal 0.0784562 0.996918 -0
    outer loop
      vertex 7 5.2 0
      vertex 6.71842 5.22216 2.4
      vertex 7 5.2 2.4
    endloop
  endfacet
  facet normal 0.0784562 0.996918 0
    outer loop
      vertex 6.71842 5.22216 2.4
      vertex 7 5.2 0
      vertex 6.71842 5.22216 0
    endloop
  endfacet
  facet normal 0.923878 0.382686 0
    outer loop
      vertex 5.39619 6.18282 2.4
      vertex 5.2881 6.44377 0
      vertex 5.2881 6.44377 2.4
    endloop
  endfacet
  facet normal 0.923878 0.382686 0
    outer loop
      vertex 5.2881 6.44377 0
      vertex 5.39619 6.18282 2.4
      vertex 5.39619 6.18282 0
    endloop
  endfacet
  facet normal 0.852641 0.522496 0
    outer loop
      vertex 5.54377 5.94199 2.4
      vertex 5.39619 6.18282 0
      vertex 5.39619 6.18282 2.4
    endloop
  endfacet
  facet normal 0.852641 0.522496 0
    outer loop
      vertex 5.39619 6.18282 0
      vertex 5.54377 5.94199 2.4
      vertex 5.54377 5.94199 0
    endloop
  endfacet
  facet normal -0.0784562 -0.996918 0
    outer loop
      vertex 7 8.8 0
      vertex 7.28158 8.77784 2.4
      vertex 7 8.8 2.4
    endloop
  endfacet
  facet normal -0.0784562 -0.996918 -0
    outer loop
      vertex 7.28158 8.77784 2.4
      vertex 7 8.8 0
      vertex 7.28158 8.77784 0
    endloop
  endfacet
  facet normal -0.97232 -0.233654 0
    outer loop
      vertex 119.778 7.28158 0
      vertex 119.712 7.55623 2.4
      vertex 119.712 7.55623 0
    endloop
  endfacet
  facet normal -0.97232 -0.233654 0
    outer loop
      vertex 119.712 7.55623 2.4
      vertex 119.778 7.28158 0
      vertex 119.778 7.28158 2.4
    endloop
  endfacet
  facet normal -0.996962 -0.0778932 0
    outer loop
      vertex 119.8 7 0
      vertex 119.778 7.28158 2.4
      vertex 119.778 7.28158 0
    endloop
  endfacet
  facet normal -0.996962 -0.0778932 0
    outer loop
      vertex 119.778 7.28158 2.4
      vertex 119.8 7 0
      vertex 119.8 7 2.4
    endloop
  endfacet
  facet normal -0.761175 -0.648547 0
    outer loop
      vertex 119.456 8.05801 0
      vertex 119.273 8.27279 2.4
      vertex 119.273 8.27279 0
    endloop
  endfacet
  facet normal -0.761175 -0.648547 0
    outer loop
      vertex 119.273 8.27279 2.4
      vertex 119.456 8.05801 0
      vertex 119.456 8.05801 2.4
    endloop
  endfacet
  facet normal 0.923991 0.382414 0
    outer loop
      vertex 116.396 6.18282 2.4
      vertex 116.288 6.44377 0
      vertex 116.288 6.44377 2.4
    endloop
  endfacet
  facet normal 0.923991 0.382414 0
    outer loop
      vertex 116.288 6.44377 0
      vertex 116.396 6.18282 2.4
      vertex 116.396 6.18282 0
    endloop
  endfacet
  facet normal 0.761175 0.648547 0
    outer loop
      vertex 116.727 5.72721 2.4
      vertex 116.544 5.94199 0
      vertex 116.544 5.94199 2.4
    endloop
  endfacet
  facet normal 0.761175 0.648547 0
    outer loop
      vertex 116.544 5.94199 0
      vertex 116.727 5.72721 2.4
      vertex 116.727 5.72721 0
    endloop
  endfacet
  facet normal -0.996962 0.0778932 0
    outer loop
      vertex 119.778 6.71842 0
      vertex 119.8 7 2.4
      vertex 119.8 7 0
    endloop
  endfacet
  facet normal -0.996962 0.0778932 0
    outer loop
      vertex 119.8 7 2.4
      vertex 119.778 6.71842 0
      vertex 119.778 6.71842 2.4
    endloop
  endfacet
  facet normal 0.761175 -0.648547 0
    outer loop
      vertex 116.544 8.05801 2.4
      vertex 116.727 8.27279 0
      vertex 116.727 8.27279 2.4
    endloop
  endfacet
  facet normal 0.761175 -0.648547 0
    outer loop
      vertex 116.727 8.27279 0
      vertex 116.544 8.05801 2.4
      vertex 116.544 8.05801 0
    endloop
  endfacet
  facet normal 0.97232 0.233654 0
    outer loop
      vertex 116.288 6.44377 2.4
      vertex 116.222 6.71842 0
      vertex 116.222 6.71842 2.4
    endloop
  endfacet
  facet normal 0.97232 0.233654 0
    outer loop
      vertex 116.222 6.71842 0
      vertex 116.288 6.44377 2.4
      vertex 116.288 6.44377 0
    endloop
  endfacet
  facet normal 0.97232 -0.233654 0
    outer loop
      vertex 116.222 7.28158 2.4
      vertex 116.288 7.55623 0
      vertex 116.288 7.55623 2.4
    endloop
  endfacet
  facet normal 0.97232 -0.233654 0
    outer loop
      vertex 116.288 7.55623 0
      vertex 116.222 7.28158 2.4
      vertex 116.222 7.28158 0
    endloop
  endfacet
  facet normal -0.233977 -0.972242 0
    outer loop
      vertex 118.282 8.77784 0
      vertex 118.556 8.7119 2.4
      vertex 118.282 8.77784 2.4
    endloop
  endfacet
  facet normal -0.233977 -0.972242 -0
    outer loop
      vertex 118.556 8.7119 2.4
      vertex 118.282 8.77784 0
      vertex 118.556 8.7119 0
    endloop
  endfacet
  facet normal 0.382624 -0.923904 0
    outer loop
      vertex 117.183 8.60381 0
      vertex 117.444 8.7119 2.4
      vertex 117.183 8.60381 2.4
    endloop
  endfacet
  facet normal 0.382624 -0.923904 0
    outer loop
      vertex 117.444 8.7119 2.4
      vertex 117.183 8.60381 0
      vertex 117.444 8.7119 0
    endloop
  endfacet
  facet normal -0.522228 0.852806 0
    outer loop
      vertex 119.058 5.54377 0
      vertex 118.817 5.39619 2.4
      vertex 119.058 5.54377 2.4
    endloop
  endfacet
  facet normal -0.522228 0.852806 0
    outer loop
      vertex 118.817 5.39619 2.4
      vertex 119.058 5.54377 0
      vertex 118.817 5.39619 0
    endloop
  endfacet
  facet normal -0.382624 -0.923904 0
    outer loop
      vertex 118.556 8.7119 0
      vertex 118.817 8.60381 2.4
      vertex 118.556 8.7119 2.4
    endloop
  endfacet
  facet normal -0.382624 -0.923904 -0
    outer loop
      vertex 118.817 8.60381 2.4
      vertex 118.556 8.7119 0
      vertex 118.817 8.60381 0
    endloop
  endfacet
  facet normal -0.761175 0.648547 0
    outer loop
      vertex 119.273 5.72721 0
      vertex 119.456 5.94199 2.4
      vertex 119.456 5.94199 0
    endloop
  endfacet
  facet normal -0.761175 0.648547 0
    outer loop
      vertex 119.456 5.94199 2.4
      vertex 119.273 5.72721 0
      vertex 119.273 5.72721 2.4
    endloop
  endfacet
  facet normal 0.522228 -0.852806 0
    outer loop
      vertex 116.942 8.45623 0
      vertex 117.183 8.60381 2.4
      vertex 116.942 8.45623 2.4
    endloop
  endfacet
  facet normal 0.522228 -0.852806 0
    outer loop
      vertex 117.183 8.60381 2.4
      vertex 116.942 8.45623 0
      vertex 117.183 8.60381 0
    endloop
  endfacet
  facet normal -0.0783401 0.996927 0
    outer loop
      vertex 118.282 5.22216 0
      vertex 118 5.2 2.4
      vertex 118.282 5.22216 2.4
    endloop
  endfacet
  facet normal -0.0783401 0.996927 0
    outer loop
      vertex 118 5.2 2.4
      vertex 118.282 5.22216 0
      vertex 118 5.2 0
    endloop
  endfacet
  facet normal -0.233977 0.972242 0
    outer loop
      vertex 118.556 5.2881 0
      vertex 118.282 5.22216 2.4
      vertex 118.556 5.2881 2.4
    endloop
  endfacet
  facet normal -0.233977 0.972242 0
    outer loop
      vertex 118.282 5.22216 2.4
      vertex 118.556 5.2881 0
      vertex 118.282 5.22216 0
    endloop
  endfacet
  facet normal 0.382624 0.923904 -0
    outer loop
      vertex 117.444 5.2881 0
      vertex 117.183 5.39619 2.4
      vertex 117.444 5.2881 2.4
    endloop
  endfacet
  facet normal 0.382624 0.923904 0
    outer loop
      vertex 117.183 5.39619 2.4
      vertex 117.444 5.2881 0
      vertex 117.183 5.39619 0
    endloop
  endfacet
  facet normal -0.851979 0.523576 0
    outer loop
      vertex 119.456 5.94199 0
      vertex 119.604 6.18282 2.4
      vertex 119.604 6.18282 0
    endloop
  endfacet
  facet normal -0.851979 0.523576 0
    outer loop
      vertex 119.604 6.18282 2.4
      vertex 119.456 5.94199 0
      vertex 119.456 5.94199 2.4
    endloop
  endfacet
  facet normal 0.233977 0.972242 -0
    outer loop
      vertex 117.718 5.22216 0
      vertex 117.444 5.2881 2.4
      vertex 117.718 5.22216 2.4
    endloop
  endfacet
  facet normal 0.233977 0.972242 0
    outer loop
      vertex 117.444 5.2881 2.4
      vertex 117.718 5.22216 0
      vertex 117.444 5.2881 0
    endloop
  endfacet
  facet normal -0.97232 0.233654 0
    outer loop
      vertex 119.712 6.44377 0
      vertex 119.778 6.71842 2.4
      vertex 119.778 6.71842 0
    endloop
  endfacet
  facet normal -0.97232 0.233654 0
    outer loop
      vertex 119.778 6.71842 2.4
      vertex 119.712 6.44377 0
      vertex 119.712 6.44377 2.4
    endloop
  endfacet
  facet normal -0.923991 0.382414 0
    outer loop
      vertex 119.604 6.18282 0
      vertex 119.712 6.44377 2.4
      vertex 119.712 6.44377 0
    endloop
  endfacet
  facet normal -0.923991 0.382414 0
    outer loop
      vertex 119.712 6.44377 2.4
      vertex 119.604 6.18282 0
      vertex 119.604 6.18282 2.4
    endloop
  endfacet
  facet normal 0.0783401 0.996927 -0
    outer loop
      vertex 118 5.2 0
      vertex 117.718 5.22216 2.4
      vertex 118 5.2 2.4
    endloop
  endfacet
  facet normal 0.0783401 0.996927 0
    outer loop
      vertex 117.718 5.22216 2.4
      vertex 118 5.2 0
      vertex 117.718 5.22216 0
    endloop
  endfacet
  facet normal -0.851979 -0.523576 0
    outer loop
      vertex 119.604 7.81718 0
      vertex 119.456 8.05801 2.4
      vertex 119.456 8.05801 0
    endloop
  endfacet
  facet normal -0.851979 -0.523576 0
    outer loop
      vertex 119.456 8.05801 2.4
      vertex 119.604 7.81718 0
      vertex 119.604 7.81718 2.4
    endloop
  endfacet
  facet normal -0.649065 0.760733 0
    outer loop
      vertex 119.273 5.72721 0
      vertex 119.058 5.54377 2.4
      vertex 119.273 5.72721 2.4
    endloop
  endfacet
  facet normal -0.649065 0.760733 0
    outer loop
      vertex 119.058 5.54377 2.4
      vertex 119.273 5.72721 0
      vertex 119.058 5.54377 0
    endloop
  endfacet
  facet normal 0.996962 -0.0778932 0
    outer loop
      vertex 116.2 7 2.4
      vertex 116.222 7.28158 0
      vertex 116.222 7.28158 2.4
    endloop
  endfacet
  facet normal 0.996962 -0.0778932 0
    outer loop
      vertex 116.222 7.28158 0
      vertex 116.2 7 2.4
      vertex 116.2 7 0
    endloop
  endfacet
  facet normal 0.649065 -0.760733 0
    outer loop
      vertex 116.727 8.27279 0
      vertex 116.942 8.45623 2.4
      vertex 116.727 8.27279 2.4
    endloop
  endfacet
  facet normal 0.649065 -0.760733 0
    outer loop
      vertex 116.942 8.45623 2.4
      vertex 116.727 8.27279 0
      vertex 116.942 8.45623 0
    endloop
  endfacet
  facet normal -0.649065 -0.760733 0
    outer loop
      vertex 119.058 8.45623 0
      vertex 119.273 8.27279 2.4
      vertex 119.058 8.45623 2.4
    endloop
  endfacet
  facet normal -0.649065 -0.760733 -0
    outer loop
      vertex 119.273 8.27279 2.4
      vertex 119.058 8.45623 0
      vertex 119.273 8.27279 0
    endloop
  endfacet
  facet normal -0.382624 0.923904 0
    outer loop
      vertex 118.817 5.39619 0
      vertex 118.556 5.2881 2.4
      vertex 118.817 5.39619 2.4
    endloop
  endfacet
  facet normal -0.382624 0.923904 0
    outer loop
      vertex 118.556 5.2881 2.4
      vertex 118.817 5.39619 0
      vertex 118.556 5.2881 0
    endloop
  endfacet
  facet normal -0.522228 -0.852806 0
    outer loop
      vertex 118.817 8.60381 0
      vertex 119.058 8.45623 2.4
      vertex 118.817 8.60381 2.4
    endloop
  endfacet
  facet normal -0.522228 -0.852806 -0
    outer loop
      vertex 119.058 8.45623 2.4
      vertex 118.817 8.60381 0
      vertex 119.058 8.45623 0
    endloop
  endfacet
  facet normal 0.233977 -0.972242 0
    outer loop
      vertex 117.444 8.7119 0
      vertex 117.718 8.77784 2.4
      vertex 117.444 8.7119 2.4
    endloop
  endfacet
  facet normal 0.233977 -0.972242 0
    outer loop
      vertex 117.718 8.77784 2.4
      vertex 117.444 8.7119 0
      vertex 117.718 8.77784 0
    endloop
  endfacet
  facet normal 0.0783401 -0.996927 0
    outer loop
      vertex 117.718 8.77784 0
      vertex 118 8.8 2.4
      vertex 117.718 8.77784 2.4
    endloop
  endfacet
  facet normal 0.0783401 -0.996927 0
    outer loop
      vertex 118 8.8 2.4
      vertex 117.718 8.77784 0
      vertex 118 8.8 0
    endloop
  endfacet
  facet normal 0.996962 0.0778932 0
    outer loop
      vertex 116.222 6.71842 2.4
      vertex 116.2 7 0
      vertex 116.2 7 2.4
    endloop
  endfacet
  facet normal 0.996962 0.0778932 0
    outer loop
      vertex 116.2 7 0
      vertex 116.222 6.71842 2.4
      vertex 116.222 6.71842 0
    endloop
  endfacet
  facet normal -0.923991 -0.382414 0
    outer loop
      vertex 119.712 7.55623 0
      vertex 119.604 7.81718 2.4
      vertex 119.604 7.81718 0
    endloop
  endfacet
  facet normal -0.923991 -0.382414 0
    outer loop
      vertex 119.604 7.81718 2.4
      vertex 119.712 7.55623 0
      vertex 119.712 7.55623 2.4
    endloop
  endfacet
  facet normal 0.851979 -0.523576 0
    outer loop
      vertex 116.396 7.81718 2.4
      vertex 116.544 8.05801 0
      vertex 116.544 8.05801 2.4
    endloop
  endfacet
  facet normal 0.851979 -0.523576 0
    outer loop
      vertex 116.544 8.05801 0
      vertex 116.396 7.81718 2.4
      vertex 116.396 7.81718 0
    endloop
  endfacet
  facet normal -0.0783401 -0.996927 0
    outer loop
      vertex 118 8.8 0
      vertex 118.282 8.77784 2.4
      vertex 118 8.8 2.4
    endloop
  endfacet
  facet normal -0.0783401 -0.996927 -0
    outer loop
      vertex 118.282 8.77784 2.4
      vertex 118 8.8 0
      vertex 118.282 8.77784 0
    endloop
  endfacet
  facet normal 0.851979 0.523576 0
    outer loop
      vertex 116.544 5.94199 2.4
      vertex 116.396 6.18282 0
      vertex 116.396 6.18282 2.4
    endloop
  endfacet
  facet normal 0.851979 0.523576 0
    outer loop
      vertex 116.396 6.18282 0
      vertex 116.544 5.94199 2.4
      vertex 116.544 5.94199 0
    endloop
  endfacet
  facet normal 0.649065 0.760733 -0
    outer loop
      vertex 116.942 5.54377 0
      vertex 116.727 5.72721 2.4
      vertex 116.942 5.54377 2.4
    endloop
  endfacet
  facet normal 0.649065 0.760733 0
    outer loop
      vertex 116.727 5.72721 2.4
      vertex 116.942 5.54377 0
      vertex 116.727 5.72721 0
    endloop
  endfacet
  facet normal 0.923991 -0.382414 0
    outer loop
      vertex 116.288 7.55623 2.4
      vertex 116.396 7.81718 0
      vertex 116.396 7.81718 2.4
    endloop
  endfacet
  facet normal 0.923991 -0.382414 0
    outer loop
      vertex 116.396 7.81718 0
      vertex 116.288 7.55623 2.4
      vertex 116.288 7.55623 0
    endloop
  endfacet
  facet normal 0.522228 0.852806 -0
    outer loop
      vertex 117.183 5.39619 0
      vertex 116.942 5.54377 2.4
      vertex 117.183 5.39619 2.4
    endloop
  endfacet
  facet normal 0.522228 0.852806 0
    outer loop
      vertex 116.942 5.54377 2.4
      vertex 117.183 5.39619 0
      vertex 116.942 5.54377 0
    endloop
  endfacet
  facet normal 0.760435 -0.649414 0
    outer loop
      vertex 5.54377 79.058 2.4
      vertex 5.72721 79.2728 0
      vertex 5.72721 79.2728 2.4
    endloop
  endfacet
  facet normal 0.760435 -0.649414 0
    outer loop
      vertex 5.72721 79.2728 0
      vertex 5.54377 79.058 2.4
      vertex 5.54377 79.058 0
    endloop
  endfacet
  facet normal -0.0785969 0.996906 0
    outer loop
      vertex 7.28158 76.2222 0
      vertex 7 76.2 2.4
      vertex 7.28158 76.2222 2.4
    endloop
  endfacet
  facet normal -0.0785969 0.996906 0
    outer loop
      vertex 7 76.2 2.4
      vertex 7.28158 76.2222 0
      vertex 7 76.2 0
    endloop
  endfacet
  facet normal -0.972358 -0.233493 0
    outer loop
      vertex 8.77784 78.2816 0
      vertex 8.7119 78.5562 2.4
      vertex 8.7119 78.5562 0
    endloop
  endfacet
  facet normal -0.972358 -0.233493 0
    outer loop
      vertex 8.7119 78.5562 2.4
      vertex 8.77784 78.2816 0
      vertex 8.77784 78.2816 2.4
    endloop
  endfacet
  facet normal -0.852612 0.522544 0
    outer loop
      vertex 8.45623 76.942 0
      vertex 8.60381 77.1828 2.4
      vertex 8.60381 77.1828 0
    endloop
  endfacet
  facet normal -0.852612 0.522544 0
    outer loop
      vertex 8.60381 77.1828 2.4
      vertex 8.45623 76.942 0
      vertex 8.45623 76.942 2.4
    endloop
  endfacet
  facet normal -0.233319 -0.9724 0
    outer loop
      vertex 7.28158 79.7778 0
      vertex 7.55623 79.7119 2.4
      vertex 7.28158 79.7778 2.4
    endloop
  endfacet
  facet normal -0.233319 -0.9724 -0
    outer loop
      vertex 7.55623 79.7119 2.4
      vertex 7.28158 79.7778 0
      vertex 7.55623 79.7119 0
    endloop
  endfacet
  facet normal 0.233319 0.9724 -0
    outer loop
      vertex 6.71842 76.2222 0
      vertex 6.44377 76.2881 2.4
      vertex 6.71842 76.2222 2.4
    endloop
  endfacet
  facet normal 0.233319 0.9724 0
    outer loop
      vertex 6.44377 76.2881 2.4
      vertex 6.71842 76.2222 0
      vertex 6.44377 76.2881 0
    endloop
  endfacet
  facet normal 0.996918 -0.0784506 0
    outer loop
      vertex 5.2 78 2.4
      vertex 5.22216 78.2816 0
      vertex 5.22216 78.2816 2.4
    endloop
  endfacet
  facet normal 0.996918 -0.0784506 0
    outer loop
      vertex 5.22216 78.2816 0
      vertex 5.2 78 2.4
      vertex 5.2 78 0
    endloop
  endfacet
  facet normal 0.0785969 -0.996906 0
    outer loop
      vertex 6.71842 79.7778 0
      vertex 7 79.8 2.4
      vertex 6.71842 79.7778 2.4
    endloop
  endfacet
  facet normal 0.0785969 -0.996906 0
    outer loop
      vertex 7 79.8 2.4
      vertex 6.71842 79.7778 0
      vertex 7 79.8 0
    endloop
  endfacet
  facet normal 0.233319 -0.9724 0
    outer loop
      vertex 6.44377 79.7119 0
      vertex 6.71842 79.7778 2.4
      vertex 6.44377 79.7119 2.4
    endloop
  endfacet
  facet normal 0.233319 -0.9724 0
    outer loop
      vertex 6.71842 79.7778 2.4
      vertex 6.44377 79.7119 0
      vertex 6.71842 79.7778 0
    endloop
  endfacet
  facet normal 0.972358 -0.233493 0
    outer loop
      vertex 5.22216 78.2816 2.4
      vertex 5.2881 78.5562 0
      vertex 5.2881 78.5562 2.4
    endloop
  endfacet
  facet normal 0.972358 -0.233493 0
    outer loop
      vertex 5.2881 78.5562 0
      vertex 5.22216 78.2816 2.4
      vertex 5.22216 78.2816 0
    endloop
  endfacet
  facet normal -0.649367 -0.760475 0
    outer loop
      vertex 8.05801 79.4562 0
      vertex 8.27279 79.2728 2.4
      vertex 8.05801 79.4562 2.4
    endloop
  endfacet
  facet normal -0.649367 -0.760475 -0
    outer loop
      vertex 8.27279 79.2728 2.4
      vertex 8.05801 79.4562 0
      vertex 8.27279 79.2728 0
    endloop
  endfacet
  facet normal 0.972358 0.233493 0
    outer loop
      vertex 5.2881 77.4438 2.4
      vertex 5.22216 77.7184 0
      vertex 5.22216 77.7184 2.4
    endloop
  endfacet
  facet normal 0.972358 0.233493 0
    outer loop
      vertex 5.22216 77.7184 0
      vertex 5.2881 77.4438 2.4
      vertex 5.2881 77.4438 0
    endloop
  endfacet
  facet normal -0.923904 -0.382624 0
    outer loop
      vertex 8.7119 78.5562 0
      vertex 8.60381 78.8172 2.4
      vertex 8.60381 78.8172 0
    endloop
  endfacet
  facet normal -0.923904 -0.382624 0
    outer loop
      vertex 8.60381 78.8172 2.4
      vertex 8.7119 78.5562 0
      vertex 8.7119 78.5562 2.4
    endloop
  endfacet
  facet normal -0.996918 -0.0784506 0
    outer loop
      vertex 8.8 78 0
      vertex 8.77784 78.2816 2.4
      vertex 8.77784 78.2816 0
    endloop
  endfacet
  facet normal -0.996918 -0.0784506 0
    outer loop
      vertex 8.77784 78.2816 2.4
      vertex 8.8 78 0
      vertex 8.8 78 2.4
    endloop
  endfacet
  facet normal -0.522548 -0.85261 0
    outer loop
      vertex 7.81718 79.6038 0
      vertex 8.05801 79.4562 2.4
      vertex 7.81718 79.6038 2.4
    endloop
  endfacet
  facet normal -0.522548 -0.85261 -0
    outer loop
      vertex 8.05801 79.4562 2.4
      vertex 7.81718 79.6038 0
      vertex 8.05801 79.4562 0
    endloop
  endfacet
  facet normal -0.852612 -0.522544 0
    outer loop
      vertex 8.60381 78.8172 0
      vertex 8.45623 79.058 2.4
      vertex 8.45623 79.058 0
    endloop
  endfacet
  facet normal -0.852612 -0.522544 0
    outer loop
      vertex 8.45623 79.058 2.4
      vertex 8.60381 78.8172 0
      vertex 8.60381 78.8172 2.4
    endloop
  endfacet
  facet normal -0.996918 0.0784506 0
    outer loop
      vertex 8.77784 77.7184 0
      vertex 8.8 78 2.4
      vertex 8.8 78 0
    endloop
  endfacet
  facet normal -0.996918 0.0784506 0
    outer loop
      vertex 8.8 78 2.4
      vertex 8.77784 77.7184 0
      vertex 8.77784 77.7184 2.4
    endloop
  endfacet
  facet normal -0.522548 0.85261 0
    outer loop
      vertex 8.05801 76.5438 0
      vertex 7.81718 76.3962 2.4
      vertex 8.05801 76.5438 2.4
    endloop
  endfacet
  facet normal -0.522548 0.85261 0
    outer loop
      vertex 7.81718 76.3962 2.4
      vertex 8.05801 76.5438 0
      vertex 7.81718 76.3962 0
    endloop
  endfacet
  facet normal -0.972358 0.233493 0
    outer loop
      vertex 8.7119 77.4438 0
      vertex 8.77784 77.7184 2.4
      vertex 8.77784 77.7184 0
    endloop
  endfacet
  facet normal -0.972358 0.233493 0
    outer loop
      vertex 8.77784 77.7184 2.4
      vertex 8.7119 77.4438 0
      vertex 8.7119 77.4438 2.4
    endloop
  endfacet
  facet normal -0.760435 -0.649414 0
    outer loop
      vertex 8.45623 79.058 0
      vertex 8.27279 79.2728 2.4
      vertex 8.27279 79.2728 0
    endloop
  endfacet
  facet normal -0.760435 -0.649414 0
    outer loop
      vertex 8.27279 79.2728 2.4
      vertex 8.45623 79.058 0
      vertex 8.45623 79.058 2.4
    endloop
  endfacet
  facet normal -0.760435 0.649414 0
    outer loop
      vertex 8.27279 76.7272 0
      vertex 8.45623 76.942 2.4
      vertex 8.45623 76.942 0
    endloop
  endfacet
  facet normal -0.760435 0.649414 0
    outer loop
      vertex 8.45623 76.942 2.4
      vertex 8.27279 76.7272 0
      vertex 8.27279 76.7272 2.4
    endloop
  endfacet
  facet normal 0.649367 -0.760475 0
    outer loop
      vertex 5.72721 79.2728 0
      vertex 5.94199 79.4562 2.4
      vertex 5.72721 79.2728 2.4
    endloop
  endfacet
  facet normal 0.649367 -0.760475 0
    outer loop
      vertex 5.94199 79.4562 2.4
      vertex 5.72721 79.2728 0
      vertex 5.94199 79.4562 0
    endloop
  endfacet
  facet normal -0.382717 -0.923866 0
    outer loop
      vertex 7.55623 79.7119 0
      vertex 7.81718 79.6038 2.4
      vertex 7.55623 79.7119 2.4
    endloop
  endfacet
  facet normal -0.382717 -0.923866 -0
    outer loop
      vertex 7.81718 79.6038 2.4
      vertex 7.55623 79.7119 0
      vertex 7.81718 79.6038 0
    endloop
  endfacet
  facet normal 0.522548 0.85261 -0
    outer loop
      vertex 6.18282 76.3962 0
      vertex 5.94199 76.5438 2.4
      vertex 6.18282 76.3962 2.4
    endloop
  endfacet
  facet normal 0.522548 0.85261 0
    outer loop
      vertex 5.94199 76.5438 2.4
      vertex 6.18282 76.3962 0
      vertex 5.94199 76.5438 0
    endloop
  endfacet
  facet normal 0.522548 -0.85261 0
    outer loop
      vertex 5.94199 79.4562 0
      vertex 6.18282 79.6038 2.4
      vertex 5.94199 79.4562 2.4
    endloop
  endfacet
  facet normal 0.522548 -0.85261 0
    outer loop
      vertex 6.18282 79.6038 2.4
      vertex 5.94199 79.4562 0
      vertex 6.18282 79.6038 0
    endloop
  endfacet
  facet normal -0.649367 0.760475 0
    outer loop
      vertex 8.27279 76.7272 0
      vertex 8.05801 76.5438 2.4
      vertex 8.27279 76.7272 2.4
    endloop
  endfacet
  facet normal -0.649367 0.760475 0
    outer loop
      vertex 8.05801 76.5438 2.4
      vertex 8.27279 76.7272 0
      vertex 8.05801 76.5438 0
    endloop
  endfacet
  facet normal 0.382717 -0.923866 0
    outer loop
      vertex 6.18282 79.6038 0
      vertex 6.44377 79.7119 2.4
      vertex 6.18282 79.6038 2.4
    endloop
  endfacet
  facet normal 0.382717 -0.923866 0
    outer loop
      vertex 6.44377 79.7119 2.4
      vertex 6.18282 79.6038 0
      vertex 6.44377 79.7119 0
    endloop
  endfacet
  facet normal 0.382717 0.923866 -0
    outer loop
      vertex 6.44377 76.2881 0
      vertex 6.18282 76.3962 2.4
      vertex 6.44377 76.2881 2.4
    endloop
  endfacet
  facet normal 0.382717 0.923866 0
    outer loop
      vertex 6.18282 76.3962 2.4
      vertex 6.44377 76.2881 0
      vertex 6.18282 76.3962 0
    endloop
  endfacet
  facet normal 0.760435 0.649414 0
    outer loop
      vertex 5.72721 76.7272 2.4
      vertex 5.54377 76.942 0
      vertex 5.54377 76.942 2.4
    endloop
  endfacet
  facet normal 0.760435 0.649414 0
    outer loop
      vertex 5.54377 76.942 0
      vertex 5.72721 76.7272 2.4
      vertex 5.72721 76.7272 0
    endloop
  endfacet
  facet normal -0.923904 0.382624 0
    outer loop
      vertex 8.60381 77.1828 0
      vertex 8.7119 77.4438 2.4
      vertex 8.7119 77.4438 0
    endloop
  endfacet
  facet normal -0.923904 0.382624 0
    outer loop
      vertex 8.7119 77.4438 2.4
      vertex 8.60381 77.1828 0
      vertex 8.60381 77.1828 2.4
    endloop
  endfacet
  facet normal 0.996918 0.0784506 0
    outer loop
      vertex 5.22216 77.7184 2.4
      vertex 5.2 78 0
      vertex 5.2 78 2.4
    endloop
  endfacet
  facet normal 0.996918 0.0784506 0
    outer loop
      vertex 5.2 78 0
      vertex 5.22216 77.7184 2.4
      vertex 5.22216 77.7184 0
    endloop
  endfacet
  facet normal 0.852612 -0.522544 0
    outer loop
      vertex 5.39619 78.8172 2.4
      vertex 5.54377 79.058 0
      vertex 5.54377 79.058 2.4
    endloop
  endfacet
  facet normal 0.852612 -0.522544 0
    outer loop
      vertex 5.54377 79.058 0
      vertex 5.39619 78.8172 2.4
      vertex 5.39619 78.8172 0
    endloop
  endfacet
  facet normal -0.233319 0.9724 0
    outer loop
      vertex 7.55623 76.2881 0
      vertex 7.28158 76.2222 2.4
      vertex 7.55623 76.2881 2.4
    endloop
  endfacet
  facet normal -0.233319 0.9724 0
    outer loop
      vertex 7.28158 76.2222 2.4
      vertex 7.55623 76.2881 0
      vertex 7.28158 76.2222 0
    endloop
  endfacet
  facet normal -0.382717 0.923866 0
    outer loop
      vertex 7.81718 76.3962 0
      vertex 7.55623 76.2881 2.4
      vertex 7.81718 76.3962 2.4
    endloop
  endfacet
  facet normal -0.382717 0.923866 0
    outer loop
      vertex 7.55623 76.2881 2.4
      vertex 7.81718 76.3962 0
      vertex 7.55623 76.2881 0
    endloop
  endfacet
  facet normal 0.649367 0.760475 -0
    outer loop
      vertex 5.94199 76.5438 0
      vertex 5.72721 76.7272 2.4
      vertex 5.94199 76.5438 2.4
    endloop
  endfacet
  facet normal 0.649367 0.760475 0
    outer loop
      vertex 5.72721 76.7272 2.4
      vertex 5.94199 76.5438 0
      vertex 5.72721 76.7272 0
    endloop
  endfacet
  facet normal 0.923904 -0.382624 0
    outer loop
      vertex 5.2881 78.5562 2.4
      vertex 5.39619 78.8172 0
      vertex 5.39619 78.8172 2.4
    endloop
  endfacet
  facet normal 0.923904 -0.382624 0
    outer loop
      vertex 5.39619 78.8172 0
      vertex 5.2881 78.5562 2.4
      vertex 5.2881 78.5562 0
    endloop
  endfacet
  facet normal 0.0785969 0.996906 -0
    outer loop
      vertex 7 76.2 0
      vertex 6.71842 76.2222 2.4
      vertex 7 76.2 2.4
    endloop
  endfacet
  facet normal 0.0785969 0.996906 0
    outer loop
      vertex 6.71842 76.2222 2.4
      vertex 7 76.2 0
      vertex 6.71842 76.2222 0
    endloop
  endfacet
  facet normal 0.923904 0.382624 0
    outer loop
      vertex 5.39619 77.1828 2.4
      vertex 5.2881 77.4438 0
      vertex 5.2881 77.4438 2.4
    endloop
  endfacet
  facet normal 0.923904 0.382624 0
    outer loop
      vertex 5.2881 77.4438 0
      vertex 5.39619 77.1828 2.4
      vertex 5.39619 77.1828 0
    endloop
  endfacet
  facet normal 0.852612 0.522544 0
    outer loop
      vertex 5.54377 76.942 2.4
      vertex 5.39619 77.1828 0
      vertex 5.39619 77.1828 2.4
    endloop
  endfacet
  facet normal 0.852612 0.522544 0
    outer loop
      vertex 5.39619 77.1828 0
      vertex 5.54377 76.942 2.4
      vertex 5.54377 76.942 0
    endloop
  endfacet
  facet normal -0.0785969 -0.996906 0
    outer loop
      vertex 7 79.8 0
      vertex 7.28158 79.7778 2.4
      vertex 7 79.8 2.4
    endloop
  endfacet
  facet normal -0.0785969 -0.996906 -0
    outer loop
      vertex 7.28158 79.7778 2.4
      vertex 7 79.8 0
      vertex 7.28158 79.7778 0
    endloop
  endfacet
  facet normal 0.761204 -0.648512 0
    outer loop
      vertex 116.544 79.058 2.4
      vertex 116.727 79.2728 0
      vertex 116.727 79.2728 2.4
    endloop
  endfacet
  facet normal 0.761204 -0.648512 0
    outer loop
      vertex 116.727 79.2728 0
      vertex 116.544 79.058 2.4
      vertex 116.544 79.058 0
    endloop
  endfacet
  facet normal -0.0784806 0.996916 0
    outer loop
      vertex 118.282 76.2222 0
      vertex 118 76.2 2.4
      vertex 118.282 76.2222 2.4
    endloop
  endfacet
  facet normal -0.0784806 0.996916 0
    outer loop
      vertex 118 76.2 2.4
      vertex 118.282 76.2222 0
      vertex 118 76.2 0
    endloop
  endfacet
  facet normal -0.97231 -0.233694 0
    outer loop
      vertex 119.778 78.2816 0
      vertex 119.712 78.5562 2.4
      vertex 119.712 78.5562 0
    endloop
  endfacet
  facet normal -0.97231 -0.233694 0
    outer loop
      vertex 119.712 78.5562 2.4
      vertex 119.778 78.2816 0
      vertex 119.778 78.2816 2.4
    endloop
  endfacet
  facet normal -0.85195 0.523624 0
    outer loop
      vertex 119.456 76.942 0
      vertex 119.604 77.1828 2.4
      vertex 119.604 77.1828 0
    endloop
  endfacet
  facet normal -0.85195 0.523624 0
    outer loop
      vertex 119.604 77.1828 2.4
      vertex 119.456 76.942 0
      vertex 119.456 76.942 2.4
    endloop
  endfacet
  facet normal -0.233843 -0.972274 0
    outer loop
      vertex 118.282 79.7778 0
      vertex 118.556 79.7119 2.4
      vertex 118.282 79.7778 2.4
    endloop
  endfacet
  facet normal -0.233843 -0.972274 -0
    outer loop
      vertex 118.556 79.7119 2.4
      vertex 118.282 79.7778 0
      vertex 118.556 79.7119 0
    endloop
  endfacet
  facet normal 0.233843 0.972274 -0
    outer loop
      vertex 117.718 76.2222 0
      vertex 117.444 76.2881 2.4
      vertex 117.718 76.2222 2.4
    endloop
  endfacet
  facet normal 0.233843 0.972274 0
    outer loop
      vertex 117.444 76.2881 2.4
      vertex 117.718 76.2222 0
      vertex 117.444 76.2881 0
    endloop
  endfacet
  facet normal 0.996962 -0.0778877 0
    outer loop
      vertex 116.2 78 2.4
      vertex 116.222 78.2816 0
      vertex 116.222 78.2816 2.4
    endloop
  endfacet
  facet normal 0.996962 -0.0778877 0
    outer loop
      vertex 116.222 78.2816 0
      vertex 116.2 78 2.4
      vertex 116.2 78 0
    endloop
  endfacet
  facet normal 0.0784806 -0.996916 0
    outer loop
      vertex 117.718 79.7778 0
      vertex 118 79.8 2.4
      vertex 117.718 79.7778 2.4
    endloop
  endfacet
  facet normal 0.0784806 -0.996916 0
    outer loop
      vertex 118 79.8 2.4
      vertex 117.718 79.7778 0
      vertex 118 79.8 0
    endloop
  endfacet
  facet normal 0.233843 -0.972274 0
    outer loop
      vertex 117.444 79.7119 0
      vertex 117.718 79.7778 2.4
      vertex 117.444 79.7119 2.4
    endloop
  endfacet
  facet normal 0.233843 -0.972274 0
    outer loop
      vertex 117.718 79.7778 2.4
      vertex 117.444 79.7119 0
      vertex 117.718 79.7778 0
    endloop
  endfacet
  facet normal 0.97231 -0.233694 0
    outer loop
      vertex 116.222 78.2816 2.4
      vertex 116.288 78.5562 0
      vertex 116.288 78.5562 2.4
    endloop
  endfacet
  facet normal 0.97231 -0.233694 0
    outer loop
      vertex 116.288 78.5562 0
      vertex 116.222 78.2816 2.4
      vertex 116.222 78.2816 0
    endloop
  endfacet
  facet normal -0.648983 -0.760803 0
    outer loop
      vertex 119.058 79.4562 0
      vertex 119.273 79.2728 2.4
      vertex 119.058 79.4562 2.4
    endloop
  endfacet
  facet normal -0.648983 -0.760803 -0
    outer loop
      vertex 119.273 79.2728 2.4
      vertex 119.058 79.4562 0
      vertex 119.273 79.2728 0
    endloop
  endfacet
  facet normal 0.97231 0.233694 0
    outer loop
      vertex 116.288 77.4438 2.4
      vertex 116.222 77.7184 0
      vertex 116.222 77.7184 2.4
    endloop
  endfacet
  facet normal 0.97231 0.233694 0
    outer loop
      vertex 116.222 77.7184 0
      vertex 116.288 77.4438 2.4
      vertex 116.288 77.4438 0
    endloop
  endfacet
  facet normal -0.924017 -0.382352 0
    outer loop
      vertex 119.712 78.5562 0
      vertex 119.604 78.8172 2.4
      vertex 119.604 78.8172 0
    endloop
  endfacet
  facet normal -0.924017 -0.382352 0
    outer loop
      vertex 119.604 78.8172 2.4
      vertex 119.712 78.5562 0
      vertex 119.712 78.5562 2.4
    endloop
  endfacet
  facet normal -0.996962 -0.0778877 0
    outer loop
      vertex 119.8 78 0
      vertex 119.778 78.2816 2.4
      vertex 119.778 78.2816 0
    endloop
  endfacet
  facet normal -0.996962 -0.0778877 0
    outer loop
      vertex 119.778 78.2816 2.4
      vertex 119.8 78 0
      vertex 119.8 78 2.4
    endloop
  endfacet
  facet normal -0.52228 -0.852774 0
    outer loop
      vertex 118.817 79.6038 0
      vertex 119.058 79.4562 2.4
      vertex 118.817 79.6038 2.4
    endloop
  endfacet
  facet normal -0.52228 -0.852774 -0
    outer loop
      vertex 119.058 79.4562 2.4
      vertex 118.817 79.6038 0
      vertex 119.058 79.4562 0
    endloop
  endfacet
  facet normal -0.85195 -0.523624 0
    outer loop
      vertex 119.604 78.8172 0
      vertex 119.456 79.058 2.4
      vertex 119.456 79.058 0
    endloop
  endfacet
  facet normal -0.85195 -0.523624 0
    outer loop
      vertex 119.456 79.058 2.4
      vertex 119.604 78.8172 0
      vertex 119.604 78.8172 2.4
    endloop
  endfacet
  facet normal -0.996962 0.0778877 0
    outer loop
      vertex 119.778 77.7184 0
      vertex 119.8 78 2.4
      vertex 119.8 78 0
    endloop
  endfacet
  facet normal -0.996962 0.0778877 0
    outer loop
      vertex 119.8 78 2.4
      vertex 119.778 77.7184 0
      vertex 119.778 77.7184 2.4
    endloop
  endfacet
  facet normal -0.52228 0.852774 0
    outer loop
      vertex 119.058 76.5438 0
      vertex 118.817 76.3962 2.4
      vertex 119.058 76.5438 2.4
    endloop
  endfacet
  facet normal -0.52228 0.852774 0
    outer loop
      vertex 118.817 76.3962 2.4
      vertex 119.058 76.5438 0
      vertex 118.817 76.3962 0
    endloop
  endfacet
  facet normal -0.97231 0.233694 0
    outer loop
      vertex 119.712 77.4438 0
      vertex 119.778 77.7184 2.4
      vertex 119.778 77.7184 0
    endloop
  endfacet
  facet normal -0.97231 0.233694 0
    outer loop
      vertex 119.778 77.7184 2.4
      vertex 119.712 77.4438 0
      vertex 119.712 77.4438 2.4
    endloop
  endfacet
  facet normal -0.761204 -0.648512 0
    outer loop
      vertex 119.456 79.058 0
      vertex 119.273 79.2728 2.4
      vertex 119.273 79.2728 0
    endloop
  endfacet
  facet normal -0.761204 -0.648512 0
    outer loop
      vertex 119.273 79.2728 2.4
      vertex 119.456 79.058 0
      vertex 119.456 79.058 2.4
    endloop
  endfacet
  facet normal -0.761204 0.648512 0
    outer loop
      vertex 119.273 76.7272 0
      vertex 119.456 76.942 2.4
      vertex 119.456 76.942 0
    endloop
  endfacet
  facet normal -0.761204 0.648512 0
    outer loop
      vertex 119.456 76.942 2.4
      vertex 119.273 76.7272 0
      vertex 119.273 76.7272 2.4
    endloop
  endfacet
  facet normal 0.648983 -0.760803 0
    outer loop
      vertex 116.727 79.2728 0
      vertex 116.942 79.4562 2.4
      vertex 116.727 79.2728 2.4
    endloop
  endfacet
  facet normal 0.648983 -0.760803 0
    outer loop
      vertex 116.942 79.4562 2.4
      vertex 116.727 79.2728 0
      vertex 116.942 79.4562 0
    endloop
  endfacet
  facet normal -0.382654 -0.923892 0
    outer loop
      vertex 118.556 79.7119 0
      vertex 118.817 79.6038 2.4
      vertex 118.556 79.7119 2.4
    endloop
  endfacet
  facet normal -0.382654 -0.923892 -0
    outer loop
      vertex 118.817 79.6038 2.4
      vertex 118.556 79.7119 0
      vertex 118.817 79.6038 0
    endloop
  endfacet
  facet normal 0.52228 0.852774 -0
    outer loop
      vertex 117.183 76.3962 0
      vertex 116.942 76.5438 2.4
      vertex 117.183 76.3962 2.4
    endloop
  endfacet
  facet normal 0.52228 0.852774 0
    outer loop
      vertex 116.942 76.5438 2.4
      vertex 117.183 76.3962 0
      vertex 116.942 76.5438 0
    endloop
  endfacet
  facet normal 0.52228 -0.852774 0
    outer loop
      vertex 116.942 79.4562 0
      vertex 117.183 79.6038 2.4
      vertex 116.942 79.4562 2.4
    endloop
  endfacet
  facet normal 0.52228 -0.852774 0
    outer loop
      vertex 117.183 79.6038 2.4
      vertex 116.942 79.4562 0
      vertex 117.183 79.6038 0
    endloop
  endfacet
  facet normal -0.648983 0.760803 0
    outer loop
      vertex 119.273 76.7272 0
      vertex 119.058 76.5438 2.4
      vertex 119.273 76.7272 2.4
    endloop
  endfacet
  facet normal -0.648983 0.760803 0
    outer loop
      vertex 119.058 76.5438 2.4
      vertex 119.273 76.7272 0
      vertex 119.058 76.5438 0
    endloop
  endfacet
  facet normal 0.382654 -0.923892 0
    outer loop
      vertex 117.183 79.6038 0
      vertex 117.444 79.7119 2.4
      vertex 117.183 79.6038 2.4
    endloop
  endfacet
  facet normal 0.382654 -0.923892 0
    outer loop
      vertex 117.444 79.7119 2.4
      vertex 117.183 79.6038 0
      vertex 117.444 79.7119 0
    endloop
  endfacet
  facet normal 0.382654 0.923892 -0
    outer loop
      vertex 117.444 76.2881 0
      vertex 117.183 76.3962 2.4
      vertex 117.444 76.2881 2.4
    endloop
  endfacet
  facet normal 0.382654 0.923892 0
    outer loop
      vertex 117.183 76.3962 2.4
      vertex 117.444 76.2881 0
      vertex 117.183 76.3962 0
    endloop
  endfacet
  facet normal 0.761204 0.648512 0
    outer loop
      vertex 116.727 76.7272 2.4
      vertex 116.544 76.942 0
      vertex 116.544 76.942 2.4
    endloop
  endfacet
  facet normal 0.761204 0.648512 0
    outer loop
      vertex 116.544 76.942 0
      vertex 116.727 76.7272 2.4
      vertex 116.727 76.7272 0
    endloop
  endfacet
  facet normal -0.924017 0.382352 0
    outer loop
      vertex 119.604 77.1828 0
      vertex 119.712 77.4438 2.4
      vertex 119.712 77.4438 0
    endloop
  endfacet
  facet normal -0.924017 0.382352 0
    outer loop
      vertex 119.712 77.4438 2.4
      vertex 119.604 77.1828 0
      vertex 119.604 77.1828 2.4
    endloop
  endfacet
  facet normal 0.996962 0.0778877 0
    outer loop
      vertex 116.222 77.7184 2.4
      vertex 116.2 78 0
      vertex 116.2 78 2.4
    endloop
  endfacet
  facet normal 0.996962 0.0778877 0
    outer loop
      vertex 116.2 78 0
      vertex 116.222 77.7184 2.4
      vertex 116.222 77.7184 0
    endloop
  endfacet
  facet normal 0.85195 -0.523624 0
    outer loop
      vertex 116.396 78.8172 2.4
      vertex 116.544 79.058 0
      vertex 116.544 79.058 2.4
    endloop
  endfacet
  facet normal 0.85195 -0.523624 0
    outer loop
      vertex 116.544 79.058 0
      vertex 116.396 78.8172 2.4
      vertex 116.396 78.8172 0
    endloop
  endfacet
  facet normal -0.233843 0.972274 0
    outer loop
      vertex 118.556 76.2881 0
      vertex 118.282 76.2222 2.4
      vertex 118.556 76.2881 2.4
    endloop
  endfacet
  facet normal -0.233843 0.972274 0
    outer loop
      vertex 118.282 76.2222 2.4
      vertex 118.556 76.2881 0
      vertex 118.282 76.2222 0
    endloop
  endfacet
  facet normal -0.382654 0.923892 0
    outer loop
      vertex 118.817 76.3962 0
      vertex 118.556 76.2881 2.4
      vertex 118.817 76.3962 2.4
    endloop
  endfacet
  facet normal -0.382654 0.923892 0
    outer loop
      vertex 118.556 76.2881 2.4
      vertex 118.817 76.3962 0
      vertex 118.556 76.2881 0
    endloop
  endfacet
  facet normal 0.648983 0.760803 -0
    outer loop
      vertex 116.942 76.5438 0
      vertex 116.727 76.7272 2.4
      vertex 116.942 76.5438 2.4
    endloop
  endfacet
  facet normal 0.648983 0.760803 0
    outer loop
      vertex 116.727 76.7272 2.4
      vertex 116.942 76.5438 0
      vertex 116.727 76.7272 0
    endloop
  endfacet
  facet normal 0.924017 -0.382352 0
    outer loop
      vertex 116.288 78.5562 2.4
      vertex 116.396 78.8172 0
      vertex 116.396 78.8172 2.4
    endloop
  endfacet
  facet normal 0.924017 -0.382352 0
    outer loop
      vertex 116.396 78.8172 0
      vertex 116.288 78.5562 2.4
      vertex 116.288 78.5562 0
    endloop
  endfacet
  facet normal 0.0784806 0.996916 -0
    outer loop
      vertex 118 76.2 0
      vertex 117.718 76.2222 2.4
      vertex 118 76.2 2.4
    endloop
  endfacet
  facet normal 0.0784806 0.996916 0
    outer loop
      vertex 117.718 76.2222 2.4
      vertex 118 76.2 0
      vertex 117.718 76.2222 0
    endloop
  endfacet
  facet normal 0.924017 0.382352 0
    outer loop
      vertex 116.396 77.1828 2.4
      vertex 116.288 77.4438 0
      vertex 116.288 77.4438 2.4
    endloop
  endfacet
  facet normal 0.924017 0.382352 0
    outer loop
      vertex 116.288 77.4438 0
      vertex 116.396 77.1828 2.4
      vertex 116.396 77.1828 0
    endloop
  endfacet
  facet normal 0.85195 0.523624 0
    outer loop
      vertex 116.544 76.942 2.4
      vertex 116.396 77.1828 0
      vertex 116.396 77.1828 2.4
    endloop
  endfacet
  facet normal 0.85195 0.523624 0
    outer loop
      vertex 116.396 77.1828 0
      vertex 116.544 76.942 2.4
      vertex 116.544 76.942 0
    endloop
  endfacet
  facet normal -0.0784806 -0.996916 0
    outer loop
      vertex 118 79.8 0
      vertex 118.282 79.7778 2.4
      vertex 118 79.8 2.4
    endloop
  endfacet
  facet normal -0.0784806 -0.996916 -0
    outer loop
      vertex 118.282 79.7778 2.4
      vertex 118 79.8 0
      vertex 118.282 79.7778 0
    endloop
  endfacet
  facet normal -0.233449 0.972369 0
    outer loop
      vertex 32.9871 16.593 0
      vertex 32.6972 16.5234 2.4
      vertex 32.9871 16.593 2.4
    endloop
  endfacet
  facet normal -0.233449 0.972369 0
    outer loop
      vertex 32.6972 16.5234 2.4
      vertex 32.9871 16.593 0
      vertex 32.6972 16.5234 0
    endloop
  endfacet
  facet normal -0.972369 -0.233449 0
    outer loop
      vertex 34.2766 18.6972 0
      vertex 34.207 18.9871 2.4
      vertex 34.207 18.9871 0
    endloop
  endfacet
  facet normal -0.972369 -0.233449 0
    outer loop
      vertex 34.207 18.9871 2.4
      vertex 34.2766 18.6972 0
      vertex 34.2766 18.6972 2.4
    endloop
  endfacet
  facet normal -0.996915 -0.0784919 0
    outer loop
      vertex 34.3 18.4 0
      vertex 34.2766 18.6972 2.4
      vertex 34.2766 18.6972 0
    endloop
  endfacet
  facet normal -0.996915 -0.0784919 0
    outer loop
      vertex 34.2766 18.6972 2.4
      vertex 34.3 18.4 0
      vertex 34.3 18.4 2.4
    endloop
  endfacet
  facet normal -0.923898 -0.382638 0
    outer loop
      vertex 34.207 18.9871 0
      vertex 34.0929 19.2626 2.4
      vertex 34.0929 19.2626 0
    endloop
  endfacet
  facet normal -0.923898 -0.382638 0
    outer loop
      vertex 34.0929 19.2626 2.4
      vertex 34.207 18.9871 0
      vertex 34.207 18.9871 2.4
    endloop
  endfacet
  facet normal -0.996915 0.0784919 0
    outer loop
      vertex 34.2766 18.1028 0
      vertex 34.3 18.4 2.4
      vertex 34.3 18.4 0
    endloop
  endfacet
  facet normal -0.996915 0.0784919 0
    outer loop
      vertex 34.3 18.4 2.4
      vertex 34.2766 18.1028 0
      vertex 34.2766 18.1028 2.4
    endloop
  endfacet
  facet normal -0.649409 0.760439 0
    outer loop
      vertex 33.7435 17.0565 0
      vertex 33.5168 16.8629 2.4
      vertex 33.7435 17.0565 2.4
    endloop
  endfacet
  facet normal -0.649409 0.760439 0
    outer loop
      vertex 33.5168 16.8629 2.4
      vertex 33.7435 17.0565 0
      vertex 33.5168 16.8629 0
    endloop
  endfacet
  facet normal -0.923898 0.382638 0
    outer loop
      vertex 34.0929 17.5374 0
      vertex 34.207 17.8129 2.4
      vertex 34.207 17.8129 0
    endloop
  endfacet
  facet normal -0.923898 0.382638 0
    outer loop
      vertex 34.207 17.8129 2.4
      vertex 34.0929 17.5374 0
      vertex 34.0929 17.5374 2.4
    endloop
  endfacet
  facet normal 0.972369 0.233449 0
    outer loop
      vertex 30.593 17.8129 2.4
      vertex 30.5234 18.1028 0
      vertex 30.5234 18.1028 2.4
    endloop
  endfacet
  facet normal 0.972369 0.233449 0
    outer loop
      vertex 30.5234 18.1028 0
      vertex 30.593 17.8129 2.4
      vertex 30.593 17.8129 0
    endloop
  endfacet
  facet normal -0.972369 0.233449 0
    outer loop
      vertex 34.207 17.8129 0
      vertex 34.2766 18.1028 2.4
      vertex 34.2766 18.1028 0
    endloop
  endfacet
  facet normal -0.972369 0.233449 0
    outer loop
      vertex 34.2766 18.1028 2.4
      vertex 34.207 17.8129 0
      vertex 34.207 17.8129 2.4
    endloop
  endfacet
  facet normal 0.649409 -0.760439 0
    outer loop
      vertex 31.0565 19.7435 0
      vertex 31.2832 19.9371 2.4
      vertex 31.0565 19.7435 2.4
    endloop
  endfacet
  facet normal 0.649409 -0.760439 0
    outer loop
      vertex 31.2832 19.9371 2.4
      vertex 31.0565 19.7435 0
      vertex 31.2832 19.9371 0
    endloop
  endfacet
  facet normal -0.760439 0.649409 0
    outer loop
      vertex 33.7435 17.0565 0
      vertex 33.9371 17.2832 2.4
      vertex 33.9371 17.2832 0
    endloop
  endfacet
  facet normal -0.760439 0.649409 0
    outer loop
      vertex 33.9371 17.2832 2.4
      vertex 33.7435 17.0565 0
      vertex 33.7435 17.0565 2.4
    endloop
  endfacet
  facet normal 0.522562 0.852601 -0
    outer loop
      vertex 31.5374 16.7071 0
      vertex 31.2832 16.8629 2.4
      vertex 31.5374 16.7071 2.4
    endloop
  endfacet
  facet normal 0.522562 0.852601 0
    outer loop
      vertex 31.2832 16.8629 2.4
      vertex 31.5374 16.7071 0
      vertex 31.2832 16.8629 0
    endloop
  endfacet
  facet normal -0.852601 0.522562 0
    outer loop
      vertex 33.9371 17.2832 0
      vertex 34.0929 17.5374 2.4
      vertex 34.0929 17.5374 0
    endloop
  endfacet
  facet normal -0.852601 0.522562 0
    outer loop
      vertex 34.0929 17.5374 2.4
      vertex 33.9371 17.2832 0
      vertex 33.9371 17.2832 2.4
    endloop
  endfacet
  facet normal 0.382638 -0.923898 0
    outer loop
      vertex 31.5374 20.0929 0
      vertex 31.8129 20.207 2.4
      vertex 31.5374 20.0929 2.4
    endloop
  endfacet
  facet normal 0.382638 -0.923898 0
    outer loop
      vertex 31.8129 20.207 2.4
      vertex 31.5374 20.0929 0
      vertex 31.8129 20.207 0
    endloop
  endfacet
  facet normal 0.923898 -0.382638 0
    outer loop
      vertex 30.593 18.9871 2.4
      vertex 30.7071 19.2626 0
      vertex 30.7071 19.2626 2.4
    endloop
  endfacet
  facet normal 0.923898 -0.382638 0
    outer loop
      vertex 30.7071 19.2626 0
      vertex 30.593 18.9871 2.4
      vertex 30.593 18.9871 0
    endloop
  endfacet
  facet normal -0.382638 0.923898 0
    outer loop
      vertex 33.2626 16.7071 0
      vertex 32.9871 16.593 2.4
      vertex 33.2626 16.7071 2.4
    endloop
  endfacet
  facet normal -0.382638 0.923898 0
    outer loop
      vertex 32.9871 16.593 2.4
      vertex 33.2626 16.7071 0
      vertex 32.9871 16.593 0
    endloop
  endfacet
  facet normal -0.649409 -0.760439 0
    outer loop
      vertex 33.5168 19.9371 0
      vertex 33.7435 19.7435 2.4
      vertex 33.5168 19.9371 2.4
    endloop
  endfacet
  facet normal -0.649409 -0.760439 -0
    outer loop
      vertex 33.7435 19.7435 2.4
      vertex 33.5168 19.9371 0
      vertex 33.7435 19.7435 0
    endloop
  endfacet
  facet normal -0.852601 -0.522562 0
    outer loop
      vertex 34.0929 19.2626 0
      vertex 33.9371 19.5168 2.4
      vertex 33.9371 19.5168 0
    endloop
  endfacet
  facet normal -0.852601 -0.522562 0
    outer loop
      vertex 33.9371 19.5168 2.4
      vertex 34.0929 19.2626 0
      vertex 34.0929 19.2626 2.4
    endloop
  endfacet
  facet normal -0.0784919 0.996915 0
    outer loop
      vertex 32.6972 16.5234 0
      vertex 32.4 16.5 2.4
      vertex 32.6972 16.5234 2.4
    endloop
  endfacet
  facet normal -0.0784919 0.996915 0
    outer loop
      vertex 32.4 16.5 2.4
      vertex 32.6972 16.5234 0
      vertex 32.4 16.5 0
    endloop
  endfacet
  facet normal 0.233449 0.972369 -0
    outer loop
      vertex 32.1028 16.5234 0
      vertex 31.8129 16.593 2.4
      vertex 32.1028 16.5234 2.4
    endloop
  endfacet
  facet normal 0.233449 0.972369 0
    outer loop
      vertex 31.8129 16.593 2.4
      vertex 32.1028 16.5234 0
      vertex 31.8129 16.593 0
    endloop
  endfacet
  facet normal 0.649409 0.760439 -0
    outer loop
      vertex 31.2832 16.8629 0
      vertex 31.0565 17.0565 2.4
      vertex 31.2832 16.8629 2.4
    endloop
  endfacet
  facet normal 0.649409 0.760439 0
    outer loop
      vertex 31.0565 17.0565 2.4
      vertex 31.2832 16.8629 0
      vertex 31.0565 17.0565 0
    endloop
  endfacet
  facet normal -0.522562 0.852601 0
    outer loop
      vertex 33.5168 16.8629 0
      vertex 33.2626 16.7071 2.4
      vertex 33.5168 16.8629 2.4
    endloop
  endfacet
  facet normal -0.522562 0.852601 0
    outer loop
      vertex 33.2626 16.7071 2.4
      vertex 33.5168 16.8629 0
      vertex 33.2626 16.7071 0
    endloop
  endfacet
  facet normal 0.760439 -0.649409 0
    outer loop
      vertex 30.8629 19.5168 2.4
      vertex 31.0565 19.7435 0
      vertex 31.0565 19.7435 2.4
    endloop
  endfacet
  facet normal 0.760439 -0.649409 0
    outer loop
      vertex 31.0565 19.7435 0
      vertex 30.8629 19.5168 2.4
      vertex 30.8629 19.5168 0
    endloop
  endfacet
  facet normal 0.382638 0.923898 -0
    outer loop
      vertex 31.8129 16.593 0
      vertex 31.5374 16.7071 2.4
      vertex 31.8129 16.593 2.4
    endloop
  endfacet
  facet normal 0.382638 0.923898 0
    outer loop
      vertex 31.5374 16.7071 2.4
      vertex 31.8129 16.593 0
      vertex 31.5374 16.7071 0
    endloop
  endfacet
  facet normal 0.972369 -0.233449 0
    outer loop
      vertex 30.5234 18.6972 2.4
      vertex 30.593 18.9871 0
      vertex 30.593 18.9871 2.4
    endloop
  endfacet
  facet normal 0.972369 -0.233449 0
    outer loop
      vertex 30.593 18.9871 0
      vertex 30.5234 18.6972 2.4
      vertex 30.5234 18.6972 0
    endloop
  endfacet
  facet normal 0.852601 -0.522562 0
    outer loop
      vertex 30.7071 19.2626 2.4
      vertex 30.8629 19.5168 0
      vertex 30.8629 19.5168 2.4
    endloop
  endfacet
  facet normal 0.852601 -0.522562 0
    outer loop
      vertex 30.8629 19.5168 0
      vertex 30.7071 19.2626 2.4
      vertex 30.7071 19.2626 0
    endloop
  endfacet
  facet normal -0.382638 -0.923898 0
    outer loop
      vertex 32.9871 20.207 0
      vertex 33.2626 20.0929 2.4
      vertex 32.9871 20.207 2.4
    endloop
  endfacet
  facet normal -0.382638 -0.923898 -0
    outer loop
      vertex 33.2626 20.0929 2.4
      vertex 32.9871 20.207 0
      vertex 33.2626 20.0929 0
    endloop
  endfacet
  facet normal 0.0784919 -0.996915 0
    outer loop
      vertex 32.1028 20.2766 0
      vertex 32.4 20.3 2.4
      vertex 32.1028 20.2766 2.4
    endloop
  endfacet
  facet normal 0.0784919 -0.996915 0
    outer loop
      vertex 32.4 20.3 2.4
      vertex 32.1028 20.2766 0
      vertex 32.4 20.3 0
    endloop
  endfacet
  facet normal -0.522562 -0.852601 0
    outer loop
      vertex 33.2626 20.0929 0
      vertex 33.5168 19.9371 2.4
      vertex 33.2626 20.0929 2.4
    endloop
  endfacet
  facet normal -0.522562 -0.852601 -0
    outer loop
      vertex 33.5168 19.9371 2.4
      vertex 33.2626 20.0929 0
      vertex 33.5168 19.9371 0
    endloop
  endfacet
  facet normal 0.522562 -0.852601 0
    outer loop
      vertex 31.2832 19.9371 0
      vertex 31.5374 20.0929 2.4
      vertex 31.2832 19.9371 2.4
    endloop
  endfacet
  facet normal 0.522562 -0.852601 0
    outer loop
      vertex 31.5374 20.0929 2.4
      vertex 31.2832 19.9371 0
      vertex 31.5374 20.0929 0
    endloop
  endfacet
  facet normal 0.923898 0.382638 0
    outer loop
      vertex 30.7071 17.5374 2.4
      vertex 30.593 17.8129 0
      vertex 30.593 17.8129 2.4
    endloop
  endfacet
  facet normal 0.923898 0.382638 0
    outer loop
      vertex 30.593 17.8129 0
      vertex 30.7071 17.5374 2.4
      vertex 30.7071 17.5374 0
    endloop
  endfacet
  facet normal 0.760439 0.649409 0
    outer loop
      vertex 31.0565 17.0565 2.4
      vertex 30.8629 17.2832 0
      vertex 30.8629 17.2832 2.4
    endloop
  endfacet
  facet normal 0.760439 0.649409 0
    outer loop
      vertex 30.8629 17.2832 0
      vertex 31.0565 17.0565 2.4
      vertex 31.0565 17.0565 0
    endloop
  endfacet
  facet normal 0.0784919 0.996915 -0
    outer loop
      vertex 32.4 16.5 0
      vertex 32.1028 16.5234 2.4
      vertex 32.4 16.5 2.4
    endloop
  endfacet
  facet normal 0.0784919 0.996915 0
    outer loop
      vertex 32.1028 16.5234 2.4
      vertex 32.4 16.5 0
      vertex 32.1028 16.5234 0
    endloop
  endfacet
  facet normal -0.0784919 -0.996915 0
    outer loop
      vertex 32.4 20.3 0
      vertex 32.6972 20.2766 2.4
      vertex 32.4 20.3 2.4
    endloop
  endfacet
  facet normal -0.0784919 -0.996915 -0
    outer loop
      vertex 32.6972 20.2766 2.4
      vertex 32.4 20.3 0
      vertex 32.6972 20.2766 0
    endloop
  endfacet
  facet normal 0.852601 0.522562 0
    outer loop
      vertex 30.8629 17.2832 2.4
      vertex 30.7071 17.5374 0
      vertex 30.7071 17.5374 2.4
    endloop
  endfacet
  facet normal 0.852601 0.522562 0
    outer loop
      vertex 30.7071 17.5374 0
      vertex 30.8629 17.2832 2.4
      vertex 30.8629 17.2832 0
    endloop
  endfacet
  facet normal 0.233449 -0.972369 0
    outer loop
      vertex 31.8129 20.207 0
      vertex 32.1028 20.2766 2.4
      vertex 31.8129 20.207 2.4
    endloop
  endfacet
  facet normal 0.233449 -0.972369 0
    outer loop
      vertex 32.1028 20.2766 2.4
      vertex 31.8129 20.207 0
      vertex 32.1028 20.2766 0
    endloop
  endfacet
  facet normal -0.233449 -0.972369 0
    outer loop
      vertex 32.6972 20.2766 0
      vertex 32.9871 20.207 2.4
      vertex 32.6972 20.2766 2.4
    endloop
  endfacet
  facet normal -0.233449 -0.972369 -0
    outer loop
      vertex 32.9871 20.207 2.4
      vertex 32.6972 20.2766 0
      vertex 32.9871 20.207 0
    endloop
  endfacet
  facet normal -0.760439 -0.649409 0
    outer loop
      vertex 33.9371 19.5168 0
      vertex 33.7435 19.7435 2.4
      vertex 33.7435 19.7435 0
    endloop
  endfacet
  facet normal -0.760439 -0.649409 0
    outer loop
      vertex 33.7435 19.7435 2.4
      vertex 33.9371 19.5168 0
      vertex 33.9371 19.5168 2.4
    endloop
  endfacet
  facet normal 0.996915 0.0784919 0
    outer loop
      vertex 30.5234 18.1028 2.4
      vertex 30.5 18.4 0
      vertex 30.5 18.4 2.4
    endloop
  endfacet
  facet normal 0.996915 0.0784919 0
    outer loop
      vertex 30.5 18.4 0
      vertex 30.5234 18.1028 2.4
      vertex 30.5234 18.1028 0
    endloop
  endfacet
  facet normal 0.996915 -0.0784919 0
    outer loop
      vertex 30.5 18.4 2.4
      vertex 30.5234 18.6972 0
      vertex 30.5234 18.6972 2.4
    endloop
  endfacet
  facet normal 0.996915 -0.0784919 0
    outer loop
      vertex 30.5234 18.6972 0
      vertex 30.5 18.4 2.4
      vertex 30.5 18.4 0
    endloop
  endfacet
  facet normal 0.972369 -0.233449 0
    outer loop
      vertex 41.5234 18.6972 2.4
      vertex 41.593 18.9871 0
      vertex 41.593 18.9871 2.4
    endloop
  endfacet
  facet normal 0.972369 -0.233449 0
    outer loop
      vertex 41.593 18.9871 0
      vertex 41.5234 18.6972 2.4
      vertex 41.5234 18.6972 0
    endloop
  endfacet
  facet normal -0.972369 -0.233449 0
    outer loop
      vertex 45.2766 18.6972 0
      vertex 45.207 18.9871 2.4
      vertex 45.207 18.9871 0
    endloop
  endfacet
  facet normal -0.972369 -0.233449 0
    outer loop
      vertex 45.207 18.9871 2.4
      vertex 45.2766 18.6972 0
      vertex 45.2766 18.6972 2.4
    endloop
  endfacet
  facet normal -0.382638 0.923898 0
    outer loop
      vertex 44.2626 16.7071 0
      vertex 43.9871 16.593 2.4
      vertex 44.2626 16.7071 2.4
    endloop
  endfacet
  facet normal -0.382638 0.923898 0
    outer loop
      vertex 43.9871 16.593 2.4
      vertex 44.2626 16.7071 0
      vertex 43.9871 16.593 0
    endloop
  endfacet
  facet normal -0.0784919 0.996915 0
    outer loop
      vertex 43.6972 16.5234 0
      vertex 43.4 16.5 2.4
      vertex 43.6972 16.5234 2.4
    endloop
  endfacet
  facet normal -0.0784919 0.996915 0
    outer loop
      vertex 43.4 16.5 2.4
      vertex 43.6972 16.5234 0
      vertex 43.4 16.5 0
    endloop
  endfacet
  facet normal 0.760439 -0.649409 0
    outer loop
      vertex 41.8629 19.5168 2.4
      vertex 42.0565 19.7435 0
      vertex 42.0565 19.7435 2.4
    endloop
  endfacet
  facet normal 0.760439 -0.649409 0
    outer loop
      vertex 42.0565 19.7435 0
      vertex 41.8629 19.5168 2.4
      vertex 41.8629 19.5168 0
    endloop
  endfacet
  facet normal -0.996915 0.0784919 0
    outer loop
      vertex 45.2766 18.1028 0
      vertex 45.3 18.4 2.4
      vertex 45.3 18.4 0
    endloop
  endfacet
  facet normal -0.996915 0.0784919 0
    outer loop
      vertex 45.3 18.4 2.4
      vertex 45.2766 18.1028 0
      vertex 45.2766 18.1028 2.4
    endloop
  endfacet
  facet normal -0.233449 0.972369 0
    outer loop
      vertex 43.9871 16.593 0
      vertex 43.6972 16.5234 2.4
      vertex 43.9871 16.593 2.4
    endloop
  endfacet
  facet normal -0.233449 0.972369 0
    outer loop
      vertex 43.6972 16.5234 2.4
      vertex 43.9871 16.593 0
      vertex 43.6972 16.5234 0
    endloop
  endfacet
  facet normal 0.760439 0.649409 0
    outer loop
      vertex 42.0565 17.0565 2.4
      vertex 41.8629 17.2832 0
      vertex 41.8629 17.2832 2.4
    endloop
  endfacet
  facet normal 0.760439 0.649409 0
    outer loop
      vertex 41.8629 17.2832 0
      vertex 42.0565 17.0565 2.4
      vertex 42.0565 17.0565 0
    endloop
  endfacet
  facet normal -0.649409 0.760439 0
    outer loop
      vertex 44.7435 17.0565 0
      vertex 44.5168 16.8629 2.4
      vertex 44.7435 17.0565 2.4
    endloop
  endfacet
  facet normal -0.649409 0.760439 0
    outer loop
      vertex 44.5168 16.8629 2.4
      vertex 44.7435 17.0565 0
      vertex 44.5168 16.8629 0
    endloop
  endfacet
  facet normal -0.996915 -0.0784919 0
    outer loop
      vertex 45.3 18.4 0
      vertex 45.2766 18.6972 2.4
      vertex 45.2766 18.6972 0
    endloop
  endfacet
  facet normal -0.996915 -0.0784919 0
    outer loop
      vertex 45.2766 18.6972 2.4
      vertex 45.3 18.4 0
      vertex 45.3 18.4 2.4
    endloop
  endfacet
  facet normal -0.649409 -0.760439 0
    outer loop
      vertex 44.5168 19.9371 0
      vertex 44.7435 19.7435 2.4
      vertex 44.5168 19.9371 2.4
    endloop
  endfacet
  facet normal -0.649409 -0.760439 -0
    outer loop
      vertex 44.7435 19.7435 2.4
      vertex 44.5168 19.9371 0
      vertex 44.7435 19.7435 0
    endloop
  endfacet
  facet normal -0.0784919 -0.996915 0
    outer loop
      vertex 43.4 20.3 0
      vertex 43.6972 20.2766 2.4
      vertex 43.4 20.3 2.4
    endloop
  endfacet
  facet normal -0.0784919 -0.996915 -0
    outer loop
      vertex 43.6972 20.2766 2.4
      vertex 43.4 20.3 0
      vertex 43.6972 20.2766 0
    endloop
  endfacet
  facet normal 0.382638 0.923898 -0
    outer loop
      vertex 42.8129 16.593 0
      vertex 42.5374 16.7071 2.4
      vertex 42.8129 16.593 2.4
    endloop
  endfacet
  facet normal 0.382638 0.923898 0
    outer loop
      vertex 42.5374 16.7071 2.4
      vertex 42.8129 16.593 0
      vertex 42.5374 16.7071 0
    endloop
  endfacet
  facet normal -0.923898 -0.382638 0
    outer loop
      vertex 45.207 18.9871 0
      vertex 45.0929 19.2626 2.4
      vertex 45.0929 19.2626 0
    endloop
  endfacet
  facet normal -0.923898 -0.382638 0
    outer loop
      vertex 45.0929 19.2626 2.4
      vertex 45.207 18.9871 0
      vertex 45.207 18.9871 2.4
    endloop
  endfacet
  facet normal 0.0784919 -0.996915 0
    outer loop
      vertex 43.1028 20.2766 0
      vertex 43.4 20.3 2.4
      vertex 43.1028 20.2766 2.4
    endloop
  endfacet
  facet normal 0.0784919 -0.996915 0
    outer loop
      vertex 43.4 20.3 2.4
      vertex 43.1028 20.2766 0
      vertex 43.4 20.3 0
    endloop
  endfacet
  facet normal -0.522562 0.852601 0
    outer loop
      vertex 44.5168 16.8629 0
      vertex 44.2626 16.7071 2.4
      vertex 44.5168 16.8629 2.4
    endloop
  endfacet
  facet normal -0.522562 0.852601 0
    outer loop
      vertex 44.2626 16.7071 2.4
      vertex 44.5168 16.8629 0
      vertex 44.2626 16.7071 0
    endloop
  endfacet
  facet normal -0.972369 0.233449 0
    outer loop
      vertex 45.207 17.8129 0
      vertex 45.2766 18.1028 2.4
      vertex 45.2766 18.1028 0
    endloop
  endfacet
  facet normal -0.972369 0.233449 0
    outer loop
      vertex 45.2766 18.1028 2.4
      vertex 45.207 17.8129 0
      vertex 45.207 17.8129 2.4
    endloop
  endfacet
  facet normal 0.996915 0.0784919 0
    outer loop
      vertex 41.5234 18.1028 2.4
      vertex 41.5 18.4 0
      vertex 41.5 18.4 2.4
    endloop
  endfacet
  facet normal 0.996915 0.0784919 0
    outer loop
      vertex 41.5 18.4 0
      vertex 41.5234 18.1028 2.4
      vertex 41.5234 18.1028 0
    endloop
  endfacet
  facet normal 0.996915 -0.0784919 0
    outer loop
      vertex 41.5 18.4 2.4
      vertex 41.5234 18.6972 0
      vertex 41.5234 18.6972 2.4
    endloop
  endfacet
  facet normal 0.996915 -0.0784919 0
    outer loop
      vertex 41.5234 18.6972 0
      vertex 41.5 18.4 2.4
      vertex 41.5 18.4 0
    endloop
  endfacet
  facet normal 0.972369 0.233449 0
    outer loop
      vertex 41.593 17.8129 2.4
      vertex 41.5234 18.1028 0
      vertex 41.5234 18.1028 2.4
    endloop
  endfacet
  facet normal 0.972369 0.233449 0
    outer loop
      vertex 41.5234 18.1028 0
      vertex 41.593 17.8129 2.4
      vertex 41.593 17.8129 0
    endloop
  endfacet
  facet normal 0.852601 0.522562 0
    outer loop
      vertex 41.8629 17.2832 2.4
      vertex 41.7071 17.5374 0
      vertex 41.7071 17.5374 2.4
    endloop
  endfacet
  facet normal 0.852601 0.522562 0
    outer loop
      vertex 41.7071 17.5374 0
      vertex 41.8629 17.2832 2.4
      vertex 41.8629 17.2832 0
    endloop
  endfacet
  facet normal 0.233449 0.972369 -0
    outer loop
      vertex 43.1028 16.5234 0
      vertex 42.8129 16.593 2.4
      vertex 43.1028 16.5234 2.4
    endloop
  endfacet
  facet normal 0.233449 0.972369 0
    outer loop
      vertex 42.8129 16.593 2.4
      vertex 43.1028 16.5234 0
      vertex 42.8129 16.593 0
    endloop
  endfacet
  facet normal 0.233449 -0.972369 0
    outer loop
      vertex 42.8129 20.207 0
      vertex 43.1028 20.2766 2.4
      vertex 42.8129 20.207 2.4
    endloop
  endfacet
  facet normal 0.233449 -0.972369 0
    outer loop
      vertex 43.1028 20.2766 2.4
      vertex 42.8129 20.207 0
      vertex 43.1028 20.2766 0
    endloop
  endfacet
  facet normal 0.649409 -0.760439 0
    outer loop
      vertex 42.0565 19.7435 0
      vertex 42.2832 19.9371 2.4
      vertex 42.0565 19.7435 2.4
    endloop
  endfacet
  facet normal 0.649409 -0.760439 0
    outer loop
      vertex 42.2832 19.9371 2.4
      vertex 42.0565 19.7435 0
      vertex 42.2832 19.9371 0
    endloop
  endfacet
  facet normal 0.649409 0.760439 -0
    outer loop
      vertex 42.2832 16.8629 0
      vertex 42.0565 17.0565 2.4
      vertex 42.2832 16.8629 2.4
    endloop
  endfacet
  facet normal 0.649409 0.760439 0
    outer loop
      vertex 42.0565 17.0565 2.4
      vertex 42.2832 16.8629 0
      vertex 42.0565 17.0565 0
    endloop
  endfacet
  facet normal -0.382638 -0.923898 0
    outer loop
      vertex 43.9871 20.207 0
      vertex 44.2626 20.0929 2.4
      vertex 43.9871 20.207 2.4
    endloop
  endfacet
  facet normal -0.382638 -0.923898 -0
    outer loop
      vertex 44.2626 20.0929 2.4
      vertex 43.9871 20.207 0
      vertex 44.2626 20.0929 0
    endloop
  endfacet
  facet normal -0.233449 -0.972369 0
    outer loop
      vertex 43.6972 20.2766 0
      vertex 43.9871 20.207 2.4
      vertex 43.6972 20.2766 2.4
    endloop
  endfacet
  facet normal -0.233449 -0.972369 -0
    outer loop
      vertex 43.9871 20.207 2.4
      vertex 43.6972 20.2766 0
      vertex 43.9871 20.207 0
    endloop
  endfacet
  facet normal -0.923898 0.382638 0
    outer loop
      vertex 45.0929 17.5374 0
      vertex 45.207 17.8129 2.4
      vertex 45.207 17.8129 0
    endloop
  endfacet
  facet normal -0.923898 0.382638 0
    outer loop
      vertex 45.207 17.8129 2.4
      vertex 45.0929 17.5374 0
      vertex 45.0929 17.5374 2.4
    endloop
  endfacet
  facet normal -0.522562 -0.852601 0
    outer loop
      vertex 44.2626 20.0929 0
      vertex 44.5168 19.9371 2.4
      vertex 44.2626 20.0929 2.4
    endloop
  endfacet
  facet normal -0.522562 -0.852601 -0
    outer loop
      vertex 44.5168 19.9371 2.4
      vertex 44.2626 20.0929 0
      vertex 44.5168 19.9371 0
    endloop
  endfacet
  facet normal 0.522562 -0.852601 0
    outer loop
      vertex 42.2832 19.9371 0
      vertex 42.5374 20.0929 2.4
      vertex 42.2832 19.9371 2.4
    endloop
  endfacet
  facet normal 0.522562 -0.852601 0
    outer loop
      vertex 42.5374 20.0929 2.4
      vertex 42.2832 19.9371 0
      vertex 42.5374 20.0929 0
    endloop
  endfacet
  facet normal 0.0784919 0.996915 -0
    outer loop
      vertex 43.4 16.5 0
      vertex 43.1028 16.5234 2.4
      vertex 43.4 16.5 2.4
    endloop
  endfacet
  facet normal 0.0784919 0.996915 0
    outer loop
      vertex 43.1028 16.5234 2.4
      vertex 43.4 16.5 0
      vertex 43.1028 16.5234 0
    endloop
  endfacet
  facet normal -0.852601 0.522562 0
    outer loop
      vertex 44.9371 17.2832 0
      vertex 45.0929 17.5374 2.4
      vertex 45.0929 17.5374 0
    endloop
  endfacet
  facet normal -0.852601 0.522562 0
    outer loop
      vertex 45.0929 17.5374 2.4
      vertex 44.9371 17.2832 0
      vertex 44.9371 17.2832 2.4
    endloop
  endfacet
  facet normal 0.382638 -0.923898 0
    outer loop
      vertex 42.5374 20.0929 0
      vertex 42.8129 20.207 2.4
      vertex 42.5374 20.0929 2.4
    endloop
  endfacet
  facet normal 0.382638 -0.923898 0
    outer loop
      vertex 42.8129 20.207 2.4
      vertex 42.5374 20.0929 0
      vertex 42.8129 20.207 0
    endloop
  endfacet
  facet normal 0.522562 0.852601 -0
    outer loop
      vertex 42.5374 16.7071 0
      vertex 42.2832 16.8629 2.4
      vertex 42.5374 16.7071 2.4
    endloop
  endfacet
  facet normal 0.522562 0.852601 0
    outer loop
      vertex 42.2832 16.8629 2.4
      vertex 42.5374 16.7071 0
      vertex 42.2832 16.8629 0
    endloop
  endfacet
  facet normal 0.852601 -0.522562 0
    outer loop
      vertex 41.7071 19.2626 2.4
      vertex 41.8629 19.5168 0
      vertex 41.8629 19.5168 2.4
    endloop
  endfacet
  facet normal 0.852601 -0.522562 0
    outer loop
      vertex 41.8629 19.5168 0
      vertex 41.7071 19.2626 2.4
      vertex 41.7071 19.2626 0
    endloop
  endfacet
  facet normal 0.923898 0.382638 0
    outer loop
      vertex 41.7071 17.5374 2.4
      vertex 41.593 17.8129 0
      vertex 41.593 17.8129 2.4
    endloop
  endfacet
  facet normal 0.923898 0.382638 0
    outer loop
      vertex 41.593 17.8129 0
      vertex 41.7071 17.5374 2.4
      vertex 41.7071 17.5374 0
    endloop
  endfacet
  facet normal -0.852601 -0.522562 0
    outer loop
      vertex 45.0929 19.2626 0
      vertex 44.9371 19.5168 2.4
      vertex 44.9371 19.5168 0
    endloop
  endfacet
  facet normal -0.852601 -0.522562 0
    outer loop
      vertex 44.9371 19.5168 2.4
      vertex 45.0929 19.2626 0
      vertex 45.0929 19.2626 2.4
    endloop
  endfacet
  facet normal -0.760439 0.649409 0
    outer loop
      vertex 44.7435 17.0565 0
      vertex 44.9371 17.2832 2.4
      vertex 44.9371 17.2832 0
    endloop
  endfacet
  facet normal -0.760439 0.649409 0
    outer loop
      vertex 44.9371 17.2832 2.4
      vertex 44.7435 17.0565 0
      vertex 44.7435 17.0565 2.4
    endloop
  endfacet
  facet normal -0.760439 -0.649409 0
    outer loop
      vertex 44.9371 19.5168 0
      vertex 44.7435 19.7435 2.4
      vertex 44.7435 19.7435 0
    endloop
  endfacet
  facet normal -0.760439 -0.649409 0
    outer loop
      vertex 44.7435 19.7435 2.4
      vertex 44.9371 19.5168 0
      vertex 44.9371 19.5168 2.4
    endloop
  endfacet
  facet normal 0.923898 -0.382638 0
    outer loop
      vertex 41.593 18.9871 2.4
      vertex 41.7071 19.2626 0
      vertex 41.7071 19.2626 2.4
    endloop
  endfacet
  facet normal 0.923898 -0.382638 0
    outer loop
      vertex 41.7071 19.2626 0
      vertex 41.593 18.9871 2.4
      vertex 41.593 18.9871 0
    endloop
  endfacet
  facet normal -0.233449 0.972369 0
    outer loop
      vertex 54.9871 16.593 0
      vertex 54.6972 16.5234 2.4
      vertex 54.9871 16.593 2.4
    endloop
  endfacet
  facet normal -0.233449 0.972369 0
    outer loop
      vertex 54.6972 16.5234 2.4
      vertex 54.9871 16.593 0
      vertex 54.6972 16.5234 0
    endloop
  endfacet
  facet normal -0.972369 -0.233449 0
    outer loop
      vertex 56.2766 18.6972 0
      vertex 56.207 18.9871 2.4
      vertex 56.207 18.9871 0
    endloop
  endfacet
  facet normal -0.972369 -0.233449 0
    outer loop
      vertex 56.207 18.9871 2.4
      vertex 56.2766 18.6972 0
      vertex 56.2766 18.6972 2.4
    endloop
  endfacet
  facet normal -0.996915 -0.0784919 0
    outer loop
      vertex 56.3 18.4 0
      vertex 56.2766 18.6972 2.4
      vertex 56.2766 18.6972 0
    endloop
  endfacet
  facet normal -0.996915 -0.0784919 0
    outer loop
      vertex 56.2766 18.6972 2.4
      vertex 56.3 18.4 0
      vertex 56.3 18.4 2.4
    endloop
  endfacet
  facet normal -0.923898 -0.382638 0
    outer loop
      vertex 56.207 18.9871 0
      vertex 56.0929 19.2626 2.4
      vertex 56.0929 19.2626 0
    endloop
  endfacet
  facet normal -0.923898 -0.382638 0
    outer loop
      vertex 56.0929 19.2626 2.4
      vertex 56.207 18.9871 0
      vertex 56.207 18.9871 2.4
    endloop
  endfacet
  facet normal -0.996915 0.0784919 0
    outer loop
      vertex 56.2766 18.1028 0
      vertex 56.3 18.4 2.4
      vertex 56.3 18.4 0
    endloop
  endfacet
  facet normal -0.996915 0.0784919 0
    outer loop
      vertex 56.3 18.4 2.4
      vertex 56.2766 18.1028 0
      vertex 56.2766 18.1028 2.4
    endloop
  endfacet
  facet normal -0.649409 -0.760439 0
    outer loop
      vertex 55.5168 19.9371 0
      vertex 55.7435 19.7435 2.4
      vertex 55.5168 19.9371 2.4
    endloop
  endfacet
  facet normal -0.649409 -0.760439 -0
    outer loop
      vertex 55.7435 19.7435 2.4
      vertex 55.5168 19.9371 0
      vertex 55.7435 19.7435 0
    endloop
  endfacet
  facet normal 0.923898 0.382638 0
    outer loop
      vertex 52.7071 17.5374 2.4
      vertex 52.593 17.8129 0
      vertex 52.593 17.8129 2.4
    endloop
  endfacet
  facet normal 0.923898 0.382638 0
    outer loop
      vertex 52.593 17.8129 0
      vertex 52.7071 17.5374 2.4
      vertex 52.7071 17.5374 0
    endloop
  endfacet
  facet normal 0.852601 -0.522562 0
    outer loop
      vertex 52.7071 19.2626 2.4
      vertex 52.8629 19.5168 0
      vertex 52.8629 19.5168 2.4
    endloop
  endfacet
  facet normal 0.852601 -0.522562 0
    outer loop
      vertex 52.8629 19.5168 0
      vertex 52.7071 19.2626 2.4
      vertex 52.7071 19.2626 0
    endloop
  endfacet
  facet normal -0.760439 0.649409 0
    outer loop
      vertex 55.7435 17.0565 0
      vertex 55.9371 17.2832 2.4
      vertex 55.9371 17.2832 0
    endloop
  endfacet
  facet normal -0.760439 0.649409 0
    outer loop
      vertex 55.9371 17.2832 2.4
      vertex 55.7435 17.0565 0
      vertex 55.7435 17.0565 2.4
    endloop
  endfacet
  facet normal 0.649409 -0.760439 0
    outer loop
      vertex 53.0565 19.7435 0
      vertex 53.2832 19.9371 2.4
      vertex 53.0565 19.7435 2.4
    endloop
  endfacet
  facet normal 0.649409 -0.760439 0
    outer loop
      vertex 53.2832 19.9371 2.4
      vertex 53.0565 19.7435 0
      vertex 53.2832 19.9371 0
    endloop
  endfacet
  facet normal -0.852601 0.522562 0
    outer loop
      vertex 55.9371 17.2832 0
      vertex 56.0929 17.5374 2.4
      vertex 56.0929 17.5374 0
    endloop
  endfacet
  facet normal -0.852601 0.522562 0
    outer loop
      vertex 56.0929 17.5374 2.4
      vertex 55.9371 17.2832 0
      vertex 55.9371 17.2832 2.4
    endloop
  endfacet
  facet normal -0.382638 0.923898 0
    outer loop
      vertex 55.2626 16.7071 0
      vertex 54.9871 16.593 2.4
      vertex 55.2626 16.7071 2.4
    endloop
  endfacet
  facet normal -0.382638 0.923898 0
    outer loop
      vertex 54.9871 16.593 2.4
      vertex 55.2626 16.7071 0
      vertex 54.9871 16.593 0
    endloop
  endfacet
  facet normal 0.972369 0.233449 0
    outer loop
      vertex 52.593 17.8129 2.4
      vertex 52.5234 18.1028 0
      vertex 52.5234 18.1028 2.4
    endloop
  endfacet
  facet normal 0.972369 0.233449 0
    outer loop
      vertex 52.5234 18.1028 0
      vertex 52.593 17.8129 2.4
      vertex 52.593 17.8129 0
    endloop
  endfacet
  facet normal 0.760439 -0.649409 0
    outer loop
      vertex 52.8629 19.5168 2.4
      vertex 53.0565 19.7435 0
      vertex 53.0565 19.7435 2.4
    endloop
  endfacet
  facet normal 0.760439 -0.649409 0
    outer loop
      vertex 53.0565 19.7435 0
      vertex 52.8629 19.5168 2.4
      vertex 52.8629 19.5168 0
    endloop
  endfacet
  facet normal -0.522562 0.852601 0
    outer loop
      vertex 55.5168 16.8629 0
      vertex 55.2626 16.7071 2.4
      vertex 55.5168 16.8629 2.4
    endloop
  endfacet
  facet normal -0.522562 0.852601 0
    outer loop
      vertex 55.2626 16.7071 2.4
      vertex 55.5168 16.8629 0
      vertex 55.2626 16.7071 0
    endloop
  endfacet
  facet normal -0.923898 0.382638 0
    outer loop
      vertex 56.0929 17.5374 0
      vertex 56.207 17.8129 2.4
      vertex 56.207 17.8129 0
    endloop
  endfacet
  facet normal -0.923898 0.382638 0
    outer loop
      vertex 56.207 17.8129 2.4
      vertex 56.0929 17.5374 0
      vertex 56.0929 17.5374 2.4
    endloop
  endfacet
  facet normal 0.233449 -0.972369 0
    outer loop
      vertex 53.8129 20.207 0
      vertex 54.1028 20.2766 2.4
      vertex 53.8129 20.207 2.4
    endloop
  endfacet
  facet normal 0.233449 -0.972369 0
    outer loop
      vertex 54.1028 20.2766 2.4
      vertex 53.8129 20.207 0
      vertex 54.1028 20.2766 0
    endloop
  endfacet
  facet normal 0.382638 -0.923898 0
    outer loop
      vertex 53.5374 20.0929 0
      vertex 53.8129 20.207 2.4
      vertex 53.5374 20.0929 2.4
    endloop
  endfacet
  facet normal 0.382638 -0.923898 0
    outer loop
      vertex 53.8129 20.207 2.4
      vertex 53.5374 20.0929 0
      vertex 53.8129 20.207 0
    endloop
  endfacet
  facet normal 0.996915 0.0784919 0
    outer loop
      vertex 52.5234 18.1028 2.4
      vertex 52.5 18.4 0
      vertex 52.5 18.4 2.4
    endloop
  endfacet
  facet normal 0.996915 0.0784919 0
    outer loop
      vertex 52.5 18.4 0
      vertex 52.5234 18.1028 2.4
      vertex 52.5234 18.1028 0
    endloop
  endfacet
  facet normal -0.382638 -0.923898 0
    outer loop
      vertex 54.9871 20.207 0
      vertex 55.2626 20.0929 2.4
      vertex 54.9871 20.207 2.4
    endloop
  endfacet
  facet normal -0.382638 -0.923898 -0
    outer loop
      vertex 55.2626 20.0929 2.4
      vertex 54.9871 20.207 0
      vertex 55.2626 20.0929 0
    endloop
  endfacet
  facet normal 0.382638 0.923898 -0
    outer loop
      vertex 53.8129 16.593 0
      vertex 53.5374 16.7071 2.4
      vertex 53.8129 16.593 2.4
    endloop
  endfacet
  facet normal 0.382638 0.923898 0
    outer loop
      vertex 53.5374 16.7071 2.4
      vertex 53.8129 16.593 0
      vertex 53.5374 16.7071 0
    endloop
  endfacet
  facet normal -0.760439 -0.649409 0
    outer loop
      vertex 55.9371 19.5168 0
      vertex 55.7435 19.7435 2.4
      vertex 55.7435 19.7435 0
    endloop
  endfacet
  facet normal -0.760439 -0.649409 0
    outer loop
      vertex 55.7435 19.7435 2.4
      vertex 55.9371 19.5168 0
      vertex 55.9371 19.5168 2.4
    endloop
  endfacet
  facet normal -0.522562 -0.852601 0
    outer loop
      vertex 55.2626 20.0929 0
      vertex 55.5168 19.9371 2.4
      vertex 55.2626 20.0929 2.4
    endloop
  endfacet
  facet normal -0.522562 -0.852601 -0
    outer loop
      vertex 55.5168 19.9371 2.4
      vertex 55.2626 20.0929 0
      vertex 55.5168 19.9371 0
    endloop
  endfacet
  facet normal 0.972369 -0.233449 0
    outer loop
      vertex 52.5234 18.6972 2.4
      vertex 52.593 18.9871 0
      vertex 52.593 18.9871 2.4
    endloop
  endfacet
  facet normal 0.972369 -0.233449 0
    outer loop
      vertex 52.593 18.9871 0
      vertex 52.5234 18.6972 2.4
      vertex 52.5234 18.6972 0
    endloop
  endfacet
  facet normal 0.0784919 -0.996915 0
    outer loop
      vertex 54.1028 20.2766 0
      vertex 54.4 20.3 2.4
      vertex 54.1028 20.2766 2.4
    endloop
  endfacet
  facet normal 0.0784919 -0.996915 0
    outer loop
      vertex 54.4 20.3 2.4
      vertex 54.1028 20.2766 0
      vertex 54.4 20.3 0
    endloop
  endfacet
  facet normal 0.522562 -0.852601 0
    outer loop
      vertex 53.2832 19.9371 0
      vertex 53.5374 20.0929 2.4
      vertex 53.2832 19.9371 2.4
    endloop
  endfacet
  facet normal 0.522562 -0.852601 0
    outer loop
      vertex 53.5374 20.0929 2.4
      vertex 53.2832 19.9371 0
      vertex 53.5374 20.0929 0
    endloop
  endfacet
  facet normal 0.233449 0.972369 -0
    outer loop
      vertex 54.1028 16.5234 0
      vertex 53.8129 16.593 2.4
      vertex 54.1028 16.5234 2.4
    endloop
  endfacet
  facet normal 0.233449 0.972369 0
    outer loop
      vertex 53.8129 16.593 2.4
      vertex 54.1028 16.5234 0
      vertex 53.8129 16.593 0
    endloop
  endfacet
  facet normal 0.852601 0.522562 0
    outer loop
      vertex 52.8629 17.2832 2.4
      vertex 52.7071 17.5374 0
      vertex 52.7071 17.5374 2.4
    endloop
  endfacet
  facet normal 0.852601 0.522562 0
    outer loop
      vertex 52.7071 17.5374 0
      vertex 52.8629 17.2832 2.4
      vertex 52.8629 17.2832 0
    endloop
  endfacet
  facet normal 0.522562 0.852601 -0
    outer loop
      vertex 53.5374 16.7071 0
      vertex 53.2832 16.8629 2.4
      vertex 53.5374 16.7071 2.4
    endloop
  endfacet
  facet normal 0.522562 0.852601 0
    outer loop
      vertex 53.2832 16.8629 2.4
      vertex 53.5374 16.7071 0
      vertex 53.2832 16.8629 0
    endloop
  endfacet
  facet normal 0.996915 -0.0784919 0
    outer loop
      vertex 52.5 18.4 2.4
      vertex 52.5234 18.6972 0
      vertex 52.5234 18.6972 2.4
    endloop
  endfacet
  facet normal 0.996915 -0.0784919 0
    outer loop
      vertex 52.5234 18.6972 0
      vertex 52.5 18.4 2.4
      vertex 52.5 18.4 0
    endloop
  endfacet
  facet normal -0.972369 0.233449 0
    outer loop
      vertex 56.207 17.8129 0
      vertex 56.2766 18.1028 2.4
      vertex 56.2766 18.1028 0
    endloop
  endfacet
  facet normal -0.972369 0.233449 0
    outer loop
      vertex 56.2766 18.1028 2.4
      vertex 56.207 17.8129 0
      vertex 56.207 17.8129 2.4
    endloop
  endfacet
  facet normal -0.852601 -0.522562 0
    outer loop
      vertex 56.0929 19.2626 0
      vertex 55.9371 19.5168 2.4
      vertex 55.9371 19.5168 0
    endloop
  endfacet
  facet normal -0.852601 -0.522562 0
    outer loop
      vertex 55.9371 19.5168 2.4
      vertex 56.0929 19.2626 0
      vertex 56.0929 19.2626 2.4
    endloop
  endfacet
  facet normal 0.760439 0.649409 0
    outer loop
      vertex 53.0565 17.0565 2.4
      vertex 52.8629 17.2832 0
      vertex 52.8629 17.2832 2.4
    endloop
  endfacet
  facet normal 0.760439 0.649409 0
    outer loop
      vertex 52.8629 17.2832 0
      vertex 53.0565 17.0565 2.4
      vertex 53.0565 17.0565 0
    endloop
  endfacet
  facet normal 0.649409 0.760439 -0
    outer loop
      vertex 53.2832 16.8629 0
      vertex 53.0565 17.0565 2.4
      vertex 53.2832 16.8629 2.4
    endloop
  endfacet
  facet normal 0.649409 0.760439 0
    outer loop
      vertex 53.0565 17.0565 2.4
      vertex 53.2832 16.8629 0
      vertex 53.0565 17.0565 0
    endloop
  endfacet
  facet normal -0.0784919 0.996915 0
    outer loop
      vertex 54.6972 16.5234 0
      vertex 54.4 16.5 2.4
      vertex 54.6972 16.5234 2.4
    endloop
  endfacet
  facet normal -0.0784919 0.996915 0
    outer loop
      vertex 54.4 16.5 2.4
      vertex 54.6972 16.5234 0
      vertex 54.4 16.5 0
    endloop
  endfacet
  facet normal 0.0784919 0.996915 -0
    outer loop
      vertex 54.4 16.5 0
      vertex 54.1028 16.5234 2.4
      vertex 54.4 16.5 2.4
    endloop
  endfacet
  facet normal 0.0784919 0.996915 0
    outer loop
      vertex 54.1028 16.5234 2.4
      vertex 54.4 16.5 0
      vertex 54.1028 16.5234 0
    endloop
  endfacet
  facet normal -0.233449 -0.972369 0
    outer loop
      vertex 54.6972 20.2766 0
      vertex 54.9871 20.207 2.4
      vertex 54.6972 20.2766 2.4
    endloop
  endfacet
  facet normal -0.233449 -0.972369 -0
    outer loop
      vertex 54.9871 20.207 2.4
      vertex 54.6972 20.2766 0
      vertex 54.9871 20.207 0
    endloop
  endfacet
  facet normal -0.0784919 -0.996915 0
    outer loop
      vertex 54.4 20.3 0
      vertex 54.6972 20.2766 2.4
      vertex 54.4 20.3 2.4
    endloop
  endfacet
  facet normal -0.0784919 -0.996915 -0
    outer loop
      vertex 54.6972 20.2766 2.4
      vertex 54.4 20.3 0
      vertex 54.6972 20.2766 0
    endloop
  endfacet
  facet normal -0.649409 0.760439 0
    outer loop
      vertex 55.7435 17.0565 0
      vertex 55.5168 16.8629 2.4
      vertex 55.7435 17.0565 2.4
    endloop
  endfacet
  facet normal -0.649409 0.760439 0
    outer loop
      vertex 55.5168 16.8629 2.4
      vertex 55.7435 17.0565 0
      vertex 55.5168 16.8629 0
    endloop
  endfacet
  facet normal 0.923898 -0.382638 0
    outer loop
      vertex 52.593 18.9871 2.4
      vertex 52.7071 19.2626 0
      vertex 52.7071 19.2626 2.4
    endloop
  endfacet
  facet normal 0.923898 -0.382638 0
    outer loop
      vertex 52.7071 19.2626 0
      vertex 52.593 18.9871 2.4
      vertex 52.593 18.9871 0
    endloop
  endfacet
  facet normal -1 0 0
    outer loop
      vertex 34.8 45 2.4
      vertex 34.8 46.8 3.4
      vertex 34.8 46.8 2.4
    endloop
  endfacet
  facet normal -1 -0 0
    outer loop
      vertex 34.8 46.8 3.4
      vertex 34.8 45 2.4
      vertex 34.8 45 3.4
    endloop
  endfacet
  facet normal -1 0 0
    outer loop
      vertex 34.8 42.8 0
      vertex 34.8 48.8 2.4
      vertex 34.8 48.8 0
    endloop
  endfacet
  facet normal -1 -0 0
    outer loop
      vertex 34.8 48.8 2.4
      vertex 34.8 42.8 0
      vertex 34.8 42.8 2.4
    endloop
  endfacet
  facet normal 0 0 -1
    outer loop
      vertex 27.8 45 3.4
      vertex 34.8 46.8 3.4
      vertex 34.8 45 3.4
    endloop
  endfacet
  facet normal -0 0 -1
    outer loop
      vertex 34.8 46.8 3.4
      vertex 27.8 45 3.4
      vertex 27.8 46.8 3.4
    endloop
  endfacet
  facet normal 1 -0 0
    outer loop
      vertex 27.8 45 3.4
      vertex 27.8 46.8 2.4
      vertex 27.8 46.8 3.4
    endloop
  endfacet
  facet normal 1 0 0
    outer loop
      vertex 27.8 46.8 2.4
      vertex 27.8 45 3.4
      vertex 27.8 45 2.4
    endloop
  endfacet
  facet normal 1 -0 0
    outer loop
      vertex 27.8 42.8 2.4
      vertex 27.8 48.8 0
      vertex 27.8 48.8 2.4
    endloop
  endfacet
  facet normal 1 0 0
    outer loop
      vertex 27.8 48.8 0
      vertex 27.8 42.8 2.4
      vertex 27.8 42.8 0
    endloop
  endfacet
  facet normal 0 -1 0
    outer loop
      vertex 27.8 48.8 0
      vertex 34.8 48.8 2.4
      vertex 27.8 48.8 2.4
    endloop
  endfacet
  facet normal 0 -1 -0
    outer loop
      vertex 34.8 48.8 2.4
      vertex 27.8 48.8 0
      vertex 34.8 48.8 0
    endloop
  endfacet
  facet normal 0 1 -0
    outer loop
      vertex 34.8 42.8 0
      vertex 27.8 42.8 2.4
      vertex 34.8 42.8 2.4
    endloop
  endfacet
  facet normal 0 1 0
    outer loop
      vertex 27.8 42.8 2.4
      vertex 34.8 42.8 0
      vertex 27.8 42.8 0
    endloop
  endfacet
endsolid OpenSCAD_Model
