solid OpenSCAD_Model
  facet normal 0.64925 0.760575 -0
    outer loop
      vertex 37.2607 77.2607 -3.5
      vertex 37.0817 77.4135 0
      vertex 37.2607 77.2607 0
    endloop
  endfacet
  facet normal 0.64925 0.760575 0
    outer loop
      vertex 37.0817 77.4135 0
      vertex 37.2607 77.2607 -3.5
      vertex 37.0817 77.4135 -3.5
    endloop
  endfacet
  facet normal 0 0 -1
    outer loop
      vertex 37.6815 3.56535 0
      vertex 40 3.5 0
      vertex 39.9569 2.95248 0
    endloop
  endfacet
  facet normal 0 0 -1
    outer loop
      vertex 40 3.5 0
      vertex 37.7 3.8 0
      vertex 40 76.5 0
    endloop
  endfacet
  facet normal 0 0 -1
    outer loop
      vertex 37.6266 3.33647 0
      vertex 39.9569 2.95248 0
      vertex 39.8287 2.41844 0
    endloop
  endfacet
  facet normal 0 0 -1
    outer loop
      vertex 37.7 76.2 0
      vertex 40 76.5 0
      vertex 37.7 3.8 0
    endloop
  endfacet
  facet normal 0 0 -1
    outer loop
      vertex 37.5365 3.11901 0
      vertex 39.8287 2.41844 0
      vertex 39.6185 1.91103 0
    endloop
  endfacet
  facet normal 0 0 -1
    outer loop
      vertex 37.6815 76.4347 0
      vertex 40 76.5 0
      vertex 37.7 76.2 0
    endloop
  endfacet
  facet normal 0 0 -1
    outer loop
      vertex 37.4135 2.91832 0
      vertex 39.6185 1.91103 0
      vertex 39.3316 1.44275 0
    endloop
  endfacet
  facet normal -0 0 -1
    outer loop
      vertex 40 76.5 0
      vertex 37.6815 76.4347 0
      vertex 39.9569 77.0475 0
    endloop
  endfacet
  facet normal 0 0 -1
    outer loop
      vertex 37.2607 2.73934 0
      vertex 39.3316 1.44275 0
      vertex 38.9749 1.02513 0
    endloop
  endfacet
  facet normal 0 0 -1
    outer loop
      vertex 37.6266 76.6635 0
      vertex 39.9569 77.0475 0
      vertex 37.6815 76.4347 0
    endloop
  endfacet
  facet normal 0 0 -1
    outer loop
      vertex 37.2607 2.73934 0
      vertex 38.9749 1.02513 0
      vertex 38.5572 0.66844 0
    endloop
  endfacet
  facet normal -0 0 -1
    outer loop
      vertex 39.9569 77.0475 0
      vertex 37.6266 76.6635 0
      vertex 39.8287 77.5816 0
    endloop
  endfacet
  facet normal 0 0 -1
    outer loop
      vertex 37.0817 2.58647 0
      vertex 38.5572 0.66844 0
      vertex 38.089 0.381476 0
    endloop
  endfacet
  facet normal 0 0 -1
    outer loop
      vertex 37.5365 76.881 0
      vertex 39.8287 77.5816 0
      vertex 37.6266 76.6635 0
    endloop
  endfacet
  facet normal -0 0 -1
    outer loop
      vertex 39.8287 77.5816 0
      vertex 37.5365 76.881 0
      vertex 39.6185 78.089 0
    endloop
  endfacet
  facet normal 0 0 -1
    outer loop
      vertex 40 3.5 0
      vertex 37.6815 3.56535 0
      vertex 37.7 3.8 0
    endloop
  endfacet
  facet normal 0 0 -1
    outer loop
      vertex 39.9569 2.95248 0
      vertex 37.6266 3.33647 0
      vertex 37.6815 3.56535 0
    endloop
  endfacet
  facet normal 0 0 -1
    outer loop
      vertex 36.881 2.46349 0
      vertex 38.089 0.381476 0
      vertex 37.5816 0.171302 0
    endloop
  endfacet
  facet normal 0 0 -1
    outer loop
      vertex 39.8287 2.41844 0
      vertex 37.5365 3.11901 0
      vertex 37.6266 3.33647 0
    endloop
  endfacet
  facet normal 0 0 -1
    outer loop
      vertex 39.6185 1.91103 0
      vertex 37.4135 2.91832 0
      vertex 37.5365 3.11901 0
    endloop
  endfacet
  facet normal 0 0 -1
    outer loop
      vertex 39.3316 1.44275 0
      vertex 37.2607 2.73934 0
      vertex 37.4135 2.91832 0
    endloop
  endfacet
  facet normal 0 0 -1
    outer loop
      vertex 38.5572 0.66844 0
      vertex 37.0817 2.58647 0
      vertex 37.2607 2.73934 0
    endloop
  endfacet
  facet normal 0 0 -1
    outer loop
      vertex 36.6635 2.37341 0
      vertex 37.5816 0.171302 0
      vertex 37.0475 0.0430899 0
    endloop
  endfacet
  facet normal 0 0 -1
    outer loop
      vertex 38.089 0.381476 0
      vertex 36.881 2.46349 0
      vertex 37.0817 2.58647 0
    endloop
  endfacet
  facet normal 0 0 -1
    outer loop
      vertex 37.5816 0.171302 0
      vertex 36.6635 2.37341 0
      vertex 36.881 2.46349 0
    endloop
  endfacet
  facet normal 0 0 -1
    outer loop
      vertex 36.4347 2.31847 0
      vertex 37.0475 0.0430899 0
      vertex 36.5 0 0
    endloop
  endfacet
  facet normal 0 0 -1
    outer loop
      vertex 37.0475 0.0430899 0
      vertex 36.4347 2.31847 0
      vertex 36.6635 2.37341 0
    endloop
  endfacet
  facet normal 0 0 -1
    outer loop
      vertex 36.5 0 0
      vertex 36.2 2.3 0
      vertex 36.4347 2.31847 0
    endloop
  endfacet
  facet normal 0 0 -1
    outer loop
      vertex 36.5 0 0
      vertex 3.8 2.3 0
      vertex 36.2 2.3 0
    endloop
  endfacet
  facet normal 0 0 -1
    outer loop
      vertex 3.5 0 0
      vertex 3.8 2.3 0
      vertex 36.5 0 0
    endloop
  endfacet
  facet normal 0 0 -1
    outer loop
      vertex 3.5 0 0
      vertex 3.56535 2.31847 0
      vertex 3.8 2.3 0
    endloop
  endfacet
  facet normal 0 0 -1
    outer loop
      vertex 2.95248 0.0430899 0
      vertex 3.56535 2.31847 0
      vertex 3.5 0 0
    endloop
  endfacet
  facet normal -0 0 -1
    outer loop
      vertex 3.56535 2.31847 0
      vertex 2.95248 0.0430899 0
      vertex 3.33647 2.37341 0
    endloop
  endfacet
  facet normal 0 0 -1
    outer loop
      vertex 2.41844 0.171302 0
      vertex 3.33647 2.37341 0
      vertex 2.95248 0.0430899 0
    endloop
  endfacet
  facet normal -0 0 -1
    outer loop
      vertex 3.33647 2.37341 0
      vertex 2.41844 0.171302 0
      vertex 3.11901 2.46349 0
    endloop
  endfacet
  facet normal 0 0 -1
    outer loop
      vertex 1.91103 0.381476 0
      vertex 3.11901 2.46349 0
      vertex 2.41844 0.171302 0
    endloop
  endfacet
  facet normal -0 0 -1
    outer loop
      vertex 3.11901 2.46349 0
      vertex 1.91103 0.381476 0
      vertex 2.91832 2.58647 0
    endloop
  endfacet
  facet normal 0 0 -1
    outer loop
      vertex 1.44275 0.66844 0
      vertex 2.91832 2.58647 0
      vertex 1.91103 0.381476 0
    endloop
  endfacet
  facet normal -0 0 -1
    outer loop
      vertex 2.91832 2.58647 0
      vertex 1.44275 0.66844 0
      vertex 2.73934 2.73934 0
    endloop
  endfacet
  facet normal 0 0 -1
    outer loop
      vertex 1.02513 1.02513 0
      vertex 2.73934 2.73934 0
      vertex 1.44275 0.66844 0
    endloop
  endfacet
  facet normal 0 0 -1
    outer loop
      vertex 0.66844 1.44275 0
      vertex 2.73934 2.73934 0
      vertex 1.02513 1.02513 0
    endloop
  endfacet
  facet normal -0 0 -1
    outer loop
      vertex 2.73934 2.73934 0
      vertex 0.66844 1.44275 0
      vertex 2.58647 2.91832 0
    endloop
  endfacet
  facet normal -0 0 -1
    outer loop
      vertex 2.58647 2.91832 0
      vertex 0.381476 1.91103 0
      vertex 2.46349 3.11901 0
    endloop
  endfacet
  facet normal 0 0 -1
    outer loop
      vertex 0.381476 1.91103 0
      vertex 2.58647 2.91832 0
      vertex 0.66844 1.44275 0
    endloop
  endfacet
  facet normal 0 0 -1
    outer loop
      vertex 37.4135 77.0817 0
      vertex 39.6185 78.089 0
      vertex 37.5365 76.881 0
    endloop
  endfacet
  facet normal -0 0 -1
    outer loop
      vertex 39.6185 78.089 0
      vertex 37.4135 77.0817 0
      vertex 39.3316 78.5573 0
    endloop
  endfacet
  facet normal 0 0 -1
    outer loop
      vertex 37.2607 77.2607 0
      vertex 39.3316 78.5573 0
      vertex 37.4135 77.0817 0
    endloop
  endfacet
  facet normal -0 0 -1
    outer loop
      vertex 39.3316 78.5573 0
      vertex 37.2607 77.2607 0
      vertex 38.9749 78.9749 0
    endloop
  endfacet
  facet normal -0 0 -1
    outer loop
      vertex 38.9749 78.9749 0
      vertex 37.2607 77.2607 0
      vertex 38.5572 79.3316 0
    endloop
  endfacet
  facet normal 0 0 -1
    outer loop
      vertex 37.0817 77.4135 0
      vertex 38.5572 79.3316 0
      vertex 37.2607 77.2607 0
    endloop
  endfacet
  facet normal -0 0 -1
    outer loop
      vertex 38.5572 79.3316 0
      vertex 37.0817 77.4135 0
      vertex 38.089 79.6185 0
    endloop
  endfacet
  facet normal 0 0 -1
    outer loop
      vertex 36.881 77.5365 0
      vertex 38.089 79.6185 0
      vertex 37.0817 77.4135 0
    endloop
  endfacet
  facet normal -0 0 -1
    outer loop
      vertex 38.089 79.6185 0
      vertex 36.881 77.5365 0
      vertex 37.5816 79.8287 0
    endloop
  endfacet
  facet normal 0 0 -1
    outer loop
      vertex 36.6635 77.6266 0
      vertex 37.5816 79.8287 0
      vertex 36.881 77.5365 0
    endloop
  endfacet
  facet normal -0 0 -1
    outer loop
      vertex 37.5816 79.8287 0
      vertex 36.6635 77.6266 0
      vertex 37.0475 79.9569 0
    endloop
  endfacet
  facet normal 0 0 -1
    outer loop
      vertex 36.4347 77.6815 0
      vertex 37.0475 79.9569 0
      vertex 36.6635 77.6266 0
    endloop
  endfacet
  facet normal -0 0 -1
    outer loop
      vertex 37.0475 79.9569 0
      vertex 36.4347 77.6815 0
      vertex 36.5 80 0
    endloop
  endfacet
  facet normal 0 0 -1
    outer loop
      vertex 36.2 77.7 0
      vertex 36.5 80 0
      vertex 36.4347 77.6815 0
    endloop
  endfacet
  facet normal 0 0 -1
    outer loop
      vertex 3.8 77.7 0
      vertex 36.5 80 0
      vertex 36.2 77.7 0
    endloop
  endfacet
  facet normal 0 0 -1
    outer loop
      vertex 3.8 77.7 0
      vertex 3.5 80 0
      vertex 36.5 80 0
    endloop
  endfacet
  facet normal 0 0 -1
    outer loop
      vertex 3.56535 77.6815 0
      vertex 3.5 80 0
      vertex 3.8 77.7 0
    endloop
  endfacet
  facet normal 0 0 -1
    outer loop
      vertex 2.95248 79.9569 0
      vertex 3.56535 77.6815 0
      vertex 3.33647 77.6266 0
    endloop
  endfacet
  facet normal 0 0 -1
    outer loop
      vertex 2.41844 79.8287 0
      vertex 3.33647 77.6266 0
      vertex 3.11901 77.5365 0
    endloop
  endfacet
  facet normal 0 0 -1
    outer loop
      vertex 3.56535 77.6815 0
      vertex 2.95248 79.9569 0
      vertex 3.5 80 0
    endloop
  endfacet
  facet normal 0 0 -1
    outer loop
      vertex 1.91103 79.6185 0
      vertex 3.11901 77.5365 0
      vertex 2.91832 77.4135 0
    endloop
  endfacet
  facet normal 0 0 -1
    outer loop
      vertex 1.44275 79.3316 0
      vertex 2.91832 77.4135 0
      vertex 2.73934 77.2607 0
    endloop
  endfacet
  facet normal 0 0 -1
    outer loop
      vertex 0.66844 78.5573 0
      vertex 2.73934 77.2607 0
      vertex 2.58647 77.0817 0
    endloop
  endfacet
  facet normal 0 0 -1
    outer loop
      vertex 0.381476 78.089 0
      vertex 2.58647 77.0817 0
      vertex 2.46349 76.881 0
    endloop
  endfacet
  facet normal 0 0 -1
    outer loop
      vertex 3.33647 77.6266 0
      vertex 2.41844 79.8287 0
      vertex 2.95248 79.9569 0
    endloop
  endfacet
  facet normal 0 0 -1
    outer loop
      vertex 0.171302 77.5816 0
      vertex 2.46349 76.881 0
      vertex 2.37341 76.6635 0
    endloop
  endfacet
  facet normal 0 0 -1
    outer loop
      vertex 0.0430899 77.0475 0
      vertex 2.37341 76.6635 0
      vertex 2.31847 76.4347 0
    endloop
  endfacet
  facet normal 0 0 -1
    outer loop
      vertex 0 76.5 0
      vertex 2.31847 76.4347 0
      vertex 2.3 76.2 0
    endloop
  endfacet
  facet normal 0 0 -1
    outer loop
      vertex 3.11901 77.5365 0
      vertex 1.91103 79.6185 0
      vertex 2.41844 79.8287 0
    endloop
  endfacet
  facet normal -0 0 -1
    outer loop
      vertex 2.3 3.8 0
      vertex 0 3.5 0
      vertex 2.3 76.2 0
    endloop
  endfacet
  facet normal 0 0 -1
    outer loop
      vertex 0.171302 2.41844 0
      vertex 2.46349 3.11901 0
      vertex 0.381476 1.91103 0
    endloop
  endfacet
  facet normal 0 0 -1
    outer loop
      vertex 0 76.5 0
      vertex 2.3 76.2 0
      vertex 0 3.5 0
    endloop
  endfacet
  facet normal -0 0 -1
    outer loop
      vertex 2.46349 3.11901 0
      vertex 0.171302 2.41844 0
      vertex 2.37341 3.33647 0
    endloop
  endfacet
  facet normal 0 0 -1
    outer loop
      vertex 2.31847 76.4347 0
      vertex 0 76.5 0
      vertex 0.0430899 77.0475 0
    endloop
  endfacet
  facet normal 0 0 -1
    outer loop
      vertex 0.0430899 2.95248 0
      vertex 2.37341 3.33647 0
      vertex 0.171302 2.41844 0
    endloop
  endfacet
  facet normal 0 0 -1
    outer loop
      vertex 2.91832 77.4135 0
      vertex 1.44275 79.3316 0
      vertex 1.91103 79.6185 0
    endloop
  endfacet
  facet normal -0 0 -1
    outer loop
      vertex 2.37341 3.33647 0
      vertex 0.0430899 2.95248 0
      vertex 2.31847 3.56535 0
    endloop
  endfacet
  facet normal 0 0 -1
    outer loop
      vertex 2.73934 77.2607 0
      vertex 1.02513 78.9749 0
      vertex 1.44275 79.3316 0
    endloop
  endfacet
  facet normal 0 0 -1
    outer loop
      vertex 0 3.5 0
      vertex 2.31847 3.56535 0
      vertex 0.0430899 2.95248 0
    endloop
  endfacet
  facet normal 0 0 -1
    outer loop
      vertex 2.73934 77.2607 0
      vertex 0.66844 78.5573 0
      vertex 1.02513 78.9749 0
    endloop
  endfacet
  facet normal -0 0 -1
    outer loop
      vertex 2.31847 3.56535 0
      vertex 0 3.5 0
      vertex 2.3 3.8 0
    endloop
  endfacet
  facet normal 0 0 -1
    outer loop
      vertex 2.58647 77.0817 0
      vertex 0.381476 78.089 0
      vertex 0.66844 78.5573 0
    endloop
  endfacet
  facet normal 0 0 -1
    outer loop
      vertex 2.46349 76.881 0
      vertex 0.171302 77.5816 0
      vertex 0.381476 78.089 0
    endloop
  endfacet
  facet normal 0 0 -1
    outer loop
      vertex 2.37341 76.6635 0
      vertex 0.0430899 77.0475 0
      vertex 0.171302 77.5816 0
    endloop
  endfacet
  facet normal 0 0 -1
    outer loop
      vertex 6.5 5.2 0
      vertex 7.7 5.2 0
      vertex 7.66922 4.80891 0
    endloop
  endfacet
  facet normal 0 0 -1
    outer loop
      vertex 6.48399 4.99664 0
      vertex 7.66922 4.80891 0
      vertex 7.57764 4.42746 0
    endloop
  endfacet
  facet normal 0 0 -1
    outer loop
      vertex 7.7 5.2 0
      vertex 6.5 5.2 0
      vertex 7.66922 5.59109 0
    endloop
  endfacet
  facet normal 0 0 -1
    outer loop
      vertex 6.43637 4.79828 0
      vertex 7.57764 4.42746 0
      vertex 7.42752 4.06502 0
    endloop
  endfacet
  facet normal 0 0 -1
    outer loop
      vertex 6.48399 5.40336 0
      vertex 7.66922 5.59109 0
      vertex 6.5 5.2 0
    endloop
  endfacet
  facet normal 0 0 -1
    outer loop
      vertex 6.35831 4.60981 0
      vertex 7.42752 4.06502 0
      vertex 7.22254 3.73054 0
    endloop
  endfacet
  facet normal -0 0 -1
    outer loop
      vertex 7.66922 5.59109 0
      vertex 6.48399 5.40336 0
      vertex 7.57764 5.97254 0
    endloop
  endfacet
  facet normal 0 0 -1
    outer loop
      vertex 6.25172 4.43588 0
      vertex 7.22254 3.73054 0
      vertex 7.02564 3.5 0
    endloop
  endfacet
  facet normal 0 0 -1
    outer loop
      vertex 6.11924 4.28076 0
      vertex 7.02564 3.5 0
      vertex 6.96777 3.43223 0
    endloop
  endfacet
  facet normal 0 0 -1
    outer loop
      vertex 6.43637 5.60172 0
      vertex 7.57764 5.97254 0
      vertex 6.48399 5.40336 0
    endloop
  endfacet
  facet normal 0 0 -1
    outer loop
      vertex 6.11924 4.28076 0
      vertex 6.96777 3.43223 0
      vertex 6.66946 3.17746 0
    endloop
  endfacet
  facet normal -0 0 -1
    outer loop
      vertex 7.57764 5.97254 0
      vertex 6.43637 5.60172 0
      vertex 7.42752 6.33498 0
    endloop
  endfacet
  facet normal 0 0 -1
    outer loop
      vertex 6.35831 5.79019 0
      vertex 7.42752 6.33498 0
      vertex 6.43637 5.60172 0
    endloop
  endfacet
  facet normal 0 0 -1
    outer loop
      vertex 7.66922 4.80891 0
      vertex 6.48399 4.99664 0
      vertex 6.5 5.2 0
    endloop
  endfacet
  facet normal 0 0 -1
    outer loop
      vertex 7.57764 4.42746 0
      vertex 6.43637 4.79828 0
      vertex 6.48399 4.99664 0
    endloop
  endfacet
  facet normal 0 0 -1
    outer loop
      vertex 7.42752 4.06502 0
      vertex 6.35831 4.60981 0
      vertex 6.43637 4.79828 0
    endloop
  endfacet
  facet normal 0 0 -1
    outer loop
      vertex 5.96412 4.14828 0
      vertex 6.66946 3.17746 0
      vertex 6.33498 2.97248 0
    endloop
  endfacet
  facet normal 0 0 -1
    outer loop
      vertex 7.22254 3.73054 0
      vertex 6.25172 4.43588 0
      vertex 6.35831 4.60981 0
    endloop
  endfacet
  facet normal 0 0 -1
    outer loop
      vertex 7.02564 3.5 0
      vertex 6.11924 4.28076 0
      vertex 6.25172 4.43588 0
    endloop
  endfacet
  facet normal 0 0 -1
    outer loop
      vertex 5.79019 4.04169 0
      vertex 6.33498 2.97248 0
      vertex 5.97254 2.82236 0
    endloop
  endfacet
  facet normal 0 0 -1
    outer loop
      vertex 6.66946 3.17746 0
      vertex 5.96412 4.14828 0
      vertex 6.11924 4.28076 0
    endloop
  endfacet
  facet normal 0 0 -1
    outer loop
      vertex 6.33498 2.97248 0
      vertex 5.79019 4.04169 0
      vertex 5.96412 4.14828 0
    endloop
  endfacet
  facet normal 0 0 -1
    outer loop
      vertex 5.97254 2.82236 0
      vertex 5.60172 3.96363 0
      vertex 5.79019 4.04169 0
    endloop
  endfacet
  facet normal 0 0 -1
    outer loop
      vertex 5.59109 2.73078 0
      vertex 5.60172 3.96363 0
      vertex 5.97254 2.82236 0
    endloop
  endfacet
  facet normal 0 0 -1
    outer loop
      vertex 5.59109 2.73078 0
      vertex 5.40336 3.91601 0
      vertex 5.60172 3.96363 0
    endloop
  endfacet
  facet normal 0 0 -1
    outer loop
      vertex 5.2 2.7 0
      vertex 5.40336 3.91601 0
      vertex 5.59109 2.73078 0
    endloop
  endfacet
  facet normal 0 0 -1
    outer loop
      vertex 5.2 2.7 0
      vertex 5.2 3.9 0
      vertex 5.40336 3.91601 0
    endloop
  endfacet
  facet normal 0 0 -1
    outer loop
      vertex 5.2 2.7 0
      vertex 4.99664 3.91601 0
      vertex 5.2 3.9 0
    endloop
  endfacet
  facet normal 0 0 -1
    outer loop
      vertex 4.80891 2.73078 0
      vertex 4.99664 3.91601 0
      vertex 5.2 2.7 0
    endloop
  endfacet
  facet normal 0 0 -1
    outer loop
      vertex 4.80891 2.73078 0
      vertex 4.79828 3.96363 0
      vertex 4.99664 3.91601 0
    endloop
  endfacet
  facet normal 0 0 -1
    outer loop
      vertex 4.42746 2.82236 0
      vertex 4.79828 3.96363 0
      vertex 4.80891 2.73078 0
    endloop
  endfacet
  facet normal -0 0 -1
    outer loop
      vertex 4.79828 3.96363 0
      vertex 4.42746 2.82236 0
      vertex 4.60981 4.04169 0
    endloop
  endfacet
  facet normal 0 0 -1
    outer loop
      vertex 4.06502 2.97248 0
      vertex 4.60981 4.04169 0
      vertex 4.42746 2.82236 0
    endloop
  endfacet
  facet normal -0 0 -1
    outer loop
      vertex 4.60981 4.04169 0
      vertex 4.06502 2.97248 0
      vertex 4.43588 4.14828 0
    endloop
  endfacet
  facet normal 0 0 -1
    outer loop
      vertex 3.73054 3.17746 0
      vertex 4.43588 4.14828 0
      vertex 4.06502 2.97248 0
    endloop
  endfacet
  facet normal -0 0 -1
    outer loop
      vertex 4.43588 4.14828 0
      vertex 3.73054 3.17746 0
      vertex 4.28076 4.28076 0
    endloop
  endfacet
  facet normal 0 0 -1
    outer loop
      vertex 3.43223 3.43223 0
      vertex 4.28076 4.28076 0
      vertex 3.73054 3.17746 0
    endloop
  endfacet
  facet normal -0 0 -1
    outer loop
      vertex 4.28076 4.28076 0
      vertex 3.43223 3.43223 0
      vertex 4.14828 4.43588 0
    endloop
  endfacet
  facet normal 0 0 -1
    outer loop
      vertex 3.17746 3.73054 0
      vertex 4.14828 4.43588 0
      vertex 3.43223 3.43223 0
    endloop
  endfacet
  facet normal -0 0 -1
    outer loop
      vertex 4.14828 4.43588 0
      vertex 3.17746 3.73054 0
      vertex 4.04169 4.60981 0
    endloop
  endfacet
  facet normal 0 0 -1
    outer loop
      vertex 2.97248 4.06502 0
      vertex 4.04169 4.60981 0
      vertex 3.17746 3.73054 0
    endloop
  endfacet
  facet normal -0 0 -1
    outer loop
      vertex 7.42752 6.33498 0
      vertex 6.35831 5.79019 0
      vertex 7.22254 6.66946 0
    endloop
  endfacet
  facet normal 0 0 -1
    outer loop
      vertex 6.25172 5.96412 0
      vertex 7.22254 6.66946 0
      vertex 6.35831 5.79019 0
    endloop
  endfacet
  facet normal -0 0 -1
    outer loop
      vertex 7.22254 6.66946 0
      vertex 6.25172 5.96412 0
      vertex 6.96777 6.96777 0
    endloop
  endfacet
  facet normal 0 0 -1
    outer loop
      vertex 6.11924 6.11924 0
      vertex 6.96777 6.96777 0
      vertex 6.25172 5.96412 0
    endloop
  endfacet
  facet normal -0 0 -1
    outer loop
      vertex 6.96777 6.96777 0
      vertex 6.11924 6.11924 0
      vertex 6.66946 7.22254 0
    endloop
  endfacet
  facet normal 0 0 -1
    outer loop
      vertex 5.96412 6.25172 0
      vertex 6.66946 7.22254 0
      vertex 6.11924 6.11924 0
    endloop
  endfacet
  facet normal -0 0 -1
    outer loop
      vertex 6.66946 7.22254 0
      vertex 5.96412 6.25172 0
      vertex 6.33498 7.42752 0
    endloop
  endfacet
  facet normal 0 0 -1
    outer loop
      vertex 5.79019 6.35831 0
      vertex 6.33498 7.42752 0
      vertex 5.96412 6.25172 0
    endloop
  endfacet
  facet normal -0 0 -1
    outer loop
      vertex 6.33498 7.42752 0
      vertex 5.79019 6.35831 0
      vertex 5.97254 7.57764 0
    endloop
  endfacet
  facet normal 0 0 -1
    outer loop
      vertex 5.60172 6.43637 0
      vertex 5.97254 7.57764 0
      vertex 5.79019 6.35831 0
    endloop
  endfacet
  facet normal 0 0 -1
    outer loop
      vertex 5.60172 6.43637 0
      vertex 5.59109 7.66922 0
      vertex 5.97254 7.57764 0
    endloop
  endfacet
  facet normal 0 0 -1
    outer loop
      vertex 5.40336 6.48399 0
      vertex 5.59109 7.66922 0
      vertex 5.60172 6.43637 0
    endloop
  endfacet
  facet normal 0 0 -1
    outer loop
      vertex 5.2 6.5 0
      vertex 5.59109 7.66922 0
      vertex 5.40336 6.48399 0
    endloop
  endfacet
  facet normal 0 0 -1
    outer loop
      vertex 5.2 6.5 0
      vertex 5.2 7.7 0
      vertex 5.59109 7.66922 0
    endloop
  endfacet
  facet normal 0 0 -1
    outer loop
      vertex 4.99664 6.48399 0
      vertex 5.2 7.7 0
      vertex 5.2 6.5 0
    endloop
  endfacet
  facet normal 0 0 -1
    outer loop
      vertex 4.99664 6.48399 0
      vertex 4.80891 7.66922 0
      vertex 5.2 7.7 0
    endloop
  endfacet
  facet normal 0 0 -1
    outer loop
      vertex 4.79828 6.43637 0
      vertex 4.80891 7.66922 0
      vertex 4.99664 6.48399 0
    endloop
  endfacet
  facet normal 0 0 -1
    outer loop
      vertex 4.42746 7.57764 0
      vertex 4.79828 6.43637 0
      vertex 4.60981 6.35831 0
    endloop
  endfacet
  facet normal 0 0 -1
    outer loop
      vertex 4.06502 7.42752 0
      vertex 4.60981 6.35831 0
      vertex 4.43588 6.25172 0
    endloop
  endfacet
  facet normal 0 0 -1
    outer loop
      vertex 4.79828 6.43637 0
      vertex 4.42746 7.57764 0
      vertex 4.80891 7.66922 0
    endloop
  endfacet
  facet normal 0 0 -1
    outer loop
      vertex 3.5 7.02564 0
      vertex 4.43588 6.25172 0
      vertex 4.28076 6.11924 0
    endloop
  endfacet
  facet normal 0 0 -1
    outer loop
      vertex 3.43223 6.96777 0
      vertex 4.28076 6.11924 0
      vertex 4.14828 5.96412 0
    endloop
  endfacet
  facet normal 0 0 -1
    outer loop
      vertex 4.60981 6.35831 0
      vertex 4.06502 7.42752 0
      vertex 4.42746 7.57764 0
    endloop
  endfacet
  facet normal 0 0 -1
    outer loop
      vertex 3.17746 6.66946 0
      vertex 4.14828 5.96412 0
      vertex 4.04169 5.79019 0
    endloop
  endfacet
  facet normal 0 0 -1
    outer loop
      vertex 2.97248 6.33498 0
      vertex 4.04169 5.79019 0
      vertex 3.96363 5.60172 0
    endloop
  endfacet
  facet normal 0 0 -1
    outer loop
      vertex 2.82236 5.97254 0
      vertex 3.96363 5.60172 0
      vertex 3.91601 5.40336 0
    endloop
  endfacet
  facet normal 0 0 -1
    outer loop
      vertex 2.73078 5.59109 0
      vertex 3.91601 5.40336 0
      vertex 3.9 5.2 0
    endloop
  endfacet
  facet normal -0 0 -1
    outer loop
      vertex 4.04169 4.60981 0
      vertex 2.97248 4.06502 0
      vertex 3.96363 4.79828 0
    endloop
  endfacet
  facet normal 0 0 -1
    outer loop
      vertex 4.43588 6.25172 0
      vertex 3.5 7.02564 0
      vertex 3.73054 7.22254 0
    endloop
  endfacet
  facet normal 0 0 -1
    outer loop
      vertex 4.43588 6.25172 0
      vertex 3.73054 7.22254 0
      vertex 4.06502 7.42752 0
    endloop
  endfacet
  facet normal 0 0 -1
    outer loop
      vertex 2.82236 4.42746 0
      vertex 3.96363 4.79828 0
      vertex 2.97248 4.06502 0
    endloop
  endfacet
  facet normal -0 0 -1
    outer loop
      vertex 3.96363 4.79828 0
      vertex 2.82236 4.42746 0
      vertex 3.91601 4.99664 0
    endloop
  endfacet
  facet normal 0 0 -1
    outer loop
      vertex 4.14828 5.96412 0
      vertex 3.17746 6.66946 0
      vertex 3.43223 6.96777 0
    endloop
  endfacet
  facet normal 0 0 -1
    outer loop
      vertex 4.28076 6.11924 0
      vertex 3.43223 6.96777 0
      vertex 3.5 7.02564 0
    endloop
  endfacet
  facet normal 0 0 -1
    outer loop
      vertex 2.73078 4.80891 0
      vertex 3.91601 4.99664 0
      vertex 2.82236 4.42746 0
    endloop
  endfacet
  facet normal 0 0 -1
    outer loop
      vertex 4.04169 5.79019 0
      vertex 2.97248 6.33498 0
      vertex 3.17746 6.66946 0
    endloop
  endfacet
  facet normal -0 0 -1
    outer loop
      vertex 3.91601 4.99664 0
      vertex 2.73078 4.80891 0
      vertex 3.9 5.2 0
    endloop
  endfacet
  facet normal 0 0 -1
    outer loop
      vertex 3.96363 5.60172 0
      vertex 2.82236 5.97254 0
      vertex 2.97248 6.33498 0
    endloop
  endfacet
  facet normal 0 0 -1
    outer loop
      vertex 2.7 5.2 0
      vertex 3.9 5.2 0
      vertex 2.73078 4.80891 0
    endloop
  endfacet
  facet normal 0 0 -1
    outer loop
      vertex 3.91601 5.40336 0
      vertex 2.73078 5.59109 0
      vertex 2.82236 5.97254 0
    endloop
  endfacet
  facet normal 0 0 -1
    outer loop
      vertex 3.9 5.2 0
      vertex 2.7 5.2 0
      vertex 2.73078 5.59109 0
    endloop
  endfacet
  facet normal -0 0 -1
    outer loop
      vertex 13.3 14 0
      vertex 7.42752 6.33498 0
      vertex 11.1 14 0
    endloop
  endfacet
  facet normal 0 0 -1
    outer loop
      vertex 11.1 24.5 0
      vertex 7.66922 74.4089 0
      vertex 7.7 74.8 0
    endloop
  endfacet
  facet normal 0 0 -1
    outer loop
      vertex 7.22254 6.66946 0
      vertex 11.1 14 0
      vertex 7.42752 6.33498 0
    endloop
  endfacet
  facet normal 0 0 -1
    outer loop
      vertex 11.1 24.5 0
      vertex 7.57764 74.0275 0
      vertex 7.66922 74.4089 0
    endloop
  endfacet
  facet normal 0 0 -1
    outer loop
      vertex 6.96777 6.96777 0
      vertex 11.1 14 0
      vertex 7.22254 6.66946 0
    endloop
  endfacet
  facet normal 0 0 -1
    outer loop
      vertex 11.1 24.5 0
      vertex 7.42752 73.665 0
      vertex 7.57764 74.0275 0
    endloop
  endfacet
  facet normal 0 0 -1
    outer loop
      vertex 6.66946 7.22254 0
      vertex 11.1 14 0
      vertex 6.96777 6.96777 0
    endloop
  endfacet
  facet normal 0 0 -1
    outer loop
      vertex 11.1 24.5 0
      vertex 7.22254 73.3305 0
      vertex 7.42752 73.665 0
    endloop
  endfacet
  facet normal 0 0 -1
    outer loop
      vertex 6.33498 7.42752 0
      vertex 11.1 14 0
      vertex 6.66946 7.22254 0
    endloop
  endfacet
  facet normal 0 0 -1
    outer loop
      vertex 11.1 24.5 0
      vertex 6.96777 73.0322 0
      vertex 7.22254 73.3305 0
    endloop
  endfacet
  facet normal 0 0 -1
    outer loop
      vertex 5.97254 7.57764 0
      vertex 11.1 14 0
      vertex 6.33498 7.42752 0
    endloop
  endfacet
  facet normal 0 0 -1
    outer loop
      vertex 11.1 24.5 0
      vertex 6.66946 72.7775 0
      vertex 6.96777 73.0322 0
    endloop
  endfacet
  facet normal 0 0 -1
    outer loop
      vertex 5.59109 7.66922 0
      vertex 11.1 14 0
      vertex 5.97254 7.57764 0
    endloop
  endfacet
  facet normal 0 0 -1
    outer loop
      vertex 11.1 24.5 0
      vertex 6.33498 72.5725 0
      vertex 6.66946 72.7775 0
    endloop
  endfacet
  facet normal 0 0 -1
    outer loop
      vertex 5.2 7.7 0
      vertex 11.1 14 0
      vertex 5.59109 7.66922 0
    endloop
  endfacet
  facet normal 0 0 -1
    outer loop
      vertex 11.1 24.5 0
      vertex 5.97254 72.4224 0
      vertex 6.33498 72.5725 0
    endloop
  endfacet
  facet normal 0 0 -1
    outer loop
      vertex 4.80891 7.66922 0
      vertex 11.1 14 0
      vertex 5.2 7.7 0
    endloop
  endfacet
  facet normal 0 0 -1
    outer loop
      vertex 11.1 24.5 0
      vertex 5.59109 72.3308 0
      vertex 5.97254 72.4224 0
    endloop
  endfacet
  facet normal 0 0 -1
    outer loop
      vertex 4.42746 7.57764 0
      vertex 11.1 14 0
      vertex 4.80891 7.66922 0
    endloop
  endfacet
  facet normal 0 0 -1
    outer loop
      vertex 11.1 24.5 0
      vertex 5.2 72.3 0
      vertex 5.59109 72.3308 0
    endloop
  endfacet
  facet normal -0 0 -1
    outer loop
      vertex 11.1 14 0
      vertex 4.42746 7.57764 0
      vertex 11.1 24.5 0
    endloop
  endfacet
  facet normal 0 0 -1
    outer loop
      vertex 11.1 24.5 0
      vertex 4.80891 72.3308 0
      vertex 5.2 72.3 0
    endloop
  endfacet
  facet normal 0 0 -1
    outer loop
      vertex 4.06502 7.42752 0
      vertex 11.1 24.5 0
      vertex 4.42746 7.57764 0
    endloop
  endfacet
  facet normal 0 0 -1
    outer loop
      vertex 11.1 24.5 0
      vertex 4.42746 72.4224 0
      vertex 4.80891 72.3308 0
    endloop
  endfacet
  facet normal 0 0 -1
    outer loop
      vertex 3.73054 7.22254 0
      vertex 11.1 24.5 0
      vertex 4.06502 7.42752 0
    endloop
  endfacet
  facet normal 0 0 -1
    outer loop
      vertex 11.1 24.5 0
      vertex 4.06502 72.5725 0
      vertex 4.42746 72.4224 0
    endloop
  endfacet
  facet normal 0 0 -1
    outer loop
      vertex 3.5 7.02564 0
      vertex 11.1 24.5 0
      vertex 3.73054 7.22254 0
    endloop
  endfacet
  facet normal 0 0 -1
    outer loop
      vertex 11.1 24.5 0
      vertex 3.73054 72.7775 0
      vertex 4.06502 72.5725 0
    endloop
  endfacet
  facet normal 0 0 -1
    outer loop
      vertex 3.5 72.9744 0
      vertex 11.1 24.5 0
      vertex 3.5 7.02564 0
    endloop
  endfacet
  facet normal 0 0 -1
    outer loop
      vertex 11.1 24.5 0
      vertex 3.5 72.9744 0
      vertex 3.73054 72.7775 0
    endloop
  endfacet
  facet normal 0 0 -1
    outer loop
      vertex 7.7 74.8 0
      vertex 33.3305 72.7775 0
      vertex 18.5 24.5 0
    endloop
  endfacet
  facet normal 0 0 -1
    outer loop
      vertex 23.7 14 0
      vertex 32.3 5.2 0
      vertex 32.3308 4.80891 0
    endloop
  endfacet
  facet normal 0 0 -1
    outer loop
      vertex 21.5 14 0
      vertex 32.3308 4.80891 0
      vertex 32.4224 4.42746 0
    endloop
  endfacet
  facet normal 0 0 -1
    outer loop
      vertex 32.3308 5.59109 0
      vertex 26.7 14 0
      vertex 28.9 14 0
    endloop
  endfacet
  facet normal 0 0 -1
    outer loop
      vertex 7.57764 4.42746 0
      vertex 32.4224 4.42746 0
      vertex 32.5725 4.06502 0
    endloop
  endfacet
  facet normal 0 0 -1
    outer loop
      vertex 26.7 14 0
      vertex 23.7 14 0
      vertex 26.7 24.5 0
    endloop
  endfacet
  facet normal 0 0 -1
    outer loop
      vertex 32.3308 5.59109 0
      vertex 23.7 14 0
      vertex 26.7 14 0
    endloop
  endfacet
  facet normal 0 0 -1
    outer loop
      vertex 7.42752 4.06502 0
      vertex 32.5725 4.06502 0
      vertex 32.7775 3.73054 0
    endloop
  endfacet
  facet normal 0 0 -1
    outer loop
      vertex 7.22254 3.73054 0
      vertex 32.7775 3.73054 0
      vertex 32.9744 3.5 0
    endloop
  endfacet
  facet normal 0 0 -1
    outer loop
      vertex 32.3308 4.80891 0
      vertex 21.5 14 0
      vertex 23.7 14 0
    endloop
  endfacet
  facet normal 0 0 -1
    outer loop
      vertex 21.5 14 0
      vertex 18.5 14 0
      vertex 21.5 24.5 0
    endloop
  endfacet
  facet normal 0 0 -1
    outer loop
      vertex 32.4224 4.42746 0
      vertex 7.57764 4.42746 0
      vertex 21.5 14 0
    endloop
  endfacet
  facet normal -0 0 -1
    outer loop
      vertex 21.5 14 0
      vertex 7.57764 4.42746 0
      vertex 18.5 14 0
    endloop
  endfacet
  facet normal 0 0 -1
    outer loop
      vertex 16.3 14 0
      vertex 13.3 14 0
      vertex 16.3 24.5 0
    endloop
  endfacet
  facet normal -0 0 -1
    outer loop
      vertex 18.5 14 0
      vertex 7.66922 4.80891 0
      vertex 16.3 14 0
    endloop
  endfacet
  facet normal 0 -0 -1
    outer loop
      vertex 7.7 5.2 0
      vertex 16.3 14 0
      vertex 7.66922 4.80891 0
    endloop
  endfacet
  facet normal 0 0 -1
    outer loop
      vertex 7.57764 5.97254 0
      vertex 13.3 14 0
      vertex 7.66922 5.59109 0
    endloop
  endfacet
  facet normal -0 0 -1
    outer loop
      vertex 16.3 14 0
      vertex 7.66922 5.59109 0
      vertex 13.3 14 0
    endloop
  endfacet
  facet normal 0 0 -1
    outer loop
      vertex 7.66922 5.59109 0
      vertex 16.3 14 0
      vertex 7.7 5.2 0
    endloop
  endfacet
  facet normal 0 0 -1
    outer loop
      vertex 18.5 14 0
      vertex 7.57764 4.42746 0
      vertex 7.66922 4.80891 0
    endloop
  endfacet
  facet normal 0 0 -1
    outer loop
      vertex 32.5725 4.06502 0
      vertex 7.42752 4.06502 0
      vertex 7.57764 4.42746 0
    endloop
  endfacet
  facet normal 0 0 -1
    outer loop
      vertex 32.7775 3.73054 0
      vertex 7.22254 3.73054 0
      vertex 7.42752 4.06502 0
    endloop
  endfacet
  facet normal 0 -0 -1
    outer loop
      vertex 7.22254 3.73054 0
      vertex 32.9744 3.5 0
      vertex 7.02564 3.5 0
    endloop
  endfacet
  facet normal 0 0 -1
    outer loop
      vertex 28.9 24.5 0
      vertex 36.5 7.02565 0
      vertex 36.2695 7.22254 0
    endloop
  endfacet
  facet normal 0 0 -1
    outer loop
      vertex 36.5 7.02565 0
      vertex 28.9 24.5 0
      vertex 36.5 72.9744 0
    endloop
  endfacet
  facet normal 0 0 -1
    outer loop
      vertex 35.5725 7.57764 0
      vertex 28.9 24.5 0
      vertex 35.935 7.42752 0
    endloop
  endfacet
  facet normal 0 0 -1
    outer loop
      vertex 35.935 7.42752 0
      vertex 28.9 24.5 0
      vertex 36.2695 7.22254 0
    endloop
  endfacet
  facet normal 0 0 -1
    outer loop
      vertex 28.9 24.5 0
      vertex 35.5725 7.57764 0
      vertex 28.9 14 0
    endloop
  endfacet
  facet normal 0 0 -1
    outer loop
      vertex 36.5 72.9744 0
      vertex 28.9 24.5 0
      vertex 36.2695 72.7775 0
    endloop
  endfacet
  facet normal 0 0 -1
    outer loop
      vertex 28.9 14 0
      vertex 35.5725 7.57764 0
      vertex 35.1911 7.66922 0
    endloop
  endfacet
  facet normal 0 0 -1
    outer loop
      vertex 36.2695 72.7775 0
      vertex 28.9 24.5 0
      vertex 35.935 72.5725 0
    endloop
  endfacet
  facet normal 0 0 -1
    outer loop
      vertex 28.9 14 0
      vertex 35.1911 7.66922 0
      vertex 34.8 7.7 0
    endloop
  endfacet
  facet normal 0 0 -1
    outer loop
      vertex 35.935 72.5725 0
      vertex 28.9 24.5 0
      vertex 35.5725 72.4224 0
    endloop
  endfacet
  facet normal 0 0 -1
    outer loop
      vertex 28.9 14 0
      vertex 34.8 7.7 0
      vertex 34.4089 7.66922 0
    endloop
  endfacet
  facet normal 0 0 -1
    outer loop
      vertex 35.5725 72.4224 0
      vertex 28.9 24.5 0
      vertex 35.1911 72.3308 0
    endloop
  endfacet
  facet normal 0 0 -1
    outer loop
      vertex 28.9 14 0
      vertex 34.4089 7.66922 0
      vertex 34.0275 7.57764 0
    endloop
  endfacet
  facet normal 0 0 -1
    outer loop
      vertex 35.1911 72.3308 0
      vertex 28.9 24.5 0
      vertex 34.8 72.3 0
    endloop
  endfacet
  facet normal 0 0 -1
    outer loop
      vertex 28.9 14 0
      vertex 34.0275 7.57764 0
      vertex 33.665 7.42752 0
    endloop
  endfacet
  facet normal -0 0 -1
    outer loop
      vertex 34.8 72.3 0
      vertex 28.9 24.5 0
      vertex 34.4089 72.3308 0
    endloop
  endfacet
  facet normal 0 0 -1
    outer loop
      vertex 28.9 14 0
      vertex 33.665 7.42752 0
      vertex 33.3305 7.22254 0
    endloop
  endfacet
  facet normal -0 0 -1
    outer loop
      vertex 34.4089 72.3308 0
      vertex 28.9 24.5 0
      vertex 34.0275 72.4224 0
    endloop
  endfacet
  facet normal 0 0 -1
    outer loop
      vertex 28.9 14 0
      vertex 33.3305 7.22254 0
      vertex 33.0322 6.96777 0
    endloop
  endfacet
  facet normal 0 0 -1
    outer loop
      vertex 26.7 24.5 0
      vertex 34.0275 72.4224 0
      vertex 28.9 24.5 0
    endloop
  endfacet
  facet normal 0 0 -1
    outer loop
      vertex 28.9 14 0
      vertex 33.0322 6.96777 0
      vertex 32.7775 6.66946 0
    endloop
  endfacet
  facet normal 0 0 -1
    outer loop
      vertex 23.7 24.5 0
      vertex 34.0275 72.4224 0
      vertex 26.7 24.5 0
    endloop
  endfacet
  facet normal 0 0 -1
    outer loop
      vertex 28.9 14 0
      vertex 32.7775 6.66946 0
      vertex 32.5725 6.33498 0
    endloop
  endfacet
  facet normal -0 0 -1
    outer loop
      vertex 34.0275 72.4224 0
      vertex 23.7 24.5 0
      vertex 33.665 72.5725 0
    endloop
  endfacet
  facet normal 0 0 -1
    outer loop
      vertex 28.9 14 0
      vertex 32.5725 6.33498 0
      vertex 32.4224 5.97254 0
    endloop
  endfacet
  facet normal 0 0 -1
    outer loop
      vertex 21.5 24.5 0
      vertex 33.665 72.5725 0
      vertex 23.7 24.5 0
    endloop
  endfacet
  facet normal 0 0 -1
    outer loop
      vertex 28.9 14 0
      vertex 32.4224 5.97254 0
      vertex 32.3308 5.59109 0
    endloop
  endfacet
  facet normal -0 0 -1
    outer loop
      vertex 33.665 72.5725 0
      vertex 21.5 24.5 0
      vertex 33.3305 72.7775 0
    endloop
  endfacet
  facet normal 0 0 -1
    outer loop
      vertex 23.7 14 0
      vertex 32.3308 5.59109 0
      vertex 32.3 5.2 0
    endloop
  endfacet
  facet normal 0 0 -1
    outer loop
      vertex 18.5 24.5 0
      vertex 33.3305 72.7775 0
      vertex 21.5 24.5 0
    endloop
  endfacet
  facet normal 0 0 -1
    outer loop
      vertex 33.3305 72.7775 0
      vertex 7.7 74.8 0
      vertex 33.0322 73.0322 0
    endloop
  endfacet
  facet normal 0 0 -1
    outer loop
      vertex 33.0322 73.0322 0
      vertex 7.7 74.8 0
      vertex 32.7775 73.3305 0
    endloop
  endfacet
  facet normal 0 0 -1
    outer loop
      vertex 32.7775 73.3305 0
      vertex 7.7 74.8 0
      vertex 32.5725 73.665 0
    endloop
  endfacet
  facet normal 0 0 -1
    outer loop
      vertex 23.7 24.5 0
      vertex 26.7 24.5 0
      vertex 23.7 14 0
    endloop
  endfacet
  facet normal 0 0 -1
    outer loop
      vertex 32.5725 73.665 0
      vertex 7.7 74.8 0
      vertex 32.4224 74.0275 0
    endloop
  endfacet
  facet normal 0 0 -1
    outer loop
      vertex 32.3308 74.4089 0
      vertex 7.7 74.8 0
      vertex 32.3 74.8 0
    endloop
  endfacet
  facet normal 0 0 -1
    outer loop
      vertex 18.5 24.5 0
      vertex 21.5 24.5 0
      vertex 18.5 14 0
    endloop
  endfacet
  facet normal 0 0 -1
    outer loop
      vertex 32.4224 74.0275 0
      vertex 7.7 74.8 0
      vertex 32.3308 74.4089 0
    endloop
  endfacet
  facet normal 0 0 -1
    outer loop
      vertex 32.3 74.8 0
      vertex 7.7 74.8 0
      vertex 32.3308 75.1911 0
    endloop
  endfacet
  facet normal 0 0 -1
    outer loop
      vertex 7.7 74.8 0
      vertex 18.5 24.5 0
      vertex 16.3 24.5 0
    endloop
  endfacet
  facet normal 0 0 -1
    outer loop
      vertex 13.3 24.5 0
      vertex 16.3 24.5 0
      vertex 13.3 14 0
    endloop
  endfacet
  facet normal 0 0 -1
    outer loop
      vertex 7.7 74.8 0
      vertex 16.3 24.5 0
      vertex 13.3 24.5 0
    endloop
  endfacet
  facet normal 0 0 -1
    outer loop
      vertex 7.7 74.8 0
      vertex 13.3 24.5 0
      vertex 11.1 24.5 0
    endloop
  endfacet
  facet normal 0 0 -1
    outer loop
      vertex 7.66922 75.1911 0
      vertex 32.3308 75.1911 0
      vertex 7.7 74.8 0
    endloop
  endfacet
  facet normal 0 0 -1
    outer loop
      vertex 7.42752 6.33498 0
      vertex 13.3 14 0
      vertex 7.57764 5.97254 0
    endloop
  endfacet
  facet normal 0 0 -1
    outer loop
      vertex 32.3308 75.1911 0
      vertex 7.66922 75.1911 0
      vertex 32.4224 75.5725 0
    endloop
  endfacet
  facet normal 0 0 -1
    outer loop
      vertex 7.57764 75.5725 0
      vertex 32.4224 75.5725 0
      vertex 7.66922 75.1911 0
    endloop
  endfacet
  facet normal 0 0 -1
    outer loop
      vertex 32.4224 75.5725 0
      vertex 7.57764 75.5725 0
      vertex 32.5725 75.935 0
    endloop
  endfacet
  facet normal 0 0 -1
    outer loop
      vertex 7.42752 75.935 0
      vertex 32.5725 75.935 0
      vertex 7.57764 75.5725 0
    endloop
  endfacet
  facet normal 0 0 -1
    outer loop
      vertex 32.5725 75.935 0
      vertex 7.42752 75.935 0
      vertex 32.7775 76.2695 0
    endloop
  endfacet
  facet normal 0 0 -1
    outer loop
      vertex 7.22254 76.2695 0
      vertex 32.7775 76.2695 0
      vertex 7.42752 75.935 0
    endloop
  endfacet
  facet normal 0 0 -1
    outer loop
      vertex 32.7775 76.2695 0
      vertex 7.22254 76.2695 0
      vertex 32.9744 76.5 0
    endloop
  endfacet
  facet normal -0 0 -1
    outer loop
      vertex 32.9744 76.5 0
      vertex 7.22254 76.2695 0
      vertex 7.02565 76.5 0
    endloop
  endfacet
  facet normal 0 0 -1
    outer loop
      vertex 36.1 5.2 0
      vertex 37.3 5.2 0
      vertex 37.2692 4.80891 0
    endloop
  endfacet
  facet normal 0 0 -1
    outer loop
      vertex 36.084 4.99664 0
      vertex 37.2692 4.80891 0
      vertex 37.1776 4.42746 0
    endloop
  endfacet
  facet normal 0 0 -1
    outer loop
      vertex 37.3 5.2 0
      vertex 36.1 5.2 0
      vertex 37.2692 5.59109 0
    endloop
  endfacet
  facet normal 0 0 -1
    outer loop
      vertex 36.0364 4.79828 0
      vertex 37.1776 4.42746 0
      vertex 37.0275 4.06502 0
    endloop
  endfacet
  facet normal 0 0 -1
    outer loop
      vertex 36.084 5.40336 0
      vertex 37.2692 5.59109 0
      vertex 36.1 5.2 0
    endloop
  endfacet
  facet normal 0 0 -1
    outer loop
      vertex 35.9583 4.60981 0
      vertex 37.0275 4.06502 0
      vertex 36.8225 3.73054 0
    endloop
  endfacet
  facet normal -0 0 -1
    outer loop
      vertex 37.2692 5.59109 0
      vertex 36.084 5.40336 0
      vertex 37.1776 5.97254 0
    endloop
  endfacet
  facet normal 0 0 -1
    outer loop
      vertex 35.8517 4.43588 0
      vertex 36.8225 3.73054 0
      vertex 36.5678 3.43223 0
    endloop
  endfacet
  facet normal 0 0 -1
    outer loop
      vertex 36.0364 5.60172 0
      vertex 37.1776 5.97254 0
      vertex 36.084 5.40336 0
    endloop
  endfacet
  facet normal -0 0 -1
    outer loop
      vertex 37.1776 5.97254 0
      vertex 36.0364 5.60172 0
      vertex 37.0275 6.33498 0
    endloop
  endfacet
  facet normal 0 0 -1
    outer loop
      vertex 35.7192 4.28076 0
      vertex 36.5678 3.43223 0
      vertex 36.2695 3.17746 0
    endloop
  endfacet
  facet normal 0 0 -1
    outer loop
      vertex 35.9583 5.79019 0
      vertex 37.0275 6.33498 0
      vertex 36.0364 5.60172 0
    endloop
  endfacet
  facet normal -0 0 -1
    outer loop
      vertex 37.0275 6.33498 0
      vertex 35.9583 5.79019 0
      vertex 36.8225 6.66946 0
    endloop
  endfacet
  facet normal 0 0 -1
    outer loop
      vertex 37.2692 4.80891 0
      vertex 36.084 4.99664 0
      vertex 36.1 5.2 0
    endloop
  endfacet
  facet normal 0 0 -1
    outer loop
      vertex 37.1776 4.42746 0
      vertex 36.0364 4.79828 0
      vertex 36.084 4.99664 0
    endloop
  endfacet
  facet normal 0 0 -1
    outer loop
      vertex 37.0275 4.06502 0
      vertex 35.9583 4.60981 0
      vertex 36.0364 4.79828 0
    endloop
  endfacet
  facet normal 0 0 -1
    outer loop
      vertex 35.5641 4.14828 0
      vertex 36.2695 3.17746 0
      vertex 35.935 2.97248 0
    endloop
  endfacet
  facet normal 0 0 -1
    outer loop
      vertex 36.8225 3.73054 0
      vertex 35.8517 4.43588 0
      vertex 35.9583 4.60981 0
    endloop
  endfacet
  facet normal 0 0 -1
    outer loop
      vertex 36.5678 3.43223 0
      vertex 35.7192 4.28076 0
      vertex 35.8517 4.43588 0
    endloop
  endfacet
  facet normal 0 0 -1
    outer loop
      vertex 35.3902 4.04169 0
      vertex 35.935 2.97248 0
      vertex 35.5725 2.82236 0
    endloop
  endfacet
  facet normal 0 0 -1
    outer loop
      vertex 36.2695 3.17746 0
      vertex 35.5641 4.14828 0
      vertex 35.7192 4.28076 0
    endloop
  endfacet
  facet normal 0 0 -1
    outer loop
      vertex 35.935 2.97248 0
      vertex 35.3902 4.04169 0
      vertex 35.5641 4.14828 0
    endloop
  endfacet
  facet normal 0 0 -1
    outer loop
      vertex 35.5725 2.82236 0
      vertex 35.2017 3.96363 0
      vertex 35.3902 4.04169 0
    endloop
  endfacet
  facet normal 0 0 -1
    outer loop
      vertex 35.1911 2.73078 0
      vertex 35.2017 3.96363 0
      vertex 35.5725 2.82236 0
    endloop
  endfacet
  facet normal 0 0 -1
    outer loop
      vertex 35.1911 2.73078 0
      vertex 35.0034 3.91601 0
      vertex 35.2017 3.96363 0
    endloop
  endfacet
  facet normal 0 0 -1
    outer loop
      vertex 34.8 2.7 0
      vertex 35.0034 3.91601 0
      vertex 35.1911 2.73078 0
    endloop
  endfacet
  facet normal 0 0 -1
    outer loop
      vertex 34.8 2.7 0
      vertex 34.8 3.9 0
      vertex 35.0034 3.91601 0
    endloop
  endfacet
  facet normal 0 0 -1
    outer loop
      vertex 34.8 2.7 0
      vertex 34.5966 3.91601 0
      vertex 34.8 3.9 0
    endloop
  endfacet
  facet normal 0 0 -1
    outer loop
      vertex 34.4089 2.73078 0
      vertex 34.5966 3.91601 0
      vertex 34.8 2.7 0
    endloop
  endfacet
  facet normal 0 0 -1
    outer loop
      vertex 34.4089 2.73078 0
      vertex 34.3983 3.96363 0
      vertex 34.5966 3.91601 0
    endloop
  endfacet
  facet normal 0 0 -1
    outer loop
      vertex 34.0275 2.82236 0
      vertex 34.3983 3.96363 0
      vertex 34.4089 2.73078 0
    endloop
  endfacet
  facet normal -0 0 -1
    outer loop
      vertex 34.3983 3.96363 0
      vertex 34.0275 2.82236 0
      vertex 34.2098 4.04169 0
    endloop
  endfacet
  facet normal 0 0 -1
    outer loop
      vertex 33.665 2.97248 0
      vertex 34.2098 4.04169 0
      vertex 34.0275 2.82236 0
    endloop
  endfacet
  facet normal -0 0 -1
    outer loop
      vertex 34.2098 4.04169 0
      vertex 33.665 2.97248 0
      vertex 34.0359 4.14828 0
    endloop
  endfacet
  facet normal 0 0 -1
    outer loop
      vertex 33.3305 3.17746 0
      vertex 34.0359 4.14828 0
      vertex 33.665 2.97248 0
    endloop
  endfacet
  facet normal -0 0 -1
    outer loop
      vertex 34.0359 4.14828 0
      vertex 33.3305 3.17746 0
      vertex 33.8808 4.28076 0
    endloop
  endfacet
  facet normal 0 0 -1
    outer loop
      vertex 33.0322 3.43223 0
      vertex 33.8808 4.28076 0
      vertex 33.3305 3.17746 0
    endloop
  endfacet
  facet normal 0 0 -1
    outer loop
      vertex 32.9744 3.5 0
      vertex 33.8808 4.28076 0
      vertex 33.0322 3.43223 0
    endloop
  endfacet
  facet normal -0 0 -1
    outer loop
      vertex 33.8808 4.28076 0
      vertex 32.9744 3.5 0
      vertex 33.7483 4.43588 0
    endloop
  endfacet
  facet normal 0 0 -1
    outer loop
      vertex 32.7775 3.73054 0
      vertex 33.7483 4.43588 0
      vertex 32.9744 3.5 0
    endloop
  endfacet
  facet normal -0 0 -1
    outer loop
      vertex 33.7483 4.43588 0
      vertex 32.7775 3.73054 0
      vertex 33.6417 4.60981 0
    endloop
  endfacet
  facet normal 0 0 -1
    outer loop
      vertex 35.8517 5.96412 0
      vertex 36.8225 6.66946 0
      vertex 35.9583 5.79019 0
    endloop
  endfacet
  facet normal -0 0 -1
    outer loop
      vertex 36.8225 6.66946 0
      vertex 35.8517 5.96412 0
      vertex 36.5678 6.96777 0
    endloop
  endfacet
  facet normal 0 0 -1
    outer loop
      vertex 35.7192 6.11924 0
      vertex 36.5678 6.96777 0
      vertex 35.8517 5.96412 0
    endloop
  endfacet
  facet normal -0 0 -1
    outer loop
      vertex 36.5678 6.96777 0
      vertex 35.7192 6.11924 0
      vertex 36.5 7.02565 0
    endloop
  endfacet
  facet normal 0 0 -1
    outer loop
      vertex 35.5641 6.25172 0
      vertex 36.5 7.02565 0
      vertex 35.7192 6.11924 0
    endloop
  endfacet
  facet normal -0 0 -1
    outer loop
      vertex 36.5 7.02565 0
      vertex 35.5641 6.25172 0
      vertex 36.2695 7.22254 0
    endloop
  endfacet
  facet normal -0 0 -1
    outer loop
      vertex 36.2695 7.22254 0
      vertex 35.5641 6.25172 0
      vertex 35.935 7.42752 0
    endloop
  endfacet
  facet normal 0 0 -1
    outer loop
      vertex 35.3902 6.35831 0
      vertex 35.935 7.42752 0
      vertex 35.5641 6.25172 0
    endloop
  endfacet
  facet normal -0 0 -1
    outer loop
      vertex 35.935 7.42752 0
      vertex 35.3902 6.35831 0
      vertex 35.5725 7.57764 0
    endloop
  endfacet
  facet normal 0 0 -1
    outer loop
      vertex 35.2017 6.43637 0
      vertex 35.5725 7.57764 0
      vertex 35.3902 6.35831 0
    endloop
  endfacet
  facet normal 0 0 -1
    outer loop
      vertex 35.2017 6.43637 0
      vertex 35.1911 7.66922 0
      vertex 35.5725 7.57764 0
    endloop
  endfacet
  facet normal 0 0 -1
    outer loop
      vertex 35.0034 6.48399 0
      vertex 35.1911 7.66922 0
      vertex 35.2017 6.43637 0
    endloop
  endfacet
  facet normal 0 0 -1
    outer loop
      vertex 34.8 6.5 0
      vertex 35.1911 7.66922 0
      vertex 35.0034 6.48399 0
    endloop
  endfacet
  facet normal 0 0 -1
    outer loop
      vertex 34.8 6.5 0
      vertex 34.8 7.7 0
      vertex 35.1911 7.66922 0
    endloop
  endfacet
  facet normal 0 0 -1
    outer loop
      vertex 34.5966 6.48399 0
      vertex 34.8 7.7 0
      vertex 34.8 6.5 0
    endloop
  endfacet
  facet normal 0 0 -1
    outer loop
      vertex 34.5966 6.48399 0
      vertex 34.4089 7.66922 0
      vertex 34.8 7.7 0
    endloop
  endfacet
  facet normal 0 0 -1
    outer loop
      vertex 34.3983 6.43637 0
      vertex 34.4089 7.66922 0
      vertex 34.5966 6.48399 0
    endloop
  endfacet
  facet normal 0 0 -1
    outer loop
      vertex 34.0275 7.57764 0
      vertex 34.3983 6.43637 0
      vertex 34.2098 6.35831 0
    endloop
  endfacet
  facet normal 0 0 -1
    outer loop
      vertex 33.665 7.42752 0
      vertex 34.2098 6.35831 0
      vertex 34.0359 6.25172 0
    endloop
  endfacet
  facet normal 0 0 -1
    outer loop
      vertex 34.3983 6.43637 0
      vertex 34.0275 7.57764 0
      vertex 34.4089 7.66922 0
    endloop
  endfacet
  facet normal 0 0 -1
    outer loop
      vertex 33.3305 7.22254 0
      vertex 34.0359 6.25172 0
      vertex 33.8808 6.11924 0
    endloop
  endfacet
  facet normal 0 0 -1
    outer loop
      vertex 33.0322 6.96777 0
      vertex 33.8808 6.11924 0
      vertex 33.7483 5.96412 0
    endloop
  endfacet
  facet normal 0 0 -1
    outer loop
      vertex 34.2098 6.35831 0
      vertex 33.665 7.42752 0
      vertex 34.0275 7.57764 0
    endloop
  endfacet
  facet normal 0 0 -1
    outer loop
      vertex 32.7775 6.66946 0
      vertex 33.7483 5.96412 0
      vertex 33.6417 5.79019 0
    endloop
  endfacet
  facet normal 0 0 -1
    outer loop
      vertex 32.5725 6.33498 0
      vertex 33.6417 5.79019 0
      vertex 33.5636 5.60172 0
    endloop
  endfacet
  facet normal 0 0 -1
    outer loop
      vertex 32.4224 5.97254 0
      vertex 33.5636 5.60172 0
      vertex 33.516 5.40336 0
    endloop
  endfacet
  facet normal 0 0 -1
    outer loop
      vertex 32.3308 5.59109 0
      vertex 33.516 5.40336 0
      vertex 33.5 5.2 0
    endloop
  endfacet
  facet normal 0 0 -1
    outer loop
      vertex 32.5725 4.06502 0
      vertex 33.6417 4.60981 0
      vertex 32.7775 3.73054 0
    endloop
  endfacet
  facet normal 0 0 -1
    outer loop
      vertex 32.4224 4.42746 0
      vertex 33.5636 4.79828 0
      vertex 32.5725 4.06502 0
    endloop
  endfacet
  facet normal -0 0 -1
    outer loop
      vertex 33.6417 4.60981 0
      vertex 32.5725 4.06502 0
      vertex 33.5636 4.79828 0
    endloop
  endfacet
  facet normal 0 0 -1
    outer loop
      vertex 34.0359 6.25172 0
      vertex 33.3305 7.22254 0
      vertex 33.665 7.42752 0
    endloop
  endfacet
  facet normal 0 0 -1
    outer loop
      vertex 33.8808 6.11924 0
      vertex 33.0322 6.96777 0
      vertex 33.3305 7.22254 0
    endloop
  endfacet
  facet normal -0 0 -1
    outer loop
      vertex 33.5636 4.79828 0
      vertex 32.4224 4.42746 0
      vertex 33.516 4.99664 0
    endloop
  endfacet
  facet normal 0 0 -1
    outer loop
      vertex 33.7483 5.96412 0
      vertex 32.7775 6.66946 0
      vertex 33.0322 6.96777 0
    endloop
  endfacet
  facet normal 0 0 -1
    outer loop
      vertex 32.3308 4.80891 0
      vertex 33.516 4.99664 0
      vertex 32.4224 4.42746 0
    endloop
  endfacet
  facet normal 0 0 -1
    outer loop
      vertex 33.6417 5.79019 0
      vertex 32.5725 6.33498 0
      vertex 32.7775 6.66946 0
    endloop
  endfacet
  facet normal -0 0 -1
    outer loop
      vertex 33.516 4.99664 0
      vertex 32.3308 4.80891 0
      vertex 33.5 5.2 0
    endloop
  endfacet
  facet normal 0 0 -1
    outer loop
      vertex 33.5636 5.60172 0
      vertex 32.4224 5.97254 0
      vertex 32.5725 6.33498 0
    endloop
  endfacet
  facet normal 0 0 -1
    outer loop
      vertex 32.3 5.2 0
      vertex 33.5 5.2 0
      vertex 32.3308 4.80891 0
    endloop
  endfacet
  facet normal 0 0 -1
    outer loop
      vertex 33.516 5.40336 0
      vertex 32.3308 5.59109 0
      vertex 32.4224 5.97254 0
    endloop
  endfacet
  facet normal 0 0 -1
    outer loop
      vertex 33.5 5.2 0
      vertex 32.3 5.2 0
      vertex 32.3308 5.59109 0
    endloop
  endfacet
  facet normal 0 0 -1
    outer loop
      vertex 36.1 74.8 0
      vertex 37.3 74.8 0
      vertex 37.2692 74.4089 0
    endloop
  endfacet
  facet normal 0 0 -1
    outer loop
      vertex 36.084 74.5966 0
      vertex 37.2692 74.4089 0
      vertex 37.1776 74.0275 0
    endloop
  endfacet
  facet normal 0 0 -1
    outer loop
      vertex 37.3 74.8 0
      vertex 36.1 74.8 0
      vertex 37.2692 75.1911 0
    endloop
  endfacet
  facet normal 0 0 -1
    outer loop
      vertex 36.0364 74.3983 0
      vertex 37.1776 74.0275 0
      vertex 37.0275 73.665 0
    endloop
  endfacet
  facet normal 0 0 -1
    outer loop
      vertex 36.084 75.0034 0
      vertex 37.2692 75.1911 0
      vertex 36.1 74.8 0
    endloop
  endfacet
  facet normal 0 0 -1
    outer loop
      vertex 35.9583 74.2098 0
      vertex 37.0275 73.665 0
      vertex 36.8225 73.3305 0
    endloop
  endfacet
  facet normal -0 0 -1
    outer loop
      vertex 37.2692 75.1911 0
      vertex 36.084 75.0034 0
      vertex 37.1776 75.5725 0
    endloop
  endfacet
  facet normal 0 0 -1
    outer loop
      vertex 35.8517 74.0359 0
      vertex 36.8225 73.3305 0
      vertex 36.5678 73.0322 0
    endloop
  endfacet
  facet normal 0 0 -1
    outer loop
      vertex 36.0364 75.2017 0
      vertex 37.1776 75.5725 0
      vertex 36.084 75.0034 0
    endloop
  endfacet
  facet normal 0 0 -1
    outer loop
      vertex 35.7192 73.8808 0
      vertex 36.5678 73.0322 0
      vertex 36.5 72.9744 0
    endloop
  endfacet
  facet normal 0 0 -1
    outer loop
      vertex 35.5641 73.7483 0
      vertex 36.5 72.9744 0
      vertex 36.2695 72.7775 0
    endloop
  endfacet
  facet normal -0 0 -1
    outer loop
      vertex 37.1776 75.5725 0
      vertex 36.0364 75.2017 0
      vertex 37.0275 75.935 0
    endloop
  endfacet
  facet normal 0 0 -1
    outer loop
      vertex 35.9583 75.3902 0
      vertex 37.0275 75.935 0
      vertex 36.0364 75.2017 0
    endloop
  endfacet
  facet normal 0 0 -1
    outer loop
      vertex 37.2692 74.4089 0
      vertex 36.084 74.5966 0
      vertex 36.1 74.8 0
    endloop
  endfacet
  facet normal 0 0 -1
    outer loop
      vertex 37.1776 74.0275 0
      vertex 36.0364 74.3983 0
      vertex 36.084 74.5966 0
    endloop
  endfacet
  facet normal 0 0 -1
    outer loop
      vertex 37.0275 73.665 0
      vertex 35.9583 74.2098 0
      vertex 36.0364 74.3983 0
    endloop
  endfacet
  facet normal 0 0 -1
    outer loop
      vertex 35.5641 73.7483 0
      vertex 36.2695 72.7775 0
      vertex 35.935 72.5725 0
    endloop
  endfacet
  facet normal 0 0 -1
    outer loop
      vertex 36.8225 73.3305 0
      vertex 35.8517 74.0359 0
      vertex 35.9583 74.2098 0
    endloop
  endfacet
  facet normal 0 0 -1
    outer loop
      vertex 36.5678 73.0322 0
      vertex 35.7192 73.8808 0
      vertex 35.8517 74.0359 0
    endloop
  endfacet
  facet normal 0 0 -1
    outer loop
      vertex 35.3902 73.6417 0
      vertex 35.935 72.5725 0
      vertex 35.5725 72.4224 0
    endloop
  endfacet
  facet normal 0 0 -1
    outer loop
      vertex 36.5 72.9744 0
      vertex 35.5641 73.7483 0
      vertex 35.7192 73.8808 0
    endloop
  endfacet
  facet normal 0 0 -1
    outer loop
      vertex 35.935 72.5725 0
      vertex 35.3902 73.6417 0
      vertex 35.5641 73.7483 0
    endloop
  endfacet
  facet normal 0 0 -1
    outer loop
      vertex 35.5725 72.4224 0
      vertex 35.2017 73.5636 0
      vertex 35.3902 73.6417 0
    endloop
  endfacet
  facet normal 0 0 -1
    outer loop
      vertex 35.1911 72.3308 0
      vertex 35.2017 73.5636 0
      vertex 35.5725 72.4224 0
    endloop
  endfacet
  facet normal 0 0 -1
    outer loop
      vertex 35.1911 72.3308 0
      vertex 35.0034 73.516 0
      vertex 35.2017 73.5636 0
    endloop
  endfacet
  facet normal 0 0 -1
    outer loop
      vertex 34.8 72.3 0
      vertex 35.0034 73.516 0
      vertex 35.1911 72.3308 0
    endloop
  endfacet
  facet normal 0 0 -1
    outer loop
      vertex 34.8 72.3 0
      vertex 34.8 73.5 0
      vertex 35.0034 73.516 0
    endloop
  endfacet
  facet normal 0 0 -1
    outer loop
      vertex 34.8 72.3 0
      vertex 34.5966 73.516 0
      vertex 34.8 73.5 0
    endloop
  endfacet
  facet normal 0 0 -1
    outer loop
      vertex 34.4089 72.3308 0
      vertex 34.5966 73.516 0
      vertex 34.8 72.3 0
    endloop
  endfacet
  facet normal 0 0 -1
    outer loop
      vertex 34.4089 72.3308 0
      vertex 34.3983 73.5636 0
      vertex 34.5966 73.516 0
    endloop
  endfacet
  facet normal 0 0 -1
    outer loop
      vertex 34.0275 72.4224 0
      vertex 34.3983 73.5636 0
      vertex 34.4089 72.3308 0
    endloop
  endfacet
  facet normal -0 0 -1
    outer loop
      vertex 34.3983 73.5636 0
      vertex 34.0275 72.4224 0
      vertex 34.2098 73.6417 0
    endloop
  endfacet
  facet normal 0 0 -1
    outer loop
      vertex 33.665 72.5725 0
      vertex 34.2098 73.6417 0
      vertex 34.0275 72.4224 0
    endloop
  endfacet
  facet normal -0 0 -1
    outer loop
      vertex 34.2098 73.6417 0
      vertex 33.665 72.5725 0
      vertex 34.0359 73.7483 0
    endloop
  endfacet
  facet normal 0 0 -1
    outer loop
      vertex 33.3305 72.7775 0
      vertex 34.0359 73.7483 0
      vertex 33.665 72.5725 0
    endloop
  endfacet
  facet normal -0 0 -1
    outer loop
      vertex 34.0359 73.7483 0
      vertex 33.3305 72.7775 0
      vertex 33.8808 73.8808 0
    endloop
  endfacet
  facet normal 0 0 -1
    outer loop
      vertex 33.0322 73.0322 0
      vertex 33.8808 73.8808 0
      vertex 33.3305 72.7775 0
    endloop
  endfacet
  facet normal -0 0 -1
    outer loop
      vertex 33.8808 73.8808 0
      vertex 33.0322 73.0322 0
      vertex 33.7483 74.0359 0
    endloop
  endfacet
  facet normal 0 0 -1
    outer loop
      vertex 32.7775 73.3305 0
      vertex 33.7483 74.0359 0
      vertex 33.0322 73.0322 0
    endloop
  endfacet
  facet normal -0 0 -1
    outer loop
      vertex 33.7483 74.0359 0
      vertex 32.7775 73.3305 0
      vertex 33.6417 74.2098 0
    endloop
  endfacet
  facet normal 0 0 -1
    outer loop
      vertex 32.5725 73.665 0
      vertex 33.6417 74.2098 0
      vertex 32.7775 73.3305 0
    endloop
  endfacet
  facet normal -0 0 -1
    outer loop
      vertex 37.0275 75.935 0
      vertex 35.9583 75.3902 0
      vertex 36.8225 76.2695 0
    endloop
  endfacet
  facet normal 0 0 -1
    outer loop
      vertex 35.8517 75.5641 0
      vertex 36.8225 76.2695 0
      vertex 35.9583 75.3902 0
    endloop
  endfacet
  facet normal -0 0 -1
    outer loop
      vertex 36.8225 76.2695 0
      vertex 35.8517 75.5641 0
      vertex 36.5678 76.5678 0
    endloop
  endfacet
  facet normal 0 0 -1
    outer loop
      vertex 35.7192 75.7192 0
      vertex 36.5678 76.5678 0
      vertex 35.8517 75.5641 0
    endloop
  endfacet
  facet normal -0 0 -1
    outer loop
      vertex 36.5678 76.5678 0
      vertex 35.7192 75.7192 0
      vertex 36.2695 76.8225 0
    endloop
  endfacet
  facet normal 0 0 -1
    outer loop
      vertex 35.5641 75.8517 0
      vertex 36.2695 76.8225 0
      vertex 35.7192 75.7192 0
    endloop
  endfacet
  facet normal -0 0 -1
    outer loop
      vertex 36.2695 76.8225 0
      vertex 35.5641 75.8517 0
      vertex 35.935 77.0275 0
    endloop
  endfacet
  facet normal 0 0 -1
    outer loop
      vertex 35.3902 75.9583 0
      vertex 35.935 77.0275 0
      vertex 35.5641 75.8517 0
    endloop
  endfacet
  facet normal -0 0 -1
    outer loop
      vertex 35.935 77.0275 0
      vertex 35.3902 75.9583 0
      vertex 35.5725 77.1776 0
    endloop
  endfacet
  facet normal 0 0 -1
    outer loop
      vertex 35.2017 76.0364 0
      vertex 35.5725 77.1776 0
      vertex 35.3902 75.9583 0
    endloop
  endfacet
  facet normal 0 0 -1
    outer loop
      vertex 35.2017 76.0364 0
      vertex 35.1911 77.2692 0
      vertex 35.5725 77.1776 0
    endloop
  endfacet
  facet normal 0 0 -1
    outer loop
      vertex 35.0034 76.084 0
      vertex 35.1911 77.2692 0
      vertex 35.2017 76.0364 0
    endloop
  endfacet
  facet normal 0 0 -1
    outer loop
      vertex 34.8 76.1 0
      vertex 35.1911 77.2692 0
      vertex 35.0034 76.084 0
    endloop
  endfacet
  facet normal 0 0 -1
    outer loop
      vertex 34.8 76.1 0
      vertex 34.8 77.3 0
      vertex 35.1911 77.2692 0
    endloop
  endfacet
  facet normal 0 0 -1
    outer loop
      vertex 34.5966 76.084 0
      vertex 34.8 77.3 0
      vertex 34.8 76.1 0
    endloop
  endfacet
  facet normal 0 0 -1
    outer loop
      vertex 34.5966 76.084 0
      vertex 34.4089 77.2692 0
      vertex 34.8 77.3 0
    endloop
  endfacet
  facet normal 0 0 -1
    outer loop
      vertex 34.3983 76.0364 0
      vertex 34.4089 77.2692 0
      vertex 34.5966 76.084 0
    endloop
  endfacet
  facet normal 0 0 -1
    outer loop
      vertex 34.0275 77.1776 0
      vertex 34.3983 76.0364 0
      vertex 34.2098 75.9583 0
    endloop
  endfacet
  facet normal 0 0 -1
    outer loop
      vertex 33.665 77.0275 0
      vertex 34.2098 75.9583 0
      vertex 34.0359 75.8517 0
    endloop
  endfacet
  facet normal 0 0 -1
    outer loop
      vertex 34.3983 76.0364 0
      vertex 34.0275 77.1776 0
      vertex 34.4089 77.2692 0
    endloop
  endfacet
  facet normal 0 0 -1
    outer loop
      vertex 33.3305 76.8225 0
      vertex 34.0359 75.8517 0
      vertex 33.8808 75.7192 0
    endloop
  endfacet
  facet normal 0 0 -1
    outer loop
      vertex 32.9744 76.5 0
      vertex 33.8808 75.7192 0
      vertex 33.7483 75.5641 0
    endloop
  endfacet
  facet normal 0 0 -1
    outer loop
      vertex 34.2098 75.9583 0
      vertex 33.665 77.0275 0
      vertex 34.0275 77.1776 0
    endloop
  endfacet
  facet normal 0 0 -1
    outer loop
      vertex 32.7775 76.2695 0
      vertex 33.7483 75.5641 0
      vertex 33.6417 75.3902 0
    endloop
  endfacet
  facet normal 0 0 -1
    outer loop
      vertex 32.5725 75.935 0
      vertex 33.6417 75.3902 0
      vertex 33.5636 75.2017 0
    endloop
  endfacet
  facet normal 0 0 -1
    outer loop
      vertex 32.4224 75.5725 0
      vertex 33.5636 75.2017 0
      vertex 33.516 75.0034 0
    endloop
  endfacet
  facet normal 0 0 -1
    outer loop
      vertex 32.3308 75.1911 0
      vertex 33.516 75.0034 0
      vertex 33.5 74.8 0
    endloop
  endfacet
  facet normal -0 0 -1
    outer loop
      vertex 33.6417 74.2098 0
      vertex 32.5725 73.665 0
      vertex 33.5636 74.3983 0
    endloop
  endfacet
  facet normal 0 0 -1
    outer loop
      vertex 33.8808 75.7192 0
      vertex 32.9744 76.5 0
      vertex 33.0322 76.5678 0
    endloop
  endfacet
  facet normal 0 0 -1
    outer loop
      vertex 32.4224 74.0275 0
      vertex 33.5636 74.3983 0
      vertex 32.5725 73.665 0
    endloop
  endfacet
  facet normal 0 0 -1
    outer loop
      vertex 34.0359 75.8517 0
      vertex 33.3305 76.8225 0
      vertex 33.665 77.0275 0
    endloop
  endfacet
  facet normal 0 0 -1
    outer loop
      vertex 33.8808 75.7192 0
      vertex 33.0322 76.5678 0
      vertex 33.3305 76.8225 0
    endloop
  endfacet
  facet normal -0 0 -1
    outer loop
      vertex 33.5636 74.3983 0
      vertex 32.4224 74.0275 0
      vertex 33.516 74.5966 0
    endloop
  endfacet
  facet normal 0 0 -1
    outer loop
      vertex 32.3308 74.4089 0
      vertex 33.516 74.5966 0
      vertex 32.4224 74.0275 0
    endloop
  endfacet
  facet normal 0 0 -1
    outer loop
      vertex 33.6417 75.3902 0
      vertex 32.5725 75.935 0
      vertex 32.7775 76.2695 0
    endloop
  endfacet
  facet normal 0 0 -1
    outer loop
      vertex 33.7483 75.5641 0
      vertex 32.7775 76.2695 0
      vertex 32.9744 76.5 0
    endloop
  endfacet
  facet normal -0 0 -1
    outer loop
      vertex 33.516 74.5966 0
      vertex 32.3308 74.4089 0
      vertex 33.5 74.8 0
    endloop
  endfacet
  facet normal 0 0 -1
    outer loop
      vertex 33.5636 75.2017 0
      vertex 32.4224 75.5725 0
      vertex 32.5725 75.935 0
    endloop
  endfacet
  facet normal 0 0 -1
    outer loop
      vertex 32.3 74.8 0
      vertex 33.5 74.8 0
      vertex 32.3308 74.4089 0
    endloop
  endfacet
  facet normal 0 0 -1
    outer loop
      vertex 33.516 75.0034 0
      vertex 32.3308 75.1911 0
      vertex 32.4224 75.5725 0
    endloop
  endfacet
  facet normal 0 0 -1
    outer loop
      vertex 33.5 74.8 0
      vertex 32.3 74.8 0
      vertex 32.3308 75.1911 0
    endloop
  endfacet
  facet normal 0 0 -1
    outer loop
      vertex 6.5 74.8 0
      vertex 7.7 74.8 0
      vertex 7.66922 74.4089 0
    endloop
  endfacet
  facet normal 0 0 -1
    outer loop
      vertex 6.48399 74.5966 0
      vertex 7.66922 74.4089 0
      vertex 7.57764 74.0275 0
    endloop
  endfacet
  facet normal 0 0 -1
    outer loop
      vertex 7.7 74.8 0
      vertex 6.5 74.8 0
      vertex 7.66922 75.1911 0
    endloop
  endfacet
  facet normal 0 0 -1
    outer loop
      vertex 6.43637 74.3983 0
      vertex 7.57764 74.0275 0
      vertex 7.42752 73.665 0
    endloop
  endfacet
  facet normal 0 0 -1
    outer loop
      vertex 6.48399 75.0034 0
      vertex 7.66922 75.1911 0
      vertex 6.5 74.8 0
    endloop
  endfacet
  facet normal 0 0 -1
    outer loop
      vertex 6.35831 74.2098 0
      vertex 7.42752 73.665 0
      vertex 7.22254 73.3305 0
    endloop
  endfacet
  facet normal -0 0 -1
    outer loop
      vertex 7.66922 75.1911 0
      vertex 6.48399 75.0034 0
      vertex 7.57764 75.5725 0
    endloop
  endfacet
  facet normal 0 0 -1
    outer loop
      vertex 6.43637 75.2017 0
      vertex 7.57764 75.5725 0
      vertex 6.48399 75.0034 0
    endloop
  endfacet
  facet normal 0 0 -1
    outer loop
      vertex 6.25172 74.0359 0
      vertex 7.22254 73.3305 0
      vertex 6.96777 73.0322 0
    endloop
  endfacet
  facet normal -0 0 -1
    outer loop
      vertex 7.57764 75.5725 0
      vertex 6.43637 75.2017 0
      vertex 7.42752 75.935 0
    endloop
  endfacet
  facet normal 0 0 -1
    outer loop
      vertex 6.11924 73.8808 0
      vertex 6.96777 73.0322 0
      vertex 6.66946 72.7775 0
    endloop
  endfacet
  facet normal 0 0 -1
    outer loop
      vertex 6.35831 75.3902 0
      vertex 7.42752 75.935 0
      vertex 6.43637 75.2017 0
    endloop
  endfacet
  facet normal -0 0 -1
    outer loop
      vertex 7.42752 75.935 0
      vertex 6.35831 75.3902 0
      vertex 7.22254 76.2695 0
    endloop
  endfacet
  facet normal 0 0 -1
    outer loop
      vertex 7.66922 74.4089 0
      vertex 6.48399 74.5966 0
      vertex 6.5 74.8 0
    endloop
  endfacet
  facet normal 0 0 -1
    outer loop
      vertex 7.57764 74.0275 0
      vertex 6.43637 74.3983 0
      vertex 6.48399 74.5966 0
    endloop
  endfacet
  facet normal 0 0 -1
    outer loop
      vertex 7.42752 73.665 0
      vertex 6.35831 74.2098 0
      vertex 6.43637 74.3983 0
    endloop
  endfacet
  facet normal 0 0 -1
    outer loop
      vertex 5.96412 73.7483 0
      vertex 6.66946 72.7775 0
      vertex 6.33498 72.5725 0
    endloop
  endfacet
  facet normal 0 0 -1
    outer loop
      vertex 7.22254 73.3305 0
      vertex 6.25172 74.0359 0
      vertex 6.35831 74.2098 0
    endloop
  endfacet
  facet normal 0 0 -1
    outer loop
      vertex 6.96777 73.0322 0
      vertex 6.11924 73.8808 0
      vertex 6.25172 74.0359 0
    endloop
  endfacet
  facet normal 0 0 -1
    outer loop
      vertex 5.79019 73.6417 0
      vertex 6.33498 72.5725 0
      vertex 5.97254 72.4224 0
    endloop
  endfacet
  facet normal 0 0 -1
    outer loop
      vertex 6.66946 72.7775 0
      vertex 5.96412 73.7483 0
      vertex 6.11924 73.8808 0
    endloop
  endfacet
  facet normal 0 0 -1
    outer loop
      vertex 6.33498 72.5725 0
      vertex 5.79019 73.6417 0
      vertex 5.96412 73.7483 0
    endloop
  endfacet
  facet normal 0 0 -1
    outer loop
      vertex 5.97254 72.4224 0
      vertex 5.60172 73.5636 0
      vertex 5.79019 73.6417 0
    endloop
  endfacet
  facet normal 0 0 -1
    outer loop
      vertex 5.59109 72.3308 0
      vertex 5.60172 73.5636 0
      vertex 5.97254 72.4224 0
    endloop
  endfacet
  facet normal 0 0 -1
    outer loop
      vertex 5.59109 72.3308 0
      vertex 5.40336 73.516 0
      vertex 5.60172 73.5636 0
    endloop
  endfacet
  facet normal 0 0 -1
    outer loop
      vertex 5.2 72.3 0
      vertex 5.40336 73.516 0
      vertex 5.59109 72.3308 0
    endloop
  endfacet
  facet normal 0 0 -1
    outer loop
      vertex 5.2 72.3 0
      vertex 5.2 73.5 0
      vertex 5.40336 73.516 0
    endloop
  endfacet
  facet normal 0 0 -1
    outer loop
      vertex 5.2 72.3 0
      vertex 4.99664 73.516 0
      vertex 5.2 73.5 0
    endloop
  endfacet
  facet normal 0 0 -1
    outer loop
      vertex 4.80891 72.3308 0
      vertex 4.99664 73.516 0
      vertex 5.2 72.3 0
    endloop
  endfacet
  facet normal 0 0 -1
    outer loop
      vertex 4.80891 72.3308 0
      vertex 4.79828 73.5636 0
      vertex 4.99664 73.516 0
    endloop
  endfacet
  facet normal 0 0 -1
    outer loop
      vertex 4.42746 72.4224 0
      vertex 4.79828 73.5636 0
      vertex 4.80891 72.3308 0
    endloop
  endfacet
  facet normal -0 0 -1
    outer loop
      vertex 4.79828 73.5636 0
      vertex 4.42746 72.4224 0
      vertex 4.60981 73.6417 0
    endloop
  endfacet
  facet normal 0 0 -1
    outer loop
      vertex 4.06502 72.5725 0
      vertex 4.60981 73.6417 0
      vertex 4.42746 72.4224 0
    endloop
  endfacet
  facet normal -0 0 -1
    outer loop
      vertex 4.60981 73.6417 0
      vertex 4.06502 72.5725 0
      vertex 4.43588 73.7483 0
    endloop
  endfacet
  facet normal 0 0 -1
    outer loop
      vertex 3.73054 72.7775 0
      vertex 4.43588 73.7483 0
      vertex 4.06502 72.5725 0
    endloop
  endfacet
  facet normal 0 0 -1
    outer loop
      vertex 3.5 72.9744 0
      vertex 4.43588 73.7483 0
      vertex 3.73054 72.7775 0
    endloop
  endfacet
  facet normal -0 0 -1
    outer loop
      vertex 4.43588 73.7483 0
      vertex 3.5 72.9744 0
      vertex 4.28076 73.8808 0
    endloop
  endfacet
  facet normal 0 0 -1
    outer loop
      vertex 3.43223 73.0322 0
      vertex 4.28076 73.8808 0
      vertex 3.5 72.9744 0
    endloop
  endfacet
  facet normal -0 0 -1
    outer loop
      vertex 4.28076 73.8808 0
      vertex 3.43223 73.0322 0
      vertex 4.14828 74.0359 0
    endloop
  endfacet
  facet normal 0 0 -1
    outer loop
      vertex 3.17746 73.3305 0
      vertex 4.14828 74.0359 0
      vertex 3.43223 73.0322 0
    endloop
  endfacet
  facet normal -0 0 -1
    outer loop
      vertex 4.14828 74.0359 0
      vertex 3.17746 73.3305 0
      vertex 4.04169 74.2098 0
    endloop
  endfacet
  facet normal 0 0 -1
    outer loop
      vertex 6.25172 75.5641 0
      vertex 7.22254 76.2695 0
      vertex 6.35831 75.3902 0
    endloop
  endfacet
  facet normal -0 0 -1
    outer loop
      vertex 7.22254 76.2695 0
      vertex 6.25172 75.5641 0
      vertex 7.02565 76.5 0
    endloop
  endfacet
  facet normal 0 0 -1
    outer loop
      vertex 6.11924 75.7192 0
      vertex 7.02565 76.5 0
      vertex 6.25172 75.5641 0
    endloop
  endfacet
  facet normal -0 0 -1
    outer loop
      vertex 7.02565 76.5 0
      vertex 6.11924 75.7192 0
      vertex 6.96777 76.5678 0
    endloop
  endfacet
  facet normal -0 0 -1
    outer loop
      vertex 6.96777 76.5678 0
      vertex 6.11924 75.7192 0
      vertex 6.66946 76.8225 0
    endloop
  endfacet
  facet normal 0 0 -1
    outer loop
      vertex 5.96412 75.8517 0
      vertex 6.66946 76.8225 0
      vertex 6.11924 75.7192 0
    endloop
  endfacet
  facet normal -0 0 -1
    outer loop
      vertex 6.66946 76.8225 0
      vertex 5.96412 75.8517 0
      vertex 6.33498 77.0275 0
    endloop
  endfacet
  facet normal 0 0 -1
    outer loop
      vertex 5.79019 75.9583 0
      vertex 6.33498 77.0275 0
      vertex 5.96412 75.8517 0
    endloop
  endfacet
  facet normal -0 0 -1
    outer loop
      vertex 6.33498 77.0275 0
      vertex 5.79019 75.9583 0
      vertex 5.97254 77.1776 0
    endloop
  endfacet
  facet normal 0 0 -1
    outer loop
      vertex 5.60172 76.0364 0
      vertex 5.97254 77.1776 0
      vertex 5.79019 75.9583 0
    endloop
  endfacet
  facet normal 0 0 -1
    outer loop
      vertex 5.60172 76.0364 0
      vertex 5.59109 77.2692 0
      vertex 5.97254 77.1776 0
    endloop
  endfacet
  facet normal 0 0 -1
    outer loop
      vertex 5.40336 76.084 0
      vertex 5.59109 77.2692 0
      vertex 5.60172 76.0364 0
    endloop
  endfacet
  facet normal 0 0 -1
    outer loop
      vertex 5.2 76.1 0
      vertex 5.59109 77.2692 0
      vertex 5.40336 76.084 0
    endloop
  endfacet
  facet normal 0 0 -1
    outer loop
      vertex 5.2 76.1 0
      vertex 5.2 77.3 0
      vertex 5.59109 77.2692 0
    endloop
  endfacet
  facet normal 0 0 -1
    outer loop
      vertex 4.99664 76.084 0
      vertex 5.2 77.3 0
      vertex 5.2 76.1 0
    endloop
  endfacet
  facet normal 0 0 -1
    outer loop
      vertex 4.99664 76.084 0
      vertex 4.80891 77.2692 0
      vertex 5.2 77.3 0
    endloop
  endfacet
  facet normal 0 0 -1
    outer loop
      vertex 4.79828 76.0364 0
      vertex 4.80891 77.2692 0
      vertex 4.99664 76.084 0
    endloop
  endfacet
  facet normal 0 0 -1
    outer loop
      vertex 4.42746 77.1776 0
      vertex 4.79828 76.0364 0
      vertex 4.60981 75.9583 0
    endloop
  endfacet
  facet normal 0 0 -1
    outer loop
      vertex 4.06502 77.0275 0
      vertex 4.60981 75.9583 0
      vertex 4.43588 75.8517 0
    endloop
  endfacet
  facet normal 0 0 -1
    outer loop
      vertex 4.79828 76.0364 0
      vertex 4.42746 77.1776 0
      vertex 4.80891 77.2692 0
    endloop
  endfacet
  facet normal 0 0 -1
    outer loop
      vertex 3.73054 76.8225 0
      vertex 4.43588 75.8517 0
      vertex 4.28076 75.7192 0
    endloop
  endfacet
  facet normal 0 0 -1
    outer loop
      vertex 3.43223 76.5678 0
      vertex 4.28076 75.7192 0
      vertex 4.14828 75.5641 0
    endloop
  endfacet
  facet normal 0 0 -1
    outer loop
      vertex 4.60981 75.9583 0
      vertex 4.06502 77.0275 0
      vertex 4.42746 77.1776 0
    endloop
  endfacet
  facet normal 0 0 -1
    outer loop
      vertex 3.17746 76.2695 0
      vertex 4.14828 75.5641 0
      vertex 4.04169 75.3902 0
    endloop
  endfacet
  facet normal 0 0 -1
    outer loop
      vertex 2.97248 75.935 0
      vertex 4.04169 75.3902 0
      vertex 3.96363 75.2017 0
    endloop
  endfacet
  facet normal 0 0 -1
    outer loop
      vertex 2.82236 75.5725 0
      vertex 3.96363 75.2017 0
      vertex 3.91601 75.0034 0
    endloop
  endfacet
  facet normal 0 0 -1
    outer loop
      vertex 2.73078 75.1911 0
      vertex 3.91601 75.0034 0
      vertex 3.9 74.8 0
    endloop
  endfacet
  facet normal 0 0 -1
    outer loop
      vertex 2.97248 73.665 0
      vertex 4.04169 74.2098 0
      vertex 3.17746 73.3305 0
    endloop
  endfacet
  facet normal -0 0 -1
    outer loop
      vertex 4.04169 74.2098 0
      vertex 2.97248 73.665 0
      vertex 3.96363 74.3983 0
    endloop
  endfacet
  facet normal 0 0 -1
    outer loop
      vertex 4.43588 75.8517 0
      vertex 3.73054 76.8225 0
      vertex 4.06502 77.0275 0
    endloop
  endfacet
  facet normal 0 0 -1
    outer loop
      vertex 2.82236 74.0275 0
      vertex 3.96363 74.3983 0
      vertex 2.97248 73.665 0
    endloop
  endfacet
  facet normal 0 0 -1
    outer loop
      vertex 4.28076 75.7192 0
      vertex 3.43223 76.5678 0
      vertex 3.73054 76.8225 0
    endloop
  endfacet
  facet normal -0 0 -1
    outer loop
      vertex 3.96363 74.3983 0
      vertex 2.82236 74.0275 0
      vertex 3.91601 74.5966 0
    endloop
  endfacet
  facet normal 0 0 -1
    outer loop
      vertex 4.14828 75.5641 0
      vertex 3.17746 76.2695 0
      vertex 3.43223 76.5678 0
    endloop
  endfacet
  facet normal 0 0 -1
    outer loop
      vertex 2.73078 74.4089 0
      vertex 3.91601 74.5966 0
      vertex 2.82236 74.0275 0
    endloop
  endfacet
  facet normal 0 0 -1
    outer loop
      vertex 4.04169 75.3902 0
      vertex 2.97248 75.935 0
      vertex 3.17746 76.2695 0
    endloop
  endfacet
  facet normal -0 0 -1
    outer loop
      vertex 3.91601 74.5966 0
      vertex 2.73078 74.4089 0
      vertex 3.9 74.8 0
    endloop
  endfacet
  facet normal 0 0 -1
    outer loop
      vertex 3.96363 75.2017 0
      vertex 2.82236 75.5725 0
      vertex 2.97248 75.935 0
    endloop
  endfacet
  facet normal 0 0 -1
    outer loop
      vertex 2.7 74.8 0
      vertex 3.9 74.8 0
      vertex 2.73078 74.4089 0
    endloop
  endfacet
  facet normal 0 0 -1
    outer loop
      vertex 3.91601 75.0034 0
      vertex 2.73078 75.1911 0
      vertex 2.82236 75.5725 0
    endloop
  endfacet
  facet normal 0 0 -1
    outer loop
      vertex 3.9 74.8 0
      vertex 2.7 74.8 0
      vertex 2.73078 75.1911 0
    endloop
  endfacet
  facet normal 0.382714 0.923867 -0
    outer loop
      vertex 36.881 77.5365 -3.5
      vertex 36.6635 77.6266 0
      vertex 36.881 77.5365 0
    endloop
  endfacet
  facet normal 0.382714 0.923867 0
    outer loop
      vertex 36.6635 77.6266 0
      vertex 36.881 77.5365 -3.5
      vertex 36.6635 77.6266 -3.5
    endloop
  endfacet
  facet normal -0.0784703 -0.996916 0
    outer loop
      vertex 3.56535 2.31847 -3.5
      vertex 3.8 2.3 0
      vertex 3.56535 2.31847 0
    endloop
  endfacet
  facet normal -0.0784703 -0.996916 -0
    outer loop
      vertex 3.8 2.3 0
      vertex 3.56535 2.31847 -3.5
      vertex 3.8 2.3 -3.5
    endloop
  endfacet
  facet normal -0.852646 -0.522489 0
    outer loop
      vertex 2.58647 2.91832 -3.5
      vertex 2.46349 3.11901 0
      vertex 2.46349 3.11901 -3.5
    endloop
  endfacet
  facet normal -0.852646 -0.522489 0
    outer loop
      vertex 2.46349 3.11901 0
      vertex 2.58647 2.91832 -3.5
      vertex 2.58647 2.91832 0
    endloop
  endfacet
  facet normal 0.0784536 -0.996918 0
    outer loop
      vertex 36.2 2.3 -3.5
      vertex 36.4347 2.31847 0
      vertex 36.2 2.3 0
    endloop
  endfacet
  facet normal 0.0784536 -0.996918 0
    outer loop
      vertex 36.4347 2.31847 0
      vertex 36.2 2.3 -3.5
      vertex 36.4347 2.31847 -3.5
    endloop
  endfacet
  facet normal -0.233408 -0.972379 0
    outer loop
      vertex 3.33647 2.37341 -3.5
      vertex 3.56535 2.31847 0
      vertex 3.33647 2.37341 0
    endloop
  endfacet
  facet normal -0.233408 -0.972379 -0
    outer loop
      vertex 3.56535 2.31847 0
      vertex 3.33647 2.37341 -3.5
      vertex 3.56535 2.31847 -3.5
    endloop
  endfacet
  facet normal 0 1 -0
    outer loop
      vertex 36.2 77.7 -3.5
      vertex 3.8 77.7 0
      vertex 36.2 77.7 0
    endloop
  endfacet
  facet normal 0 1 0
    outer loop
      vertex 3.8 77.7 0
      vertex 36.2 77.7 -3.5
      vertex 3.8 77.7 -3.5
    endloop
  endfacet
  facet normal -0.649464 -0.760392 0
    outer loop
      vertex 2.73934 2.73934 -3.5
      vertex 2.91832 2.58647 0
      vertex 2.73934 2.73934 0
    endloop
  endfacet
  facet normal -0.649464 -0.760392 -0
    outer loop
      vertex 2.91832 2.58647 0
      vertex 2.73934 2.73934 -3.5
      vertex 2.91832 2.58647 -3.5
    endloop
  endfacet
  facet normal -0.0785969 0.996906 0
    outer loop
      vertex 3.8 77.7 -3.5
      vertex 3.56535 77.6815 0
      vertex 3.8 77.7 0
    endloop
  endfacet
  facet normal -0.0785969 0.996906 0
    outer loop
      vertex 3.56535 77.6815 0
      vertex 3.8 77.7 -3.5
      vertex 3.56535 77.6815 -3.5
    endloop
  endfacet
  facet normal -0.760428 0.649422 0
    outer loop
      vertex 2.58647 77.0817 -3.5
      vertex 2.73934 77.2607 0
      vertex 2.73934 77.2607 -3.5
    endloop
  endfacet
  facet normal -0.760428 0.649422 0
    outer loop
      vertex 2.73934 77.2607 0
      vertex 2.58647 77.0817 -3.5
      vertex 2.58647 77.0817 0
    endloop
  endfacet
  facet normal -0.382775 0.923842 0
    outer loop
      vertex 3.33647 77.6266 -3.5
      vertex 3.11901 77.5365 0
      vertex 3.33647 77.6266 0
    endloop
  endfacet
  facet normal -0.382775 0.923842 0
    outer loop
      vertex 3.11901 77.5365 0
      vertex 3.33647 77.6266 -3.5
      vertex 3.11901 77.5365 -3.5
    endloop
  endfacet
  facet normal -0.923872 -0.382702 0
    outer loop
      vertex 2.46349 3.11901 -3.5
      vertex 2.37341 3.33647 0
      vertex 2.37341 3.33647 -3.5
    endloop
  endfacet
  facet normal -0.923872 -0.382702 0
    outer loop
      vertex 2.37341 3.33647 0
      vertex 2.46349 3.11901 -3.5
      vertex 2.46349 3.11901 0
    endloop
  endfacet
  facet normal 0 -1 0
    outer loop
      vertex 3.8 2.3 -3.5
      vertex 36.2 2.3 0
      vertex 3.8 2.3 0
    endloop
  endfacet
  facet normal 0 -1 -0
    outer loop
      vertex 36.2 2.3 0
      vertex 3.8 2.3 -3.5
      vertex 36.2 2.3 -3.5
    endloop
  endfacet
  facet normal -0.996916 -0.0784703 0
    outer loop
      vertex 2.31847 3.56535 -3.5
      vertex 2.3 3.8 0
      vertex 2.3 3.8 -3.5
    endloop
  endfacet
  facet normal -0.996916 -0.0784703 0
    outer loop
      vertex 2.3 3.8 0
      vertex 2.31847 3.56535 -3.5
      vertex 2.31847 3.56535 0
    endloop
  endfacet
  facet normal 0.85262 0.522532 0
    outer loop
      vertex 37.5365 76.881 0
      vertex 37.4135 77.0817 -3.5
      vertex 37.4135 77.0817 0
    endloop
  endfacet
  facet normal 0.85262 0.522532 0
    outer loop
      vertex 37.4135 77.0817 -3.5
      vertex 37.5365 76.881 0
      vertex 37.5365 76.881 -3.5
    endloop
  endfacet
  facet normal 0.0785803 0.996908 -0
    outer loop
      vertex 36.4347 77.6815 -3.5
      vertex 36.2 77.7 0
      vertex 36.4347 77.6815 0
    endloop
  endfacet
  facet normal 0.0785803 0.996908 0
    outer loop
      vertex 36.2 77.7 0
      vertex 36.4347 77.6815 -3.5
      vertex 36.2 77.7 -3.5
    endloop
  endfacet
  facet normal -0.852657 0.52247 0
    outer loop
      vertex 2.46349 76.881 -3.5
      vertex 2.58647 77.0817 0
      vertex 2.58647 77.0817 -3.5
    endloop
  endfacet
  facet normal -0.852657 0.52247 0
    outer loop
      vertex 2.58647 77.0817 0
      vertex 2.46349 76.881 -3.5
      vertex 2.46349 76.881 0
    endloop
  endfacet
  facet normal 0.760575 0.64925 0
    outer loop
      vertex 37.4135 77.0817 0
      vertex 37.2607 77.2607 -3.5
      vertex 37.2607 77.2607 0
    endloop
  endfacet
  facet normal 0.760575 0.64925 0
    outer loop
      vertex 37.2607 77.2607 -3.5
      vertex 37.4135 77.0817 0
      vertex 37.4135 77.0817 -3.5
    endloop
  endfacet
  facet normal 1 -0 0
    outer loop
      vertex 37.7 3.8 0
      vertex 37.7 76.2 -3.5
      vertex 37.7 76.2 0
    endloop
  endfacet
  facet normal 1 0 0
    outer loop
      vertex 37.7 76.2 -3.5
      vertex 37.7 3.8 0
      vertex 37.7 3.8 -3.5
    endloop
  endfacet
  facet normal -0.522551 0.852608 0
    outer loop
      vertex 3.11901 77.5365 -3.5
      vertex 2.91832 77.4135 0
      vertex 3.11901 77.5365 0
    endloop
  endfacet
  facet normal -0.522551 0.852608 0
    outer loop
      vertex 2.91832 77.4135 0
      vertex 3.11901 77.5365 -3.5
      vertex 2.91832 77.4135 -3.5
    endloop
  endfacet
  facet normal -1 0 0
    outer loop
      vertex 2.3 3.8 -3.5
      vertex 2.3 76.2 0
      vertex 2.3 76.2 -3.5
    endloop
  endfacet
  facet normal -1 -0 0
    outer loop
      vertex 2.3 76.2 0
      vertex 2.3 3.8 -3.5
      vertex 2.3 3.8 0
    endloop
  endfacet
  facet normal 0.52247 -0.852657 0
    outer loop
      vertex 36.881 2.46349 -3.5
      vertex 37.0817 2.58647 0
      vertex 36.881 2.46349 0
    endloop
  endfacet
  facet normal 0.52247 -0.852657 0
    outer loop
      vertex 37.0817 2.58647 0
      vertex 36.881 2.46349 -3.5
      vertex 37.0817 2.58647 -3.5
    endloop
  endfacet
  facet normal -0.233248 0.972417 0
    outer loop
      vertex 3.56535 77.6815 -3.5
      vertex 3.33647 77.6266 0
      vertex 3.56535 77.6815 0
    endloop
  endfacet
  facet normal -0.233248 0.972417 0
    outer loop
      vertex 3.33647 77.6266 0
      vertex 3.56535 77.6815 -3.5
      vertex 3.33647 77.6266 -3.5
    endloop
  endfacet
  facet normal -0.923897 0.382642 0
    outer loop
      vertex 2.37341 76.6635 -3.5
      vertex 2.46349 76.881 0
      vertex 2.46349 76.881 -3.5
    endloop
  endfacet
  facet normal -0.923897 0.382642 0
    outer loop
      vertex 2.46349 76.881 0
      vertex 2.37341 76.6635 -3.5
      vertex 2.37341 76.6635 0
    endloop
  endfacet
  facet normal -0.382702 -0.923872 0
    outer loop
      vertex 3.11901 2.46349 -3.5
      vertex 3.33647 2.37341 0
      vertex 3.11901 2.46349 0
    endloop
  endfacet
  facet normal -0.382702 -0.923872 -0
    outer loop
      vertex 3.33647 2.37341 0
      vertex 3.11901 2.46349 -3.5
      vertex 3.33647 2.37341 -3.5
    endloop
  endfacet
  facet normal 0.852608 -0.522551 0
    outer loop
      vertex 37.4135 2.91832 0
      vertex 37.5365 3.11901 -3.5
      vertex 37.5365 3.11901 0
    endloop
  endfacet
  facet normal 0.852608 -0.522551 0
    outer loop
      vertex 37.5365 3.11901 -3.5
      vertex 37.4135 2.91832 0
      vertex 37.4135 2.91832 -3.5
    endloop
  endfacet
  facet normal 0.923842 -0.382775 0
    outer loop
      vertex 37.5365 3.11901 0
      vertex 37.6266 3.33647 -3.5
      vertex 37.6266 3.33647 0
    endloop
  endfacet
  facet normal 0.923842 -0.382775 0
    outer loop
      vertex 37.6266 3.33647 -3.5
      vertex 37.5365 3.11901 0
      vertex 37.5365 3.11901 -3.5
    endloop
  endfacet
  facet normal -0.97236 0.233485 0
    outer loop
      vertex 2.31847 76.4347 -3.5
      vertex 2.37341 76.6635 0
      vertex 2.37341 76.6635 -3.5
    endloop
  endfacet
  facet normal -0.97236 0.233485 0
    outer loop
      vertex 2.37341 76.6635 0
      vertex 2.31847 76.4347 -3.5
      vertex 2.31847 76.4347 0
    endloop
  endfacet
  facet normal -0.649292 0.760539 0
    outer loop
      vertex 2.91832 77.4135 -3.5
      vertex 2.73934 77.2607 0
      vertex 2.91832 77.4135 0
    endloop
  endfacet
  facet normal -0.649292 0.760539 0
    outer loop
      vertex 2.73934 77.2607 0
      vertex 2.91832 77.4135 -3.5
      vertex 2.73934 77.2607 -3.5
    endloop
  endfacet
  facet normal -0.996918 0.0784536 0
    outer loop
      vertex 2.3 76.2 -3.5
      vertex 2.31847 76.4347 0
      vertex 2.31847 76.4347 -3.5
    endloop
  endfacet
  facet normal -0.996918 0.0784536 0
    outer loop
      vertex 2.31847 76.4347 0
      vertex 2.3 76.2 -3.5
      vertex 2.3 76.2 0
    endloop
  endfacet
  facet normal 0.233485 -0.97236 0
    outer loop
      vertex 36.4347 2.31847 -3.5
      vertex 36.6635 2.37341 0
      vertex 36.4347 2.31847 0
    endloop
  endfacet
  facet normal 0.233485 -0.97236 0
    outer loop
      vertex 36.6635 2.37341 0
      vertex 36.4347 2.31847 -3.5
      vertex 36.6635 2.37341 -3.5
    endloop
  endfacet
  facet normal 0.923867 0.382714 0
    outer loop
      vertex 37.6266 76.6635 0
      vertex 37.5365 76.881 -3.5
      vertex 37.5365 76.881 0
    endloop
  endfacet
  facet normal 0.923867 0.382714 0
    outer loop
      vertex 37.5365 76.881 -3.5
      vertex 37.6266 76.6635 0
      vertex 37.6266 76.6635 -3.5
    endloop
  endfacet
  facet normal 0.649422 -0.760428 0
    outer loop
      vertex 37.0817 2.58647 -3.5
      vertex 37.2607 2.73934 0
      vertex 37.0817 2.58647 0
    endloop
  endfacet
  facet normal 0.649422 -0.760428 0
    outer loop
      vertex 37.2607 2.73934 0
      vertex 37.0817 2.58647 -3.5
      vertex 37.2607 2.73934 -3.5
    endloop
  endfacet
  facet normal 0.760539 -0.649292 0
    outer loop
      vertex 37.2607 2.73934 0
      vertex 37.4135 2.91832 -3.5
      vertex 37.4135 2.91832 0
    endloop
  endfacet
  facet normal 0.760539 -0.649292 0
    outer loop
      vertex 37.4135 2.91832 -3.5
      vertex 37.2607 2.73934 0
      vertex 37.2607 2.73934 -3.5
    endloop
  endfacet
  facet normal 0.382642 -0.923897 0
    outer loop
      vertex 36.6635 2.37341 -3.5
      vertex 36.881 2.46349 0
      vertex 36.6635 2.37341 0
    endloop
  endfacet
  facet normal 0.382642 -0.923897 0
    outer loop
      vertex 36.881 2.46349 0
      vertex 36.6635 2.37341 -3.5
      vertex 36.881 2.46349 -3.5
    endloop
  endfacet
  facet normal 0.522532 0.85262 -0
    outer loop
      vertex 37.0817 77.4135 -3.5
      vertex 36.881 77.5365 0
      vertex 37.0817 77.4135 0
    endloop
  endfacet
  facet normal 0.522532 0.85262 0
    outer loop
      vertex 36.881 77.5365 0
      vertex 37.0817 77.4135 -3.5
      vertex 36.881 77.5365 -3.5
    endloop
  endfacet
  facet normal 0.233325 0.972399 -0
    outer loop
      vertex 36.6635 77.6266 -3.5
      vertex 36.4347 77.6815 0
      vertex 36.6635 77.6266 0
    endloop
  endfacet
  facet normal 0.233325 0.972399 0
    outer loop
      vertex 36.4347 77.6815 0
      vertex 36.6635 77.6266 -3.5
      vertex 36.4347 77.6815 -3.5
    endloop
  endfacet
  facet normal -0.972379 -0.233408 0
    outer loop
      vertex 2.37341 3.33647 -3.5
      vertex 2.31847 3.56535 0
      vertex 2.31847 3.56535 -3.5
    endloop
  endfacet
  facet normal -0.972379 -0.233408 0
    outer loop
      vertex 2.31847 3.56535 0
      vertex 2.37341 3.33647 -3.5
      vertex 2.37341 3.33647 0
    endloop
  endfacet
  facet normal 0.996906 -0.0785969 0
    outer loop
      vertex 37.6815 3.56535 0
      vertex 37.7 3.8 -3.5
      vertex 37.7 3.8 0
    endloop
  endfacet
  facet normal 0.996906 -0.0785969 0
    outer loop
      vertex 37.7 3.8 -3.5
      vertex 37.6815 3.56535 0
      vertex 37.6815 3.56535 -3.5
    endloop
  endfacet
  facet normal 0.972417 -0.233248 0
    outer loop
      vertex 37.6266 3.33647 0
      vertex 37.6815 3.56535 -3.5
      vertex 37.6815 3.56535 0
    endloop
  endfacet
  facet normal 0.972417 -0.233248 0
    outer loop
      vertex 37.6815 3.56535 -3.5
      vertex 37.6266 3.33647 0
      vertex 37.6266 3.33647 -3.5
    endloop
  endfacet
  facet normal 0.972399 0.233325 0
    outer loop
      vertex 37.6815 76.4347 0
      vertex 37.6266 76.6635 -3.5
      vertex 37.6266 76.6635 0
    endloop
  endfacet
  facet normal 0.972399 0.233325 0
    outer loop
      vertex 37.6266 76.6635 -3.5
      vertex 37.6815 76.4347 0
      vertex 37.6815 76.4347 -3.5
    endloop
  endfacet
  facet normal -0.522489 -0.852646 0
    outer loop
      vertex 2.91832 2.58647 -3.5
      vertex 3.11901 2.46349 0
      vertex 2.91832 2.58647 0
    endloop
  endfacet
  facet normal -0.522489 -0.852646 -0
    outer loop
      vertex 3.11901 2.46349 0
      vertex 2.91832 2.58647 -3.5
      vertex 3.11901 2.46349 -3.5
    endloop
  endfacet
  facet normal -0.760392 -0.649464 0
    outer loop
      vertex 2.73934 2.73934 -3.5
      vertex 2.58647 2.91832 0
      vertex 2.58647 2.91832 -3.5
    endloop
  endfacet
  facet normal -0.760392 -0.649464 0
    outer loop
      vertex 2.58647 2.91832 0
      vertex 2.73934 2.73934 -3.5
      vertex 2.73934 2.73934 0
    endloop
  endfacet
  facet normal 0.996908 0.0785803 0
    outer loop
      vertex 37.7 76.2 0
      vertex 37.6815 76.4347 -3.5
      vertex 37.6815 76.4347 0
    endloop
  endfacet
  facet normal 0.996908 0.0785803 0
    outer loop
      vertex 37.6815 76.4347 -3.5
      vertex 37.7 76.2 0
      vertex 37.7 76.2 -3.5
    endloop
  endfacet
  facet normal 0 0 -1
    outer loop
      vertex 36.5 3.8 -3.5
      vertex 37.7 3.8 -3.5
      vertex 37.6815 3.56535 -3.5
    endloop
  endfacet
  facet normal 0 0 -1
    outer loop
      vertex 37.7 3.8 -3.5
      vertex 36.5 3.8 -3.5
      vertex 37.7 76.2 -3.5
    endloop
  endfacet
  facet normal 0 0 -1
    outer loop
      vertex 36.4963 3.75307 -3.5
      vertex 37.6815 3.56535 -3.5
      vertex 37.6266 3.33647 -3.5
    endloop
  endfacet
  facet normal 0 0 -1
    outer loop
      vertex 36.5 76.2 -3.5
      vertex 37.7 76.2 -3.5
      vertex 36.5 3.8 -3.5
    endloop
  endfacet
  facet normal 0 0 -1
    outer loop
      vertex 36.4853 3.70729 -3.5
      vertex 37.6266 3.33647 -3.5
      vertex 37.5365 3.11901 -3.5
    endloop
  endfacet
  facet normal 0 0 -1
    outer loop
      vertex 37.7 76.2 -3.5
      vertex 36.5 76.2 -3.5
      vertex 37.6815 76.4347 -3.5
    endloop
  endfacet
  facet normal 0 0 -1
    outer loop
      vertex 36.4673 3.6638 -3.5
      vertex 37.5365 3.11901 -3.5
      vertex 37.4135 2.91832 -3.5
    endloop
  endfacet
  facet normal 0 0 -1
    outer loop
      vertex 36.4963 76.2469 -3.5
      vertex 37.6815 76.4347 -3.5
      vertex 36.5 76.2 -3.5
    endloop
  endfacet
  facet normal 0 0 -1
    outer loop
      vertex 36.4427 3.62366 -3.5
      vertex 37.4135 2.91832 -3.5
      vertex 37.2607 2.73934 -3.5
    endloop
  endfacet
  facet normal -0 0 -1
    outer loop
      vertex 37.6815 76.4347 -3.5
      vertex 36.4963 76.2469 -3.5
      vertex 37.6266 76.6635 -3.5
    endloop
  endfacet
  facet normal 0 0 -1
    outer loop
      vertex 36.4121 3.58787 -3.5
      vertex 37.2607 2.73934 -3.5
      vertex 37.0817 2.58647 -3.5
    endloop
  endfacet
  facet normal 0 0 -1
    outer loop
      vertex 36.4853 76.2927 -3.5
      vertex 37.6266 76.6635 -3.5
      vertex 36.4963 76.2469 -3.5
    endloop
  endfacet
  facet normal 0 0 -1
    outer loop
      vertex 36.3763 3.55729 -3.5
      vertex 37.0817 2.58647 -3.5
      vertex 36.881 2.46349 -3.5
    endloop
  endfacet
  facet normal -0 0 -1
    outer loop
      vertex 37.6266 76.6635 -3.5
      vertex 36.4853 76.2927 -3.5
      vertex 37.5365 76.881 -3.5
    endloop
  endfacet
  facet normal 0 0 -1
    outer loop
      vertex 36.3362 3.5327 -3.5
      vertex 36.881 2.46349 -3.5
      vertex 36.6635 2.37341 -3.5
    endloop
  endfacet
  facet normal 0 0 -1
    outer loop
      vertex 36.4673 76.3362 -3.5
      vertex 37.5365 76.881 -3.5
      vertex 36.4853 76.2927 -3.5
    endloop
  endfacet
  facet normal -0 0 -1
    outer loop
      vertex 37.5365 76.881 -3.5
      vertex 36.4673 76.3362 -3.5
      vertex 37.4135 77.0817 -3.5
    endloop
  endfacet
  facet normal 0 0 -1
    outer loop
      vertex 37.6815 3.56535 -3.5
      vertex 36.4963 3.75307 -3.5
      vertex 36.5 3.8 -3.5
    endloop
  endfacet
  facet normal 0 0 -1
    outer loop
      vertex 37.6266 3.33647 -3.5
      vertex 36.4853 3.70729 -3.5
      vertex 36.4963 3.75307 -3.5
    endloop
  endfacet
  facet normal 0 0 -1
    outer loop
      vertex 37.5365 3.11901 -3.5
      vertex 36.4673 3.6638 -3.5
      vertex 36.4853 3.70729 -3.5
    endloop
  endfacet
  facet normal 0 0 -1
    outer loop
      vertex 37.4135 2.91832 -3.5
      vertex 36.4427 3.62366 -3.5
      vertex 36.4673 3.6638 -3.5
    endloop
  endfacet
  facet normal 0 0 -1
    outer loop
      vertex 36.2927 3.51468 -3.5
      vertex 36.6635 2.37341 -3.5
      vertex 36.4347 2.31847 -3.5
    endloop
  endfacet
  facet normal 0 0 -1
    outer loop
      vertex 37.2607 2.73934 -3.5
      vertex 36.4121 3.58787 -3.5
      vertex 36.4427 3.62366 -3.5
    endloop
  endfacet
  facet normal 0 0 -1
    outer loop
      vertex 37.0817 2.58647 -3.5
      vertex 36.3763 3.55729 -3.5
      vertex 36.4121 3.58787 -3.5
    endloop
  endfacet
  facet normal 0 0 -1
    outer loop
      vertex 36.881 2.46349 -3.5
      vertex 36.3362 3.5327 -3.5
      vertex 36.3763 3.55729 -3.5
    endloop
  endfacet
  facet normal 0 0 -1
    outer loop
      vertex 36.6635 2.37341 -3.5
      vertex 36.2927 3.51468 -3.5
      vertex 36.3362 3.5327 -3.5
    endloop
  endfacet
  facet normal 0 0 -1
    outer loop
      vertex 36.4347 2.31847 -3.5
      vertex 36.2469 3.50369 -3.5
      vertex 36.2927 3.51468 -3.5
    endloop
  endfacet
  facet normal 0 0 -1
    outer loop
      vertex 36.2 2.3 -3.5
      vertex 36.2469 3.50369 -3.5
      vertex 36.4347 2.31847 -3.5
    endloop
  endfacet
  facet normal 0 0 -1
    outer loop
      vertex 36.2 2.3 -3.5
      vertex 36.2 3.5 -3.5
      vertex 36.2469 3.50369 -3.5
    endloop
  endfacet
  facet normal 0 0 -1
    outer loop
      vertex 3.8 2.3 -3.5
      vertex 36.2 3.5 -3.5
      vertex 36.2 2.3 -3.5
    endloop
  endfacet
  facet normal 0 0 -1
    outer loop
      vertex 3.8 2.3 -3.5
      vertex 3.8 3.5 -3.5
      vertex 36.2 3.5 -3.5
    endloop
  endfacet
  facet normal 0 0 -1
    outer loop
      vertex 3.8 2.3 -3.5
      vertex 3.75307 3.50369 -3.5
      vertex 3.8 3.5 -3.5
    endloop
  endfacet
  facet normal 0 0 -1
    outer loop
      vertex 3.56535 2.31847 -3.5
      vertex 3.75307 3.50369 -3.5
      vertex 3.8 2.3 -3.5
    endloop
  endfacet
  facet normal -0 0 -1
    outer loop
      vertex 3.75307 3.50369 -3.5
      vertex 3.56535 2.31847 -3.5
      vertex 3.70729 3.51468 -3.5
    endloop
  endfacet
  facet normal 0 0 -1
    outer loop
      vertex 3.33647 2.37341 -3.5
      vertex 3.70729 3.51468 -3.5
      vertex 3.56535 2.31847 -3.5
    endloop
  endfacet
  facet normal -0 0 -1
    outer loop
      vertex 3.70729 3.51468 -3.5
      vertex 3.33647 2.37341 -3.5
      vertex 3.6638 3.5327 -3.5
    endloop
  endfacet
  facet normal 0 0 -1
    outer loop
      vertex 3.11901 2.46349 -3.5
      vertex 3.6638 3.5327 -3.5
      vertex 3.33647 2.37341 -3.5
    endloop
  endfacet
  facet normal -0 0 -1
    outer loop
      vertex 3.6638 3.5327 -3.5
      vertex 3.11901 2.46349 -3.5
      vertex 3.62366 3.55729 -3.5
    endloop
  endfacet
  facet normal 0 0 -1
    outer loop
      vertex 2.91832 2.58647 -3.5
      vertex 3.62366 3.55729 -3.5
      vertex 3.11901 2.46349 -3.5
    endloop
  endfacet
  facet normal -0 0 -1
    outer loop
      vertex 3.62366 3.55729 -3.5
      vertex 2.91832 2.58647 -3.5
      vertex 3.58787 3.58787 -3.5
    endloop
  endfacet
  facet normal 0 0 -1
    outer loop
      vertex 2.73934 2.73934 -3.5
      vertex 3.58787 3.58787 -3.5
      vertex 2.91832 2.58647 -3.5
    endloop
  endfacet
  facet normal -0 0 -1
    outer loop
      vertex 3.58787 3.58787 -3.5
      vertex 2.73934 2.73934 -3.5
      vertex 3.55729 3.62366 -3.5
    endloop
  endfacet
  facet normal -0 0 -1
    outer loop
      vertex 3.55729 3.62366 -3.5
      vertex 2.58647 2.91832 -3.5
      vertex 3.5327 3.6638 -3.5
    endloop
  endfacet
  facet normal 0 0 -1
    outer loop
      vertex 2.58647 2.91832 -3.5
      vertex 3.55729 3.62366 -3.5
      vertex 2.73934 2.73934 -3.5
    endloop
  endfacet
  facet normal 0 0 -1
    outer loop
      vertex 36.4427 76.3763 -3.5
      vertex 37.4135 77.0817 -3.5
      vertex 36.4673 76.3362 -3.5
    endloop
  endfacet
  facet normal -0 0 -1
    outer loop
      vertex 37.4135 77.0817 -3.5
      vertex 36.4427 76.3763 -3.5
      vertex 37.2607 77.2607 -3.5
    endloop
  endfacet
  facet normal 0 0 -1
    outer loop
      vertex 36.4121 76.4121 -3.5
      vertex 37.2607 77.2607 -3.5
      vertex 36.4427 76.3763 -3.5
    endloop
  endfacet
  facet normal -0 0 -1
    outer loop
      vertex 37.2607 77.2607 -3.5
      vertex 36.4121 76.4121 -3.5
      vertex 37.0817 77.4135 -3.5
    endloop
  endfacet
  facet normal 0 0 -1
    outer loop
      vertex 36.3763 76.4427 -3.5
      vertex 37.0817 77.4135 -3.5
      vertex 36.4121 76.4121 -3.5
    endloop
  endfacet
  facet normal -0 0 -1
    outer loop
      vertex 37.0817 77.4135 -3.5
      vertex 36.3763 76.4427 -3.5
      vertex 36.881 77.5365 -3.5
    endloop
  endfacet
  facet normal 0 0 -1
    outer loop
      vertex 36.3362 76.4673 -3.5
      vertex 36.881 77.5365 -3.5
      vertex 36.3763 76.4427 -3.5
    endloop
  endfacet
  facet normal -0 0 -1
    outer loop
      vertex 36.881 77.5365 -3.5
      vertex 36.3362 76.4673 -3.5
      vertex 36.6635 77.6266 -3.5
    endloop
  endfacet
  facet normal 0 0 -1
    outer loop
      vertex 36.2927 76.4853 -3.5
      vertex 36.6635 77.6266 -3.5
      vertex 36.3362 76.4673 -3.5
    endloop
  endfacet
  facet normal -0 0 -1
    outer loop
      vertex 36.6635 77.6266 -3.5
      vertex 36.2927 76.4853 -3.5
      vertex 36.4347 77.6815 -3.5
    endloop
  endfacet
  facet normal 0 0 -1
    outer loop
      vertex 36.2469 76.4963 -3.5
      vertex 36.4347 77.6815 -3.5
      vertex 36.2927 76.4853 -3.5
    endloop
  endfacet
  facet normal 0 0 -1
    outer loop
      vertex 36.2 76.5 -3.5
      vertex 36.4347 77.6815 -3.5
      vertex 36.2469 76.4963 -3.5
    endloop
  endfacet
  facet normal 0 0 -1
    outer loop
      vertex 36.2 76.5 -3.5
      vertex 36.2 77.7 -3.5
      vertex 36.4347 77.6815 -3.5
    endloop
  endfacet
  facet normal 0 0 -1
    outer loop
      vertex 3.8 76.5 -3.5
      vertex 36.2 77.7 -3.5
      vertex 36.2 76.5 -3.5
    endloop
  endfacet
  facet normal 0 0 -1
    outer loop
      vertex 3.8 76.5 -3.5
      vertex 3.8 77.7 -3.5
      vertex 36.2 77.7 -3.5
    endloop
  endfacet
  facet normal 0 0 -1
    outer loop
      vertex 3.75307 76.4963 -3.5
      vertex 3.8 77.7 -3.5
      vertex 3.8 76.5 -3.5
    endloop
  endfacet
  facet normal 0 0 -1
    outer loop
      vertex 3.56535 77.6815 -3.5
      vertex 3.75307 76.4963 -3.5
      vertex 3.70729 76.4853 -3.5
    endloop
  endfacet
  facet normal 0 0 -1
    outer loop
      vertex 3.33647 77.6266 -3.5
      vertex 3.70729 76.4853 -3.5
      vertex 3.6638 76.4673 -3.5
    endloop
  endfacet
  facet normal 0 0 -1
    outer loop
      vertex 3.11901 77.5365 -3.5
      vertex 3.6638 76.4673 -3.5
      vertex 3.62366 76.4427 -3.5
    endloop
  endfacet
  facet normal 0 0 -1
    outer loop
      vertex 2.91832 77.4135 -3.5
      vertex 3.62366 76.4427 -3.5
      vertex 3.58787 76.4121 -3.5
    endloop
  endfacet
  facet normal 0 0 -1
    outer loop
      vertex 3.75307 76.4963 -3.5
      vertex 3.56535 77.6815 -3.5
      vertex 3.8 77.7 -3.5
    endloop
  endfacet
  facet normal 0 0 -1
    outer loop
      vertex 2.73934 77.2607 -3.5
      vertex 3.58787 76.4121 -3.5
      vertex 3.55729 76.3763 -3.5
    endloop
  endfacet
  facet normal 0 0 -1
    outer loop
      vertex 2.58647 77.0817 -3.5
      vertex 3.55729 76.3763 -3.5
      vertex 3.5327 76.3362 -3.5
    endloop
  endfacet
  facet normal 0 0 -1
    outer loop
      vertex 2.46349 76.881 -3.5
      vertex 3.5327 76.3362 -3.5
      vertex 3.51468 76.2927 -3.5
    endloop
  endfacet
  facet normal 0 0 -1
    outer loop
      vertex 2.37341 76.6635 -3.5
      vertex 3.51468 76.2927 -3.5
      vertex 3.50369 76.2469 -3.5
    endloop
  endfacet
  facet normal 0 0 -1
    outer loop
      vertex 2.31847 76.4347 -3.5
      vertex 3.50369 76.2469 -3.5
      vertex 3.5 76.2 -3.5
    endloop
  endfacet
  facet normal 0 0 -1
    outer loop
      vertex 3.70729 76.4853 -3.5
      vertex 3.33647 77.6266 -3.5
      vertex 3.56535 77.6815 -3.5
    endloop
  endfacet
  facet normal 0 0 -1
    outer loop
      vertex 3.5 3.8 -3.5
      vertex 2.3 3.8 -3.5
      vertex 3.5 76.2 -3.5
    endloop
  endfacet
  facet normal 0 0 -1
    outer loop
      vertex 2.46349 3.11901 -3.5
      vertex 3.5327 3.6638 -3.5
      vertex 2.58647 2.91832 -3.5
    endloop
  endfacet
  facet normal 0 0 -1
    outer loop
      vertex 2.3 76.2 -3.5
      vertex 3.5 76.2 -3.5
      vertex 2.3 3.8 -3.5
    endloop
  endfacet
  facet normal -0 0 -1
    outer loop
      vertex 3.5327 3.6638 -3.5
      vertex 2.46349 3.11901 -3.5
      vertex 3.51468 3.70729 -3.5
    endloop
  endfacet
  facet normal 0 -0 -1
    outer loop
      vertex 2.31847 76.4347 -3.5
      vertex 3.5 76.2 -3.5
      vertex 2.3 76.2 -3.5
    endloop
  endfacet
  facet normal 0 0 -1
    outer loop
      vertex 2.37341 3.33647 -3.5
      vertex 3.51468 3.70729 -3.5
      vertex 2.46349 3.11901 -3.5
    endloop
  endfacet
  facet normal 0 0 -1
    outer loop
      vertex 3.6638 76.4673 -3.5
      vertex 3.11901 77.5365 -3.5
      vertex 3.33647 77.6266 -3.5
    endloop
  endfacet
  facet normal -0 0 -1
    outer loop
      vertex 3.51468 3.70729 -3.5
      vertex 2.37341 3.33647 -3.5
      vertex 3.50369 3.75307 -3.5
    endloop
  endfacet
  facet normal 0 0 -1
    outer loop
      vertex 3.62366 76.4427 -3.5
      vertex 2.91832 77.4135 -3.5
      vertex 3.11901 77.5365 -3.5
    endloop
  endfacet
  facet normal 0 0 -1
    outer loop
      vertex 2.31847 3.56535 -3.5
      vertex 3.50369 3.75307 -3.5
      vertex 2.37341 3.33647 -3.5
    endloop
  endfacet
  facet normal 0 0 -1
    outer loop
      vertex 3.58787 76.4121 -3.5
      vertex 2.73934 77.2607 -3.5
      vertex 2.91832 77.4135 -3.5
    endloop
  endfacet
  facet normal -0 0 -1
    outer loop
      vertex 3.50369 3.75307 -3.5
      vertex 2.31847 3.56535 -3.5
      vertex 3.5 3.8 -3.5
    endloop
  endfacet
  facet normal 0 0 -1
    outer loop
      vertex 3.55729 76.3763 -3.5
      vertex 2.58647 77.0817 -3.5
      vertex 2.73934 77.2607 -3.5
    endloop
  endfacet
  facet normal -0 0 -1
    outer loop
      vertex 3.5 3.8 -3.5
      vertex 2.31847 3.56535 -3.5
      vertex 2.3 3.8 -3.5
    endloop
  endfacet
  facet normal 0 0 -1
    outer loop
      vertex 3.5327 76.3362 -3.5
      vertex 2.46349 76.881 -3.5
      vertex 2.58647 77.0817 -3.5
    endloop
  endfacet
  facet normal 0 0 -1
    outer loop
      vertex 3.51468 76.2927 -3.5
      vertex 2.37341 76.6635 -3.5
      vertex 2.46349 76.881 -3.5
    endloop
  endfacet
  facet normal 0 0 -1
    outer loop
      vertex 3.50369 76.2469 -3.5
      vertex 2.31847 76.4347 -3.5
      vertex 2.37341 76.6635 -3.5
    endloop
  endfacet
  facet normal 0 -1 0
    outer loop
      vertex 34.5307 76.5 -1.29802
      vertex 36.2 76.5 -3.5
      vertex 34.6662 76.5 -1.31578
    endloop
  endfacet
  facet normal 0 -1 -0
    outer loop
      vertex 5.06621 76.5 -1.31578
      vertex 3.8 76.5 -3.5
      vertex 5.2 76.5 -1.33333
    endloop
  endfacet
  facet normal 0 -1 -0
    outer loop
      vertex 4.93075 76.5 -1.29802
      vertex 3.8 76.5 -3.5
      vertex 5.06621 76.5 -1.31578
    endloop
  endfacet
  facet normal 0 -1 -0
    outer loop
      vertex 4.78013 76.5 -1.23923
      vertex 3.8 76.5 -3.5
      vertex 4.93075 76.5 -1.29802
    endloop
  endfacet
  facet normal 0 -1 -0
    outer loop
      vertex 4.64764 76.5 -1.18752
      vertex 3.8 76.5 -3.5
      vertex 4.78013 76.5 -1.23923
    endloop
  endfacet
  facet normal 0 -1 -0
    outer loop
      vertex 4.45528 76.5 -1.06446
      vertex 3.8 76.5 -3.5
      vertex 4.64764 76.5 -1.18752
    endloop
  endfacet
  facet normal 0 -1 -0
    outer loop
      vertex 4.33381 76.5 -0.986742
      vertex 3.8 76.5 -3.5
      vertex 4.45528 76.5 -1.06446
    endloop
  endfacet
  facet normal 0 -1 -0
    outer loop
      vertex 4.05869 76.5 -0.746423
      vertex 3.8 76.5 -3.5
      vertex 4.33381 76.5 -0.986742
    endloop
  endfacet
  facet normal 0 -1 -0
    outer loop
      vertex 3.96488 76.5 -0.664473
      vertex 3.8 76.5 -3.5
      vertex 4.05869 76.5 -0.746423
    endloop
  endfacet
  facet normal 0 -1 0
    outer loop
      vertex 3.8 76.5 -3.5
      vertex 3.96488 76.5 -0.664473
      vertex 3.8 76.5 -0.485456
    endloop
  endfacet
  facet normal 0 -1 0
    outer loop
      vertex 6.91942 76.5 -0.135042
      vertex 32.9744 76.5 0
      vertex 7.02565 76.5 0
    endloop
  endfacet
  facet normal 0 -1 0
    outer loop
      vertex 6.91942 76.5 -0.135042
      vertex 33.0806 76.5 -0.135042
      vertex 32.9744 76.5 0
    endloop
  endfacet
  facet normal 0 -1 0
    outer loop
      vertex 6.9 76.5 -0.159729
      vertex 33.0806 76.5 -0.135042
      vertex 6.91942 76.5 -0.135042
    endloop
  endfacet
  facet normal 0 -1 0
    outer loop
      vertex 6.9 76.5 -0.159729
      vertex 33.1 76.5 -0.159729
      vertex 33.0806 76.5 -0.135042
    endloop
  endfacet
  facet normal 0 -1 0
    outer loop
      vertex 6.87278 76.5 -0.189282
      vertex 33.1 76.5 -0.159729
      vertex 6.9 76.5 -0.159729
    endloop
  endfacet
  facet normal 0 -1 0
    outer loop
      vertex 6.87278 76.5 -0.189282
      vertex 33.1272 76.5 -0.189282
      vertex 33.1 76.5 -0.159729
    endloop
  endfacet
  facet normal 0 -1 0
    outer loop
      vertex 6.43512 76.5 -0.664473
      vertex 33.1272 76.5 -0.189282
      vertex 6.87278 76.5 -0.189282
    endloop
  endfacet
  facet normal 0 -1 0
    outer loop
      vertex 6.43512 76.5 -0.664473
      vertex 33.5649 76.5 -0.664473
      vertex 33.1272 76.5 -0.189282
    endloop
  endfacet
  facet normal 0 -1 0
    outer loop
      vertex 3.8 76.5 -3.5
      vertex 6.43512 76.5 -0.664473
      vertex 6.34131 76.5 -0.746423
    endloop
  endfacet
  facet normal 0 -1 -0
    outer loop
      vertex 6.43512 76.5 -0.664473
      vertex 3.8 76.5 -3.5
      vertex 33.5649 76.5 -0.664473
    endloop
  endfacet
  facet normal 0 -1 0
    outer loop
      vertex 3.8 76.5 -3.5
      vertex 6.34131 76.5 -0.746423
      vertex 6.06619 76.5 -0.986742
    endloop
  endfacet
  facet normal 0 -1 0
    outer loop
      vertex 36.2 76.5 -3.5
      vertex 33.5649 76.5 -0.664473
      vertex 3.8 76.5 -3.5
    endloop
  endfacet
  facet normal 0 -1 0
    outer loop
      vertex 3.8 76.5 -3.5
      vertex 6.06619 76.5 -0.986742
      vertex 5.94472 76.5 -1.06446
    endloop
  endfacet
  facet normal 0 -1 0
    outer loop
      vertex 33.5649 76.5 -0.664473
      vertex 36.2 76.5 -3.5
      vertex 33.6587 76.5 -0.746423
    endloop
  endfacet
  facet normal 0 -1 0
    outer loop
      vertex 3.8 76.5 -3.5
      vertex 5.94472 76.5 -1.06446
      vertex 5.75236 76.5 -1.18752
    endloop
  endfacet
  facet normal 0 -1 0
    outer loop
      vertex 33.6587 76.5 -0.746423
      vertex 36.2 76.5 -3.5
      vertex 33.9338 76.5 -0.986742
    endloop
  endfacet
  facet normal 0 -1 0
    outer loop
      vertex 3.8 76.5 -3.5
      vertex 5.75236 76.5 -1.18752
      vertex 5.61987 76.5 -1.23923
    endloop
  endfacet
  facet normal 0 -1 0
    outer loop
      vertex 33.9338 76.5 -0.986742
      vertex 36.2 76.5 -3.5
      vertex 34.0553 76.5 -1.06446
    endloop
  endfacet
  facet normal 0 -1 0
    outer loop
      vertex 3.8 76.5 -3.5
      vertex 5.61987 76.5 -1.23923
      vertex 5.46925 76.5 -1.29802
    endloop
  endfacet
  facet normal 0 -1 0
    outer loop
      vertex 34.0553 76.5 -1.06446
      vertex 36.2 76.5 -3.5
      vertex 34.2476 76.5 -1.18752
    endloop
  endfacet
  facet normal 0 -1 0
    outer loop
      vertex 3.8 76.5 -3.5
      vertex 5.46925 76.5 -1.29802
      vertex 5.33379 76.5 -1.31578
    endloop
  endfacet
  facet normal 0 -1 0
    outer loop
      vertex 34.2476 76.5 -1.18752
      vertex 36.2 76.5 -3.5
      vertex 34.3801 76.5 -1.23923
    endloop
  endfacet
  facet normal 0 -1 0
    outer loop
      vertex 3.8 76.5 -3.5
      vertex 5.33379 76.5 -1.31578
      vertex 5.2 76.5 -1.33333
    endloop
  endfacet
  facet normal 0 -1 0
    outer loop
      vertex 34.3801 76.5 -1.23923
      vertex 36.2 76.5 -3.5
      vertex 34.5307 76.5 -1.29802
    endloop
  endfacet
  facet normal 0 -1 0
    outer loop
      vertex 36.0351 76.5 -0.664473
      vertex 36.2 76.5 -3.5
      vertex 36.2 76.5 -0.485456
    endloop
  endfacet
  facet normal 0 -1 0
    outer loop
      vertex 35.9413 76.5 -0.746423
      vertex 36.2 76.5 -3.5
      vertex 36.0351 76.5 -0.664473
    endloop
  endfacet
  facet normal 0 -1 0
    outer loop
      vertex 35.6662 76.5 -0.986742
      vertex 36.2 76.5 -3.5
      vertex 35.9413 76.5 -0.746423
    endloop
  endfacet
  facet normal 0 -1 0
    outer loop
      vertex 35.5447 76.5 -1.06446
      vertex 36.2 76.5 -3.5
      vertex 35.6662 76.5 -0.986742
    endloop
  endfacet
  facet normal 0 -1 0
    outer loop
      vertex 35.3524 76.5 -1.18752
      vertex 36.2 76.5 -3.5
      vertex 35.5447 76.5 -1.06446
    endloop
  endfacet
  facet normal 0 -1 0
    outer loop
      vertex 35.2199 76.5 -1.23923
      vertex 36.2 76.5 -3.5
      vertex 35.3524 76.5 -1.18752
    endloop
  endfacet
  facet normal 0 -1 0
    outer loop
      vertex 35.0693 76.5 -1.29802
      vertex 36.2 76.5 -3.5
      vertex 35.2199 76.5 -1.23923
    endloop
  endfacet
  facet normal 0 -1 0
    outer loop
      vertex 34.9338 76.5 -1.31578
      vertex 36.2 76.5 -3.5
      vertex 35.0693 76.5 -1.29802
    endloop
  endfacet
  facet normal 0 -1 0
    outer loop
      vertex 34.8 76.5 -1.33333
      vertex 36.2 76.5 -3.5
      vertex 34.9338 76.5 -1.31578
    endloop
  endfacet
  facet normal 0 -1 0
    outer loop
      vertex 34.6662 76.5 -1.31578
      vertex 36.2 76.5 -3.5
      vertex 34.8 76.5 -1.33333
    endloop
  endfacet
  facet normal -0.0784356 0.996919 0
    outer loop
      vertex 36.2469 3.50369 -3.5
      vertex 36.2 3.5 -0.485456
      vertex 36.2469 3.50369 -0.439196
    endloop
  endfacet
  facet normal -0.0784356 0.996919 0
    outer loop
      vertex 36.2 3.5 -0.485456
      vertex 36.2469 3.50369 -3.5
      vertex 36.2 3.5 -3.5
    endloop
  endfacet
  facet normal -0.65013 0.759823 0
    outer loop
      vertex 36.4121 3.58787 -3.5
      vertex 36.3837 3.56357 -0.366835
      vertex 36.4121 3.58787 -0.366835
    endloop
  endfacet
  facet normal -0.64705 0.762448 4.82749e-05
    outer loop
      vertex 36.4121 3.58787 -3.5
      vertex 36.3763 3.55729 -0.366835
      vertex 36.3837 3.56357 -0.366835
    endloop
  endfacet
  facet normal -0.649496 0.760365 0
    outer loop
      vertex 36.3763 3.55729 -0.366835
      vertex 36.4121 3.58787 -3.5
      vertex 36.3763 3.55729 -3.5
    endloop
  endfacet
  facet normal 0.852714 0.522378 -0
    outer loop
      vertex 3.55729 3.62366 -3.5
      vertex 3.5327 3.6638 -0.379145
      vertex 3.55729 3.62366 -0.366834
    endloop
  endfacet
  facet normal 0.852714 0.522378 0
    outer loop
      vertex 3.5327 3.6638 -0.379145
      vertex 3.55729 3.62366 -3.5
      vertex 3.5327 3.6638 -3.5
    endloop
  endfacet
  facet normal -1 0 0
    outer loop
      vertex 36.5 76.2 -3.5
      vertex 36.5 76.0351 -0.664473
      vertex 36.5 76.2 -0.485456
    endloop
  endfacet
  facet normal -1 0 0
    outer loop
      vertex 36.5 76.2 -3.5
      vertex 36.5 75.9413 -0.746423
      vertex 36.5 76.0351 -0.664473
    endloop
  endfacet
  facet normal -1 0 0
    outer loop
      vertex 36.5 76.2 -3.5
      vertex 36.5 75.6662 -0.986742
      vertex 36.5 75.9413 -0.746423
    endloop
  endfacet
  facet normal -1 0 0
    outer loop
      vertex 36.5 76.2 -3.5
      vertex 36.5 75.5447 -1.06446
      vertex 36.5 75.6662 -0.986742
    endloop
  endfacet
  facet normal -1 0 0
    outer loop
      vertex 36.5 76.2 -3.5
      vertex 36.5 75.3524 -1.18752
      vertex 36.5 75.5447 -1.06446
    endloop
  endfacet
  facet normal -1 0 0
    outer loop
      vertex 36.5 76.2 -3.5
      vertex 36.5 75.2199 -1.23923
      vertex 36.5 75.3524 -1.18752
    endloop
  endfacet
  facet normal -1 0 0
    outer loop
      vertex 36.5 76.2 -3.5
      vertex 36.5 75.0693 -1.29802
      vertex 36.5 75.2199 -1.23923
    endloop
  endfacet
  facet normal -1 0 0
    outer loop
      vertex 36.5 76.2 -3.5
      vertex 36.5 74.9338 -1.31578
      vertex 36.5 75.0693 -1.29802
    endloop
  endfacet
  facet normal -1 0 0
    outer loop
      vertex 36.5 76.2 -3.5
      vertex 36.5 74.8 -1.33333
      vertex 36.5 74.9338 -1.31578
    endloop
  endfacet
  facet normal -1 0 0
    outer loop
      vertex 36.5 76.2 -3.5
      vertex 36.5 74.6662 -1.31578
      vertex 36.5 74.8 -1.33333
    endloop
  endfacet
  facet normal -1 0 0
    outer loop
      vertex 36.5 76.2 -3.5
      vertex 36.5 74.5307 -1.29802
      vertex 36.5 74.6662 -1.31578
    endloop
  endfacet
  facet normal -1 0 0
    outer loop
      vertex 36.5 76.2 -3.5
      vertex 36.5 74.3801 -1.23923
      vertex 36.5 74.5307 -1.29802
    endloop
  endfacet
  facet normal -1 0 0
    outer loop
      vertex 36.5 76.2 -3.5
      vertex 36.5 74.2476 -1.18752
      vertex 36.5 74.3801 -1.23923
    endloop
  endfacet
  facet normal -1 0 0
    outer loop
      vertex 36.5 76.2 -3.5
      vertex 36.5 74.0553 -1.06446
      vertex 36.5 74.2476 -1.18752
    endloop
  endfacet
  facet normal -1 0 0
    outer loop
      vertex 36.5 76.2 -3.5
      vertex 36.5 73.9338 -0.986742
      vertex 36.5 74.0553 -1.06446
    endloop
  endfacet
  facet normal -1 0 0
    outer loop
      vertex 36.5 76.2 -3.5
      vertex 36.5 73.6587 -0.746423
      vertex 36.5 73.9338 -0.986742
    endloop
  endfacet
  facet normal -1 0 0
    outer loop
      vertex 36.5 76.2 -3.5
      vertex 36.5 73.5649 -0.664473
      vertex 36.5 73.6587 -0.746423
    endloop
  endfacet
  facet normal 1 0 0
    outer loop
      vertex 36.5 73.5649 -0.664473
      vertex 36.5 73.1 -0.159729
      vertex 36.5 73.1272 -0.189282
    endloop
  endfacet
  facet normal -1 0 0
    outer loop
      vertex 36.5 73.1 -0.159729
      vertex 36.5 72.9744 0
      vertex 36.5 73.0806 -0.135042
    endloop
  endfacet
  facet normal -1 0 0
    outer loop
      vertex 36.5 73.1 -0.159729
      vertex 36.5 7.02565 0
      vertex 36.5 72.9744 0
    endloop
  endfacet
  facet normal -1 0 0
    outer loop
      vertex 36.5 6.9 -0.159729
      vertex 36.5 73.1 -0.159729
      vertex 36.5 73.5649 -0.664473
    endloop
  endfacet
  facet normal -1 0 0
    outer loop
      vertex 36.5 6.43512 -0.664473
      vertex 36.5 73.5649 -0.664473
      vertex 36.5 76.2 -3.5
    endloop
  endfacet
  facet normal -1 0 0
    outer loop
      vertex 36.5 73.1 -0.159729
      vertex 36.5 6.91942 -0.135042
      vertex 36.5 7.02565 0
    endloop
  endfacet
  facet normal -1 0 0
    outer loop
      vertex 36.5 73.1 -0.159729
      vertex 36.5 6.9 -0.159729
      vertex 36.5 6.91942 -0.135042
    endloop
  endfacet
  facet normal -1 0 0
    outer loop
      vertex 36.5 73.5649 -0.664473
      vertex 36.5 6.87278 -0.189282
      vertex 36.5 6.9 -0.159729
    endloop
  endfacet
  facet normal -1 0 0
    outer loop
      vertex 36.5 73.5649 -0.664473
      vertex 36.5 6.43512 -0.664473
      vertex 36.5 6.87278 -0.189282
    endloop
  endfacet
  facet normal -1 0 0
    outer loop
      vertex 36.5 3.8 -3.5
      vertex 36.5 6.43512 -0.664473
      vertex 36.5 76.2 -3.5
    endloop
  endfacet
  facet normal -1 0 0
    outer loop
      vertex 36.5 6.43512 -0.664473
      vertex 36.5 3.8 -3.5
      vertex 36.5 6.34131 -0.746423
    endloop
  endfacet
  facet normal -1 0 0
    outer loop
      vertex 36.5 6.34131 -0.746423
      vertex 36.5 3.8 -3.5
      vertex 36.5 6.06619 -0.986742
    endloop
  endfacet
  facet normal -1 0 0
    outer loop
      vertex 36.5 6.06619 -0.986742
      vertex 36.5 3.8 -3.5
      vertex 36.5 5.94472 -1.06446
    endloop
  endfacet
  facet normal -1 0 0
    outer loop
      vertex 36.5 5.94472 -1.06446
      vertex 36.5 3.8 -3.5
      vertex 36.5 5.75236 -1.18752
    endloop
  endfacet
  facet normal -1 0 0
    outer loop
      vertex 36.5 5.75236 -1.18752
      vertex 36.5 3.8 -3.5
      vertex 36.5 5.61987 -1.23923
    endloop
  endfacet
  facet normal -1 0 0
    outer loop
      vertex 36.5 5.61987 -1.23923
      vertex 36.5 3.8 -3.5
      vertex 36.5 5.46925 -1.29802
    endloop
  endfacet
  facet normal -1 0 0
    outer loop
      vertex 36.5 5.46925 -1.29802
      vertex 36.5 3.8 -3.5
      vertex 36.5 5.33379 -1.31578
    endloop
  endfacet
  facet normal -1 0 0
    outer loop
      vertex 36.5 5.33379 -1.31578
      vertex 36.5 3.8 -3.5
      vertex 36.5 5.2 -1.33333
    endloop
  endfacet
  facet normal -1 0 0
    outer loop
      vertex 36.5 3.8 -3.5
      vertex 36.5 5.06621 -1.31578
      vertex 36.5 5.2 -1.33333
    endloop
  endfacet
  facet normal -1 0 0
    outer loop
      vertex 36.5 3.8 -3.5
      vertex 36.5 4.93075 -1.29802
      vertex 36.5 5.06621 -1.31578
    endloop
  endfacet
  facet normal -1 0 0
    outer loop
      vertex 36.5 3.8 -3.5
      vertex 36.5 4.78013 -1.23923
      vertex 36.5 4.93075 -1.29802
    endloop
  endfacet
  facet normal -1 0 0
    outer loop
      vertex 36.5 3.8 -3.5
      vertex 36.5 4.64764 -1.18752
      vertex 36.5 4.78013 -1.23923
    endloop
  endfacet
  facet normal -1 0 0
    outer loop
      vertex 36.5 3.8 -3.5
      vertex 36.5 4.45528 -1.06446
      vertex 36.5 4.64764 -1.18752
    endloop
  endfacet
  facet normal -1 0 0
    outer loop
      vertex 36.5 3.8 -3.5
      vertex 36.5 4.33381 -0.986742
      vertex 36.5 4.45528 -1.06446
    endloop
  endfacet
  facet normal -1 0 0
    outer loop
      vertex 36.5 3.8 -3.5
      vertex 36.5 4.05869 -0.746423
      vertex 36.5 4.33381 -0.986742
    endloop
  endfacet
  facet normal -1 0 0
    outer loop
      vertex 36.5 3.8 -3.5
      vertex 36.5 3.96488 -0.664473
      vertex 36.5 4.05869 -0.746423
    endloop
  endfacet
  facet normal -1 -0 0
    outer loop
      vertex 36.5 3.96488 -0.664473
      vertex 36.5 3.8 -3.5
      vertex 36.5 3.8 -0.485456
    endloop
  endfacet
  facet normal 0.0783858 0.996923 0
    outer loop
      vertex 3.75307 3.50369 -3.5
      vertex 3.8 3.5 -0.485455
      vertex 3.8 3.5 -3.5
    endloop
  endfacet
  facet normal 0.0783858 0.996923 0
    outer loop
      vertex 3.8 3.5 -0.485455
      vertex 3.75307 3.50369 -3.5
      vertex 3.75307 3.50369 -0.439195
    endloop
  endfacet
  facet normal 0 1 0
    outer loop
      vertex 5.46925 3.5 -1.29801
      vertex 3.8 3.5 -3.5
      vertex 5.33379 3.5 -1.31578
    endloop
  endfacet
  facet normal 0 1 0
    outer loop
      vertex 34.9338 3.5 -1.31578
      vertex 36.2 3.5 -3.5
      vertex 34.8 3.5 -1.33333
    endloop
  endfacet
  facet normal 0 1 0
    outer loop
      vertex 35.0693 3.5 -1.29801
      vertex 36.2 3.5 -3.5
      vertex 34.9338 3.5 -1.31578
    endloop
  endfacet
  facet normal 0 1 0
    outer loop
      vertex 35.2199 3.5 -1.23923
      vertex 36.2 3.5 -3.5
      vertex 35.0693 3.5 -1.29801
    endloop
  endfacet
  facet normal 0 1 0
    outer loop
      vertex 35.3524 3.5 -1.18752
      vertex 36.2 3.5 -3.5
      vertex 35.2199 3.5 -1.23923
    endloop
  endfacet
  facet normal 0 1 0
    outer loop
      vertex 35.5447 3.5 -1.06446
      vertex 36.2 3.5 -3.5
      vertex 35.3524 3.5 -1.18752
    endloop
  endfacet
  facet normal 0 1 0
    outer loop
      vertex 35.6662 3.5 -0.986741
      vertex 36.2 3.5 -3.5
      vertex 35.5447 3.5 -1.06446
    endloop
  endfacet
  facet normal 0 1 0
    outer loop
      vertex 35.9413 3.5 -0.746422
      vertex 36.2 3.5 -3.5
      vertex 35.6662 3.5 -0.986741
    endloop
  endfacet
  facet normal 0 1 0
    outer loop
      vertex 36.0351 3.5 -0.664473
      vertex 36.2 3.5 -3.5
      vertex 35.9413 3.5 -0.746422
    endloop
  endfacet
  facet normal 0 1 -0
    outer loop
      vertex 36.2 3.5 -3.5
      vertex 36.0351 3.5 -0.664473
      vertex 36.2 3.5 -0.485456
    endloop
  endfacet
  facet normal 0 1 0
    outer loop
      vertex 33.0806 3.5 -0.135041
      vertex 7.02564 3.5 0
      vertex 32.9744 3.5 0
    endloop
  endfacet
  facet normal 0 1 0
    outer loop
      vertex 33.0806 3.5 -0.135041
      vertex 6.91942 3.5 -0.135041
      vertex 7.02564 3.5 0
    endloop
  endfacet
  facet normal 0 1 0
    outer loop
      vertex 33.1 3.5 -0.159728
      vertex 6.91942 3.5 -0.135041
      vertex 33.0806 3.5 -0.135041
    endloop
  endfacet
  facet normal 0 1 0
    outer loop
      vertex 33.1 3.5 -0.159728
      vertex 6.9 3.5 -0.159728
      vertex 6.91942 3.5 -0.135041
    endloop
  endfacet
  facet normal 0 1 0
    outer loop
      vertex 33.1272 3.5 -0.189281
      vertex 6.9 3.5 -0.159728
      vertex 33.1 3.5 -0.159728
    endloop
  endfacet
  facet normal 0 1 0
    outer loop
      vertex 33.1272 3.5 -0.189281
      vertex 6.87278 3.5 -0.189281
      vertex 6.9 3.5 -0.159728
    endloop
  endfacet
  facet normal 0 1 0
    outer loop
      vertex 33.5649 3.5 -0.664473
      vertex 6.87278 3.5 -0.189281
      vertex 33.1272 3.5 -0.189281
    endloop
  endfacet
  facet normal 0 1 0
    outer loop
      vertex 33.5649 3.5 -0.664473
      vertex 6.43512 3.5 -0.664473
      vertex 6.87278 3.5 -0.189281
    endloop
  endfacet
  facet normal 0 1 0
    outer loop
      vertex 36.2 3.5 -3.5
      vertex 33.5649 3.5 -0.664473
      vertex 33.6587 3.5 -0.746422
    endloop
  endfacet
  facet normal 0 1 0
    outer loop
      vertex 33.5649 3.5 -0.664473
      vertex 36.2 3.5 -3.5
      vertex 6.43512 3.5 -0.664473
    endloop
  endfacet
  facet normal 0 1 0
    outer loop
      vertex 36.2 3.5 -3.5
      vertex 33.6587 3.5 -0.746422
      vertex 33.9338 3.5 -0.986741
    endloop
  endfacet
  facet normal 0 1 0
    outer loop
      vertex 3.8 3.5 -3.5
      vertex 6.43512 3.5 -0.664473
      vertex 36.2 3.5 -3.5
    endloop
  endfacet
  facet normal 0 1 0
    outer loop
      vertex 36.2 3.5 -3.5
      vertex 33.9338 3.5 -0.986741
      vertex 34.0553 3.5 -1.06446
    endloop
  endfacet
  facet normal 0 1 0
    outer loop
      vertex 6.43512 3.5 -0.664473
      vertex 3.8 3.5 -3.5
      vertex 6.34131 3.5 -0.746422
    endloop
  endfacet
  facet normal 0 1 0
    outer loop
      vertex 36.2 3.5 -3.5
      vertex 34.0553 3.5 -1.06446
      vertex 34.2476 3.5 -1.18752
    endloop
  endfacet
  facet normal 0 1 0
    outer loop
      vertex 6.34131 3.5 -0.746422
      vertex 3.8 3.5 -3.5
      vertex 6.06619 3.5 -0.986741
    endloop
  endfacet
  facet normal 0 1 0
    outer loop
      vertex 36.2 3.5 -3.5
      vertex 34.2476 3.5 -1.18752
      vertex 34.3801 3.5 -1.23923
    endloop
  endfacet
  facet normal 0 1 0
    outer loop
      vertex 6.06619 3.5 -0.986741
      vertex 3.8 3.5 -3.5
      vertex 5.94472 3.5 -1.06446
    endloop
  endfacet
  facet normal 0 1 0
    outer loop
      vertex 36.2 3.5 -3.5
      vertex 34.3801 3.5 -1.23923
      vertex 34.5307 3.5 -1.29801
    endloop
  endfacet
  facet normal 0 1 0
    outer loop
      vertex 5.94472 3.5 -1.06446
      vertex 3.8 3.5 -3.5
      vertex 5.75236 3.5 -1.18752
    endloop
  endfacet
  facet normal 0 1 0
    outer loop
      vertex 36.2 3.5 -3.5
      vertex 34.5307 3.5 -1.29801
      vertex 34.6662 3.5 -1.31578
    endloop
  endfacet
  facet normal 0 1 0
    outer loop
      vertex 5.75236 3.5 -1.18752
      vertex 3.8 3.5 -3.5
      vertex 5.61987 3.5 -1.23923
    endloop
  endfacet
  facet normal 0 1 0
    outer loop
      vertex 36.2 3.5 -3.5
      vertex 34.6662 3.5 -1.31578
      vertex 34.8 3.5 -1.33333
    endloop
  endfacet
  facet normal 0 1 0
    outer loop
      vertex 5.61987 3.5 -1.23923
      vertex 3.8 3.5 -3.5
      vertex 5.46925 3.5 -1.29801
    endloop
  endfacet
  facet normal 0 1 0
    outer loop
      vertex 3.8 3.5 -3.5
      vertex 4.05869 3.5 -0.746422
      vertex 4.33381 3.5 -0.986741
    endloop
  endfacet
  facet normal 0 1 0
    outer loop
      vertex 3.8 3.5 -3.5
      vertex 4.45528 3.5 -1.06446
      vertex 4.64764 3.5 -1.18752
    endloop
  endfacet
  facet normal 0 1 0
    outer loop
      vertex 3.96488 3.5 -0.664473
      vertex 3.8 3.5 -3.5
      vertex 3.8 3.5 -0.485455
    endloop
  endfacet
  facet normal 0 1 0
    outer loop
      vertex 4.05869 3.5 -0.746422
      vertex 3.8 3.5 -3.5
      vertex 3.96488 3.5 -0.664473
    endloop
  endfacet
  facet normal 0 1 0
    outer loop
      vertex 4.45528 3.5 -1.06446
      vertex 3.8 3.5 -3.5
      vertex 4.33381 3.5 -0.986741
    endloop
  endfacet
  facet normal 0 1 0
    outer loop
      vertex 4.78013 3.5 -1.23923
      vertex 3.8 3.5 -3.5
      vertex 4.64764 3.5 -1.18752
    endloop
  endfacet
  facet normal 0 1 0
    outer loop
      vertex 4.93075 3.5 -1.29801
      vertex 3.8 3.5 -3.5
      vertex 4.78013 3.5 -1.23923
    endloop
  endfacet
  facet normal 0 1 0
    outer loop
      vertex 5.06621 3.5 -1.31578
      vertex 3.8 3.5 -3.5
      vertex 4.93075 3.5 -1.29801
    endloop
  endfacet
  facet normal 0 1 0
    outer loop
      vertex 5.2 3.5 -1.33333
      vertex 3.8 3.5 -3.5
      vertex 5.06621 3.5 -1.31578
    endloop
  endfacet
  facet normal 0 1 0
    outer loop
      vertex 5.33379 3.5 -1.31578
      vertex 3.8 3.5 -3.5
      vertex 5.2 3.5 -1.33333
    endloop
  endfacet
  facet normal -0.972326 0.23363 0
    outer loop
      vertex 36.4853 3.70729 -3.5
      vertex 36.4963 3.75307 -0.439195
      vertex 36.4963 3.75307 -3.5
    endloop
  endfacet
  facet normal -0.972326 0.23363 0
    outer loop
      vertex 36.4963 3.75307 -0.439195
      vertex 36.4853 3.70729 -3.5
      vertex 36.4853 3.70729 -0.403467
    endloop
  endfacet
  facet normal -0.522911 -0.852387 0
    outer loop
      vertex 36.3763 76.4427 -3.5
      vertex 36.3362 76.4673 -0.379148
      vertex 36.3362 76.4673 -3.5
    endloop
  endfacet
  facet normal -0.522911 -0.852387 0
    outer loop
      vertex 36.3362 76.4673 -0.379148
      vertex 36.3763 76.4427 -3.5
      vertex 36.3763 76.4427 -0.366836
    endloop
  endfacet
  facet normal 0.522378 0.852714 0
    outer loop
      vertex 3.62366 3.55729 -3.5
      vertex 3.6638 3.5327 -0.379145
      vertex 3.6638 3.5327 -3.5
    endloop
  endfacet
  facet normal 0.522378 0.852714 0
    outer loop
      vertex 3.6638 3.5327 -0.379145
      vertex 3.62366 3.55729 -3.5
      vertex 3.62366 3.55729 -0.366834
    endloop
  endfacet
  facet normal 0.972397 -0.233333 0
    outer loop
      vertex 3.50369 76.2469 -0.439196
      vertex 3.51468 76.2927 -3.5
      vertex 3.51468 76.2927 -0.403466
    endloop
  endfacet
  facet normal 0.972397 -0.233333 0
    outer loop
      vertex 3.51468 76.2927 -3.5
      vertex 3.50369 76.2469 -0.439196
      vertex 3.50369 76.2469 -3.5
    endloop
  endfacet
  facet normal -0.382352 -0.924017 0
    outer loop
      vertex 36.3362 76.4673 -3.5
      vertex 36.2927 76.4853 -0.403468
      vertex 36.2927 76.4853 -3.5
    endloop
  endfacet
  facet normal -0.382352 -0.924017 0
    outer loop
      vertex 36.2927 76.4853 -0.403468
      vertex 36.3362 76.4673 -3.5
      vertex 36.3362 76.4673 -0.379148
    endloop
  endfacet
  facet normal 0.38279 0.923836 0
    outer loop
      vertex 3.6638 3.5327 -3.5
      vertex 3.70729 3.51468 -0.403465
      vertex 3.70729 3.51468 -3.5
    endloop
  endfacet
  facet normal 0.38279 0.923836 0
    outer loop
      vertex 3.70729 3.51468 -0.403465
      vertex 3.6638 3.5327 -3.5
      vertex 3.6638 3.5327 -0.379145
    endloop
  endfacet
  facet normal 1 -0 0
    outer loop
      vertex 3.5 76.0351 -0.664473
      vertex 3.5 76.2 -3.5
      vertex 3.5 76.2 -0.485456
    endloop
  endfacet
  facet normal 1 -0 0
    outer loop
      vertex 3.5 75.9413 -0.746422
      vertex 3.5 76.2 -3.5
      vertex 3.5 76.0351 -0.664473
    endloop
  endfacet
  facet normal 1 -0 0
    outer loop
      vertex 3.5 75.6662 -0.986741
      vertex 3.5 76.2 -3.5
      vertex 3.5 75.9413 -0.746422
    endloop
  endfacet
  facet normal 1 -0 0
    outer loop
      vertex 3.5 75.5447 -1.06446
      vertex 3.5 76.2 -3.5
      vertex 3.5 75.6662 -0.986741
    endloop
  endfacet
  facet normal 1 -0 0
    outer loop
      vertex 3.5 75.3524 -1.18752
      vertex 3.5 76.2 -3.5
      vertex 3.5 75.5447 -1.06446
    endloop
  endfacet
  facet normal 1 -0 0
    outer loop
      vertex 3.5 75.2199 -1.23923
      vertex 3.5 76.2 -3.5
      vertex 3.5 75.3524 -1.18752
    endloop
  endfacet
  facet normal 1 -0 0
    outer loop
      vertex 3.5 75.0693 -1.29801
      vertex 3.5 76.2 -3.5
      vertex 3.5 75.2199 -1.23923
    endloop
  endfacet
  facet normal 1 -0 0
    outer loop
      vertex 3.5 74.9338 -1.31578
      vertex 3.5 76.2 -3.5
      vertex 3.5 75.0693 -1.29801
    endloop
  endfacet
  facet normal 1 -0 0
    outer loop
      vertex 3.5 74.8 -1.33333
      vertex 3.5 76.2 -3.5
      vertex 3.5 74.9338 -1.31578
    endloop
  endfacet
  facet normal 1 0 0
    outer loop
      vertex 3.5 74.6662 -1.31578
      vertex 3.5 76.2 -3.5
      vertex 3.5 74.8 -1.33333
    endloop
  endfacet
  facet normal 1 0 0
    outer loop
      vertex 3.5 74.5307 -1.29801
      vertex 3.5 76.2 -3.5
      vertex 3.5 74.6662 -1.31578
    endloop
  endfacet
  facet normal 1 0 0
    outer loop
      vertex 3.5 74.3801 -1.23923
      vertex 3.5 76.2 -3.5
      vertex 3.5 74.5307 -1.29801
    endloop
  endfacet
  facet normal 1 0 0
    outer loop
      vertex 3.5 74.2476 -1.18752
      vertex 3.5 76.2 -3.5
      vertex 3.5 74.3801 -1.23923
    endloop
  endfacet
  facet normal 1 0 0
    outer loop
      vertex 3.5 74.0553 -1.06446
      vertex 3.5 76.2 -3.5
      vertex 3.5 74.2476 -1.18752
    endloop
  endfacet
  facet normal 1 0 0
    outer loop
      vertex 3.5 73.9338 -0.986741
      vertex 3.5 76.2 -3.5
      vertex 3.5 74.0553 -1.06446
    endloop
  endfacet
  facet normal 1 0 0
    outer loop
      vertex 3.5 73.6587 -0.746422
      vertex 3.5 76.2 -3.5
      vertex 3.5 73.9338 -0.986741
    endloop
  endfacet
  facet normal 1 0 0
    outer loop
      vertex 3.5 73.5649 -0.664473
      vertex 3.5 76.2 -3.5
      vertex 3.5 73.6587 -0.746422
    endloop
  endfacet
  facet normal -1 0 0
    outer loop
      vertex 3.5 73.1 -0.159728
      vertex 3.5 73.5649 -0.664473
      vertex 3.5 73.1272 -0.189281
    endloop
  endfacet
  facet normal 1 0 0
    outer loop
      vertex 3.5 72.9744 0
      vertex 3.5 73.1 -0.159728
      vertex 3.5 73.0806 -0.135041
    endloop
  endfacet
  facet normal 1 -0 0
    outer loop
      vertex 3.5 7.02564 0
      vertex 3.5 73.1 -0.159728
      vertex 3.5 72.9744 0
    endloop
  endfacet
  facet normal 1 -0 0
    outer loop
      vertex 3.5 6.91942 -0.135041
      vertex 3.5 73.1 -0.159728
      vertex 3.5 7.02564 0
    endloop
  endfacet
  facet normal 1 0 0
    outer loop
      vertex 3.5 6.9 -0.159728
      vertex 3.5 73.1 -0.159728
      vertex 3.5 6.91942 -0.135041
    endloop
  endfacet
  facet normal 1 0 0
    outer loop
      vertex 3.5 73.1 -0.159728
      vertex 3.5 6.9 -0.159728
      vertex 3.5 73.5649 -0.664473
    endloop
  endfacet
  facet normal 1 -0 0
    outer loop
      vertex 3.5 6.87278 -0.189281
      vertex 3.5 73.5649 -0.664473
      vertex 3.5 6.9 -0.159728
    endloop
  endfacet
  facet normal 1 0 0
    outer loop
      vertex 3.5 6.43512 -0.664473
      vertex 3.5 73.5649 -0.664473
      vertex 3.5 6.87278 -0.189281
    endloop
  endfacet
  facet normal 1 0 0
    outer loop
      vertex 3.5 73.5649 -0.664473
      vertex 3.5 6.43512 -0.664473
      vertex 3.5 76.2 -3.5
    endloop
  endfacet
  facet normal 1 0 0
    outer loop
      vertex 3.5 3.8 -3.5
      vertex 3.5 6.43512 -0.664473
      vertex 3.5 6.34131 -0.746422
    endloop
  endfacet
  facet normal 1 0 0
    outer loop
      vertex 3.5 3.8 -3.5
      vertex 3.5 6.34131 -0.746422
      vertex 3.5 6.06619 -0.986741
    endloop
  endfacet
  facet normal 1 0 0
    outer loop
      vertex 3.5 3.8 -3.5
      vertex 3.5 6.06619 -0.986741
      vertex 3.5 5.94472 -1.06446
    endloop
  endfacet
  facet normal 1 0 0
    outer loop
      vertex 3.5 3.8 -3.5
      vertex 3.5 5.94472 -1.06446
      vertex 3.5 5.75236 -1.18752
    endloop
  endfacet
  facet normal 1 0 0
    outer loop
      vertex 3.5 3.8 -3.5
      vertex 3.5 5.75236 -1.18752
      vertex 3.5 5.61987 -1.23923
    endloop
  endfacet
  facet normal 1 0 0
    outer loop
      vertex 3.5 3.8 -3.5
      vertex 3.5 5.61987 -1.23923
      vertex 3.5 5.46925 -1.29801
    endloop
  endfacet
  facet normal 1 0 0
    outer loop
      vertex 3.5 3.8 -3.5
      vertex 3.5 5.46925 -1.29801
      vertex 3.5 5.33379 -1.31578
    endloop
  endfacet
  facet normal 1 0 0
    outer loop
      vertex 3.5 3.8 -3.5
      vertex 3.5 5.33379 -1.31578
      vertex 3.5 5.2 -1.33333
    endloop
  endfacet
  facet normal 1 0 0
    outer loop
      vertex 3.5 3.8 -3.5
      vertex 3.5 4.45528 -1.06446
      vertex 3.5 4.33381 -0.986741
    endloop
  endfacet
  facet normal 1 0 0
    outer loop
      vertex 3.5 3.8 -3.5
      vertex 3.5 4.05869 -0.746422
      vertex 3.5 3.96488 -0.664473
    endloop
  endfacet
  facet normal 1 0 0
    outer loop
      vertex 3.5 6.43512 -0.664473
      vertex 3.5 3.8 -3.5
      vertex 3.5 76.2 -3.5
    endloop
  endfacet
  facet normal 1 0 0
    outer loop
      vertex 3.5 5.06621 -1.31578
      vertex 3.5 3.8 -3.5
      vertex 3.5 5.2 -1.33333
    endloop
  endfacet
  facet normal 1 0 0
    outer loop
      vertex 3.5 4.93075 -1.29801
      vertex 3.5 3.8 -3.5
      vertex 3.5 5.06621 -1.31578
    endloop
  endfacet
  facet normal 1 0 0
    outer loop
      vertex 3.5 4.78013 -1.23923
      vertex 3.5 3.8 -3.5
      vertex 3.5 4.93075 -1.29801
    endloop
  endfacet
  facet normal 1 0 0
    outer loop
      vertex 3.5 4.64764 -1.18752
      vertex 3.5 3.8 -3.5
      vertex 3.5 4.78013 -1.23923
    endloop
  endfacet
  facet normal 1 0 0
    outer loop
      vertex 3.5 4.45528 -1.06446
      vertex 3.5 3.8 -3.5
      vertex 3.5 4.64764 -1.18752
    endloop
  endfacet
  facet normal 1 0 0
    outer loop
      vertex 3.5 4.05869 -0.746422
      vertex 3.5 3.8 -3.5
      vertex 3.5 4.33381 -0.986741
    endloop
  endfacet
  facet normal 1 0 0
    outer loop
      vertex 3.5 3.8 -3.5
      vertex 3.5 3.96488 -0.664473
      vertex 3.5 3.8 -0.485455
    endloop
  endfacet
  facet normal -0.233534 -0.972349 0
    outer loop
      vertex 36.2927 76.4853 -3.5
      vertex 36.2469 76.4963 -0.439197
      vertex 36.2469 76.4963 -3.5
    endloop
  endfacet
  facet normal -0.233534 -0.972349 0
    outer loop
      vertex 36.2469 76.4963 -0.439197
      vertex 36.2927 76.4853 -3.5
      vertex 36.2927 76.4853 -0.403468
    endloop
  endfacet
  facet normal 0.852482 -0.522756 0
    outer loop
      vertex 3.5327 76.3362 -0.379146
      vertex 3.55729 76.3763 -3.5
      vertex 3.55729 76.3763 -0.366835
    endloop
  endfacet
  facet normal 0.852482 -0.522756 0
    outer loop
      vertex 3.55729 76.3763 -3.5
      vertex 3.5327 76.3362 -0.379146
      vertex 3.5327 76.3362 -3.5
    endloop
  endfacet
  facet normal 0.996919 -0.0784356 0
    outer loop
      vertex 3.5 76.2 -0.485456
      vertex 3.50369 76.2469 -3.5
      vertex 3.50369 76.2469 -0.439196
    endloop
  endfacet
  facet normal 0.996919 -0.0784356 0
    outer loop
      vertex 3.50369 76.2469 -3.5
      vertex 3.5 76.2 -0.485456
      vertex 3.5 76.2 -3.5
    endloop
  endfacet
  facet normal -0.0786469 -0.996903 0
    outer loop
      vertex 36.2469 76.4963 -3.5
      vertex 36.2 76.5 -0.485456
      vertex 36.2 76.5 -3.5
    endloop
  endfacet
  facet normal -0.0786469 -0.996903 0
    outer loop
      vertex 36.2 76.5 -0.485456
      vertex 36.2469 76.4963 -3.5
      vertex 36.2469 76.4963 -0.439197
    endloop
  endfacet
  facet normal 0.759841 0.650109 0
    outer loop
      vertex 3.56357 3.61632 -0.366834
      vertex 3.55729 3.62366 -3.5
      vertex 3.55729 3.62366 -0.366834
    endloop
  endfacet
  facet normal 0.760387 0.64947 -2.59324e-06
    outer loop
      vertex 3.58787 3.58787 -0.366834
      vertex 3.55729 3.62366 -3.5
      vertex 3.56357 3.61632 -0.366834
    endloop
  endfacet
  facet normal 0.760275 0.649601 0
    outer loop
      vertex 3.55729 3.62366 -3.5
      vertex 3.58787 3.58787 -0.366834
      vertex 3.58787 3.58787 -3.5
    endloop
  endfacet
  facet normal -0.759823 -0.65013 0
    outer loop
      vertex 36.4121 76.4121 -3.5
      vertex 36.4364 76.3837 -0.366836
      vertex 36.4121 76.4121 -0.366837
    endloop
  endfacet
  facet normal -0.760155 -0.649742 6.09928e-06
    outer loop
      vertex 36.4427 76.3763 -3.5
      vertex 36.4364 76.3837 -0.366836
      vertex 36.4121 76.4121 -3.5
    endloop
  endfacet
  facet normal -0.761431 -0.648246 0
    outer loop
      vertex 36.4364 76.3837 -0.366836
      vertex 36.4427 76.3763 -3.5
      vertex 36.4427 76.3763 -0.366836
    endloop
  endfacet
  facet normal 0.0785969 -0.996906 0
    outer loop
      vertex 3.75307 76.4963 -3.5
      vertex 3.8 76.5 -0.485456
      vertex 3.75307 76.4963 -0.439195
    endloop
  endfacet
  facet normal 0.0785969 -0.996906 0
    outer loop
      vertex 3.8 76.5 -0.485456
      vertex 3.75307 76.4963 -3.5
      vertex 3.8 76.5 -3.5
    endloop
  endfacet
  facet normal -0.522756 0.852482 0
    outer loop
      vertex 36.3763 3.55729 -3.5
      vertex 36.3362 3.5327 -0.379146
      vertex 36.3763 3.55729 -0.366835
    endloop
  endfacet
  facet normal -0.522756 0.852482 0
    outer loop
      vertex 36.3362 3.5327 -0.379146
      vertex 36.3763 3.55729 -3.5
      vertex 36.3362 3.5327 -3.5
    endloop
  endfacet
  facet normal -0.233333 0.972397 0
    outer loop
      vertex 36.2927 3.51468 -3.5
      vertex 36.2469 3.50369 -0.439196
      vertex 36.2927 3.51468 -0.403466
    endloop
  endfacet
  facet normal -0.233333 0.972397 0
    outer loop
      vertex 36.2469 3.50369 -0.439196
      vertex 36.2927 3.51468 -3.5
      vertex 36.2469 3.50369 -3.5
    endloop
  endfacet
  facet normal 0.23363 -0.972326 0
    outer loop
      vertex 3.70729 76.4853 -3.5
      vertex 3.75307 76.4963 -0.439195
      vertex 3.70729 76.4853 -0.403467
    endloop
  endfacet
  facet normal 0.23363 -0.972326 0
    outer loop
      vertex 3.75307 76.4963 -0.439195
      vertex 3.70729 76.4853 -3.5
      vertex 3.75307 76.4963 -3.5
    endloop
  endfacet
  facet normal 0.64947 -0.760387 0
    outer loop
      vertex 3.58787 76.4121 -3.5
      vertex 3.61632 76.4364 -0.366834
      vertex 3.58787 76.4121 -0.366835
    endloop
  endfacet
  facet normal 0.651302 -0.758819 -2.88053e-05
    outer loop
      vertex 3.58787 76.4121 -3.5
      vertex 3.62366 76.4427 -0.366834
      vertex 3.61632 76.4364 -0.366834
    endloop
  endfacet
  facet normal 0.649846 -0.760066 0
    outer loop
      vertex 3.62366 76.4427 -0.366834
      vertex 3.58787 76.4121 -3.5
      vertex 3.62366 76.4427 -3.5
    endloop
  endfacet
  facet normal 0.923867 -0.382714 0
    outer loop
      vertex 3.51468 76.2927 -0.403466
      vertex 3.5327 76.3362 -3.5
      vertex 3.5327 76.3362 -0.379146
    endloop
  endfacet
  facet normal 0.923867 -0.382714 0
    outer loop
      vertex 3.5327 76.3362 -3.5
      vertex 3.51468 76.2927 -0.403466
      vertex 3.51468 76.2927 -3.5
    endloop
  endfacet
  facet normal 0.759823 -0.65013 0
    outer loop
      vertex 3.56357 76.3837 -0.366835
      vertex 3.58787 76.4121 -3.5
      vertex 3.58787 76.4121 -0.366835
    endloop
  endfacet
  facet normal 0.762448 -0.64705 4.82749e-05
    outer loop
      vertex 3.55729 76.3763 -0.366835
      vertex 3.58787 76.4121 -3.5
      vertex 3.56357 76.3837 -0.366835
    endloop
  endfacet
  facet normal 0.760365 -0.649496 0
    outer loop
      vertex 3.58787 76.4121 -3.5
      vertex 3.55729 76.3763 -0.366835
      vertex 3.55729 76.3763 -3.5
    endloop
  endfacet
  facet normal 0.996923 0.0783858 -0
    outer loop
      vertex 3.50369 3.75307 -3.5
      vertex 3.5 3.8 -0.485455
      vertex 3.50369 3.75307 -0.439195
    endloop
  endfacet
  facet normal 0.996923 0.0783858 0
    outer loop
      vertex 3.5 3.8 -0.485455
      vertex 3.50369 3.75307 -3.5
      vertex 3.5 3.8 -3.5
    endloop
  endfacet
  facet normal -0.852387 -0.522911 -0
    outer loop
      vertex 36.4673 76.3362 -0.379148
      vertex 36.4427 76.3763 -3.5
      vertex 36.4673 76.3362 -3.5
    endloop
  endfacet
  facet normal -0.852387 -0.522911 0
    outer loop
      vertex 36.4427 76.3763 -3.5
      vertex 36.4673 76.3362 -0.379148
      vertex 36.4427 76.3763 -0.366836
    endloop
  endfacet
  facet normal 0.923836 0.38279 -0
    outer loop
      vertex 3.5327 3.6638 -3.5
      vertex 3.51468 3.70729 -0.403465
      vertex 3.5327 3.6638 -0.379145
    endloop
  endfacet
  facet normal 0.923836 0.38279 0
    outer loop
      vertex 3.51468 3.70729 -0.403465
      vertex 3.5327 3.6638 -3.5
      vertex 3.51468 3.70729 -3.5
    endloop
  endfacet
  facet normal 0.382427 -0.923986 0
    outer loop
      vertex 3.6638 76.4673 -3.5
      vertex 3.70729 76.4853 -0.403467
      vertex 3.6638 76.4673 -0.379146
    endloop
  endfacet
  facet normal 0.382427 -0.923986 0
    outer loop
      vertex 3.70729 76.4853 -0.403467
      vertex 3.6638 76.4673 -3.5
      vertex 3.70729 76.4853 -3.5
    endloop
  endfacet
  facet normal -0.382714 0.923867 0
    outer loop
      vertex 36.3362 3.5327 -3.5
      vertex 36.2927 3.51468 -0.403466
      vertex 36.3362 3.5327 -0.379146
    endloop
  endfacet
  facet normal -0.382714 0.923867 0
    outer loop
      vertex 36.2927 3.51468 -0.403466
      vertex 36.3362 3.5327 -3.5
      vertex 36.2927 3.51468 -3.5
    endloop
  endfacet
  facet normal 0.233429 0.972374 0
    outer loop
      vertex 3.70729 3.51468 -3.5
      vertex 3.75307 3.50369 -0.439195
      vertex 3.75307 3.50369 -3.5
    endloop
  endfacet
  facet normal 0.233429 0.972374 0
    outer loop
      vertex 3.75307 3.50369 -0.439195
      vertex 3.70729 3.51468 -3.5
      vertex 3.70729 3.51468 -0.403465
    endloop
  endfacet
  facet normal -0.996903 -0.0786469 -0
    outer loop
      vertex 36.5 76.2 -0.485456
      vertex 36.4963 76.2469 -3.5
      vertex 36.5 76.2 -3.5
    endloop
  endfacet
  facet normal -0.996903 -0.0786469 0
    outer loop
      vertex 36.4963 76.2469 -3.5
      vertex 36.5 76.2 -0.485456
      vertex 36.4963 76.2469 -0.439197
    endloop
  endfacet
  facet normal 0.972374 0.233429 -0
    outer loop
      vertex 3.51468 3.70729 -3.5
      vertex 3.50369 3.75307 -0.439195
      vertex 3.51468 3.70729 -0.403465
    endloop
  endfacet
  facet normal 0.972374 0.233429 0
    outer loop
      vertex 3.50369 3.75307 -0.439195
      vertex 3.51468 3.70729 -3.5
      vertex 3.50369 3.75307 -3.5
    endloop
  endfacet
  facet normal -0.648246 -0.761431 0
    outer loop
      vertex 36.3763 76.4427 -3.5
      vertex 36.3837 76.4364 -0.366836
      vertex 36.3763 76.4427 -0.366836
    endloop
  endfacet
  facet normal -0.65013 -0.759823 7.68517e-06
    outer loop
      vertex 36.3763 76.4427 -3.5
      vertex 36.4121 76.4121 -0.366837
      vertex 36.3837 76.4364 -0.366836
    endloop
  endfacet
  facet normal -0.649742 -0.760155 -0
    outer loop
      vertex 36.4121 76.4121 -0.366837
      vertex 36.3763 76.4427 -3.5
      vertex 36.4121 76.4121 -3.5
    endloop
  endfacet
  facet normal -0.924017 -0.382352 -0
    outer loop
      vertex 36.4853 76.2927 -0.403468
      vertex 36.4673 76.3362 -3.5
      vertex 36.4853 76.2927 -3.5
    endloop
  endfacet
  facet normal -0.924017 -0.382352 0
    outer loop
      vertex 36.4673 76.3362 -3.5
      vertex 36.4853 76.2927 -0.403468
      vertex 36.4673 76.3362 -0.379148
    endloop
  endfacet
  facet normal -0.972349 -0.233534 -0
    outer loop
      vertex 36.4963 76.2469 -0.439197
      vertex 36.4853 76.2927 -3.5
      vertex 36.4963 76.2469 -3.5
    endloop
  endfacet
  facet normal -0.972349 -0.233534 0
    outer loop
      vertex 36.4853 76.2927 -3.5
      vertex 36.4963 76.2469 -0.439197
      vertex 36.4853 76.2927 -0.403468
    endloop
  endfacet
  facet normal -0.85262 0.522532 0
    outer loop
      vertex 36.4427 3.62366 -3.5
      vertex 36.4673 3.6638 -0.379146
      vertex 36.4673 3.6638 -3.5
    endloop
  endfacet
  facet normal -0.85262 0.522532 0
    outer loop
      vertex 36.4673 3.6638 -0.379146
      vertex 36.4427 3.62366 -3.5
      vertex 36.4427 3.62366 -0.366834
    endloop
  endfacet
  facet normal -0.758819 0.651302 0
    outer loop
      vertex 36.4427 3.62366 -3.5
      vertex 36.4364 3.61632 -0.366834
      vertex 36.4427 3.62366 -0.366834
    endloop
  endfacet
  facet normal -0.760387 0.64947 -7.44704e-06
    outer loop
      vertex 36.4427 3.62366 -3.5
      vertex 36.4121 3.58787 -0.366835
      vertex 36.4364 3.61632 -0.366834
    endloop
  endfacet
  facet normal -0.760066 0.649846 0
    outer loop
      vertex 36.4121 3.58787 -3.5
      vertex 36.4121 3.58787 -0.366835
      vertex 36.4427 3.62366 -3.5
    endloop
  endfacet
  facet normal -0.996906 0.0785969 0
    outer loop
      vertex 36.4963 3.75307 -3.5
      vertex 36.5 3.8 -0.485456
      vertex 36.5 3.8 -3.5
    endloop
  endfacet
  facet normal -0.996906 0.0785969 0
    outer loop
      vertex 36.5 3.8 -0.485456
      vertex 36.4963 3.75307 -3.5
      vertex 36.4963 3.75307 -0.439195
    endloop
  endfacet
  facet normal 0.522532 -0.85262 0
    outer loop
      vertex 3.62366 76.4427 -3.5
      vertex 3.6638 76.4673 -0.379146
      vertex 3.62366 76.4427 -0.366834
    endloop
  endfacet
  facet normal 0.522532 -0.85262 0
    outer loop
      vertex 3.6638 76.4673 -0.379146
      vertex 3.62366 76.4427 -3.5
      vertex 3.6638 76.4673 -3.5
    endloop
  endfacet
  facet normal -0.923986 0.382427 0
    outer loop
      vertex 36.4673 3.6638 -3.5
      vertex 36.4853 3.70729 -0.403467
      vertex 36.4853 3.70729 -3.5
    endloop
  endfacet
  facet normal -0.923986 0.382427 0
    outer loop
      vertex 36.4853 3.70729 -0.403467
      vertex 36.4673 3.6638 -3.5
      vertex 36.4673 3.6638 -0.379146
    endloop
  endfacet
  facet normal 0.650109 0.759841 -0
    outer loop
      vertex 3.62366 3.55729 -3.5
      vertex 3.61632 3.56357 -0.366834
      vertex 3.62366 3.55729 -0.366834
    endloop
  endfacet
  facet normal 0.64947 0.760387 -2.59324e-06
    outer loop
      vertex 3.62366 3.55729 -3.5
      vertex 3.58787 3.58787 -0.366834
      vertex 3.61632 3.56357 -0.366834
    endloop
  endfacet
  facet normal 0.649601 0.760275 0
    outer loop
      vertex 3.58787 3.58787 -0.366834
      vertex 3.62366 3.55729 -3.5
      vertex 3.58787 3.58787 -3.5
    endloop
  endfacet
  facet normal 0.649385 -0.760459 0
    outer loop
      vertex 38.5572 0.66844 0
      vertex 38.9749 1.02513 2
      vertex 38.5572 0.66844 2
    endloop
  endfacet
  facet normal 0.649385 -0.760459 0
    outer loop
      vertex 38.9749 1.02513 2
      vertex 38.5572 0.66844 0
      vertex 38.9749 1.02513 0
    endloop
  endfacet
  facet normal -0.852639 -0.522501 0
    outer loop
      vertex 0.66844 1.44275 0
      vertex 0.381476 1.91103 2
      vertex 0.381476 1.91103 0
    endloop
  endfacet
  facet normal -0.852639 -0.522501 0
    outer loop
      vertex 0.381476 1.91103 2
      vertex 0.66844 1.44275 0
      vertex 0.66844 1.44275 2
    endloop
  endfacet
  facet normal -1 0 0
    outer loop
      vertex 0 3.5 0
      vertex 0 76.5 2
      vertex 0 76.5 0
    endloop
  endfacet
  facet normal -1 -0 0
    outer loop
      vertex 0 76.5 2
      vertex 0 3.5 0
      vertex 0 3.5 2
    endloop
  endfacet
  facet normal -0.923878 0.382687 0
    outer loop
      vertex 0.171302 77.5816 0
      vertex 0.381476 78.089 2
      vertex 0.381476 78.089 0
    endloop
  endfacet
  facet normal -0.923878 0.382687 0
    outer loop
      vertex 0.381476 78.089 2
      vertex 0.171302 77.5816 0
      vertex 0.171302 77.5816 2
    endloop
  endfacet
  facet normal 0 1 -0
    outer loop
      vertex 36.5 80 0
      vertex 3.5 80 2
      vertex 36.5 80 2
    endloop
  endfacet
  facet normal 0 1 0
    outer loop
      vertex 3.5 80 2
      vertex 36.5 80 0
      vertex 3.5 80 0
    endloop
  endfacet
  facet normal 0.923864 -0.382721 0
    outer loop
      vertex 39.6185 1.91103 2
      vertex 39.8287 2.41844 0
      vertex 39.8287 2.41844 2
    endloop
  endfacet
  facet normal 0.923864 -0.382721 0
    outer loop
      vertex 39.8287 2.41844 0
      vertex 39.6185 1.91103 2
      vertex 39.6185 1.91103 0
    endloop
  endfacet
  facet normal -0.760383 0.649475 0
    outer loop
      vertex 0.66844 78.5573 0
      vertex 1.02513 78.9749 2
      vertex 1.02513 78.9749 0
    endloop
  endfacet
  facet normal -0.760383 0.649475 0
    outer loop
      vertex 1.02513 78.9749 2
      vertex 0.66844 78.5573 0
      vertex 0.66844 78.5573 2
    endloop
  endfacet
  facet normal 0.2334 0.972381 -0
    outer loop
      vertex 37.5816 79.8287 0
      vertex 37.0475 79.9569 2
      vertex 37.5816 79.8287 2
    endloop
  endfacet
  facet normal 0.2334 0.972381 0
    outer loop
      vertex 37.0475 79.9569 2
      vertex 37.5816 79.8287 0
      vertex 37.0475 79.9569 0
    endloop
  endfacet
  facet normal 0.760389 -0.649468 0
    outer loop
      vertex 38.9749 1.02513 2
      vertex 39.3316 1.44275 0
      vertex 39.3316 1.44275 2
    endloop
  endfacet
  facet normal 0.760389 -0.649468 0
    outer loop
      vertex 39.3316 1.44275 0
      vertex 38.9749 1.02513 2
      vertex 38.9749 1.02513 0
    endloop
  endfacet
  facet normal 0 -1 0
    outer loop
      vertex 3.5 0 0
      vertex 36.5 0 2
      vertex 3.5 0 2
    endloop
  endfacet
  facet normal 0 -1 -0
    outer loop
      vertex 36.5 0 2
      vertex 3.5 0 0
      vertex 36.5 0 0
    endloop
  endfacet
  facet normal 0.972375 -0.233425 0
    outer loop
      vertex 39.8287 2.41844 2
      vertex 39.9569 2.95248 0
      vertex 39.9569 2.95248 2
    endloop
  endfacet
  facet normal 0.972375 -0.233425 0
    outer loop
      vertex 39.9569 2.95248 0
      vertex 39.8287 2.41844 2
      vertex 39.8287 2.41844 0
    endloop
  endfacet
  facet normal 1 -0 0
    outer loop
      vertex 40 3.5 2
      vertex 40 76.5 0
      vertex 40 76.5 2
    endloop
  endfacet
  facet normal 1 0 0
    outer loop
      vertex 40 76.5 0
      vertex 40 3.5 2
      vertex 40 3.5 0
    endloop
  endfacet
  facet normal -0.97237 -0.233446 0
    outer loop
      vertex 0.171302 2.41844 0
      vertex 0.0430899 2.95248 2
      vertex 0.0430899 2.95248 0
    endloop
  endfacet
  facet normal -0.97237 -0.233446 0
    outer loop
      vertex 0.0430899 2.95248 2
      vertex 0.171302 2.41844 0
      vertex 0.171302 2.41844 2
    endloop
  endfacet
  facet normal -0.649457 -0.760398 0
    outer loop
      vertex 1.02513 1.02513 0
      vertex 1.44275 0.66844 2
      vertex 1.02513 1.02513 2
    endloop
  endfacet
  facet normal -0.649457 -0.760398 -0
    outer loop
      vertex 1.44275 0.66844 2
      vertex 1.02513 1.02513 0
      vertex 1.44275 0.66844 0
    endloop
  endfacet
  facet normal 0.996916 0.0784787 0
    outer loop
      vertex 40 76.5 2
      vertex 39.9569 77.0475 0
      vertex 39.9569 77.0475 2
    endloop
  endfacet
  facet normal 0.996916 0.0784787 0
    outer loop
      vertex 39.9569 77.0475 0
      vertex 40 76.5 2
      vertex 40 76.5 0
    endloop
  endfacet
  facet normal -0.972376 0.233421 0
    outer loop
      vertex 0.0430899 77.0475 0
      vertex 0.171302 77.5816 2
      vertex 0.171302 77.5816 0
    endloop
  endfacet
  facet normal -0.972376 0.233421 0
    outer loop
      vertex 0.171302 77.5816 2
      vertex 0.0430899 77.0475 0
      vertex 0.0430899 77.0475 2
    endloop
  endfacet
  facet normal 0.760374 0.649486 0
    outer loop
      vertex 39.3316 78.5573 2
      vertex 38.9749 78.9749 0
      vertex 38.9749 78.9749 2
    endloop
  endfacet
  facet normal 0.760374 0.649486 0
    outer loop
      vertex 38.9749 78.9749 0
      vertex 39.3316 78.5573 2
      vertex 39.3316 78.5573 0
    endloop
  endfacet
  facet normal 0.996916 -0.0784758 0
    outer loop
      vertex 39.9569 2.95248 2
      vertex 40 3.5 0
      vertex 40 3.5 2
    endloop
  endfacet
  facet normal 0.996916 -0.0784758 0
    outer loop
      vertex 40 3.5 0
      vertex 39.9569 2.95248 2
      vertex 39.9569 2.95248 0
    endloop
  endfacet
  facet normal -0.0784575 -0.996917 0
    outer loop
      vertex 2.95248 0.0430899 0
      vertex 3.5 0 2
      vertex 2.95248 0.0430899 2
    endloop
  endfacet
  facet normal -0.0784575 -0.996917 -0
    outer loop
      vertex 3.5 0 2
      vertex 2.95248 0.0430899 0
      vertex 3.5 0 0
    endloop
  endfacet
  facet normal -0.996917 0.0784604 0
    outer loop
      vertex 0 76.5 0
      vertex 0.0430899 77.0475 2
      vertex 0.0430899 77.0475 0
    endloop
  endfacet
  facet normal -0.996917 0.0784604 0
    outer loop
      vertex 0.0430899 77.0475 2
      vertex 0 76.5 0
      vertex 0 76.5 2
    endloop
  endfacet
  facet normal 0.852701 0.5224 0
    outer loop
      vertex 39.6185 78.089 2
      vertex 39.3316 78.5573 0
      vertex 39.3316 78.5573 2
    endloop
  endfacet
  facet normal 0.852701 0.5224 0
    outer loop
      vertex 39.3316 78.5573 0
      vertex 39.6185 78.089 2
      vertex 39.6185 78.089 0
    endloop
  endfacet
  facet normal -0.382721 0.923864 0
    outer loop
      vertex 2.41844 79.8287 0
      vertex 1.91103 79.6185 2
      vertex 2.41844 79.8287 2
    endloop
  endfacet
  facet normal -0.382721 0.923864 0
    outer loop
      vertex 1.91103 79.6185 2
      vertex 2.41844 79.8287 0
      vertex 1.91103 79.6185 0
    endloop
  endfacet
  facet normal -0.649468 0.760389 0
    outer loop
      vertex 1.44275 79.3316 0
      vertex 1.02513 78.9749 2
      vertex 1.44275 79.3316 2
    endloop
  endfacet
  facet normal -0.649468 0.760389 0
    outer loop
      vertex 1.02513 78.9749 2
      vertex 1.44275 79.3316 0
      vertex 1.02513 78.9749 0
    endloop
  endfacet
  facet normal 0.923861 0.382727 0
    outer loop
      vertex 39.8287 77.5816 2
      vertex 39.6185 78.089 0
      vertex 39.6185 78.089 2
    endloop
  endfacet
  facet normal 0.923861 0.382727 0
    outer loop
      vertex 39.6185 78.089 0
      vertex 39.8287 77.5816 2
      vertex 39.8287 77.5816 0
    endloop
  endfacet
  facet normal 0.382687 -0.923878 0
    outer loop
      vertex 37.5816 0.171302 0
      vertex 38.089 0.381476 2
      vertex 37.5816 0.171302 2
    endloop
  endfacet
  facet normal 0.382687 -0.923878 0
    outer loop
      vertex 38.089 0.381476 2
      vertex 37.5816 0.171302 0
      vertex 38.089 0.381476 0
    endloop
  endfacet
  facet normal 0.382727 0.923861 -0
    outer loop
      vertex 38.089 79.6185 0
      vertex 37.5816 79.8287 2
      vertex 38.089 79.6185 2
    endloop
  endfacet
  facet normal 0.382727 0.923861 0
    outer loop
      vertex 37.5816 79.8287 2
      vertex 38.089 79.6185 0
      vertex 37.5816 79.8287 0
    endloop
  endfacet
  facet normal -0.233446 -0.97237 0
    outer loop
      vertex 2.41844 0.171302 0
      vertex 2.95248 0.0430899 2
      vertex 2.41844 0.171302 2
    endloop
  endfacet
  facet normal -0.233446 -0.97237 -0
    outer loop
      vertex 2.95248 0.0430899 2
      vertex 2.41844 0.171302 0
      vertex 2.95248 0.0430899 0
    endloop
  endfacet
  facet normal -0.760398 -0.649457 0
    outer loop
      vertex 1.02513 1.02513 0
      vertex 0.66844 1.44275 2
      vertex 0.66844 1.44275 0
    endloop
  endfacet
  facet normal -0.760398 -0.649457 0
    outer loop
      vertex 0.66844 1.44275 2
      vertex 1.02513 1.02513 0
      vertex 1.02513 1.02513 2
    endloop
  endfacet
  facet normal -0.0784758 0.996916 0
    outer loop
      vertex 3.5 80 0
      vertex 2.95248 79.9569 2
      vertex 3.5 80 2
    endloop
  endfacet
  facet normal -0.0784758 0.996916 0
    outer loop
      vertex 2.95248 79.9569 2
      vertex 3.5 80 0
      vertex 2.95248 79.9569 0
    endloop
  endfacet
  facet normal -0.923881 -0.38268 0
    outer loop
      vertex 0.381476 1.91103 0
      vertex 0.171302 2.41844 2
      vertex 0.171302 2.41844 0
    endloop
  endfacet
  facet normal -0.923881 -0.38268 0
    outer loop
      vertex 0.171302 2.41844 2
      vertex 0.381476 1.91103 0
      vertex 0.381476 1.91103 2
    endloop
  endfacet
  facet normal 0.649396 0.76045 -0
    outer loop
      vertex 38.9749 78.9749 0
      vertex 38.5572 79.3316 2
      vertex 38.9749 78.9749 2
    endloop
  endfacet
  facet normal 0.649396 0.76045 0
    outer loop
      vertex 38.5572 79.3316 2
      vertex 38.9749 78.9749 0
      vertex 38.5572 79.3316 0
    endloop
  endfacet
  facet normal -0.233425 0.972375 0
    outer loop
      vertex 2.95248 79.9569 0
      vertex 2.41844 79.8287 2
      vertex 2.95248 79.9569 2
    endloop
  endfacet
  facet normal -0.233425 0.972375 0
    outer loop
      vertex 2.41844 79.8287 2
      vertex 2.95248 79.9569 0
      vertex 2.41844 79.8287 0
    endloop
  endfacet
  facet normal 0.522481 0.852651 -0
    outer loop
      vertex 38.5572 79.3316 0
      vertex 38.089 79.6185 2
      vertex 38.5572 79.3316 2
    endloop
  endfacet
  facet normal 0.522481 0.852651 0
    outer loop
      vertex 38.089 79.6185 2
      vertex 38.5572 79.3316 0
      vertex 38.089 79.6185 0
    endloop
  endfacet
  facet normal -0.522501 -0.852639 0
    outer loop
      vertex 1.44275 0.66844 0
      vertex 1.91103 0.381476 2
      vertex 1.44275 0.66844 2
    endloop
  endfacet
  facet normal -0.522501 -0.852639 -0
    outer loop
      vertex 1.91103 0.381476 2
      vertex 1.44275 0.66844 0
      vertex 1.91103 0.381476 0
    endloop
  endfacet
  facet normal 0.972381 0.2334 0
    outer loop
      vertex 39.9569 77.0475 2
      vertex 39.8287 77.5816 0
      vertex 39.8287 77.5816 2
    endloop
  endfacet
  facet normal 0.972381 0.2334 0
    outer loop
      vertex 39.8287 77.5816 0
      vertex 39.9569 77.0475 2
      vertex 39.9569 77.0475 0
    endloop
  endfacet
  facet normal 0.0784787 0.996916 -0
    outer loop
      vertex 37.0475 79.9569 0
      vertex 36.5 80 2
      vertex 37.0475 79.9569 2
    endloop
  endfacet
  facet normal 0.0784787 0.996916 0
    outer loop
      vertex 36.5 80 2
      vertex 37.0475 79.9569 0
      vertex 36.5 80 0
    endloop
  endfacet
  facet normal -0.996917 -0.0784575 0
    outer loop
      vertex 0.0430899 2.95248 0
      vertex 0 3.5 2
      vertex 0 3.5 0
    endloop
  endfacet
  facet normal -0.996917 -0.0784575 0
    outer loop
      vertex 0 3.5 2
      vertex 0.0430899 2.95248 0
      vertex 0.0430899 2.95248 2
    endloop
  endfacet
  facet normal 0.0784604 -0.996917 0
    outer loop
      vertex 36.5 0 0
      vertex 37.0475 0.0430899 2
      vertex 36.5 0 2
    endloop
  endfacet
  facet normal 0.0784604 -0.996917 0
    outer loop
      vertex 37.0475 0.0430899 2
      vertex 36.5 0 0
      vertex 37.0475 0.0430899 0
    endloop
  endfacet
  facet normal -0.38268 -0.923881 0
    outer loop
      vertex 1.91103 0.381476 0
      vertex 2.41844 0.171302 2
      vertex 1.91103 0.381476 2
    endloop
  endfacet
  facet normal -0.38268 -0.923881 -0
    outer loop
      vertex 2.41844 0.171302 2
      vertex 1.91103 0.381476 0
      vertex 2.41844 0.171302 0
    endloop
  endfacet
  facet normal -0.852649 0.522485 0
    outer loop
      vertex 0.381476 78.089 0
      vertex 0.66844 78.5573 2
      vertex 0.66844 78.5573 0
    endloop
  endfacet
  facet normal -0.852649 0.522485 0
    outer loop
      vertex 0.66844 78.5573 2
      vertex 0.381476 78.089 0
      vertex 0.381476 78.089 2
    endloop
  endfacet
  facet normal 0.522566 -0.852599 0
    outer loop
      vertex 38.089 0.381476 0
      vertex 38.5572 0.66844 2
      vertex 38.089 0.381476 2
    endloop
  endfacet
  facet normal 0.522566 -0.852599 0
    outer loop
      vertex 38.5572 0.66844 2
      vertex 38.089 0.381476 0
      vertex 38.5572 0.66844 0
    endloop
  endfacet
  facet normal -0.522416 0.852691 0
    outer loop
      vertex 1.91103 79.6185 0
      vertex 1.44275 79.3316 2
      vertex 1.91103 79.6185 2
    endloop
  endfacet
  facet normal -0.522416 0.852691 0
    outer loop
      vertex 1.44275 79.3316 2
      vertex 1.91103 79.6185 0
      vertex 1.44275 79.3316 0
    endloop
  endfacet
  facet normal 0.852691 -0.522416 0
    outer loop
      vertex 39.3316 1.44275 2
      vertex 39.6185 1.91103 0
      vertex 39.6185 1.91103 2
    endloop
  endfacet
  facet normal 0.852691 -0.522416 0
    outer loop
      vertex 39.6185 1.91103 0
      vertex 39.3316 1.44275 2
      vertex 39.3316 1.44275 0
    endloop
  endfacet
  facet normal 0.233421 -0.972376 0
    outer loop
      vertex 37.0475 0.0430899 0
      vertex 37.5816 0.171302 2
      vertex 37.0475 0.0430899 2
    endloop
  endfacet
  facet normal 0.233421 -0.972376 0
    outer loop
      vertex 37.5816 0.171302 2
      vertex 37.0475 0.0430899 0
      vertex 37.5816 0.171302 0
    endloop
  endfacet
  facet normal 0 0 1
    outer loop
      vertex 5.96412 73.7483 2
      vertex 34.0359 73.7483 2
      vertex 6.11924 73.8808 2
    endloop
  endfacet
  facet normal 0 0 1
    outer loop
      vertex 11.1 24.5 2
      vertex 6.48399 5.40336 2
      vertex 6.5 5.2 2
    endloop
  endfacet
  facet normal 0 0 1
    outer loop
      vertex 34.0359 73.7483 2
      vertex 5.96412 73.7483 2
      vertex 18.5 24.5 2
    endloop
  endfacet
  facet normal 0 0 1
    outer loop
      vertex 11.1 24.5 2
      vertex 6.43637 5.60172 2
      vertex 6.48399 5.40336 2
    endloop
  endfacet
  facet normal -0 0 1
    outer loop
      vertex 5.79019 73.6417 2
      vertex 18.5 24.5 2
      vertex 5.96412 73.7483 2
    endloop
  endfacet
  facet normal 0 0 1
    outer loop
      vertex 11.1 24.5 2
      vertex 6.35831 5.79019 2
      vertex 6.43637 5.60172 2
    endloop
  endfacet
  facet normal 0 0 1
    outer loop
      vertex 18.5 24.5 2
      vertex 5.79019 73.6417 2
      vertex 16.3 24.5 2
    endloop
  endfacet
  facet normal 0 0 1
    outer loop
      vertex 11.1 24.5 2
      vertex 6.25172 5.96412 2
      vertex 6.35831 5.79019 2
    endloop
  endfacet
  facet normal -0 0 1
    outer loop
      vertex 5.60172 73.5636 2
      vertex 16.3 24.5 2
      vertex 5.79019 73.6417 2
    endloop
  endfacet
  facet normal 0 0 1
    outer loop
      vertex 11.1 24.5 2
      vertex 6.11924 6.11924 2
      vertex 6.25172 5.96412 2
    endloop
  endfacet
  facet normal 0 0 1
    outer loop
      vertex 16.3 24.5 2
      vertex 5.60172 73.5636 2
      vertex 13.3 24.5 2
    endloop
  endfacet
  facet normal 0 0 1
    outer loop
      vertex 11.1 24.5 2
      vertex 5.96412 6.25172 2
      vertex 6.11924 6.11924 2
    endloop
  endfacet
  facet normal 0 0 1
    outer loop
      vertex 13.3 24.5 2
      vertex 5.60172 73.5636 2
      vertex 11.1 24.5 2
    endloop
  endfacet
  facet normal 0 0 1
    outer loop
      vertex 11.1 24.5 2
      vertex 5.79019 6.35831 2
      vertex 5.96412 6.25172 2
    endloop
  endfacet
  facet normal -0 0 1
    outer loop
      vertex 5.40336 73.516 2
      vertex 11.1 24.5 2
      vertex 5.60172 73.5636 2
    endloop
  endfacet
  facet normal 0 0 1
    outer loop
      vertex 11.1 24.5 2
      vertex 5.60172 6.43637 2
      vertex 5.79019 6.35831 2
    endloop
  endfacet
  facet normal -0 0 1
    outer loop
      vertex 5.2 73.5 2
      vertex 11.1 24.5 2
      vertex 5.40336 73.516 2
    endloop
  endfacet
  facet normal 0 0 1
    outer loop
      vertex 11.1 24.5 2
      vertex 5.40336 6.48399 2
      vertex 5.60172 6.43637 2
    endloop
  endfacet
  facet normal 0 0 1
    outer loop
      vertex 4.99664 73.516 2
      vertex 11.1 24.5 2
      vertex 5.2 73.5 2
    endloop
  endfacet
  facet normal 0 0 1
    outer loop
      vertex 11.1 24.5 2
      vertex 5.2 6.5 2
      vertex 5.40336 6.48399 2
    endloop
  endfacet
  facet normal 0 0 1
    outer loop
      vertex 4.79828 73.5636 2
      vertex 11.1 24.5 2
      vertex 4.99664 73.516 2
    endloop
  endfacet
  facet normal 0 0 1
    outer loop
      vertex 11.1 24.5 2
      vertex 4.99664 6.48399 2
      vertex 5.2 6.5 2
    endloop
  endfacet
  facet normal 0 0 1
    outer loop
      vertex 4.60981 73.6417 2
      vertex 11.1 24.5 2
      vertex 4.79828 73.5636 2
    endloop
  endfacet
  facet normal 0 0 1
    outer loop
      vertex 11.1 24.5 2
      vertex 4.79828 6.43637 2
      vertex 4.99664 6.48399 2
    endloop
  endfacet
  facet normal 0 0 1
    outer loop
      vertex 4.43588 73.7483 2
      vertex 11.1 24.5 2
      vertex 4.60981 73.6417 2
    endloop
  endfacet
  facet normal 0 0 1
    outer loop
      vertex 11.1 24.5 2
      vertex 4.60981 6.35831 2
      vertex 4.79828 6.43637 2
    endloop
  endfacet
  facet normal 0 0 1
    outer loop
      vertex 0 76.5 2
      vertex 11.1 24.5 2
      vertex 4.43588 73.7483 2
    endloop
  endfacet
  facet normal 0 0 1
    outer loop
      vertex 11.1 24.5 2
      vertex 4.43588 6.25172 2
      vertex 4.60981 6.35831 2
    endloop
  endfacet
  facet normal 0 0 1
    outer loop
      vertex 0 76.5 2
      vertex 4.43588 73.7483 2
      vertex 4.28076 73.8808 2
    endloop
  endfacet
  facet normal 0 0 1
    outer loop
      vertex 0 3.5 2
      vertex 11.1 24.5 2
      vertex 0 76.5 2
    endloop
  endfacet
  facet normal 0 0 1
    outer loop
      vertex 0 76.5 2
      vertex 4.28076 73.8808 2
      vertex 4.14828 74.0359 2
    endloop
  endfacet
  facet normal 0 0 1
    outer loop
      vertex 11.1 24.5 2
      vertex 0 3.5 2
      vertex 4.43588 6.25172 2
    endloop
  endfacet
  facet normal 0 0 1
    outer loop
      vertex 0 76.5 2
      vertex 4.14828 74.0359 2
      vertex 4.04169 74.2098 2
    endloop
  endfacet
  facet normal 0 0 1
    outer loop
      vertex 4.43588 6.25172 2
      vertex 0 3.5 2
      vertex 4.28076 6.11924 2
    endloop
  endfacet
  facet normal 0 0 1
    outer loop
      vertex 0 76.5 2
      vertex 4.04169 74.2098 2
      vertex 3.96363 74.3983 2
    endloop
  endfacet
  facet normal 0 0 1
    outer loop
      vertex 4.28076 6.11924 2
      vertex 0 3.5 2
      vertex 4.14828 5.96412 2
    endloop
  endfacet
  facet normal 0 0 1
    outer loop
      vertex 0 76.5 2
      vertex 3.96363 74.3983 2
      vertex 3.91601 74.5966 2
    endloop
  endfacet
  facet normal 0 0 1
    outer loop
      vertex 4.14828 5.96412 2
      vertex 0 3.5 2
      vertex 4.04169 5.79019 2
    endloop
  endfacet
  facet normal 0 0 1
    outer loop
      vertex 0 76.5 2
      vertex 3.91601 74.5966 2
      vertex 3.9 74.8 2
    endloop
  endfacet
  facet normal 0 0 1
    outer loop
      vertex 4.04169 5.79019 2
      vertex 0 3.5 2
      vertex 3.96363 5.60172 2
    endloop
  endfacet
  facet normal 0 0 1
    outer loop
      vertex 35.9583 74.2098 2
      vertex 40 76.5 2
      vertex 36.0364 74.3983 2
    endloop
  endfacet
  facet normal 0 0 1
    outer loop
      vertex 40 3.5 2
      vertex 36.084 5.40336 2
      vertex 36.1 5.2 2
    endloop
  endfacet
  facet normal 0 0 1
    outer loop
      vertex 35.8517 74.0359 2
      vertex 40 76.5 2
      vertex 35.9583 74.2098 2
    endloop
  endfacet
  facet normal 0 0 1
    outer loop
      vertex 40 3.5 2
      vertex 36.0364 5.60172 2
      vertex 36.084 5.40336 2
    endloop
  endfacet
  facet normal 0 0 1
    outer loop
      vertex 35.7192 73.8808 2
      vertex 40 76.5 2
      vertex 35.8517 74.0359 2
    endloop
  endfacet
  facet normal 0 0 1
    outer loop
      vertex 40 3.5 2
      vertex 35.9583 5.79019 2
      vertex 36.0364 5.60172 2
    endloop
  endfacet
  facet normal 0 0 1
    outer loop
      vertex 40 76.5 2
      vertex 28.9 24.5 2
      vertex 40 3.5 2
    endloop
  endfacet
  facet normal -0 -0 1
    outer loop
      vertex 35.5641 6.25172 2
      vertex 40 3.5 2
      vertex 28.9 24.5 2
    endloop
  endfacet
  facet normal 0 0 1
    outer loop
      vertex 35.5641 73.7483 2
      vertex 40 76.5 2
      vertex 35.7192 73.8808 2
    endloop
  endfacet
  facet normal 0 0 1
    outer loop
      vertex 40 3.5 2
      vertex 35.8517 5.96412 2
      vertex 35.9583 5.79019 2
    endloop
  endfacet
  facet normal 0 0 1
    outer loop
      vertex 40 76.5 2
      vertex 35.5641 73.7483 2
      vertex 28.9 24.5 2
    endloop
  endfacet
  facet normal 0 0 1
    outer loop
      vertex 40 3.5 2
      vertex 35.7192 6.11924 2
      vertex 35.8517 5.96412 2
    endloop
  endfacet
  facet normal 0 0 1
    outer loop
      vertex 28.9 24.5 2
      vertex 35.5641 73.7483 2
      vertex 35.3902 73.6417 2
    endloop
  endfacet
  facet normal 0 0 1
    outer loop
      vertex 40 3.5 2
      vertex 35.5641 6.25172 2
      vertex 35.7192 6.11924 2
    endloop
  endfacet
  facet normal 0 0 1
    outer loop
      vertex 28.9 24.5 2
      vertex 35.3902 73.6417 2
      vertex 35.2017 73.5636 2
    endloop
  endfacet
  facet normal 0 0 1
    outer loop
      vertex 35.5641 6.25172 2
      vertex 28.9 24.5 2
      vertex 35.3902 6.35831 2
    endloop
  endfacet
  facet normal 0 0 1
    outer loop
      vertex 28.9 24.5 2
      vertex 35.2017 73.5636 2
      vertex 35.0034 73.516 2
    endloop
  endfacet
  facet normal -0 0 1
    outer loop
      vertex 28.9 14 2
      vertex 35.3902 6.35831 2
      vertex 28.9 24.5 2
    endloop
  endfacet
  facet normal 0 0 1
    outer loop
      vertex 28.9 24.5 2
      vertex 35.0034 73.516 2
      vertex 34.8 73.5 2
    endloop
  endfacet
  facet normal 0 0 1
    outer loop
      vertex 35.3902 6.35831 2
      vertex 28.9 14 2
      vertex 35.2017 6.43637 2
    endloop
  endfacet
  facet normal 0 0 1
    outer loop
      vertex 28.9 24.5 2
      vertex 34.8 73.5 2
      vertex 34.5966 73.516 2
    endloop
  endfacet
  facet normal 0 0 1
    outer loop
      vertex 35.2017 6.43637 2
      vertex 28.9 14 2
      vertex 35.0034 6.48399 2
    endloop
  endfacet
  facet normal 0 0 1
    outer loop
      vertex 28.9 24.5 2
      vertex 34.5966 73.516 2
      vertex 34.3983 73.5636 2
    endloop
  endfacet
  facet normal 0 0 1
    outer loop
      vertex 35.0034 6.48399 2
      vertex 28.9 14 2
      vertex 34.8 6.5 2
    endloop
  endfacet
  facet normal 0 0 1
    outer loop
      vertex 23.7 24.5 2
      vertex 34.3983 73.5636 2
      vertex 34.2098 73.6417 2
    endloop
  endfacet
  facet normal 0 0 1
    outer loop
      vertex 34.8 6.5 2
      vertex 28.9 14 2
      vertex 34.5966 6.48399 2
    endloop
  endfacet
  facet normal 0 0 1
    outer loop
      vertex 21.5 24.5 2
      vertex 34.2098 73.6417 2
      vertex 34.0359 73.7483 2
    endloop
  endfacet
  facet normal 0 0 1
    outer loop
      vertex 34.5966 6.48399 2
      vertex 28.9 14 2
      vertex 34.3983 6.43637 2
    endloop
  endfacet
  facet normal 0 0 1
    outer loop
      vertex 6.35831 74.2098 2
      vertex 33.6417 74.2098 2
      vertex 6.43637 74.3983 2
    endloop
  endfacet
  facet normal 0 0 1
    outer loop
      vertex 34.3983 6.43637 2
      vertex 28.9 14 2
      vertex 34.2098 6.35831 2
    endloop
  endfacet
  facet normal 0 0 1
    outer loop
      vertex 33.5636 74.3983 2
      vertex 6.43637 74.3983 2
      vertex 33.6417 74.2098 2
    endloop
  endfacet
  facet normal 0 0 1
    outer loop
      vertex 34.2098 6.35831 2
      vertex 28.9 14 2
      vertex 34.0359 6.25172 2
    endloop
  endfacet
  facet normal 0 0 1
    outer loop
      vertex 6.43637 74.3983 2
      vertex 33.5636 74.3983 2
      vertex 6.48399 74.5966 2
    endloop
  endfacet
  facet normal 0 0 1
    outer loop
      vertex 34.0359 6.25172 2
      vertex 28.9 14 2
      vertex 33.8808 6.11924 2
    endloop
  endfacet
  facet normal 0 0 1
    outer loop
      vertex 33.516 74.5966 2
      vertex 6.48399 74.5966 2
      vertex 33.5636 74.3983 2
    endloop
  endfacet
  facet normal 0 0 1
    outer loop
      vertex 33.8808 6.11924 2
      vertex 28.9 14 2
      vertex 33.7483 5.96412 2
    endloop
  endfacet
  facet normal 0 0 1
    outer loop
      vertex 6.48399 74.5966 2
      vertex 33.516 74.5966 2
      vertex 6.5 74.8 2
    endloop
  endfacet
  facet normal 0 0 1
    outer loop
      vertex 33.7483 5.96412 2
      vertex 28.9 14 2
      vertex 33.6417 5.79019 2
    endloop
  endfacet
  facet normal -0 0 1
    outer loop
      vertex 6.5 74.8 2
      vertex 33.516 74.5966 2
      vertex 33.5 74.8 2
    endloop
  endfacet
  facet normal 0 0 1
    outer loop
      vertex 33.6417 5.79019 2
      vertex 28.9 14 2
      vertex 33.5636 5.60172 2
    endloop
  endfacet
  facet normal 0 0 1
    outer loop
      vertex 35.9583 75.3902 2
      vertex 40 76.5 2
      vertex 39.9569 77.0475 2
    endloop
  endfacet
  facet normal 0 0 1
    outer loop
      vertex 36.084 74.5966 2
      vertex 40 76.5 2
      vertex 36.1 74.8 2
    endloop
  endfacet
  facet normal 0 0 1
    outer loop
      vertex 35.8517 75.5641 2
      vertex 39.9569 77.0475 2
      vertex 39.8287 77.5816 2
    endloop
  endfacet
  facet normal 0 0 1
    outer loop
      vertex 36.0364 74.3983 2
      vertex 40 76.5 2
      vertex 36.084 74.5966 2
    endloop
  endfacet
  facet normal 0 0 1
    outer loop
      vertex 35.8517 75.5641 2
      vertex 39.8287 77.5816 2
      vertex 39.6185 78.089 2
    endloop
  endfacet
  facet normal -0 0 1
    outer loop
      vertex 36.084 4.99664 2
      vertex 40 3.5 2
      vertex 36.1 5.2 2
    endloop
  endfacet
  facet normal 0 0 1
    outer loop
      vertex 35.8517 75.5641 2
      vertex 39.6185 78.089 2
      vertex 39.3316 78.5573 2
    endloop
  endfacet
  facet normal -0 0 1
    outer loop
      vertex 36.0364 4.79828 2
      vertex 40 3.5 2
      vertex 36.084 4.99664 2
    endloop
  endfacet
  facet normal 0 0 1
    outer loop
      vertex 35.7192 75.7192 2
      vertex 39.3316 78.5573 2
      vertex 38.9749 78.9749 2
    endloop
  endfacet
  facet normal -0 0 1
    outer loop
      vertex 35.9583 4.60981 2
      vertex 40 3.5 2
      vertex 36.0364 4.79828 2
    endloop
  endfacet
  facet normal 0 0 1
    outer loop
      vertex 35.7192 75.7192 2
      vertex 38.9749 78.9749 2
      vertex 38.5572 79.3316 2
    endloop
  endfacet
  facet normal 0 0 1
    outer loop
      vertex 40 3.5 2
      vertex 35.9583 4.60981 2
      vertex 39.9569 2.95248 2
    endloop
  endfacet
  facet normal 0 0 1
    outer loop
      vertex 35.7192 75.7192 2
      vertex 38.5572 79.3316 2
      vertex 38.089 79.6185 2
    endloop
  endfacet
  facet normal -0 0 1
    outer loop
      vertex 35.8517 4.43588 2
      vertex 39.9569 2.95248 2
      vertex 35.9583 4.60981 2
    endloop
  endfacet
  facet normal 0 0 1
    outer loop
      vertex 35.5641 75.8517 2
      vertex 38.089 79.6185 2
      vertex 37.5816 79.8287 2
    endloop
  endfacet
  facet normal 0 0 1
    outer loop
      vertex 39.9569 2.95248 2
      vertex 35.8517 4.43588 2
      vertex 39.8287 2.41844 2
    endloop
  endfacet
  facet normal 0 0 1
    outer loop
      vertex 35.5641 75.8517 2
      vertex 37.5816 79.8287 2
      vertex 37.0475 79.9569 2
    endloop
  endfacet
  facet normal 0 0 1
    outer loop
      vertex 39.8287 2.41844 2
      vertex 35.8517 4.43588 2
      vertex 39.6185 1.91103 2
    endloop
  endfacet
  facet normal 0 0 1
    outer loop
      vertex 35.3902 75.9583 2
      vertex 37.0475 79.9569 2
      vertex 36.5 80 2
    endloop
  endfacet
  facet normal 0 0 1
    outer loop
      vertex 39.6185 1.91103 2
      vertex 35.8517 4.43588 2
      vertex 39.3316 1.44275 2
    endloop
  endfacet
  facet normal -0 0 1
    outer loop
      vertex 35.7192 4.28076 2
      vertex 39.3316 1.44275 2
      vertex 35.8517 4.43588 2
    endloop
  endfacet
  facet normal 0 0 1
    outer loop
      vertex 40 76.5 2
      vertex 36.084 75.0034 2
      vertex 36.1 74.8 2
    endloop
  endfacet
  facet normal 0 0 1
    outer loop
      vertex 40 76.5 2
      vertex 36.0364 75.2017 2
      vertex 36.084 75.0034 2
    endloop
  endfacet
  facet normal 0 0 1
    outer loop
      vertex 40 76.5 2
      vertex 35.9583 75.3902 2
      vertex 36.0364 75.2017 2
    endloop
  endfacet
  facet normal 0 0 1
    outer loop
      vertex 39.9569 77.0475 2
      vertex 35.8517 75.5641 2
      vertex 35.9583 75.3902 2
    endloop
  endfacet
  facet normal 0 0 1
    outer loop
      vertex 39.3316 78.5573 2
      vertex 35.7192 75.7192 2
      vertex 35.8517 75.5641 2
    endloop
  endfacet
  facet normal 0 0 1
    outer loop
      vertex 38.089 79.6185 2
      vertex 35.5641 75.8517 2
      vertex 35.7192 75.7192 2
    endloop
  endfacet
  facet normal 0 0 1
    outer loop
      vertex 37.0475 79.9569 2
      vertex 35.3902 75.9583 2
      vertex 35.5641 75.8517 2
    endloop
  endfacet
  facet normal 0 0 1
    outer loop
      vertex 36.5 80 2
      vertex 35.2017 76.0364 2
      vertex 35.3902 75.9583 2
    endloop
  endfacet
  facet normal 0 0 1
    outer loop
      vertex 36.5 80 2
      vertex 35.0034 76.084 2
      vertex 35.2017 76.0364 2
    endloop
  endfacet
  facet normal 0 0 1
    outer loop
      vertex 36.5 80 2
      vertex 34.8 76.1 2
      vertex 35.0034 76.084 2
    endloop
  endfacet
  facet normal 0 0 1
    outer loop
      vertex 36.5 80 2
      vertex 34.5966 76.084 2
      vertex 34.8 76.1 2
    endloop
  endfacet
  facet normal 0 0 1
    outer loop
      vertex 36.5 80 2
      vertex 34.3983 76.0364 2
      vertex 34.5966 76.084 2
    endloop
  endfacet
  facet normal 0 0 1
    outer loop
      vertex 36.5 80 2
      vertex 34.2098 75.9583 2
      vertex 34.3983 76.0364 2
    endloop
  endfacet
  facet normal 0 0 1
    outer loop
      vertex 36.5 80 2
      vertex 34.0359 75.8517 2
      vertex 34.2098 75.9583 2
    endloop
  endfacet
  facet normal 0 0 1
    outer loop
      vertex 36.5 80 2
      vertex 33.8808 75.7192 2
      vertex 34.0359 75.8517 2
    endloop
  endfacet
  facet normal 0 0 1
    outer loop
      vertex 36.5 80 2
      vertex 33.7483 75.5641 2
      vertex 33.8808 75.7192 2
    endloop
  endfacet
  facet normal -0 0 1
    outer loop
      vertex 26.7 14 2
      vertex 33.5636 5.60172 2
      vertex 28.9 14 2
    endloop
  endfacet
  facet normal 0 0 1
    outer loop
      vertex 6.5 74.8 2
      vertex 33.5 74.8 2
      vertex 33.516 75.0034 2
    endloop
  endfacet
  facet normal 0 0 1
    outer loop
      vertex 34.3983 73.5636 2
      vertex 26.7 24.5 2
      vertex 28.9 24.5 2
    endloop
  endfacet
  facet normal 0 0 1
    outer loop
      vertex 26.7 24.5 2
      vertex 23.7 24.5 2
      vertex 26.7 14 2
    endloop
  endfacet
  facet normal 0 0 1
    outer loop
      vertex 34.3983 73.5636 2
      vertex 23.7 24.5 2
      vertex 26.7 24.5 2
    endloop
  endfacet
  facet normal 0 0 1
    outer loop
      vertex 34.2098 73.6417 2
      vertex 21.5 24.5 2
      vertex 23.7 24.5 2
    endloop
  endfacet
  facet normal 0 0 1
    outer loop
      vertex 21.5 24.5 2
      vertex 18.5 24.5 2
      vertex 21.5 14 2
    endloop
  endfacet
  facet normal 0 0 1
    outer loop
      vertex 34.0359 73.7483 2
      vertex 18.5 24.5 2
      vertex 21.5 24.5 2
    endloop
  endfacet
  facet normal 0 0 1
    outer loop
      vertex 6.48399 75.0034 2
      vertex 33.516 75.0034 2
      vertex 33.5636 75.2017 2
    endloop
  endfacet
  facet normal 0 0 1
    outer loop
      vertex 33.6417 74.2098 2
      vertex 6.35831 74.2098 2
      vertex 33.7483 74.0359 2
    endloop
  endfacet
  facet normal 0 0 1
    outer loop
      vertex 16.3 24.5 2
      vertex 13.3 24.5 2
      vertex 16.3 14 2
    endloop
  endfacet
  facet normal 0 0 1
    outer loop
      vertex 6.25172 74.0359 2
      vertex 33.7483 74.0359 2
      vertex 6.35831 74.2098 2
    endloop
  endfacet
  facet normal 0 0 1
    outer loop
      vertex 33.7483 74.0359 2
      vertex 6.25172 74.0359 2
      vertex 33.8808 73.8808 2
    endloop
  endfacet
  facet normal 0 0 1
    outer loop
      vertex 6.43637 75.2017 2
      vertex 33.5636 75.2017 2
      vertex 33.6417 75.3902 2
    endloop
  endfacet
  facet normal 0 0 1
    outer loop
      vertex 33.8808 73.8808 2
      vertex 6.11924 73.8808 2
      vertex 34.0359 73.7483 2
    endloop
  endfacet
  facet normal 0 0 1
    outer loop
      vertex 6.11924 73.8808 2
      vertex 33.8808 73.8808 2
      vertex 6.25172 74.0359 2
    endloop
  endfacet
  facet normal 0 0 1
    outer loop
      vertex 6.35831 75.3902 2
      vertex 33.6417 75.3902 2
      vertex 33.7483 75.5641 2
    endloop
  endfacet
  facet normal 0 0 1
    outer loop
      vertex 6.25172 75.5641 2
      vertex 33.7483 75.5641 2
      vertex 36.5 80 2
    endloop
  endfacet
  facet normal 0 0 1
    outer loop
      vertex 33.516 75.0034 2
      vertex 6.48399 75.0034 2
      vertex 6.5 74.8 2
    endloop
  endfacet
  facet normal 0 0 1
    outer loop
      vertex 33.5636 75.2017 2
      vertex 6.43637 75.2017 2
      vertex 6.48399 75.0034 2
    endloop
  endfacet
  facet normal 0 0 1
    outer loop
      vertex 33.6417 75.3902 2
      vertex 6.35831 75.3902 2
      vertex 6.43637 75.2017 2
    endloop
  endfacet
  facet normal 0 0 1
    outer loop
      vertex 33.7483 75.5641 2
      vertex 6.25172 75.5641 2
      vertex 6.35831 75.3902 2
    endloop
  endfacet
  facet normal -0 0 1
    outer loop
      vertex 3.5 80 2
      vertex 6.25172 75.5641 2
      vertex 36.5 80 2
    endloop
  endfacet
  facet normal 0 0 1
    outer loop
      vertex 6.25172 75.5641 2
      vertex 3.5 80 2
      vertex 6.11924 75.7192 2
    endloop
  endfacet
  facet normal 0 0 1
    outer loop
      vertex 6.11924 75.7192 2
      vertex 3.5 80 2
      vertex 5.96412 75.8517 2
    endloop
  endfacet
  facet normal 0 0 1
    outer loop
      vertex 5.96412 75.8517 2
      vertex 3.5 80 2
      vertex 5.79019 75.9583 2
    endloop
  endfacet
  facet normal 0 0 1
    outer loop
      vertex 5.79019 75.9583 2
      vertex 3.5 80 2
      vertex 5.60172 76.0364 2
    endloop
  endfacet
  facet normal 0 0 1
    outer loop
      vertex 5.60172 76.0364 2
      vertex 3.5 80 2
      vertex 5.40336 76.084 2
    endloop
  endfacet
  facet normal 0 0 1
    outer loop
      vertex 5.40336 76.084 2
      vertex 3.5 80 2
      vertex 5.2 76.1 2
    endloop
  endfacet
  facet normal -0 0 1
    outer loop
      vertex 0.66844 78.5573 2
      vertex 4.28076 75.7192 2
      vertex 1.02513 78.9749 2
    endloop
  endfacet
  facet normal -0 0 1
    outer loop
      vertex 1.02513 78.9749 2
      vertex 4.28076 75.7192 2
      vertex 1.44275 79.3316 2
    endloop
  endfacet
  facet normal -0 0 1
    outer loop
      vertex 1.44275 79.3316 2
      vertex 4.28076 75.7192 2
      vertex 1.91103 79.6185 2
    endloop
  endfacet
  facet normal 0 0 1
    outer loop
      vertex 4.43588 75.8517 2
      vertex 1.91103 79.6185 2
      vertex 4.28076 75.7192 2
    endloop
  endfacet
  facet normal -0 0 1
    outer loop
      vertex 1.91103 79.6185 2
      vertex 4.43588 75.8517 2
      vertex 2.41844 79.8287 2
    endloop
  endfacet
  facet normal -0 0 1
    outer loop
      vertex 2.41844 79.8287 2
      vertex 4.43588 75.8517 2
      vertex 2.95248 79.9569 2
    endloop
  endfacet
  facet normal 0 0 1
    outer loop
      vertex 4.60981 75.9583 2
      vertex 2.95248 79.9569 2
      vertex 4.43588 75.8517 2
    endloop
  endfacet
  facet normal -0 0 1
    outer loop
      vertex 2.95248 79.9569 2
      vertex 4.60981 75.9583 2
      vertex 3.5 80 2
    endloop
  endfacet
  facet normal 0 0 1
    outer loop
      vertex 4.79828 76.0364 2
      vertex 3.5 80 2
      vertex 4.60981 75.9583 2
    endloop
  endfacet
  facet normal 0 0 1
    outer loop
      vertex 4.99664 76.084 2
      vertex 3.5 80 2
      vertex 4.79828 76.0364 2
    endloop
  endfacet
  facet normal 0 0 1
    outer loop
      vertex 5.2 76.1 2
      vertex 3.5 80 2
      vertex 4.99664 76.084 2
    endloop
  endfacet
  facet normal 0 0 1
    outer loop
      vertex 39.3316 1.44275 2
      vertex 35.7192 4.28076 2
      vertex 38.9749 1.02513 2
    endloop
  endfacet
  facet normal 0 0 1
    outer loop
      vertex 38.9749 1.02513 2
      vertex 35.7192 4.28076 2
      vertex 38.5572 0.66844 2
    endloop
  endfacet
  facet normal 0 0 1
    outer loop
      vertex 38.5572 0.66844 2
      vertex 35.7192 4.28076 2
      vertex 38.089 0.381476 2
    endloop
  endfacet
  facet normal -0 0 1
    outer loop
      vertex 35.5641 4.14828 2
      vertex 38.089 0.381476 2
      vertex 35.7192 4.28076 2
    endloop
  endfacet
  facet normal 0 0 1
    outer loop
      vertex 38.089 0.381476 2
      vertex 35.5641 4.14828 2
      vertex 37.5816 0.171302 2
    endloop
  endfacet
  facet normal 0 0 1
    outer loop
      vertex 37.5816 0.171302 2
      vertex 35.5641 4.14828 2
      vertex 37.0475 0.0430899 2
    endloop
  endfacet
  facet normal -0 0 1
    outer loop
      vertex 35.3902 4.04169 2
      vertex 37.0475 0.0430899 2
      vertex 35.5641 4.14828 2
    endloop
  endfacet
  facet normal 0 0 1
    outer loop
      vertex 37.0475 0.0430899 2
      vertex 35.3902 4.04169 2
      vertex 36.5 0 2
    endloop
  endfacet
  facet normal -0 0 1
    outer loop
      vertex 35.2017 3.96363 2
      vertex 36.5 0 2
      vertex 35.3902 4.04169 2
    endloop
  endfacet
  facet normal -0 0 1
    outer loop
      vertex 35.0034 3.91601 2
      vertex 36.5 0 2
      vertex 35.2017 3.96363 2
    endloop
  endfacet
  facet normal -0 0 1
    outer loop
      vertex 34.8 3.9 2
      vertex 36.5 0 2
      vertex 35.0034 3.91601 2
    endloop
  endfacet
  facet normal 0 0 1
    outer loop
      vertex 34.5966 3.91601 2
      vertex 36.5 0 2
      vertex 34.8 3.9 2
    endloop
  endfacet
  facet normal 0 0 1
    outer loop
      vertex 34.3983 3.96363 2
      vertex 36.5 0 2
      vertex 34.5966 3.91601 2
    endloop
  endfacet
  facet normal 0 0 1
    outer loop
      vertex 34.2098 4.04169 2
      vertex 36.5 0 2
      vertex 34.3983 3.96363 2
    endloop
  endfacet
  facet normal 0 0 1
    outer loop
      vertex 34.0359 4.14828 2
      vertex 36.5 0 2
      vertex 34.2098 4.04169 2
    endloop
  endfacet
  facet normal 0 0 1
    outer loop
      vertex 33.8808 4.28076 2
      vertex 36.5 0 2
      vertex 34.0359 4.14828 2
    endloop
  endfacet
  facet normal 0 0 1
    outer loop
      vertex 33.7483 4.43588 2
      vertex 36.5 0 2
      vertex 33.8808 4.28076 2
    endloop
  endfacet
  facet normal 0 0 1
    outer loop
      vertex 33.5636 5.60172 2
      vertex 26.7 14 2
      vertex 33.516 5.40336 2
    endloop
  endfacet
  facet normal 0 0 1
    outer loop
      vertex 33.516 5.40336 2
      vertex 26.7 14 2
      vertex 33.5 5.2 2
    endloop
  endfacet
  facet normal -0 0 1
    outer loop
      vertex 23.7 14 2
      vertex 33.5 5.2 2
      vertex 26.7 14 2
    endloop
  endfacet
  facet normal 0 0 1
    outer loop
      vertex 33.5 5.2 2
      vertex 23.7 14 2
      vertex 33.516 4.99664 2
    endloop
  endfacet
  facet normal -0 0 1
    outer loop
      vertex 21.5 14 2
      vertex 33.516 4.99664 2
      vertex 23.7 14 2
    endloop
  endfacet
  facet normal 0 0 1
    outer loop
      vertex 33.516 4.99664 2
      vertex 21.5 14 2
      vertex 33.5636 4.79828 2
    endloop
  endfacet
  facet normal 0 0 1
    outer loop
      vertex 6.43637 4.79828 2
      vertex 33.5636 4.79828 2
      vertex 21.5 14 2
    endloop
  endfacet
  facet normal 0 0 1
    outer loop
      vertex 23.7 14 2
      vertex 26.7 14 2
      vertex 23.7 24.5 2
    endloop
  endfacet
  facet normal 0 0 1
    outer loop
      vertex 33.5636 4.79828 2
      vertex 6.43637 4.79828 2
      vertex 33.6417 4.60981 2
    endloop
  endfacet
  facet normal 0 0 1
    outer loop
      vertex 6.35831 4.60981 2
      vertex 33.6417 4.60981 2
      vertex 6.43637 4.79828 2
    endloop
  endfacet
  facet normal 0 0 1
    outer loop
      vertex 18.5 14 2
      vertex 21.5 14 2
      vertex 18.5 24.5 2
    endloop
  endfacet
  facet normal 0 0 1
    outer loop
      vertex 6.43637 4.79828 2
      vertex 21.5 14 2
      vertex 18.5 14 2
    endloop
  endfacet
  facet normal 0 0 1
    outer loop
      vertex 6.48399 4.99664 2
      vertex 18.5 14 2
      vertex 16.3 14 2
    endloop
  endfacet
  facet normal 0 0 1
    outer loop
      vertex 13.3 14 2
      vertex 16.3 14 2
      vertex 13.3 24.5 2
    endloop
  endfacet
  facet normal 0 0 1
    outer loop
      vertex 6.5 5.2 2
      vertex 16.3 14 2
      vertex 13.3 14 2
    endloop
  endfacet
  facet normal 0 0 1
    outer loop
      vertex 6.5 5.2 2
      vertex 13.3 14 2
      vertex 11.1 14 2
    endloop
  endfacet
  facet normal 0 0 1
    outer loop
      vertex 11.1 24.5 2
      vertex 6.5 5.2 2
      vertex 11.1 14 2
    endloop
  endfacet
  facet normal 0 0 1
    outer loop
      vertex 16.3 14 2
      vertex 6.5 5.2 2
      vertex 6.48399 4.99664 2
    endloop
  endfacet
  facet normal 0 0 1
    outer loop
      vertex 18.5 14 2
      vertex 6.48399 4.99664 2
      vertex 6.43637 4.79828 2
    endloop
  endfacet
  facet normal 0 0 1
    outer loop
      vertex 33.6417 4.60981 2
      vertex 6.35831 4.60981 2
      vertex 33.7483 4.43588 2
    endloop
  endfacet
  facet normal 0 0 1
    outer loop
      vertex 6.25172 4.43588 2
      vertex 33.7483 4.43588 2
      vertex 6.35831 4.60981 2
    endloop
  endfacet
  facet normal 0 0 1
    outer loop
      vertex 33.7483 4.43588 2
      vertex 6.25172 4.43588 2
      vertex 36.5 0 2
    endloop
  endfacet
  facet normal 0 0 1
    outer loop
      vertex 3.5 0 2
      vertex 6.25172 4.43588 2
      vertex 6.11924 4.28076 2
    endloop
  endfacet
  facet normal 0 0 1
    outer loop
      vertex 3.5 0 2
      vertex 6.11924 4.28076 2
      vertex 5.96412 4.14828 2
    endloop
  endfacet
  facet normal 0 0 1
    outer loop
      vertex 3.5 0 2
      vertex 5.96412 4.14828 2
      vertex 5.79019 4.04169 2
    endloop
  endfacet
  facet normal 0 0 1
    outer loop
      vertex 3.5 0 2
      vertex 5.79019 4.04169 2
      vertex 5.60172 3.96363 2
    endloop
  endfacet
  facet normal 0 0 1
    outer loop
      vertex 3.5 0 2
      vertex 5.60172 3.96363 2
      vertex 5.40336 3.91601 2
    endloop
  endfacet
  facet normal 0 0 1
    outer loop
      vertex 3.5 0 2
      vertex 5.40336 3.91601 2
      vertex 5.2 3.9 2
    endloop
  endfacet
  facet normal 0 0 1
    outer loop
      vertex 3.5 0 2
      vertex 5.2 3.9 2
      vertex 4.99664 3.91601 2
    endloop
  endfacet
  facet normal 0 0 1
    outer loop
      vertex 6.25172 4.43588 2
      vertex 3.5 0 2
      vertex 36.5 0 2
    endloop
  endfacet
  facet normal 0 0 1
    outer loop
      vertex 4.79828 3.96363 2
      vertex 3.5 0 2
      vertex 4.99664 3.91601 2
    endloop
  endfacet
  facet normal 0 0 1
    outer loop
      vertex 4.60981 4.04169 2
      vertex 3.5 0 2
      vertex 4.79828 3.96363 2
    endloop
  endfacet
  facet normal 0 0 1
    outer loop
      vertex 2.95248 0.0430899 2
      vertex 4.60981 4.04169 2
      vertex 4.43588 4.14828 2
    endloop
  endfacet
  facet normal 0 0 1
    outer loop
      vertex 1.91103 0.381476 2
      vertex 4.43588 4.14828 2
      vertex 4.28076 4.28076 2
    endloop
  endfacet
  facet normal 0 0 1
    outer loop
      vertex 0.66844 1.44275 2
      vertex 4.28076 4.28076 2
      vertex 4.14828 4.43588 2
    endloop
  endfacet
  facet normal 0 0 1
    outer loop
      vertex 0.0430899 2.95248 2
      vertex 4.14828 4.43588 2
      vertex 4.04169 4.60981 2
    endloop
  endfacet
  facet normal 0 0 1
    outer loop
      vertex 0 3.5 2
      vertex 4.04169 4.60981 2
      vertex 3.96363 4.79828 2
    endloop
  endfacet
  facet normal 0 0 1
    outer loop
      vertex 0 3.5 2
      vertex 3.96363 4.79828 2
      vertex 3.91601 4.99664 2
    endloop
  endfacet
  facet normal 0 0 1
    outer loop
      vertex 0 3.5 2
      vertex 3.91601 4.99664 2
      vertex 3.9 5.2 2
    endloop
  endfacet
  facet normal 0 0 1
    outer loop
      vertex 3.96363 5.60172 2
      vertex 0 3.5 2
      vertex 3.91601 5.40336 2
    endloop
  endfacet
  facet normal 0 0 1
    outer loop
      vertex 4.28076 75.7192 2
      vertex 0.66844 78.5573 2
      vertex 4.14828 75.5641 2
    endloop
  endfacet
  facet normal 0 0 1
    outer loop
      vertex 3.91601 5.40336 2
      vertex 0 3.5 2
      vertex 3.9 5.2 2
    endloop
  endfacet
  facet normal -0 0 1
    outer loop
      vertex 0.381476 78.089 2
      vertex 4.14828 75.5641 2
      vertex 0.66844 78.5573 2
    endloop
  endfacet
  facet normal 0 0 1
    outer loop
      vertex 4.04169 4.60981 2
      vertex 0 3.5 2
      vertex 0.0430899 2.95248 2
    endloop
  endfacet
  facet normal -0 0 1
    outer loop
      vertex 0.171302 77.5816 2
      vertex 4.14828 75.5641 2
      vertex 0.381476 78.089 2
    endloop
  endfacet
  facet normal 0 0 1
    outer loop
      vertex 4.60981 4.04169 2
      vertex 2.95248 0.0430899 2
      vertex 3.5 0 2
    endloop
  endfacet
  facet normal -0 0 1
    outer loop
      vertex 0.0430899 77.0475 2
      vertex 4.14828 75.5641 2
      vertex 0.171302 77.5816 2
    endloop
  endfacet
  facet normal 0 0 1
    outer loop
      vertex 4.43588 4.14828 2
      vertex 2.41844 0.171302 2
      vertex 2.95248 0.0430899 2
    endloop
  endfacet
  facet normal 0 0 1
    outer loop
      vertex 4.14828 75.5641 2
      vertex 0.0430899 77.0475 2
      vertex 4.04169 75.3902 2
    endloop
  endfacet
  facet normal 0 0 1
    outer loop
      vertex 4.43588 4.14828 2
      vertex 1.91103 0.381476 2
      vertex 2.41844 0.171302 2
    endloop
  endfacet
  facet normal -0 0 1
    outer loop
      vertex 0 76.5 2
      vertex 4.04169 75.3902 2
      vertex 0.0430899 77.0475 2
    endloop
  endfacet
  facet normal 0 0 1
    outer loop
      vertex 4.28076 4.28076 2
      vertex 1.44275 0.66844 2
      vertex 1.91103 0.381476 2
    endloop
  endfacet
  facet normal 0 0 1
    outer loop
      vertex 4.04169 75.3902 2
      vertex 0 76.5 2
      vertex 3.96363 75.2017 2
    endloop
  endfacet
  facet normal 0 0 1
    outer loop
      vertex 4.28076 4.28076 2
      vertex 1.02513 1.02513 2
      vertex 1.44275 0.66844 2
    endloop
  endfacet
  facet normal 0 0 1
    outer loop
      vertex 3.96363 75.2017 2
      vertex 0 76.5 2
      vertex 3.91601 75.0034 2
    endloop
  endfacet
  facet normal 0 0 1
    outer loop
      vertex 4.28076 4.28076 2
      vertex 0.66844 1.44275 2
      vertex 1.02513 1.02513 2
    endloop
  endfacet
  facet normal 0 0 1
    outer loop
      vertex 3.91601 75.0034 2
      vertex 0 76.5 2
      vertex 3.9 74.8 2
    endloop
  endfacet
  facet normal 0 0 1
    outer loop
      vertex 4.14828 4.43588 2
      vertex 0.381476 1.91103 2
      vertex 0.66844 1.44275 2
    endloop
  endfacet
  facet normal 0 0 1
    outer loop
      vertex 4.14828 4.43588 2
      vertex 0.171302 2.41844 2
      vertex 0.381476 1.91103 2
    endloop
  endfacet
  facet normal 0 0 1
    outer loop
      vertex 4.14828 4.43588 2
      vertex 0.0430899 2.95248 2
      vertex 0.171302 2.41844 2
    endloop
  endfacet
  facet normal 1 -0 0
    outer loop
      vertex 27.5 34.5 -3.5
      vertex 27.5 45.5 -5.5
      vertex 27.5 45.5 -3.5
    endloop
  endfacet
  facet normal 1 0 0
    outer loop
      vertex 27.5 45.5 -5.5
      vertex 27.5 34.5 -3.5
      vertex 27.5 34.5 -5.5
    endloop
  endfacet
  facet normal -0 0 1
    outer loop
      vertex 12.5 45.5 -3.5
      vertex 27.5 34.5 -3.5
      vertex 27.5 45.5 -3.5
    endloop
  endfacet
  facet normal 0 0 1
    outer loop
      vertex 27.5 34.5 -3.5
      vertex 12.5 45.5 -3.5
      vertex 12.5 34.5 -3.5
    endloop
  endfacet
  facet normal 0 0 -1
    outer loop
      vertex 12.5 34.5 -5.5
      vertex 27.5 45.5 -5.5
      vertex 27.5 34.5 -5.5
    endloop
  endfacet
  facet normal -0 0 -1
    outer loop
      vertex 27.5 45.5 -5.5
      vertex 12.5 34.5 -5.5
      vertex 12.5 45.5 -5.5
    endloop
  endfacet
  facet normal -1 0 0
    outer loop
      vertex 12.5 34.5 -5.5
      vertex 12.5 45.5 -3.5
      vertex 12.5 45.5 -5.5
    endloop
  endfacet
  facet normal -1 -0 0
    outer loop
      vertex 12.5 45.5 -3.5
      vertex 12.5 34.5 -5.5
      vertex 12.5 34.5 -3.5
    endloop
  endfacet
  facet normal 0 1 -0
    outer loop
      vertex 27.5 45.5 -5.5
      vertex 12.5 45.5 -3.5
      vertex 27.5 45.5 -3.5
    endloop
  endfacet
  facet normal 0 1 0
    outer loop
      vertex 12.5 45.5 -3.5
      vertex 27.5 45.5 -5.5
      vertex 12.5 45.5 -5.5
    endloop
  endfacet
  facet normal 0 -1 0
    outer loop
      vertex 12.5 34.5 -5.5
      vertex 27.5 34.5 -3.5
      vertex 12.5 34.5 -3.5
    endloop
  endfacet
  facet normal 0 -1 -0
    outer loop
      vertex 27.5 34.5 -3.5
      vertex 12.5 34.5 -5.5
      vertex 27.5 34.5 -5.5
    endloop
  endfacet
  facet normal 0.923891 0.382655 0
    outer loop
      vertex 4.04169 4.60981 2
      vertex 3.96363 4.79828 0
      vertex 3.96363 4.79828 2
    endloop
  endfacet
  facet normal 0.923891 0.382655 0
    outer loop
      vertex 3.96363 4.79828 0
      vertex 4.04169 4.60981 2
      vertex 4.04169 4.60981 0
    endloop
  endfacet
  facet normal 0.972372 -0.233436 0
    outer loop
      vertex 3.91601 5.40336 2
      vertex 3.96363 5.60172 0
      vertex 3.96363 5.60172 2
    endloop
  endfacet
  facet normal 0.972372 -0.233436 0
    outer loop
      vertex 3.96363 5.60172 0
      vertex 3.91601 5.40336 2
      vertex 3.91601 5.40336 0
    endloop
  endfacet
  facet normal 0.382655 0.923891 -0
    outer loop
      vertex 4.79828 3.96363 0
      vertex 4.60981 4.04169 2
      vertex 4.79828 3.96363 2
    endloop
  endfacet
  facet normal 0.382655 0.923891 0
    outer loop
      vertex 4.60981 4.04169 2
      vertex 4.79828 3.96363 0
      vertex 4.60981 4.04169 0
    endloop
  endfacet
  facet normal -0.996915 0.0784845 0
    outer loop
      vertex 6.48399 4.99664 0
      vertex 6.5 5.2 2
      vertex 6.5 5.2 0
    endloop
  endfacet
  facet normal -0.996915 0.0784845 0
    outer loop
      vertex 6.5 5.2 2
      vertex 6.48399 4.99664 0
      vertex 6.48399 4.99664 2
    endloop
  endfacet
  facet normal 0.233436 -0.972372 0
    outer loop
      vertex 4.79828 6.43637 0
      vertex 4.99664 6.48399 2
      vertex 4.79828 6.43637 2
    endloop
  endfacet
  facet normal 0.233436 -0.972372 0
    outer loop
      vertex 4.99664 6.48399 2
      vertex 4.79828 6.43637 0
      vertex 4.99664 6.48399 0
    endloop
  endfacet
  facet normal -0.923891 -0.382655 0
    outer loop
      vertex 6.43637 5.60172 0
      vertex 6.35831 5.79019 2
      vertex 6.35831 5.79019 0
    endloop
  endfacet
  facet normal -0.923891 -0.382655 0
    outer loop
      vertex 6.35831 5.79019 2
      vertex 6.43637 5.60172 0
      vertex 6.43637 5.60172 2
    endloop
  endfacet
  facet normal 0.760418 -0.649434 0
    outer loop
      vertex 4.14828 5.96412 2
      vertex 4.28076 6.11924 0
      vertex 4.28076 6.11924 2
    endloop
  endfacet
  facet normal 0.760418 -0.649434 0
    outer loop
      vertex 4.28076 6.11924 0
      vertex 4.14828 5.96412 2
      vertex 4.14828 5.96412 0
    endloop
  endfacet
  facet normal -0.923891 0.382655 0
    outer loop
      vertex 6.35831 4.60981 0
      vertex 6.43637 4.79828 2
      vertex 6.43637 4.79828 0
    endloop
  endfacet
  facet normal -0.923891 0.382655 0
    outer loop
      vertex 6.43637 4.79828 2
      vertex 6.35831 4.60981 0
      vertex 6.35831 4.60981 2
    endloop
  endfacet
  facet normal -0.996915 -0.0784845 0
    outer loop
      vertex 6.5 5.2 0
      vertex 6.48399 5.40336 2
      vertex 6.48399 5.40336 0
    endloop
  endfacet
  facet normal -0.996915 -0.0784845 0
    outer loop
      vertex 6.48399 5.40336 2
      vertex 6.5 5.2 0
      vertex 6.5 5.2 2
    endloop
  endfacet
  facet normal -0.972372 -0.233436 0
    outer loop
      vertex 6.48399 5.40336 0
      vertex 6.43637 5.60172 2
      vertex 6.43637 5.60172 0
    endloop
  endfacet
  facet normal -0.972372 -0.233436 0
    outer loop
      vertex 6.43637 5.60172 2
      vertex 6.48399 5.40336 0
      vertex 6.48399 5.40336 2
    endloop
  endfacet
  facet normal 0.996915 0.0784845 0
    outer loop
      vertex 3.91601 4.99664 2
      vertex 3.9 5.2 0
      vertex 3.9 5.2 2
    endloop
  endfacet
  facet normal 0.996915 0.0784845 0
    outer loop
      vertex 3.9 5.2 0
      vertex 3.91601 4.99664 2
      vertex 3.91601 4.99664 0
    endloop
  endfacet
  facet normal 0.0784845 -0.996915 0
    outer loop
      vertex 4.99664 6.48399 0
      vertex 5.2 6.5 2
      vertex 4.99664 6.48399 2
    endloop
  endfacet
  facet normal 0.0784845 -0.996915 0
    outer loop
      vertex 5.2 6.5 2
      vertex 4.99664 6.48399 0
      vertex 5.2 6.5 0
    endloop
  endfacet
  facet normal 0.382655 -0.923891 0
    outer loop
      vertex 4.60981 6.35831 0
      vertex 4.79828 6.43637 2
      vertex 4.60981 6.35831 2
    endloop
  endfacet
  facet normal 0.382655 -0.923891 0
    outer loop
      vertex 4.79828 6.43637 2
      vertex 4.60981 6.35831 0
      vertex 4.79828 6.43637 0
    endloop
  endfacet
  facet normal 0.233436 0.972372 -0
    outer loop
      vertex 4.99664 3.91601 0
      vertex 4.79828 3.96363 2
      vertex 4.99664 3.91601 2
    endloop
  endfacet
  facet normal 0.233436 0.972372 0
    outer loop
      vertex 4.79828 3.96363 2
      vertex 4.99664 3.91601 0
      vertex 4.79828 3.96363 0
    endloop
  endfacet
  facet normal -0.649434 -0.760418 0
    outer loop
      vertex 5.96412 6.25172 0
      vertex 6.11924 6.11924 2
      vertex 5.96412 6.25172 2
    endloop
  endfacet
  facet normal -0.649434 -0.760418 -0
    outer loop
      vertex 6.11924 6.11924 2
      vertex 5.96412 6.25172 0
      vertex 6.11924 6.11924 0
    endloop
  endfacet
  facet normal -0.382655 -0.923891 0
    outer loop
      vertex 5.60172 6.43637 0
      vertex 5.79019 6.35831 2
      vertex 5.60172 6.43637 2
    endloop
  endfacet
  facet normal -0.382655 -0.923891 -0
    outer loop
      vertex 5.79019 6.35831 2
      vertex 5.60172 6.43637 0
      vertex 5.79019 6.35831 0
    endloop
  endfacet
  facet normal 0.972372 0.233436 0
    outer loop
      vertex 3.96363 4.79828 2
      vertex 3.91601 4.99664 0
      vertex 3.91601 4.99664 2
    endloop
  endfacet
  facet normal 0.972372 0.233436 0
    outer loop
      vertex 3.91601 4.99664 0
      vertex 3.96363 4.79828 2
      vertex 3.96363 4.79828 0
    endloop
  endfacet
  facet normal -0.649434 0.760418 0
    outer loop
      vertex 6.11924 4.28076 0
      vertex 5.96412 4.14828 2
      vertex 6.11924 4.28076 2
    endloop
  endfacet
  facet normal -0.649434 0.760418 0
    outer loop
      vertex 5.96412 4.14828 2
      vertex 6.11924 4.28076 0
      vertex 5.96412 4.14828 0
    endloop
  endfacet
  facet normal -0.0784845 0.996915 0
    outer loop
      vertex 5.40336 3.91601 0
      vertex 5.2 3.9 2
      vertex 5.40336 3.91601 2
    endloop
  endfacet
  facet normal -0.0784845 0.996915 0
    outer loop
      vertex 5.2 3.9 2
      vertex 5.40336 3.91601 0
      vertex 5.2 3.9 0
    endloop
  endfacet
  facet normal 0.996915 -0.0784845 0
    outer loop
      vertex 3.9 5.2 2
      vertex 3.91601 5.40336 0
      vertex 3.91601 5.40336 2
    endloop
  endfacet
  facet normal 0.996915 -0.0784845 0
    outer loop
      vertex 3.91601 5.40336 0
      vertex 3.9 5.2 2
      vertex 3.9 5.2 0
    endloop
  endfacet
  facet normal -0.852628 -0.522518 0
    outer loop
      vertex 6.35831 5.79019 0
      vertex 6.25172 5.96412 2
      vertex 6.25172 5.96412 0
    endloop
  endfacet
  facet normal -0.852628 -0.522518 0
    outer loop
      vertex 6.25172 5.96412 2
      vertex 6.35831 5.79019 0
      vertex 6.35831 5.79019 2
    endloop
  endfacet
  facet normal -0.522518 -0.852628 0
    outer loop
      vertex 5.79019 6.35831 0
      vertex 5.96412 6.25172 2
      vertex 5.79019 6.35831 2
    endloop
  endfacet
  facet normal -0.522518 -0.852628 -0
    outer loop
      vertex 5.96412 6.25172 2
      vertex 5.79019 6.35831 0
      vertex 5.96412 6.25172 0
    endloop
  endfacet
  facet normal -0.233436 -0.972372 0
    outer loop
      vertex 5.40336 6.48399 0
      vertex 5.60172 6.43637 2
      vertex 5.40336 6.48399 2
    endloop
  endfacet
  facet normal -0.233436 -0.972372 -0
    outer loop
      vertex 5.60172 6.43637 2
      vertex 5.40336 6.48399 0
      vertex 5.60172 6.43637 0
    endloop
  endfacet
  facet normal 0.522518 -0.852628 0
    outer loop
      vertex 4.43588 6.25172 0
      vertex 4.60981 6.35831 2
      vertex 4.43588 6.25172 2
    endloop
  endfacet
  facet normal 0.522518 -0.852628 0
    outer loop
      vertex 4.60981 6.35831 2
      vertex 4.43588 6.25172 0
      vertex 4.60981 6.35831 0
    endloop
  endfacet
  facet normal 0.0784845 0.996915 -0
    outer loop
      vertex 5.2 3.9 0
      vertex 4.99664 3.91601 2
      vertex 5.2 3.9 2
    endloop
  endfacet
  facet normal 0.0784845 0.996915 0
    outer loop
      vertex 4.99664 3.91601 2
      vertex 5.2 3.9 0
      vertex 4.99664 3.91601 0
    endloop
  endfacet
  facet normal -0.852628 0.522518 0
    outer loop
      vertex 6.25172 4.43588 0
      vertex 6.35831 4.60981 2
      vertex 6.35831 4.60981 0
    endloop
  endfacet
  facet normal -0.852628 0.522518 0
    outer loop
      vertex 6.35831 4.60981 2
      vertex 6.25172 4.43588 0
      vertex 6.25172 4.43588 2
    endloop
  endfacet
  facet normal 0.852628 -0.522518 0
    outer loop
      vertex 4.04169 5.79019 2
      vertex 4.14828 5.96412 0
      vertex 4.14828 5.96412 2
    endloop
  endfacet
  facet normal 0.852628 -0.522518 0
    outer loop
      vertex 4.14828 5.96412 0
      vertex 4.04169 5.79019 2
      vertex 4.04169 5.79019 0
    endloop
  endfacet
  facet normal 0.852628 0.522518 0
    outer loop
      vertex 4.14828 4.43588 2
      vertex 4.04169 4.60981 0
      vertex 4.04169 4.60981 2
    endloop
  endfacet
  facet normal 0.852628 0.522518 0
    outer loop
      vertex 4.04169 4.60981 0
      vertex 4.14828 4.43588 2
      vertex 4.14828 4.43588 0
    endloop
  endfacet
  facet normal -0.0784845 -0.996915 0
    outer loop
      vertex 5.2 6.5 0
      vertex 5.40336 6.48399 2
      vertex 5.2 6.5 2
    endloop
  endfacet
  facet normal -0.0784845 -0.996915 -0
    outer loop
      vertex 5.40336 6.48399 2
      vertex 5.2 6.5 0
      vertex 5.40336 6.48399 0
    endloop
  endfacet
  facet normal 0.649434 -0.760418 0
    outer loop
      vertex 4.28076 6.11924 0
      vertex 4.43588 6.25172 2
      vertex 4.28076 6.11924 2
    endloop
  endfacet
  facet normal 0.649434 -0.760418 0
    outer loop
      vertex 4.43588 6.25172 2
      vertex 4.28076 6.11924 0
      vertex 4.43588 6.25172 0
    endloop
  endfacet
  facet normal -0.233436 0.972372 0
    outer loop
      vertex 5.60172 3.96363 0
      vertex 5.40336 3.91601 2
      vertex 5.60172 3.96363 2
    endloop
  endfacet
  facet normal -0.233436 0.972372 0
    outer loop
      vertex 5.40336 3.91601 2
      vertex 5.60172 3.96363 0
      vertex 5.40336 3.91601 0
    endloop
  endfacet
  facet normal -0.382655 0.923891 0
    outer loop
      vertex 5.79019 4.04169 0
      vertex 5.60172 3.96363 2
      vertex 5.79019 4.04169 2
    endloop
  endfacet
  facet normal -0.382655 0.923891 0
    outer loop
      vertex 5.60172 3.96363 2
      vertex 5.79019 4.04169 0
      vertex 5.60172 3.96363 0
    endloop
  endfacet
  facet normal -0.522518 0.852628 0
    outer loop
      vertex 5.96412 4.14828 0
      vertex 5.79019 4.04169 2
      vertex 5.96412 4.14828 2
    endloop
  endfacet
  facet normal -0.522518 0.852628 0
    outer loop
      vertex 5.79019 4.04169 2
      vertex 5.96412 4.14828 0
      vertex 5.79019 4.04169 0
    endloop
  endfacet
  facet normal 0.760418 0.649434 0
    outer loop
      vertex 4.28076 4.28076 2
      vertex 4.14828 4.43588 0
      vertex 4.14828 4.43588 2
    endloop
  endfacet
  facet normal 0.760418 0.649434 0
    outer loop
      vertex 4.14828 4.43588 0
      vertex 4.28076 4.28076 2
      vertex 4.28076 4.28076 0
    endloop
  endfacet
  facet normal -0.760418 -0.649434 0
    outer loop
      vertex 6.25172 5.96412 0
      vertex 6.11924 6.11924 2
      vertex 6.11924 6.11924 0
    endloop
  endfacet
  facet normal -0.760418 -0.649434 0
    outer loop
      vertex 6.11924 6.11924 2
      vertex 6.25172 5.96412 0
      vertex 6.25172 5.96412 2
    endloop
  endfacet
  facet normal 0.923891 -0.382655 0
    outer loop
      vertex 3.96363 5.60172 2
      vertex 4.04169 5.79019 0
      vertex 4.04169 5.79019 2
    endloop
  endfacet
  facet normal 0.923891 -0.382655 0
    outer loop
      vertex 4.04169 5.79019 0
      vertex 3.96363 5.60172 2
      vertex 3.96363 5.60172 0
    endloop
  endfacet
  facet normal 0.649434 0.760418 -0
    outer loop
      vertex 4.43588 4.14828 0
      vertex 4.28076 4.28076 2
      vertex 4.43588 4.14828 2
    endloop
  endfacet
  facet normal 0.649434 0.760418 0
    outer loop
      vertex 4.28076 4.28076 2
      vertex 4.43588 4.14828 0
      vertex 4.28076 4.28076 0
    endloop
  endfacet
  facet normal -0.760418 0.649434 0
    outer loop
      vertex 6.11924 4.28076 0
      vertex 6.25172 4.43588 2
      vertex 6.25172 4.43588 0
    endloop
  endfacet
  facet normal -0.760418 0.649434 0
    outer loop
      vertex 6.25172 4.43588 2
      vertex 6.11924 4.28076 0
      vertex 6.11924 4.28076 2
    endloop
  endfacet
  facet normal -0.972372 0.233436 0
    outer loop
      vertex 6.43637 4.79828 0
      vertex 6.48399 4.99664 2
      vertex 6.48399 4.99664 0
    endloop
  endfacet
  facet normal -0.972372 0.233436 0
    outer loop
      vertex 6.48399 4.99664 2
      vertex 6.43637 4.79828 0
      vertex 6.43637 4.79828 2
    endloop
  endfacet
  facet normal 0.522518 0.852628 -0
    outer loop
      vertex 4.60981 4.04169 0
      vertex 4.43588 4.14828 2
      vertex 4.60981 4.04169 2
    endloop
  endfacet
  facet normal 0.522518 0.852628 0
    outer loop
      vertex 4.43588 4.14828 2
      vertex 4.60981 4.04169 0
      vertex 4.43588 4.14828 0
    endloop
  endfacet
  facet normal 0.328441 0.792852 0.513334
    outer loop
      vertex 4.45528 3.5 -1.06446
      vertex 4.33381 3.5 -0.986741
      vertex 4.06502 2.97248 0
    endloop
  endfacet
  facet normal 0.731718 -0.448424 0.513327
    outer loop
      vertex 3.5 6.34131 -0.746422
      vertex 3.5 6.43512 -0.664473
      vertex 3.17746 6.66946 0
    endloop
  endfacet
  facet normal -0.448421 0.73172 0.513327
    outer loop
      vertex 6.34131 3.5 -0.746422
      vertex 6.33498 2.97248 0
      vertex 6.66946 3.17746 0
    endloop
  endfacet
  facet normal -0.4484 0.731729 0.513333
    outer loop
      vertex 6.33498 2.97248 0
      vertex 6.34131 3.5 -0.746422
      vertex 6.06619 3.5 -0.986741
    endloop
  endfacet
  facet normal -0.448424 0.731718 0.513327
    outer loop
      vertex 6.66946 3.17746 0
      vertex 6.43512 3.5 -0.664473
      vertex 6.34131 3.5 -0.746422
    endloop
  endfacet
  facet normal -0.200349 0.834478 0.513329
    outer loop
      vertex 5.97254 2.82236 0
      vertex 5.75236 3.5 -1.18752
      vertex 5.61987 3.5 -1.23923
    endloop
  endfacet
  facet normal 0.792874 0.328396 0.51333
    outer loop
      vertex 2.82236 4.42746 0
      vertex 3.5 4.45528 -1.06446
      vertex 3.5 4.64764 -1.18752
    endloop
  endfacet
  facet normal 0.792872 0.328402 0.513329
    outer loop
      vertex 3.5 4.45528 -1.06446
      vertex 2.82236 4.42746 0
      vertex 2.97248 4.06502 0
    endloop
  endfacet
  facet normal 0.557338 -0.652572 0.513345
    outer loop
      vertex 3.5 6.9 -0.159728
      vertex 3.5 6.91942 -0.135041
      vertex 3.43223 6.96777 0
    endloop
  endfacet
  facet normal 0.558116 0.652321 0.512819
    outer loop
      vertex 3.61632 3.56357 -0.366834
      vertex 3.73054 3.17746 0
      vertex 3.62366 3.55729 -0.366834
    endloop
  endfacet
  facet normal 0.557252 0.652619 0.513379
    outer loop
      vertex 3.73054 3.17746 0
      vertex 3.6638 3.5327 -0.379145
      vertex 3.62366 3.55729 -0.366834
    endloop
  endfacet
  facet normal 0.557418 0.652551 0.513287
    outer loop
      vertex 3.73054 3.17746 0
      vertex 3.70729 3.51468 -0.403465
      vertex 3.6638 3.5327 -0.379145
    endloop
  endfacet
  facet normal 0.55731 0.652603 0.513337
    outer loop
      vertex 3.73054 3.17746 0
      vertex 3.75307 3.50369 -0.439195
      vertex 3.70729 3.51468 -0.403465
    endloop
  endfacet
  facet normal 0.557318 0.652599 0.513334
    outer loop
      vertex 3.73054 3.17746 0
      vertex 3.8 3.5 -0.485455
      vertex 3.75307 3.50369 -0.439195
    endloop
  endfacet
  facet normal 0.557343 0.652583 0.513327
    outer loop
      vertex 3.8 3.5 -0.485455
      vertex 3.73054 3.17746 0
      vertex 3.96488 3.5 -0.664473
    endloop
  endfacet
  facet normal 0.557334 0.652582 0.513338
    outer loop
      vertex 3.73054 3.17746 0
      vertex 3.61632 3.56357 -0.366834
      vertex 3.43223 3.43223 0
    endloop
  endfacet
  facet normal -0.652623 0.557286 0.513337
    outer loop
      vertex 6.96777 3.43223 0
      vertex 7.02564 3.5 0
      vertex 6.91942 3.5 -0.135041
    endloop
  endfacet
  facet normal 0.200349 0.834478 0.513329
    outer loop
      vertex 4.78013 3.5 -1.23923
      vertex 4.64764 3.5 -1.18752
      vertex 4.42746 2.82236 0
    endloop
  endfacet
  facet normal 0.731729 0.4484 0.513333
    outer loop
      vertex 2.97248 4.06502 0
      vertex 3.5 4.05869 -0.746422
      vertex 3.5 4.33381 -0.986741
    endloop
  endfacet
  facet normal 0.73172 0.448421 0.513327
    outer loop
      vertex 3.5 4.05869 -0.746422
      vertex 2.97248 4.06502 0
      vertex 3.17746 3.73054 0
    endloop
  endfacet
  facet normal 0.855546 0.0673363 0.513329
    outer loop
      vertex 3.5 5.06621 -1.31578
      vertex 3.5 5.2 -1.33333
      vertex 2.7 5.2 0
    endloop
  endfacet
  facet normal -0.557332 0.652579 0.513344
    outer loop
      vertex 6.87278 3.5 -0.189281
      vertex 6.66946 3.17746 0
      vertex 6.96777 3.43223 0
    endloop
  endfacet
  facet normal -0.557348 0.652579 0.513327
    outer loop
      vertex 6.66946 3.17746 0
      vertex 6.87278 3.5 -0.189281
      vertex 6.43512 3.5 -0.664473
    endloop
  endfacet
  facet normal 0.557286 -0.652623 0.513337
    outer loop
      vertex 3.5 6.91942 -0.135041
      vertex 3.5 7.02564 0
      vertex 3.43223 6.96777 0
    endloop
  endfacet
  facet normal 0.652579 -0.557332 0.513344
    outer loop
      vertex 3.17746 6.66946 0
      vertex 3.5 6.87278 -0.189281
      vertex 3.43223 6.96777 0
    endloop
  endfacet
  facet normal 0.652579 -0.557348 0.513327
    outer loop
      vertex 3.5 6.87278 -0.189281
      vertex 3.17746 6.66946 0
      vertex 3.5 6.43512 -0.664473
    endloop
  endfacet
  facet normal 0.834478 -0.200349 0.513329
    outer loop
      vertex 3.5 5.61987 -1.23923
      vertex 3.5 5.75236 -1.18752
      vertex 2.82236 5.97254 0
    endloop
  endfacet
  facet normal 0.652583 0.557343 0.513327
    outer loop
      vertex 3.17746 3.73054 0
      vertex 3.5 3.8 -0.485455
      vertex 3.5 3.96488 -0.664473
    endloop
  endfacet
  facet normal 0.652599 0.557318 0.513334
    outer loop
      vertex 3.17746 3.73054 0
      vertex 3.50369 3.75307 -0.439195
      vertex 3.5 3.8 -0.485455
    endloop
  endfacet
  facet normal 0.652603 0.55731 0.513337
    outer loop
      vertex 3.17746 3.73054 0
      vertex 3.51468 3.70729 -0.403465
      vertex 3.50369 3.75307 -0.439195
    endloop
  endfacet
  facet normal 0.652551 0.557418 0.513287
    outer loop
      vertex 3.17746 3.73054 0
      vertex 3.5327 3.6638 -0.379145
      vertex 3.51468 3.70729 -0.403465
    endloop
  endfacet
  facet normal 0.652619 0.557252 0.513379
    outer loop
      vertex 3.17746 3.73054 0
      vertex 3.55729 3.62366 -0.366834
      vertex 3.5327 3.6638 -0.379145
    endloop
  endfacet
  facet normal 0.652321 0.558116 0.512819
    outer loop
      vertex 3.17746 3.73054 0
      vertex 3.56357 3.61632 -0.366834
      vertex 3.55729 3.62366 -0.366834
    endloop
  endfacet
  facet normal 0.652582 0.557334 0.513338
    outer loop
      vertex 3.56357 3.61632 -0.366834
      vertex 3.17746 3.73054 0
      vertex 3.43223 3.43223 0
    endloop
  endfacet
  facet normal -0.557344 0.652567 0.513346
    outer loop
      vertex 6.96777 3.43223 0
      vertex 6.9 3.5 -0.159728
      vertex 6.87278 3.5 -0.189281
    endloop
  endfacet
  facet normal 0.792872 -0.328402 0.513329
    outer loop
      vertex 2.82236 5.97254 0
      vertex 3.5 5.94472 -1.06446
      vertex 2.97248 6.33498 0
    endloop
  endfacet
  facet normal 0.792874 -0.328396 0.51333
    outer loop
      vertex 3.5 5.94472 -1.06446
      vertex 2.82236 5.97254 0
      vertex 3.5 5.75236 -1.18752
    endloop
  endfacet
  facet normal 0.200345 0.834479 0.513329
    outer loop
      vertex 4.80891 2.73078 0
      vertex 4.78013 3.5 -1.23923
      vertex 4.42746 2.82236 0
    endloop
  endfacet
  facet normal 0.200329 0.834482 0.513331
    outer loop
      vertex 4.78013 3.5 -1.23923
      vertex 4.80891 2.73078 0
      vertex 4.93075 3.5 -1.29801
    endloop
  endfacet
  facet normal 0.448424 0.731718 0.513327
    outer loop
      vertex 4.05869 3.5 -0.746422
      vertex 3.96488 3.5 -0.664473
      vertex 3.73054 3.17746 0
    endloop
  endfacet
  facet normal -0.200345 0.834479 0.513329
    outer loop
      vertex 5.61987 3.5 -1.23923
      vertex 5.59109 2.73078 0
      vertex 5.97254 2.82236 0
    endloop
  endfacet
  facet normal -0.200329 0.834482 0.513331
    outer loop
      vertex 5.59109 2.73078 0
      vertex 5.61987 3.5 -1.23923
      vertex 5.46925 3.5 -1.29801
    endloop
  endfacet
  facet normal -0.328441 0.792852 0.513334
    outer loop
      vertex 6.33498 2.97248 0
      vertex 6.06619 3.5 -0.986741
      vertex 5.94472 3.5 -1.06446
    endloop
  endfacet
  facet normal -0.0673341 0.855546 0.51333
    outer loop
      vertex 5.46925 3.5 -1.29801
      vertex 5.2 2.7 0
      vertex 5.59109 2.73078 0
    endloop
  endfacet
  facet normal -0.0673398 0.855546 0.513329
    outer loop
      vertex 5.2 2.7 0
      vertex 5.46925 3.5 -1.29801
      vertex 5.33379 3.5 -1.31578
    endloop
  endfacet
  facet normal -0.0673363 0.855546 0.513329
    outer loop
      vertex 5.33379 3.5 -1.31578
      vertex 5.2 3.5 -1.33333
      vertex 5.2 2.7 0
    endloop
  endfacet
  facet normal 0.652552 0.557364 0.513342
    outer loop
      vertex 3.58787 3.58787 -0.366834
      vertex 3.56357 3.61632 -0.366834
      vertex 3.43223 3.43223 0
    endloop
  endfacet
  facet normal 0.0673341 0.855546 0.51333
    outer loop
      vertex 5.2 2.7 0
      vertex 4.93075 3.5 -1.29801
      vertex 4.80891 2.73078 0
    endloop
  endfacet
  facet normal 0.0673398 0.855546 0.513329
    outer loop
      vertex 4.93075 3.5 -1.29801
      vertex 5.2 2.7 0
      vertex 5.06621 3.5 -1.31578
    endloop
  endfacet
  facet normal 0.792852 -0.328441 0.513334
    outer loop
      vertex 3.5 5.94472 -1.06446
      vertex 3.5 6.06619 -0.986741
      vertex 2.97248 6.33498 0
    endloop
  endfacet
  facet normal -0.652572 0.557338 0.513345
    outer loop
      vertex 6.96777 3.43223 0
      vertex 6.91942 3.5 -0.135041
      vertex 6.9 3.5 -0.159728
    endloop
  endfacet
  facet normal 0.448421 0.73172 0.513327
    outer loop
      vertex 4.06502 2.97248 0
      vertex 4.05869 3.5 -0.746422
      vertex 3.73054 3.17746 0
    endloop
  endfacet
  facet normal 0.4484 0.731729 0.513333
    outer loop
      vertex 4.05869 3.5 -0.746422
      vertex 4.06502 2.97248 0
      vertex 4.33381 3.5 -0.986741
    endloop
  endfacet
  facet normal 0.855546 0.0673398 0.513329
    outer loop
      vertex 2.7 5.2 0
      vertex 3.5 4.93075 -1.29801
      vertex 3.5 5.06621 -1.31578
    endloop
  endfacet
  facet normal 0.855546 0.0673341 0.51333
    outer loop
      vertex 3.5 4.93075 -1.29801
      vertex 2.7 5.2 0
      vertex 2.73078 4.80891 0
    endloop
  endfacet
  facet normal 0.328402 0.792872 0.513329
    outer loop
      vertex 4.42746 2.82236 0
      vertex 4.45528 3.5 -1.06446
      vertex 4.06502 2.97248 0
    endloop
  endfacet
  facet normal 0.328396 0.792874 0.51333
    outer loop
      vertex 4.45528 3.5 -1.06446
      vertex 4.42746 2.82236 0
      vertex 4.64764 3.5 -1.18752
    endloop
  endfacet
  facet normal 0.557364 0.652552 0.513342
    outer loop
      vertex 3.61632 3.56357 -0.366834
      vertex 3.58787 3.58787 -0.366834
      vertex 3.43223 3.43223 0
    endloop
  endfacet
  facet normal 0.652567 -0.557344 0.513346
    outer loop
      vertex 3.5 6.87278 -0.189281
      vertex 3.5 6.9 -0.159728
      vertex 3.43223 6.96777 0
    endloop
  endfacet
  facet normal 0.834479 -0.200345 0.513329
    outer loop
      vertex 2.73078 5.59109 0
      vertex 3.5 5.61987 -1.23923
      vertex 2.82236 5.97254 0
    endloop
  endfacet
  facet normal 0.834482 -0.200329 0.513331
    outer loop
      vertex 3.5 5.61987 -1.23923
      vertex 2.73078 5.59109 0
      vertex 3.5 5.46925 -1.29801
    endloop
  endfacet
  facet normal 0.731718 0.448424 0.513327
    outer loop
      vertex 3.5 3.96488 -0.664473
      vertex 3.5 4.05869 -0.746422
      vertex 3.17746 3.73054 0
    endloop
  endfacet
  facet normal 0.834478 0.200349 0.513329
    outer loop
      vertex 3.5 4.64764 -1.18752
      vertex 3.5 4.78013 -1.23923
      vertex 2.82236 4.42746 0
    endloop
  endfacet
  facet normal 0.0673363 0.855546 0.513329
    outer loop
      vertex 5.2 2.7 0
      vertex 5.2 3.5 -1.33333
      vertex 5.06621 3.5 -1.31578
    endloop
  endfacet
  facet normal 0.792852 0.328441 0.513334
    outer loop
      vertex 3.5 4.33381 -0.986741
      vertex 3.5 4.45528 -1.06446
      vertex 2.97248 4.06502 0
    endloop
  endfacet
  facet normal 0.73172 -0.448421 0.513327
    outer loop
      vertex 2.97248 6.33498 0
      vertex 3.5 6.34131 -0.746422
      vertex 3.17746 6.66946 0
    endloop
  endfacet
  facet normal 0.731729 -0.4484 0.513333
    outer loop
      vertex 3.5 6.34131 -0.746422
      vertex 2.97248 6.33498 0
      vertex 3.5 6.06619 -0.986741
    endloop
  endfacet
  facet normal 0.855546 -0.0673363 0.513329
    outer loop
      vertex 3.5 5.2 -1.33333
      vertex 3.5 5.33379 -1.31578
      vertex 2.7 5.2 0
    endloop
  endfacet
  facet normal 0.855546 -0.0673341 0.51333
    outer loop
      vertex 2.7 5.2 0
      vertex 3.5 5.46925 -1.29801
      vertex 2.73078 5.59109 0
    endloop
  endfacet
  facet normal 0.855546 -0.0673398 0.513329
    outer loop
      vertex 3.5 5.46925 -1.29801
      vertex 2.7 5.2 0
      vertex 3.5 5.33379 -1.31578
    endloop
  endfacet
  facet normal 0.834482 0.200329 0.513331
    outer loop
      vertex 2.73078 4.80891 0
      vertex 3.5 4.78013 -1.23923
      vertex 3.5 4.93075 -1.29801
    endloop
  endfacet
  facet normal 0.834479 0.200345 0.513329
    outer loop
      vertex 3.5 4.78013 -1.23923
      vertex 2.73078 4.80891 0
      vertex 2.82236 4.42746 0
    endloop
  endfacet
  facet normal -0.328402 0.792872 0.513329
    outer loop
      vertex 5.94472 3.5 -1.06446
      vertex 5.97254 2.82236 0
      vertex 6.33498 2.97248 0
    endloop
  endfacet
  facet normal -0.328396 0.792874 0.51333
    outer loop
      vertex 5.97254 2.82236 0
      vertex 5.94472 3.5 -1.06446
      vertex 5.75236 3.5 -1.18752
    endloop
  endfacet
  facet normal 0.923822 0.382822 0
    outer loop
      vertex 33.6417 4.60981 2
      vertex 33.5636 4.79828 0
      vertex 33.5636 4.79828 2
    endloop
  endfacet
  facet normal 0.923822 0.382822 0
    outer loop
      vertex 33.5636 4.79828 0
      vertex 33.6417 4.60981 2
      vertex 33.6417 4.60981 0
    endloop
  endfacet
  facet normal 0.972394 -0.233343 0
    outer loop
      vertex 33.516 5.40336 2
      vertex 33.5636 5.60172 0
      vertex 33.5636 5.60172 2
    endloop
  endfacet
  facet normal 0.972394 -0.233343 0
    outer loop
      vertex 33.5636 5.60172 0
      vertex 33.516 5.40336 2
      vertex 33.516 5.40336 0
    endloop
  endfacet
  facet normal 0.382603 0.923913 -0
    outer loop
      vertex 34.3983 3.96363 0
      vertex 34.2098 4.04169 2
      vertex 34.3983 3.96363 2
    endloop
  endfacet
  facet normal 0.382603 0.923913 0
    outer loop
      vertex 34.2098 4.04169 2
      vertex 34.3983 3.96363 0
      vertex 34.2098 4.04169 0
    endloop
  endfacet
  facet normal -0.996919 0.0784358 0
    outer loop
      vertex 36.084 4.99664 0
      vertex 36.1 5.2 2
      vertex 36.1 5.2 0
    endloop
  endfacet
  facet normal -0.996919 0.0784358 0
    outer loop
      vertex 36.1 5.2 2
      vertex 36.084 4.99664 0
      vertex 36.084 4.99664 2
    endloop
  endfacet
  facet normal 0.233503 -0.972356 0
    outer loop
      vertex 34.3983 6.43637 0
      vertex 34.5966 6.48399 2
      vertex 34.3983 6.43637 2
    endloop
  endfacet
  facet normal 0.233503 -0.972356 0
    outer loop
      vertex 34.5966 6.48399 2
      vertex 34.3983 6.43637 0
      vertex 34.5966 6.48399 0
    endloop
  endfacet
  facet normal -0.923822 -0.382822 0
    outer loop
      vertex 36.0364 5.60172 0
      vertex 35.9583 5.79019 2
      vertex 35.9583 5.79019 0
    endloop
  endfacet
  facet normal -0.923822 -0.382822 0
    outer loop
      vertex 35.9583 5.79019 2
      vertex 36.0364 5.60172 0
      vertex 36.0364 5.60172 2
    endloop
  endfacet
  facet normal 0.76037 -0.649491 0
    outer loop
      vertex 33.7483 5.96412 2
      vertex 33.8808 6.11924 0
      vertex 33.8808 6.11924 2
    endloop
  endfacet
  facet normal 0.76037 -0.649491 0
    outer loop
      vertex 33.8808 6.11924 0
      vertex 33.7483 5.96412 2
      vertex 33.7483 5.96412 0
    endloop
  endfacet
  facet normal -0.996919 -0.0784358 0
    outer loop
      vertex 36.1 5.2 0
      vertex 36.084 5.40336 2
      vertex 36.084 5.40336 0
    endloop
  endfacet
  facet normal -0.996919 -0.0784358 0
    outer loop
      vertex 36.084 5.40336 2
      vertex 36.1 5.2 0
      vertex 36.1 5.2 2
    endloop
  endfacet
  facet normal -0.972394 -0.233343 0
    outer loop
      vertex 36.084 5.40336 0
      vertex 36.0364 5.60172 2
      vertex 36.0364 5.60172 0
    endloop
  endfacet
  facet normal -0.972394 -0.233343 0
    outer loop
      vertex 36.0364 5.60172 2
      vertex 36.084 5.40336 0
      vertex 36.084 5.40336 2
    endloop
  endfacet
  facet normal 0.996919 0.0784358 0
    outer loop
      vertex 33.516 4.99664 2
      vertex 33.5 5.2 0
      vertex 33.5 5.2 2
    endloop
  endfacet
  facet normal 0.996919 0.0784358 0
    outer loop
      vertex 33.5 5.2 0
      vertex 33.516 4.99664 2
      vertex 33.516 4.99664 0
    endloop
  endfacet
  facet normal 0.0784692 -0.996917 0
    outer loop
      vertex 34.5966 6.48399 0
      vertex 34.8 6.5 2
      vertex 34.5966 6.48399 2
    endloop
  endfacet
  facet normal 0.0784692 -0.996917 0
    outer loop
      vertex 34.8 6.5 2
      vertex 34.5966 6.48399 0
      vertex 34.8 6.5 0
    endloop
  endfacet
  facet normal 0.382603 -0.923913 0
    outer loop
      vertex 34.2098 6.35831 0
      vertex 34.3983 6.43637 2
      vertex 34.2098 6.35831 2
    endloop
  endfacet
  facet normal 0.382603 -0.923913 0
    outer loop
      vertex 34.3983 6.43637 2
      vertex 34.2098 6.35831 0
      vertex 34.3983 6.43637 0
    endloop
  endfacet
  facet normal 0.233503 0.972356 -0
    outer loop
      vertex 34.5966 3.91601 0
      vertex 34.3983 3.96363 2
      vertex 34.5966 3.91601 2
    endloop
  endfacet
  facet normal 0.233503 0.972356 0
    outer loop
      vertex 34.3983 3.96363 2
      vertex 34.5966 3.91601 0
      vertex 34.3983 3.96363 0
    endloop
  endfacet
  facet normal -0.649482 -0.760377 0
    outer loop
      vertex 35.5641 6.25172 0
      vertex 35.7192 6.11924 2
      vertex 35.5641 6.25172 2
    endloop
  endfacet
  facet normal -0.649482 -0.760377 -0
    outer loop
      vertex 35.7192 6.11924 2
      vertex 35.5641 6.25172 0
      vertex 35.7192 6.11924 0
    endloop
  endfacet
  facet normal -0.382603 -0.923913 0
    outer loop
      vertex 35.2017 6.43637 0
      vertex 35.3902 6.35831 2
      vertex 35.2017 6.43637 2
    endloop
  endfacet
  facet normal -0.382603 -0.923913 -0
    outer loop
      vertex 35.3902 6.35831 2
      vertex 35.2017 6.43637 0
      vertex 35.3902 6.35831 0
    endloop
  endfacet
  facet normal 0.972394 0.233343 0
    outer loop
      vertex 33.5636 4.79828 2
      vertex 33.516 4.99664 0
      vertex 33.516 4.99664 2
    endloop
  endfacet
  facet normal 0.972394 0.233343 0
    outer loop
      vertex 33.516 4.99664 0
      vertex 33.5636 4.79828 2
      vertex 33.5636 4.79828 0
    endloop
  endfacet
  facet normal -0.649482 0.760377 0
    outer loop
      vertex 35.7192 4.28076 0
      vertex 35.5641 4.14828 2
      vertex 35.7192 4.28076 2
    endloop
  endfacet
  facet normal -0.649482 0.760377 0
    outer loop
      vertex 35.5641 4.14828 2
      vertex 35.7192 4.28076 0
      vertex 35.5641 4.14828 0
    endloop
  endfacet
  facet normal -0.0784692 0.996917 0
    outer loop
      vertex 35.0034 3.91601 0
      vertex 34.8 3.9 2
      vertex 35.0034 3.91601 2
    endloop
  endfacet
  facet normal -0.0784692 0.996917 0
    outer loop
      vertex 34.8 3.9 2
      vertex 35.0034 3.91601 0
      vertex 34.8 3.9 0
    endloop
  endfacet
  facet normal 0.996919 -0.0784358 0
    outer loop
      vertex 33.5 5.2 2
      vertex 33.516 5.40336 0
      vertex 33.516 5.40336 2
    endloop
  endfacet
  facet normal 0.996919 -0.0784358 0
    outer loop
      vertex 33.516 5.40336 0
      vertex 33.5 5.2 2
      vertex 33.5 5.2 0
    endloop
  endfacet
  facet normal -0.852606 -0.522554 0
    outer loop
      vertex 35.9583 5.79019 0
      vertex 35.8517 5.96412 2
      vertex 35.8517 5.96412 0
    endloop
  endfacet
  facet normal -0.852606 -0.522554 0
    outer loop
      vertex 35.8517 5.96412 2
      vertex 35.9583 5.79019 0
      vertex 35.9583 5.79019 2
    endloop
  endfacet
  facet normal -0.522584 -0.852588 0
    outer loop
      vertex 35.3902 6.35831 0
      vertex 35.5641 6.25172 2
      vertex 35.3902 6.35831 2
    endloop
  endfacet
  facet normal -0.522584 -0.852588 -0
    outer loop
      vertex 35.5641 6.25172 2
      vertex 35.3902 6.35831 0
      vertex 35.5641 6.25172 0
    endloop
  endfacet
  facet normal -0.233503 -0.972356 0
    outer loop
      vertex 35.0034 6.48399 0
      vertex 35.2017 6.43637 2
      vertex 35.0034 6.48399 2
    endloop
  endfacet
  facet normal -0.233503 -0.972356 -0
    outer loop
      vertex 35.2017 6.43637 2
      vertex 35.0034 6.48399 0
      vertex 35.2017 6.43637 0
    endloop
  endfacet
  facet normal 0.522584 -0.852588 0
    outer loop
      vertex 34.0359 6.25172 0
      vertex 34.2098 6.35831 2
      vertex 34.0359 6.25172 2
    endloop
  endfacet
  facet normal 0.522584 -0.852588 0
    outer loop
      vertex 34.2098 6.35831 2
      vertex 34.0359 6.25172 0
      vertex 34.2098 6.35831 0
    endloop
  endfacet
  facet normal 0.0784692 0.996917 -0
    outer loop
      vertex 34.8 3.9 0
      vertex 34.5966 3.91601 2
      vertex 34.8 3.9 2
    endloop
  endfacet
  facet normal 0.0784692 0.996917 0
    outer loop
      vertex 34.5966 3.91601 2
      vertex 34.8 3.9 0
      vertex 34.5966 3.91601 0
    endloop
  endfacet
  facet normal -0.852606 0.522554 0
    outer loop
      vertex 35.8517 4.43588 0
      vertex 35.9583 4.60981 2
      vertex 35.9583 4.60981 0
    endloop
  endfacet
  facet normal -0.852606 0.522554 0
    outer loop
      vertex 35.9583 4.60981 2
      vertex 35.8517 4.43588 0
      vertex 35.8517 4.43588 2
    endloop
  endfacet
  facet normal 0.852606 -0.522554 0
    outer loop
      vertex 33.6417 5.79019 2
      vertex 33.7483 5.96412 0
      vertex 33.7483 5.96412 2
    endloop
  endfacet
  facet normal 0.852606 -0.522554 0
    outer loop
      vertex 33.7483 5.96412 0
      vertex 33.6417 5.79019 2
      vertex 33.6417 5.79019 0
    endloop
  endfacet
  facet normal 0.852606 0.522554 0
    outer loop
      vertex 33.7483 4.43588 2
      vertex 33.6417 4.60981 0
      vertex 33.6417 4.60981 2
    endloop
  endfacet
  facet normal 0.852606 0.522554 0
    outer loop
      vertex 33.6417 4.60981 0
      vertex 33.7483 4.43588 2
      vertex 33.7483 4.43588 0
    endloop
  endfacet
  facet normal -0.0784692 -0.996917 0
    outer loop
      vertex 34.8 6.5 0
      vertex 35.0034 6.48399 2
      vertex 34.8 6.5 2
    endloop
  endfacet
  facet normal -0.0784692 -0.996917 -0
    outer loop
      vertex 35.0034 6.48399 2
      vertex 34.8 6.5 0
      vertex 35.0034 6.48399 0
    endloop
  endfacet
  facet normal 0.649482 -0.760377 0
    outer loop
      vertex 33.8808 6.11924 0
      vertex 34.0359 6.25172 2
      vertex 33.8808 6.11924 2
    endloop
  endfacet
  facet normal 0.649482 -0.760377 0
    outer loop
      vertex 34.0359 6.25172 2
      vertex 33.8808 6.11924 0
      vertex 34.0359 6.25172 0
    endloop
  endfacet
  facet normal -0.233503 0.972356 0
    outer loop
      vertex 35.2017 3.96363 0
      vertex 35.0034 3.91601 2
      vertex 35.2017 3.96363 2
    endloop
  endfacet
  facet normal -0.233503 0.972356 0
    outer loop
      vertex 35.0034 3.91601 2
      vertex 35.2017 3.96363 0
      vertex 35.0034 3.91601 0
    endloop
  endfacet
  facet normal -0.382603 0.923913 0
    outer loop
      vertex 35.3902 4.04169 0
      vertex 35.2017 3.96363 2
      vertex 35.3902 4.04169 2
    endloop
  endfacet
  facet normal -0.382603 0.923913 0
    outer loop
      vertex 35.2017 3.96363 2
      vertex 35.3902 4.04169 0
      vertex 35.2017 3.96363 0
    endloop
  endfacet
  facet normal -0.522584 0.852588 0
    outer loop
      vertex 35.5641 4.14828 0
      vertex 35.3902 4.04169 2
      vertex 35.5641 4.14828 2
    endloop
  endfacet
  facet normal -0.522584 0.852588 0
    outer loop
      vertex 35.3902 4.04169 2
      vertex 35.5641 4.14828 0
      vertex 35.3902 4.04169 0
    endloop
  endfacet
  facet normal 0.76037 0.649491 0
    outer loop
      vertex 33.8808 4.28076 2
      vertex 33.7483 4.43588 0
      vertex 33.7483 4.43588 2
    endloop
  endfacet
  facet normal 0.76037 0.649491 0
    outer loop
      vertex 33.7483 4.43588 0
      vertex 33.8808 4.28076 2
      vertex 33.8808 4.28076 0
    endloop
  endfacet
  facet normal -0.76037 -0.649491 0
    outer loop
      vertex 35.8517 5.96412 0
      vertex 35.7192 6.11924 2
      vertex 35.7192 6.11924 0
    endloop
  endfacet
  facet normal -0.76037 -0.649491 0
    outer loop
      vertex 35.7192 6.11924 2
      vertex 35.8517 5.96412 0
      vertex 35.8517 5.96412 2
    endloop
  endfacet
  facet normal 0.923822 -0.382822 0
    outer loop
      vertex 33.5636 5.60172 2
      vertex 33.6417 5.79019 0
      vertex 33.6417 5.79019 2
    endloop
  endfacet
  facet normal 0.923822 -0.382822 0
    outer loop
      vertex 33.6417 5.79019 0
      vertex 33.5636 5.60172 2
      vertex 33.5636 5.60172 0
    endloop
  endfacet
  facet normal 0.649482 0.760377 -0
    outer loop
      vertex 34.0359 4.14828 0
      vertex 33.8808 4.28076 2
      vertex 34.0359 4.14828 2
    endloop
  endfacet
  facet normal 0.649482 0.760377 0
    outer loop
      vertex 33.8808 4.28076 2
      vertex 34.0359 4.14828 0
      vertex 33.8808 4.28076 0
    endloop
  endfacet
  facet normal -0.76037 0.649491 0
    outer loop
      vertex 35.7192 4.28076 0
      vertex 35.8517 4.43588 2
      vertex 35.8517 4.43588 0
    endloop
  endfacet
  facet normal -0.76037 0.649491 0
    outer loop
      vertex 35.8517 4.43588 2
      vertex 35.7192 4.28076 0
      vertex 35.7192 4.28076 2
    endloop
  endfacet
  facet normal -0.923822 0.382822 0
    outer loop
      vertex 35.9583 4.60981 0
      vertex 36.0364 4.79828 2
      vertex 36.0364 4.79828 0
    endloop
  endfacet
  facet normal -0.923822 0.382822 0
    outer loop
      vertex 36.0364 4.79828 2
      vertex 35.9583 4.60981 0
      vertex 35.9583 4.60981 2
    endloop
  endfacet
  facet normal -0.972394 0.233343 0
    outer loop
      vertex 36.0364 4.79828 0
      vertex 36.084 4.99664 2
      vertex 36.084 4.99664 0
    endloop
  endfacet
  facet normal -0.972394 0.233343 0
    outer loop
      vertex 36.084 4.99664 2
      vertex 36.0364 4.79828 0
      vertex 36.0364 4.79828 2
    endloop
  endfacet
  facet normal 0.522584 0.852588 -0
    outer loop
      vertex 34.2098 4.04169 0
      vertex 34.0359 4.14828 2
      vertex 34.2098 4.04169 2
    endloop
  endfacet
  facet normal 0.522584 0.852588 0
    outer loop
      vertex 34.0359 4.14828 2
      vertex 34.2098 4.04169 0
      vertex 34.0359 4.14828 0
    endloop
  endfacet
  facet normal -0.855546 -0.0673363 0.513329
    outer loop
      vertex 37.3 5.2 0
      vertex 36.5 5.33379 -1.31578
      vertex 36.5 5.2 -1.33333
    endloop
  endfacet
  facet normal -0.652627 -0.557219 0.513405
    outer loop
      vertex 36.5 6.87278 -0.189282
      vertex 36.8225 6.66946 0
      vertex 36.5678 6.96777 0
    endloop
  endfacet
  facet normal -0.652627 -0.557317 0.5133
    outer loop
      vertex 36.8225 6.66946 0
      vertex 36.5 6.87278 -0.189282
      vertex 36.5 6.43512 -0.664473
    endloop
  endfacet
  facet normal -0.557895 0.652026 0.513434
    outer loop
      vertex 36.5678 3.43223 0
      vertex 36.4121 3.58787 -0.366835
      vertex 36.3837 3.56357 -0.366835
    endloop
  endfacet
  facet normal 0.557865 0.652041 0.513448
    outer loop
      vertex 33.1272 3.5 -0.189281
      vertex 33.1 3.5 -0.159728
      vertex 33.0322 3.43223 0
    endloop
  endfacet
  facet normal -0.855547 0.0673024 0.513333
    outer loop
      vertex 36.5 4.93075 -1.29802
      vertex 37.3 5.2 0
      vertex 36.5 5.06621 -1.31578
    endloop
  endfacet
  facet normal -0.855549 0.0673781 0.513319
    outer loop
      vertex 37.3 5.2 0
      vertex 36.5 4.93075 -1.29802
      vertex 37.2692 4.80891 0
    endloop
  endfacet
  facet normal 0.200371 0.834477 0.513323
    outer loop
      vertex 34.4089 2.73078 0
      vertex 34.3801 3.5 -1.23923
      vertex 34.0275 2.82236 0
    endloop
  endfacet
  facet normal 0.200354 0.834479 0.513325
    outer loop
      vertex 34.3801 3.5 -1.23923
      vertex 34.4089 2.73078 0
      vertex 34.5307 3.5 -1.29801
    endloop
  endfacet
  facet normal -0.855546 0.0673363 0.513329
    outer loop
      vertex 37.3 5.2 0
      vertex 36.5 5.2 -1.33333
      vertex 36.5 5.06621 -1.31578
    endloop
  endfacet
  facet normal -0.834493 0.200341 0.513308
    outer loop
      vertex 37.1776 4.42746 0
      vertex 36.5 4.78013 -1.23923
      vertex 36.5 4.64764 -1.18752
    endloop
  endfacet
  facet normal -0.32836 0.792887 0.513333
    outer loop
      vertex 35.935 2.97248 0
      vertex 35.6662 3.5 -0.986741
      vertex 35.5447 3.5 -1.06446
    endloop
  endfacet
  facet normal -0.792896 -0.328368 0.513313
    outer loop
      vertex 36.5 5.94472 -1.06446
      vertex 37.1776 5.97254 0
      vertex 37.0275 6.33498 0
    endloop
  endfacet
  facet normal -0.792891 -0.328384 0.513311
    outer loop
      vertex 37.1776 5.97254 0
      vertex 36.5 5.94472 -1.06446
      vertex 36.5 5.75236 -1.18752
    endloop
  endfacet
  facet normal -0.731713 -0.448461 0.513301
    outer loop
      vertex 36.5 6.34131 -0.746423
      vertex 37.0275 6.33498 0
      vertex 36.8225 6.66946 0
    endloop
  endfacet
  facet normal -0.731742 -0.44839 0.513322
    outer loop
      vertex 37.0275 6.33498 0
      vertex 36.5 6.34131 -0.746423
      vertex 36.5 6.06619 -0.986742
    endloop
  endfacet
  facet normal 0.557333 0.652559 0.513367
    outer loop
      vertex 33.3305 3.17746 0
      vertex 33.1272 3.5 -0.189281
      vertex 33.0322 3.43223 0
    endloop
  endfacet
  facet normal 0.557337 0.652559 0.513364
    outer loop
      vertex 33.1272 3.5 -0.189281
      vertex 33.3305 3.17746 0
      vertex 33.5649 3.5 -0.664473
    endloop
  endfacet
  facet normal -0.448396 0.731722 0.513346
    outer loop
      vertex 35.9413 3.5 -0.746422
      vertex 35.935 2.97248 0
      vertex 36.2695 3.17746 0
    endloop
  endfacet
  facet normal -0.448434 0.731706 0.513335
    outer loop
      vertex 35.935 2.97248 0
      vertex 35.9413 3.5 -0.746422
      vertex 35.6662 3.5 -0.986741
    endloop
  endfacet
  facet normal 0.448501 0.731647 0.51336
    outer loop
      vertex 33.6587 3.5 -0.746422
      vertex 33.5649 3.5 -0.664473
      vertex 33.3305 3.17746 0
    endloop
  endfacet
  facet normal 0.328355 0.792889 0.513332
    outer loop
      vertex 34.0275 2.82236 0
      vertex 34.0553 3.5 -1.06446
      vertex 33.665 2.97248 0
    endloop
  endfacet
  facet normal 0.328486 0.792849 0.51331
    outer loop
      vertex 34.0553 3.5 -1.06446
      vertex 34.0275 2.82236 0
      vertex 34.2476 3.5 -1.18752
    endloop
  endfacet
  facet normal -0.200371 0.834477 0.513323
    outer loop
      vertex 35.2199 3.5 -1.23923
      vertex 35.1911 2.73078 0
      vertex 35.5725 2.82236 0
    endloop
  endfacet
  facet normal -0.200354 0.834479 0.513325
    outer loop
      vertex 35.1911 2.73078 0
      vertex 35.2199 3.5 -1.23923
      vertex 35.0693 3.5 -1.29801
    endloop
  endfacet
  facet normal 0.448396 0.731722 0.513346
    outer loop
      vertex 33.665 2.97248 0
      vertex 33.6587 3.5 -0.746422
      vertex 33.3305 3.17746 0
    endloop
  endfacet
  facet normal 0.448434 0.731706 0.513335
    outer loop
      vertex 33.6587 3.5 -0.746422
      vertex 33.665 2.97248 0
      vertex 33.9338 3.5 -0.986741
    endloop
  endfacet
  facet normal -0.834483 0.200358 0.513317
    outer loop
      vertex 36.5 4.78013 -1.23923
      vertex 37.2692 4.80891 0
      vertex 36.5 4.93075 -1.29802
    endloop
  endfacet
  facet normal -0.834478 0.200389 0.513313
    outer loop
      vertex 37.2692 4.80891 0
      vertex 36.5 4.78013 -1.23923
      vertex 37.1776 4.42746 0
    endloop
  endfacet
  facet normal -0.652406 -0.557446 0.51344
    outer loop
      vertex 36.5678 6.96777 0
      vertex 36.5 6.9 -0.159729
      vertex 36.5 6.87278 -0.189282
    endloop
  endfacet
  facet normal -0.855547 -0.0673024 0.513333
    outer loop
      vertex 37.3 5.2 0
      vertex 36.5 5.46925 -1.29802
      vertex 36.5 5.33379 -1.31578
    endloop
  endfacet
  facet normal -0.855549 -0.0673781 0.513319
    outer loop
      vertex 36.5 5.46925 -1.29802
      vertex 37.3 5.2 0
      vertex 37.2692 5.59109 0
    endloop
  endfacet
  facet normal -0.731742 0.44839 0.513322
    outer loop
      vertex 36.5 4.05869 -0.746423
      vertex 37.0275 4.06502 0
      vertex 36.5 4.33381 -0.986742
    endloop
  endfacet
  facet normal -0.731713 0.448461 0.513301
    outer loop
      vertex 37.0275 4.06502 0
      vertex 36.5 4.05869 -0.746423
      vertex 36.8225 3.73054 0
    endloop
  endfacet
  facet normal -0.792891 0.328384 0.513311
    outer loop
      vertex 36.5 4.45528 -1.06446
      vertex 37.1776 4.42746 0
      vertex 36.5 4.64764 -1.18752
    endloop
  endfacet
  facet normal -0.792896 0.328368 0.513313
    outer loop
      vertex 37.1776 4.42746 0
      vertex 36.5 4.45528 -1.06446
      vertex 37.0275 4.06502 0
    endloop
  endfacet
  facet normal -0.834478 -0.200389 0.513313
    outer loop
      vertex 36.5 5.61987 -1.23923
      vertex 37.2692 5.59109 0
      vertex 37.1776 5.97254 0
    endloop
  endfacet
  facet normal -0.834483 -0.200358 0.513317
    outer loop
      vertex 37.2692 5.59109 0
      vertex 36.5 5.61987 -1.23923
      vertex 36.5 5.46925 -1.29802
    endloop
  endfacet
  facet normal -0.792866 -0.328429 0.513321
    outer loop
      vertex 37.0275 6.33498 0
      vertex 36.5 6.06619 -0.986742
      vertex 36.5 5.94472 -1.06446
    endloop
  endfacet
  facet normal -0.55734 0.652567 0.513349
    outer loop
      vertex 36.3837 3.56357 -0.366835
      vertex 36.2695 3.17746 0
      vertex 36.5678 3.43223 0
    endloop
  endfacet
  facet normal -0.554578 0.653483 0.515173
    outer loop
      vertex 36.2695 3.17746 0
      vertex 36.3837 3.56357 -0.366835
      vertex 36.3763 3.55729 -0.366835
    endloop
  endfacet
  facet normal -0.557638 0.652434 0.513196
    outer loop
      vertex 36.3362 3.5327 -0.379146
      vertex 36.2695 3.17746 0
      vertex 36.3763 3.55729 -0.366835
    endloop
  endfacet
  facet normal -0.557337 0.652558 0.513365
    outer loop
      vertex 36.2927 3.51468 -0.403466
      vertex 36.2695 3.17746 0
      vertex 36.3362 3.5327 -0.379146
    endloop
  endfacet
  facet normal -0.557162 0.652643 0.513447
    outer loop
      vertex 36.2469 3.50369 -0.439196
      vertex 36.2695 3.17746 0
      vertex 36.2927 3.51468 -0.403466
    endloop
  endfacet
  facet normal -0.557607 0.652392 0.513283
    outer loop
      vertex 36.2 3.5 -0.485456
      vertex 36.2695 3.17746 0
      vertex 36.2469 3.50369 -0.439196
    endloop
  endfacet
  facet normal -0.557313 0.652578 0.513365
    outer loop
      vertex 36.2695 3.17746 0
      vertex 36.2 3.5 -0.485456
      vertex 36.0351 3.5 -0.664473
    endloop
  endfacet
  facet normal -0.448501 0.731647 0.51336
    outer loop
      vertex 36.2695 3.17746 0
      vertex 36.0351 3.5 -0.664473
      vertex 35.9413 3.5 -0.746422
    endloop
  endfacet
  facet normal -0.834493 -0.200341 0.513308
    outer loop
      vertex 37.1776 5.97254 0
      vertex 36.5 5.75236 -1.18752
      vertex 36.5 5.61987 -1.23923
    endloop
  endfacet
  facet normal 0.6529 0.556849 0.513459
    outer loop
      vertex 33.0322 3.43223 0
      vertex 33.0806 3.5 -0.135041
      vertex 32.9744 3.5 0
    endloop
  endfacet
  facet normal 0.0673325 0.855547 0.513328
    outer loop
      vertex 34.8 2.7 0
      vertex 34.5307 3.5 -1.29801
      vertex 34.4089 2.73078 0
    endloop
  endfacet
  facet normal 0.0673202 0.855547 0.51333
    outer loop
      vertex 34.5307 3.5 -1.29801
      vertex 34.8 2.7 0
      vertex 34.6662 3.5 -1.31578
    endloop
  endfacet
  facet normal 0.20033 0.834489 0.513318
    outer loop
      vertex 34.3801 3.5 -1.23923
      vertex 34.2476 3.5 -1.18752
      vertex 34.0275 2.82236 0
    endloop
  endfacet
  facet normal -0.55717 -0.652663 0.513413
    outer loop
      vertex 36.5678 6.96777 0
      vertex 36.5 7.02565 0
      vertex 36.5 6.91942 -0.135042
    endloop
  endfacet
  facet normal -0.20033 0.834489 0.513318
    outer loop
      vertex 35.5725 2.82236 0
      vertex 35.3524 3.5 -1.18752
      vertex 35.2199 3.5 -1.23923
    endloop
  endfacet
  facet normal -0.652632 0.557311 0.5133
    outer loop
      vertex 36.5 3.8 -0.485456
      vertex 36.8225 3.73054 0
      vertex 36.5 3.96488 -0.664473
    endloop
  endfacet
  facet normal -0.652571 0.557406 0.513273
    outer loop
      vertex 36.4963 3.75307 -0.439195
      vertex 36.8225 3.73054 0
      vertex 36.5 3.8 -0.485456
    endloop
  endfacet
  facet normal -0.652584 0.557382 0.513282
    outer loop
      vertex 36.4853 3.70729 -0.403467
      vertex 36.8225 3.73054 0
      vertex 36.4963 3.75307 -0.439195
    endloop
  endfacet
  facet normal -0.652665 0.557217 0.513359
    outer loop
      vertex 36.4673 3.6638 -0.379146
      vertex 36.8225 3.73054 0
      vertex 36.4853 3.70729 -0.403467
    endloop
  endfacet
  facet normal -0.652598 0.55738 0.513267
    outer loop
      vertex 36.4427 3.62366 -0.366834
      vertex 36.8225 3.73054 0
      vertex 36.4673 3.6638 -0.379146
    endloop
  endfacet
  facet normal -0.651864 0.559502 0.511889
    outer loop
      vertex 36.4364 3.61632 -0.366834
      vertex 36.8225 3.73054 0
      vertex 36.4427 3.62366 -0.366834
    endloop
  endfacet
  facet normal -0.652628 0.55722 0.513404
    outer loop
      vertex 36.8225 3.73054 0
      vertex 36.4364 3.61632 -0.366834
      vertex 36.5678 3.43223 0
    endloop
  endfacet
  facet normal -0.652526 0.557324 0.513419
    outer loop
      vertex 36.5678 3.43223 0
      vertex 36.4364 3.61632 -0.366834
      vertex 36.4121 3.58787 -0.366835
    endloop
  endfacet
  facet normal -0.557173 -0.652659 0.513414
    outer loop
      vertex 36.5678 6.96777 0
      vertex 36.5 6.91942 -0.135042
      vertex 36.5 6.9 -0.159729
    endloop
  endfacet
  facet normal -0.792866 0.328429 0.513321
    outer loop
      vertex 37.0275 4.06502 0
      vertex 36.5 4.45528 -1.06446
      vertex 36.5 4.33381 -0.986742
    endloop
  endfacet
  facet normal 0.653308 0.55643 0.513395
    outer loop
      vertex 33.1 3.5 -0.159728
      vertex 33.0806 3.5 -0.135041
      vertex 33.0322 3.43223 0
    endloop
  endfacet
  facet normal -0.0673325 0.855547 0.513328
    outer loop
      vertex 35.0693 3.5 -1.29801
      vertex 34.8 2.7 0
      vertex 35.1911 2.73078 0
    endloop
  endfacet
  facet normal -0.0673202 0.855547 0.51333
    outer loop
      vertex 34.8 2.7 0
      vertex 35.0693 3.5 -1.29801
      vertex 34.9338 3.5 -1.31578
    endloop
  endfacet
  facet normal -0.731757 0.4484 0.513293
    outer loop
      vertex 36.8225 3.73054 0
      vertex 36.5 4.05869 -0.746423
      vertex 36.5 3.96488 -0.664473
    endloop
  endfacet
  facet normal -0.0673313 0.855546 0.513329
    outer loop
      vertex 34.9338 3.5 -1.31578
      vertex 34.8 3.5 -1.33333
      vertex 34.8 2.7 0
    endloop
  endfacet
  facet normal -0.328355 0.792889 0.513332
    outer loop
      vertex 35.5447 3.5 -1.06446
      vertex 35.5725 2.82236 0
      vertex 35.935 2.97248 0
    endloop
  endfacet
  facet normal -0.328486 0.792849 0.51331
    outer loop
      vertex 35.5725 2.82236 0
      vertex 35.5447 3.5 -1.06446
      vertex 35.3524 3.5 -1.18752
    endloop
  endfacet
  facet normal -0.731757 -0.4484 0.513293
    outer loop
      vertex 36.8225 6.66946 0
      vertex 36.5 6.43512 -0.664473
      vertex 36.5 6.34131 -0.746423
    endloop
  endfacet
  facet normal 0.0673313 0.855546 0.513329
    outer loop
      vertex 34.8 2.7 0
      vertex 34.8 3.5 -1.33333
      vertex 34.6662 3.5 -1.31578
    endloop
  endfacet
  facet normal 0.32836 0.792887 0.513333
    outer loop
      vertex 34.0553 3.5 -1.06446
      vertex 33.9338 3.5 -0.986741
      vertex 33.665 2.97248 0
    endloop
  endfacet
  facet normal 0.233343 -0.972394 0
    outer loop
      vertex 4.79828 76.0364 0
      vertex 4.99664 76.084 2
      vertex 4.79828 76.0364 2
    endloop
  endfacet
  facet normal 0.233343 -0.972394 0
    outer loop
      vertex 4.99664 76.084 2
      vertex 4.79828 76.0364 0
      vertex 4.99664 76.084 0
    endloop
  endfacet
  facet normal -0.972356 -0.233503 0
    outer loop
      vertex 6.48399 75.0034 0
      vertex 6.43637 75.2017 2
      vertex 6.43637 75.2017 0
    endloop
  endfacet
  facet normal -0.972356 -0.233503 0
    outer loop
      vertex 6.43637 75.2017 2
      vertex 6.48399 75.0034 0
      vertex 6.48399 75.0034 2
    endloop
  endfacet
  facet normal -0.996917 -0.0784692 0
    outer loop
      vertex 6.5 74.8 0
      vertex 6.48399 75.0034 2
      vertex 6.48399 75.0034 0
    endloop
  endfacet
  facet normal -0.996917 -0.0784692 0
    outer loop
      vertex 6.48399 75.0034 2
      vertex 6.5 74.8 0
      vertex 6.5 74.8 2
    endloop
  endfacet
  facet normal -0.923913 -0.382603 0
    outer loop
      vertex 6.43637 75.2017 0
      vertex 6.35831 75.3902 2
      vertex 6.35831 75.3902 0
    endloop
  endfacet
  facet normal -0.923913 -0.382603 0
    outer loop
      vertex 6.35831 75.3902 2
      vertex 6.43637 75.2017 0
      vertex 6.43637 75.2017 2
    endloop
  endfacet
  facet normal -0.233343 -0.972394 0
    outer loop
      vertex 5.40336 76.084 0
      vertex 5.60172 76.0364 2
      vertex 5.40336 76.084 2
    endloop
  endfacet
  facet normal -0.233343 -0.972394 -0
    outer loop
      vertex 5.60172 76.0364 2
      vertex 5.40336 76.084 0
      vertex 5.60172 76.0364 0
    endloop
  endfacet
  facet normal -0.996917 0.0784692 0
    outer loop
      vertex 6.48399 74.5966 0
      vertex 6.5 74.8 2
      vertex 6.5 74.8 0
    endloop
  endfacet
  facet normal -0.996917 0.0784692 0
    outer loop
      vertex 6.5 74.8 2
      vertex 6.48399 74.5966 0
      vertex 6.48399 74.5966 2
    endloop
  endfacet
  facet normal -0.852588 -0.522584 0
    outer loop
      vertex 6.35831 75.3902 0
      vertex 6.25172 75.5641 2
      vertex 6.25172 75.5641 0
    endloop
  endfacet
  facet normal -0.852588 -0.522584 0
    outer loop
      vertex 6.25172 75.5641 2
      vertex 6.35831 75.3902 0
      vertex 6.35831 75.3902 2
    endloop
  endfacet
  facet normal -0.760377 -0.649482 0
    outer loop
      vertex 6.25172 75.5641 0
      vertex 6.11924 75.7192 2
      vertex 6.11924 75.7192 0
    endloop
  endfacet
  facet normal -0.760377 -0.649482 0
    outer loop
      vertex 6.11924 75.7192 2
      vertex 6.25172 75.5641 0
      vertex 6.25172 75.5641 2
    endloop
  endfacet
  facet normal 0.0784358 -0.996919 0
    outer loop
      vertex 4.99664 76.084 0
      vertex 5.2 76.1 2
      vertex 4.99664 76.084 2
    endloop
  endfacet
  facet normal 0.0784358 -0.996919 0
    outer loop
      vertex 5.2 76.1 2
      vertex 4.99664 76.084 0
      vertex 5.2 76.1 0
    endloop
  endfacet
  facet normal 0.522554 -0.852606 0
    outer loop
      vertex 4.43588 75.8517 0
      vertex 4.60981 75.9583 2
      vertex 4.43588 75.8517 2
    endloop
  endfacet
  facet normal 0.522554 -0.852606 0
    outer loop
      vertex 4.60981 75.9583 2
      vertex 4.43588 75.8517 0
      vertex 4.60981 75.9583 0
    endloop
  endfacet
  facet normal -0.382822 0.923822 0
    outer loop
      vertex 5.79019 73.6417 0
      vertex 5.60172 73.5636 2
      vertex 5.79019 73.6417 2
    endloop
  endfacet
  facet normal -0.382822 0.923822 0
    outer loop
      vertex 5.60172 73.5636 2
      vertex 5.79019 73.6417 0
      vertex 5.60172 73.5636 0
    endloop
  endfacet
  facet normal 0.382822 -0.923822 0
    outer loop
      vertex 4.60981 75.9583 0
      vertex 4.79828 76.0364 2
      vertex 4.60981 75.9583 2
    endloop
  endfacet
  facet normal 0.382822 -0.923822 0
    outer loop
      vertex 4.79828 76.0364 2
      vertex 4.60981 75.9583 0
      vertex 4.79828 76.0364 0
    endloop
  endfacet
  facet normal 0.972356 0.233503 0
    outer loop
      vertex 3.96363 74.3983 2
      vertex 3.91601 74.5966 0
      vertex 3.91601 74.5966 2
    endloop
  endfacet
  facet normal 0.972356 0.233503 0
    outer loop
      vertex 3.91601 74.5966 0
      vertex 3.96363 74.3983 2
      vertex 3.96363 74.3983 0
    endloop
  endfacet
  facet normal 0.649491 -0.76037 0
    outer loop
      vertex 4.28076 75.7192 0
      vertex 4.43588 75.8517 2
      vertex 4.28076 75.7192 2
    endloop
  endfacet
  facet normal 0.649491 -0.76037 0
    outer loop
      vertex 4.43588 75.8517 2
      vertex 4.28076 75.7192 0
      vertex 4.43588 75.8517 0
    endloop
  endfacet
  facet normal -0.760377 0.649482 0
    outer loop
      vertex 6.11924 73.8808 0
      vertex 6.25172 74.0359 2
      vertex 6.25172 74.0359 0
    endloop
  endfacet
  facet normal -0.760377 0.649482 0
    outer loop
      vertex 6.25172 74.0359 2
      vertex 6.11924 73.8808 0
      vertex 6.11924 73.8808 2
    endloop
  endfacet
  facet normal 0.996917 0.0784692 0
    outer loop
      vertex 3.91601 74.5966 2
      vertex 3.9 74.8 0
      vertex 3.9 74.8 2
    endloop
  endfacet
  facet normal 0.996917 0.0784692 0
    outer loop
      vertex 3.9 74.8 0
      vertex 3.91601 74.5966 2
      vertex 3.91601 74.5966 0
    endloop
  endfacet
  facet normal 0.972356 -0.233503 0
    outer loop
      vertex 3.91601 75.0034 2
      vertex 3.96363 75.2017 0
      vertex 3.96363 75.2017 2
    endloop
  endfacet
  facet normal 0.972356 -0.233503 0
    outer loop
      vertex 3.96363 75.2017 0
      vertex 3.91601 75.0034 2
      vertex 3.91601 75.0034 0
    endloop
  endfacet
  facet normal 0.760377 0.649482 0
    outer loop
      vertex 4.28076 73.8808 2
      vertex 4.14828 74.0359 0
      vertex 4.14828 74.0359 2
    endloop
  endfacet
  facet normal 0.760377 0.649482 0
    outer loop
      vertex 4.14828 74.0359 0
      vertex 4.28076 73.8808 2
      vertex 4.28076 73.8808 0
    endloop
  endfacet
  facet normal 0.0784358 0.996919 -0
    outer loop
      vertex 5.2 73.5 0
      vertex 4.99664 73.516 2
      vertex 5.2 73.5 2
    endloop
  endfacet
  facet normal 0.0784358 0.996919 0
    outer loop
      vertex 4.99664 73.516 2
      vertex 5.2 73.5 0
      vertex 4.99664 73.516 0
    endloop
  endfacet
  facet normal -0.972356 0.233503 0
    outer loop
      vertex 6.43637 74.3983 0
      vertex 6.48399 74.5966 2
      vertex 6.48399 74.5966 0
    endloop
  endfacet
  facet normal -0.972356 0.233503 0
    outer loop
      vertex 6.48399 74.5966 2
      vertex 6.43637 74.3983 0
      vertex 6.43637 74.3983 2
    endloop
  endfacet
  facet normal -0.923913 0.382603 0
    outer loop
      vertex 6.35831 74.2098 0
      vertex 6.43637 74.3983 2
      vertex 6.43637 74.3983 0
    endloop
  endfacet
  facet normal -0.923913 0.382603 0
    outer loop
      vertex 6.43637 74.3983 2
      vertex 6.35831 74.2098 0
      vertex 6.35831 74.2098 2
    endloop
  endfacet
  facet normal -0.649491 -0.76037 0
    outer loop
      vertex 5.96412 75.8517 0
      vertex 6.11924 75.7192 2
      vertex 5.96412 75.8517 2
    endloop
  endfacet
  facet normal -0.649491 -0.76037 -0
    outer loop
      vertex 6.11924 75.7192 2
      vertex 5.96412 75.8517 0
      vertex 6.11924 75.7192 0
    endloop
  endfacet
  facet normal 0.852588 -0.522584 0
    outer loop
      vertex 4.04169 75.3902 2
      vertex 4.14828 75.5641 0
      vertex 4.14828 75.5641 2
    endloop
  endfacet
  facet normal 0.852588 -0.522584 0
    outer loop
      vertex 4.14828 75.5641 0
      vertex 4.04169 75.3902 2
      vertex 4.04169 75.3902 0
    endloop
  endfacet
  facet normal -0.382822 -0.923822 0
    outer loop
      vertex 5.60172 76.0364 0
      vertex 5.79019 75.9583 2
      vertex 5.60172 76.0364 2
    endloop
  endfacet
  facet normal -0.382822 -0.923822 -0
    outer loop
      vertex 5.79019 75.9583 2
      vertex 5.60172 76.0364 0
      vertex 5.79019 75.9583 0
    endloop
  endfacet
  facet normal -0.522554 -0.852606 0
    outer loop
      vertex 5.79019 75.9583 0
      vertex 5.96412 75.8517 2
      vertex 5.79019 75.9583 2
    endloop
  endfacet
  facet normal -0.522554 -0.852606 -0
    outer loop
      vertex 5.96412 75.8517 2
      vertex 5.79019 75.9583 0
      vertex 5.96412 75.8517 0
    endloop
  endfacet
  facet normal 0.649491 0.76037 -0
    outer loop
      vertex 4.43588 73.7483 0
      vertex 4.28076 73.8808 2
      vertex 4.43588 73.7483 2
    endloop
  endfacet
  facet normal 0.649491 0.76037 0
    outer loop
      vertex 4.28076 73.8808 2
      vertex 4.43588 73.7483 0
      vertex 4.28076 73.8808 0
    endloop
  endfacet
  facet normal -0.522554 0.852606 0
    outer loop
      vertex 5.96412 73.7483 0
      vertex 5.79019 73.6417 2
      vertex 5.96412 73.7483 2
    endloop
  endfacet
  facet normal -0.522554 0.852606 0
    outer loop
      vertex 5.79019 73.6417 2
      vertex 5.96412 73.7483 0
      vertex 5.79019 73.6417 0
    endloop
  endfacet
  facet normal -0.233343 0.972394 0
    outer loop
      vertex 5.60172 73.5636 0
      vertex 5.40336 73.516 2
      vertex 5.60172 73.5636 2
    endloop
  endfacet
  facet normal -0.233343 0.972394 0
    outer loop
      vertex 5.40336 73.516 2
      vertex 5.60172 73.5636 0
      vertex 5.40336 73.516 0
    endloop
  endfacet
  facet normal 0.760377 -0.649482 0
    outer loop
      vertex 4.14828 75.5641 2
      vertex 4.28076 75.7192 0
      vertex 4.28076 75.7192 2
    endloop
  endfacet
  facet normal 0.760377 -0.649482 0
    outer loop
      vertex 4.28076 75.7192 0
      vertex 4.14828 75.5641 2
      vertex 4.14828 75.5641 0
    endloop
  endfacet
  facet normal -0.852588 0.522584 0
    outer loop
      vertex 6.25172 74.0359 0
      vertex 6.35831 74.2098 2
      vertex 6.35831 74.2098 0
    endloop
  endfacet
  facet normal -0.852588 0.522584 0
    outer loop
      vertex 6.35831 74.2098 2
      vertex 6.25172 74.0359 0
      vertex 6.25172 74.0359 2
    endloop
  endfacet
  facet normal -0.0784358 0.996919 0
    outer loop
      vertex 5.40336 73.516 0
      vertex 5.2 73.5 2
      vertex 5.40336 73.516 2
    endloop
  endfacet
  facet normal -0.0784358 0.996919 0
    outer loop
      vertex 5.2 73.5 2
      vertex 5.40336 73.516 0
      vertex 5.2 73.5 0
    endloop
  endfacet
  facet normal -0.0784358 -0.996919 0
    outer loop
      vertex 5.2 76.1 0
      vertex 5.40336 76.084 2
      vertex 5.2 76.1 2
    endloop
  endfacet
  facet normal -0.0784358 -0.996919 -0
    outer loop
      vertex 5.40336 76.084 2
      vertex 5.2 76.1 0
      vertex 5.40336 76.084 0
    endloop
  endfacet
  facet normal 0.996917 -0.0784692 0
    outer loop
      vertex 3.9 74.8 2
      vertex 3.91601 75.0034 0
      vertex 3.91601 75.0034 2
    endloop
  endfacet
  facet normal 0.996917 -0.0784692 0
    outer loop
      vertex 3.91601 75.0034 0
      vertex 3.9 74.8 2
      vertex 3.9 74.8 0
    endloop
  endfacet
  facet normal -0.649491 0.76037 0
    outer loop
      vertex 6.11924 73.8808 0
      vertex 5.96412 73.7483 2
      vertex 6.11924 73.8808 2
    endloop
  endfacet
  facet normal -0.649491 0.76037 0
    outer loop
      vertex 5.96412 73.7483 2
      vertex 6.11924 73.8808 0
      vertex 5.96412 73.7483 0
    endloop
  endfacet
  facet normal 0.923913 0.382603 0
    outer loop
      vertex 4.04169 74.2098 2
      vertex 3.96363 74.3983 0
      vertex 3.96363 74.3983 2
    endloop
  endfacet
  facet normal 0.923913 0.382603 0
    outer loop
      vertex 3.96363 74.3983 0
      vertex 4.04169 74.2098 2
      vertex 4.04169 74.2098 0
    endloop
  endfacet
  facet normal 0.522554 0.852606 -0
    outer loop
      vertex 4.60981 73.6417 0
      vertex 4.43588 73.7483 2
      vertex 4.60981 73.6417 2
    endloop
  endfacet
  facet normal 0.522554 0.852606 0
    outer loop
      vertex 4.43588 73.7483 2
      vertex 4.60981 73.6417 0
      vertex 4.43588 73.7483 0
    endloop
  endfacet
  facet normal 0.923913 -0.382603 0
    outer loop
      vertex 3.96363 75.2017 2
      vertex 4.04169 75.3902 0
      vertex 4.04169 75.3902 2
    endloop
  endfacet
  facet normal 0.923913 -0.382603 0
    outer loop
      vertex 4.04169 75.3902 0
      vertex 3.96363 75.2017 2
      vertex 3.96363 75.2017 0
    endloop
  endfacet
  facet normal 0.233343 0.972394 -0
    outer loop
      vertex 4.99664 73.516 0
      vertex 4.79828 73.5636 2
      vertex 4.99664 73.516 2
    endloop
  endfacet
  facet normal 0.233343 0.972394 0
    outer loop
      vertex 4.79828 73.5636 2
      vertex 4.99664 73.516 0
      vertex 4.79828 73.5636 0
    endloop
  endfacet
  facet normal 0.382822 0.923822 -0
    outer loop
      vertex 4.79828 73.5636 0
      vertex 4.60981 73.6417 2
      vertex 4.79828 73.5636 2
    endloop
  endfacet
  facet normal 0.382822 0.923822 0
    outer loop
      vertex 4.60981 73.6417 2
      vertex 4.79828 73.5636 0
      vertex 4.60981 73.6417 0
    endloop
  endfacet
  facet normal 0.852588 0.522584 0
    outer loop
      vertex 4.14828 74.0359 2
      vertex 4.04169 74.2098 0
      vertex 4.04169 74.2098 2
    endloop
  endfacet
  facet normal 0.852588 0.522584 0
    outer loop
      vertex 4.04169 74.2098 0
      vertex 4.14828 74.0359 2
      vertex 4.14828 74.0359 0
    endloop
  endfacet
  facet normal 0.200389 -0.834478 0.513313
    outer loop
      vertex 4.78013 76.5 -1.23923
      vertex 4.80891 77.2692 0
      vertex 4.42746 77.1776 0
    endloop
  endfacet
  facet normal 0.200358 -0.834483 0.513317
    outer loop
      vertex 4.80891 77.2692 0
      vertex 4.78013 76.5 -1.23923
      vertex 4.93075 76.5 -1.29802
    endloop
  endfacet
  facet normal -0.557219 -0.652627 0.513405
    outer loop
      vertex 6.66946 76.8225 0
      vertex 6.87278 76.5 -0.189282
      vertex 6.96777 76.5678 0
    endloop
  endfacet
  facet normal -0.557317 -0.652627 0.5133
    outer loop
      vertex 6.87278 76.5 -0.189282
      vertex 6.66946 76.8225 0
      vertex 6.43512 76.5 -0.664473
    endloop
  endfacet
  facet normal 0.731647 -0.448501 0.51336
    outer loop
      vertex 3.5 75.9413 -0.746422
      vertex 3.5 76.0351 -0.664473
      vertex 3.17746 76.2695 0
    endloop
  endfacet
  facet normal 0.792849 0.328486 0.51331
    outer loop
      vertex 2.82236 74.0275 0
      vertex 3.5 74.0553 -1.06446
      vertex 3.5 74.2476 -1.18752
    endloop
  endfacet
  facet normal 0.792889 0.328355 0.513332
    outer loop
      vertex 3.5 74.0553 -1.06446
      vertex 2.82236 74.0275 0
      vertex 2.97248 73.665 0
    endloop
  endfacet
  facet normal 0.557324 -0.652526 0.513419
    outer loop
      vertex 3.58787 76.4121 -0.366835
      vertex 3.61632 76.4364 -0.366834
      vertex 3.43223 76.5678 0
    endloop
  endfacet
  facet normal 0.556849 0.6529 0.513459
    outer loop
      vertex 3.5 72.9744 0
      vertex 3.5 73.0806 -0.135041
      vertex 3.43223 73.0322 0
    endloop
  endfacet
  facet normal 0.731706 0.448434 0.513335
    outer loop
      vertex 2.97248 73.665 0
      vertex 3.5 73.6587 -0.746422
      vertex 3.5 73.9338 -0.986741
    endloop
  endfacet
  facet normal 0.731722 0.448396 0.513346
    outer loop
      vertex 3.5 73.6587 -0.746422
      vertex 2.97248 73.665 0
      vertex 3.17746 73.3305 0
    endloop
  endfacet
  facet normal -0.557446 -0.652406 0.51344
    outer loop
      vertex 6.9 76.5 -0.159729
      vertex 6.96777 76.5678 0
      vertex 6.87278 76.5 -0.189282
    endloop
  endfacet
  facet normal 0.855546 0.0673313 0.513329
    outer loop
      vertex 3.5 74.6662 -1.31578
      vertex 3.5 74.8 -1.33333
      vertex 2.7 74.8 0
    endloop
  endfacet
  facet normal 0.448461 -0.731713 0.513301
    outer loop
      vertex 4.05869 76.5 -0.746423
      vertex 4.06502 77.0275 0
      vertex 3.73054 76.8225 0
    endloop
  endfacet
  facet normal 0.44839 -0.731742 0.513322
    outer loop
      vertex 4.06502 77.0275 0
      vertex 4.05869 76.5 -0.746423
      vertex 4.33381 76.5 -0.986742
    endloop
  endfacet
  facet normal 0.55722 -0.652628 0.513404
    outer loop
      vertex 3.61632 76.4364 -0.366834
      vertex 3.73054 76.8225 0
      vertex 3.43223 76.5678 0
    endloop
  endfacet
  facet normal 0.559502 -0.651864 0.511889
    outer loop
      vertex 3.73054 76.8225 0
      vertex 3.61632 76.4364 -0.366834
      vertex 3.62366 76.4427 -0.366834
    endloop
  endfacet
  facet normal 0.55738 -0.652598 0.513267
    outer loop
      vertex 3.6638 76.4673 -0.379146
      vertex 3.73054 76.8225 0
      vertex 3.62366 76.4427 -0.366834
    endloop
  endfacet
  facet normal 0.557217 -0.652665 0.513359
    outer loop
      vertex 3.70729 76.4853 -0.403467
      vertex 3.73054 76.8225 0
      vertex 3.6638 76.4673 -0.379146
    endloop
  endfacet
  facet normal 0.557382 -0.652584 0.513282
    outer loop
      vertex 3.75307 76.4963 -0.439195
      vertex 3.73054 76.8225 0
      vertex 3.70729 76.4853 -0.403467
    endloop
  endfacet
  facet normal 0.557406 -0.652571 0.513273
    outer loop
      vertex 3.8 76.5 -0.485456
      vertex 3.73054 76.8225 0
      vertex 3.75307 76.4963 -0.439195
    endloop
  endfacet
  facet normal 0.557311 -0.652632 0.5133
    outer loop
      vertex 3.73054 76.8225 0
      vertex 3.8 76.5 -0.485456
      vertex 3.96488 76.5 -0.664473
    endloop
  endfacet
  facet normal -0.0673781 -0.855549 0.513319
    outer loop
      vertex 5.2 77.3 0
      vertex 5.46925 76.5 -1.29802
      vertex 5.59109 77.2692 0
    endloop
  endfacet
  facet normal -0.0673024 -0.855547 0.513333
    outer loop
      vertex 5.46925 76.5 -1.29802
      vertex 5.2 77.3 0
      vertex 5.33379 76.5 -1.31578
    endloop
  endfacet
  facet normal 0.652567 -0.55734 0.513349
    outer loop
      vertex 3.17746 76.2695 0
      vertex 3.56357 76.3837 -0.366835
      vertex 3.43223 76.5678 0
    endloop
  endfacet
  facet normal 0.653483 -0.554578 0.515173
    outer loop
      vertex 3.56357 76.3837 -0.366835
      vertex 3.17746 76.2695 0
      vertex 3.55729 76.3763 -0.366835
    endloop
  endfacet
  facet normal 0.652434 -0.557638 0.513196
    outer loop
      vertex 3.55729 76.3763 -0.366835
      vertex 3.17746 76.2695 0
      vertex 3.5327 76.3362 -0.379146
    endloop
  endfacet
  facet normal 0.652558 -0.557337 0.513365
    outer loop
      vertex 3.5327 76.3362 -0.379146
      vertex 3.17746 76.2695 0
      vertex 3.51468 76.2927 -0.403466
    endloop
  endfacet
  facet normal 0.652643 -0.557162 0.513447
    outer loop
      vertex 3.17746 76.2695 0
      vertex 3.50369 76.2469 -0.439196
      vertex 3.51468 76.2927 -0.403466
    endloop
  endfacet
  facet normal 0.652392 -0.557607 0.513283
    outer loop
      vertex 3.17746 76.2695 0
      vertex 3.5 76.2 -0.485456
      vertex 3.50369 76.2469 -0.439196
    endloop
  endfacet
  facet normal 0.652578 -0.557313 0.513365
    outer loop
      vertex 3.5 76.2 -0.485456
      vertex 3.17746 76.2695 0
      vertex 3.5 76.0351 -0.664473
    endloop
  endfacet
  facet normal -0.200389 -0.834478 0.513313
    outer loop
      vertex 5.59109 77.2692 0
      vertex 5.61987 76.5 -1.23923
      vertex 5.97254 77.1776 0
    endloop
  endfacet
  facet normal -0.200358 -0.834483 0.513317
    outer loop
      vertex 5.61987 76.5 -1.23923
      vertex 5.59109 77.2692 0
      vertex 5.46925 76.5 -1.29802
    endloop
  endfacet
  facet normal 0.834489 -0.20033 0.513318
    outer loop
      vertex 3.5 75.2199 -1.23923
      vertex 3.5 75.3524 -1.18752
      vertex 2.82236 75.5725 0
    endloop
  endfacet
  facet normal 0.652559 0.557337 0.513364
    outer loop
      vertex 3.17746 73.3305 0
      vertex 3.5 73.1272 -0.189281
      vertex 3.5 73.5649 -0.664473
    endloop
  endfacet
  facet normal 0.652559 0.557333 0.513367
    outer loop
      vertex 3.5 73.1272 -0.189281
      vertex 3.17746 73.3305 0
      vertex 3.43223 73.0322 0
    endloop
  endfacet
  facet normal 0.792889 -0.328355 0.513332
    outer loop
      vertex 2.82236 75.5725 0
      vertex 3.5 75.5447 -1.06446
      vertex 2.97248 75.935 0
    endloop
  endfacet
  facet normal 0.792849 -0.328486 0.51331
    outer loop
      vertex 3.5 75.5447 -1.06446
      vertex 2.82236 75.5725 0
      vertex 3.5 75.3524 -1.18752
    endloop
  endfacet
  facet normal -0.328368 -0.792896 0.513313
    outer loop
      vertex 5.97254 77.1776 0
      vertex 5.94472 76.5 -1.06446
      vertex 6.33498 77.0275 0
    endloop
  endfacet
  facet normal -0.328384 -0.792891 0.513311
    outer loop
      vertex 5.94472 76.5 -1.06446
      vertex 5.97254 77.1776 0
      vertex 5.75236 76.5 -1.18752
    endloop
  endfacet
  facet normal 0.652041 0.557865 0.513448
    outer loop
      vertex 3.5 73.1 -0.159728
      vertex 3.5 73.1272 -0.189281
      vertex 3.43223 73.0322 0
    endloop
  endfacet
  facet normal 0.792887 -0.32836 0.513333
    outer loop
      vertex 3.5 75.5447 -1.06446
      vertex 3.5 75.6662 -0.986741
      vertex 2.97248 75.935 0
    endloop
  endfacet
  facet normal 0.200341 -0.834493 0.513308
    outer loop
      vertex 4.64764 76.5 -1.18752
      vertex 4.78013 76.5 -1.23923
      vertex 4.42746 77.1776 0
    endloop
  endfacet
  facet normal 0.855547 0.0673202 0.51333
    outer loop
      vertex 2.7 74.8 0
      vertex 3.5 74.5307 -1.29801
      vertex 3.5 74.6662 -1.31578
    endloop
  endfacet
  facet normal 0.855547 0.0673325 0.513328
    outer loop
      vertex 3.5 74.5307 -1.29801
      vertex 2.7 74.8 0
      vertex 2.73078 74.4089 0
    endloop
  endfacet
  facet normal 0.55643 0.653308 0.513395
    outer loop
      vertex 3.5 73.0806 -0.135041
      vertex 3.5 73.1 -0.159728
      vertex 3.43223 73.0322 0
    endloop
  endfacet
  facet normal 0.652026 -0.557895 0.513434
    outer loop
      vertex 3.43223 76.5678 0
      vertex 3.56357 76.3837 -0.366835
      vertex 3.58787 76.4121 -0.366835
    endloop
  endfacet
  facet normal 0.834477 -0.200371 0.513323
    outer loop
      vertex 2.73078 75.1911 0
      vertex 3.5 75.2199 -1.23923
      vertex 2.82236 75.5725 0
    endloop
  endfacet
  facet normal 0.834479 -0.200354 0.513325
    outer loop
      vertex 3.5 75.2199 -1.23923
      vertex 2.73078 75.1911 0
      vertex 3.5 75.0693 -1.29801
    endloop
  endfacet
  facet normal 0.4484 -0.731757 0.513293
    outer loop
      vertex 3.96488 76.5 -0.664473
      vertex 4.05869 76.5 -0.746423
      vertex 3.73054 76.8225 0
    endloop
  endfacet
  facet normal 0.731647 0.448501 0.51336
    outer loop
      vertex 3.5 73.5649 -0.664473
      vertex 3.5 73.6587 -0.746422
      vertex 3.17746 73.3305 0
    endloop
  endfacet
  facet normal -0.652659 -0.557173 0.513414
    outer loop
      vertex 6.91942 76.5 -0.135042
      vertex 6.96777 76.5678 0
      vertex 6.9 76.5 -0.159729
    endloop
  endfacet
  facet normal -0.652663 -0.55717 0.513413
    outer loop
      vertex 7.02565 76.5 0
      vertex 6.96777 76.5678 0
      vertex 6.91942 76.5 -0.135042
    endloop
  endfacet
  facet normal 0.834489 0.20033 0.513318
    outer loop
      vertex 3.5 74.2476 -1.18752
      vertex 3.5 74.3801 -1.23923
      vertex 2.82236 74.0275 0
    endloop
  endfacet
  facet normal 0.792887 0.32836 0.513333
    outer loop
      vertex 3.5 73.9338 -0.986741
      vertex 3.5 74.0553 -1.06446
      vertex 2.97248 73.665 0
    endloop
  endfacet
  facet normal -0.200341 -0.834493 0.513308
    outer loop
      vertex 5.75236 76.5 -1.18752
      vertex 5.97254 77.1776 0
      vertex 5.61987 76.5 -1.23923
    endloop
  endfacet
  facet normal -0.0673363 -0.855546 0.513329
    outer loop
      vertex 5.33379 76.5 -1.31578
      vertex 5.2 77.3 0
      vertex 5.2 76.5 -1.33333
    endloop
  endfacet
  facet normal -0.328429 -0.792866 0.513321
    outer loop
      vertex 6.06619 76.5 -0.986742
      vertex 6.33498 77.0275 0
      vertex 5.94472 76.5 -1.06446
    endloop
  endfacet
  facet normal 0.731722 -0.448396 0.513346
    outer loop
      vertex 2.97248 75.935 0
      vertex 3.5 75.9413 -0.746422
      vertex 3.17746 76.2695 0
    endloop
  endfacet
  facet normal 0.731706 -0.448434 0.513335
    outer loop
      vertex 3.5 75.9413 -0.746422
      vertex 2.97248 75.935 0
      vertex 3.5 75.6662 -0.986741
    endloop
  endfacet
  facet normal 0.855546 -0.0673313 0.513329
    outer loop
      vertex 3.5 74.8 -1.33333
      vertex 3.5 74.9338 -1.31578
      vertex 2.7 74.8 0
    endloop
  endfacet
  facet normal 0.855547 -0.0673325 0.513328
    outer loop
      vertex 2.7 74.8 0
      vertex 3.5 75.0693 -1.29801
      vertex 2.73078 75.1911 0
    endloop
  endfacet
  facet normal 0.855547 -0.0673202 0.51333
    outer loop
      vertex 3.5 75.0693 -1.29801
      vertex 2.7 74.8 0
      vertex 3.5 74.9338 -1.31578
    endloop
  endfacet
  facet normal 0.328429 -0.792866 0.513321
    outer loop
      vertex 4.33381 76.5 -0.986742
      vertex 4.45528 76.5 -1.06446
      vertex 4.06502 77.0275 0
    endloop
  endfacet
  facet normal 0.0673781 -0.855549 0.513319
    outer loop
      vertex 4.93075 76.5 -1.29802
      vertex 5.2 77.3 0
      vertex 4.80891 77.2692 0
    endloop
  endfacet
  facet normal 0.0673024 -0.855547 0.513333
    outer loop
      vertex 5.2 77.3 0
      vertex 4.93075 76.5 -1.29802
      vertex 5.06621 76.5 -1.31578
    endloop
  endfacet
  facet normal 0.0673363 -0.855546 0.513329
    outer loop
      vertex 5.2 76.5 -1.33333
      vertex 5.2 77.3 0
      vertex 5.06621 76.5 -1.31578
    endloop
  endfacet
  facet normal -0.448461 -0.731713 0.513301
    outer loop
      vertex 6.33498 77.0275 0
      vertex 6.34131 76.5 -0.746423
      vertex 6.66946 76.8225 0
    endloop
  endfacet
  facet normal -0.44839 -0.731742 0.513322
    outer loop
      vertex 6.34131 76.5 -0.746423
      vertex 6.33498 77.0275 0
      vertex 6.06619 76.5 -0.986742
    endloop
  endfacet
  facet normal -0.4484 -0.731757 0.513293
    outer loop
      vertex 6.43512 76.5 -0.664473
      vertex 6.66946 76.8225 0
      vertex 6.34131 76.5 -0.746423
    endloop
  endfacet
  facet normal 0.834479 0.200354 0.513325
    outer loop
      vertex 2.73078 74.4089 0
      vertex 3.5 74.3801 -1.23923
      vertex 3.5 74.5307 -1.29801
    endloop
  endfacet
  facet normal 0.834477 0.200371 0.513323
    outer loop
      vertex 3.5 74.3801 -1.23923
      vertex 2.73078 74.4089 0
      vertex 2.82236 74.0275 0
    endloop
  endfacet
  facet normal 0.328368 -0.792896 0.513313
    outer loop
      vertex 4.45528 76.5 -1.06446
      vertex 4.42746 77.1776 0
      vertex 4.06502 77.0275 0
    endloop
  endfacet
  facet normal 0.328384 -0.792891 0.513311
    outer loop
      vertex 4.42746 77.1776 0
      vertex 4.45528 76.5 -1.06446
      vertex 4.64764 76.5 -1.18752
    endloop
  endfacet
  facet normal 0.23341 -0.972378 0
    outer loop
      vertex 34.3983 76.0364 0
      vertex 34.5966 76.084 2
      vertex 34.3983 76.0364 2
    endloop
  endfacet
  facet normal 0.23341 -0.972378 0
    outer loop
      vertex 34.5966 76.084 2
      vertex 34.3983 76.0364 0
      vertex 34.5966 76.084 0
    endloop
  endfacet
  facet normal -0.972378 -0.23341 0
    outer loop
      vertex 36.084 75.0034 0
      vertex 36.0364 75.2017 2
      vertex 36.0364 75.2017 0
    endloop
  endfacet
  facet normal -0.972378 -0.23341 0
    outer loop
      vertex 36.0364 75.2017 2
      vertex 36.084 75.0034 0
      vertex 36.084 75.0034 2
    endloop
  endfacet
  facet normal -0.99692 -0.0784205 0
    outer loop
      vertex 36.1 74.8 0
      vertex 36.084 75.0034 2
      vertex 36.084 75.0034 0
    endloop
  endfacet
  facet normal -0.99692 -0.0784205 0
    outer loop
      vertex 36.084 75.0034 2
      vertex 36.1 74.8 0
      vertex 36.1 74.8 2
    endloop
  endfacet
  facet normal -0.923844 -0.38277 0
    outer loop
      vertex 36.0364 75.2017 0
      vertex 35.9583 75.3902 2
      vertex 35.9583 75.3902 0
    endloop
  endfacet
  facet normal -0.923844 -0.38277 0
    outer loop
      vertex 35.9583 75.3902 2
      vertex 36.0364 75.2017 0
      vertex 36.0364 75.2017 2
    endloop
  endfacet
  facet normal -0.23341 -0.972378 0
    outer loop
      vertex 35.0034 76.084 0
      vertex 35.2017 76.0364 2
      vertex 35.0034 76.084 2
    endloop
  endfacet
  facet normal -0.23341 -0.972378 -0
    outer loop
      vertex 35.2017 76.0364 2
      vertex 35.0034 76.084 0
      vertex 35.2017 76.0364 0
    endloop
  endfacet
  facet normal -0.99692 0.0784205 0
    outer loop
      vertex 36.084 74.5966 0
      vertex 36.1 74.8 2
      vertex 36.1 74.8 0
    endloop
  endfacet
  facet normal -0.99692 0.0784205 0
    outer loop
      vertex 36.1 74.8 2
      vertex 36.084 74.5966 0
      vertex 36.084 74.5966 2
    endloop
  endfacet
  facet normal -0.852566 -0.52262 0
    outer loop
      vertex 35.9583 75.3902 0
      vertex 35.8517 75.5641 2
      vertex 35.8517 75.5641 0
    endloop
  endfacet
  facet normal -0.852566 -0.52262 0
    outer loop
      vertex 35.8517 75.5641 2
      vertex 35.9583 75.3902 0
      vertex 35.9583 75.3902 2
    endloop
  endfacet
  facet normal -0.760328 -0.649539 0
    outer loop
      vertex 35.8517 75.5641 0
      vertex 35.7192 75.7192 2
      vertex 35.7192 75.7192 0
    endloop
  endfacet
  facet normal -0.760328 -0.649539 0
    outer loop
      vertex 35.7192 75.7192 2
      vertex 35.8517 75.5641 0
      vertex 35.8517 75.5641 2
    endloop
  endfacet
  facet normal 0.52262 -0.852566 0
    outer loop
      vertex 34.0359 75.8517 0
      vertex 34.2098 75.9583 2
      vertex 34.0359 75.8517 2
    endloop
  endfacet
  facet normal 0.52262 -0.852566 0
    outer loop
      vertex 34.2098 75.9583 2
      vertex 34.0359 75.8517 0
      vertex 34.2098 75.9583 0
    endloop
  endfacet
  facet normal -0.38277 0.923844 0
    outer loop
      vertex 35.3902 73.6417 0
      vertex 35.2017 73.5636 2
      vertex 35.3902 73.6417 2
    endloop
  endfacet
  facet normal -0.38277 0.923844 0
    outer loop
      vertex 35.2017 73.5636 2
      vertex 35.3902 73.6417 0
      vertex 35.2017 73.5636 0
    endloop
  endfacet
  facet normal 0.38277 -0.923844 0
    outer loop
      vertex 34.2098 75.9583 0
      vertex 34.3983 76.0364 2
      vertex 34.2098 75.9583 2
    endloop
  endfacet
  facet normal 0.38277 -0.923844 0
    outer loop
      vertex 34.3983 76.0364 2
      vertex 34.2098 75.9583 0
      vertex 34.3983 76.0364 0
    endloop
  endfacet
  facet normal 0.972378 0.23341 0
    outer loop
      vertex 33.5636 74.3983 2
      vertex 33.516 74.5966 0
      vertex 33.516 74.5966 2
    endloop
  endfacet
  facet normal 0.972378 0.23341 0
    outer loop
      vertex 33.516 74.5966 0
      vertex 33.5636 74.3983 2
      vertex 33.5636 74.3983 0
    endloop
  endfacet
  facet normal 0.649539 -0.760328 0
    outer loop
      vertex 33.8808 75.7192 0
      vertex 34.0359 75.8517 2
      vertex 33.8808 75.7192 2
    endloop
  endfacet
  facet normal 0.649539 -0.760328 0
    outer loop
      vertex 34.0359 75.8517 2
      vertex 33.8808 75.7192 0
      vertex 34.0359 75.8517 0
    endloop
  endfacet
  facet normal -0.760328 0.649539 0
    outer loop
      vertex 35.7192 73.8808 0
      vertex 35.8517 74.0359 2
      vertex 35.8517 74.0359 0
    endloop
  endfacet
  facet normal -0.760328 0.649539 0
    outer loop
      vertex 35.8517 74.0359 2
      vertex 35.7192 73.8808 0
      vertex 35.7192 73.8808 2
    endloop
  endfacet
  facet normal 0.99692 0.0784205 0
    outer loop
      vertex 33.516 74.5966 2
      vertex 33.5 74.8 0
      vertex 33.5 74.8 2
    endloop
  endfacet
  facet normal 0.99692 0.0784205 0
    outer loop
      vertex 33.5 74.8 0
      vertex 33.516 74.5966 2
      vertex 33.516 74.5966 0
    endloop
  endfacet
  facet normal 0.972378 -0.23341 0
    outer loop
      vertex 33.516 75.0034 2
      vertex 33.5636 75.2017 0
      vertex 33.5636 75.2017 2
    endloop
  endfacet
  facet normal 0.972378 -0.23341 0
    outer loop
      vertex 33.5636 75.2017 0
      vertex 33.516 75.0034 2
      vertex 33.516 75.0034 0
    endloop
  endfacet
  facet normal 0.760328 0.649539 0
    outer loop
      vertex 33.8808 73.8808 2
      vertex 33.7483 74.0359 0
      vertex 33.7483 74.0359 2
    endloop
  endfacet
  facet normal 0.760328 0.649539 0
    outer loop
      vertex 33.7483 74.0359 0
      vertex 33.8808 73.8808 2
      vertex 33.8808 73.8808 0
    endloop
  endfacet
  facet normal 0.0784205 0.99692 -0
    outer loop
      vertex 34.8 73.5 0
      vertex 34.5966 73.516 2
      vertex 34.8 73.5 2
    endloop
  endfacet
  facet normal 0.0784205 0.99692 0
    outer loop
      vertex 34.5966 73.516 2
      vertex 34.8 73.5 0
      vertex 34.5966 73.516 0
    endloop
  endfacet
  facet normal -0.972378 0.23341 0
    outer loop
      vertex 36.0364 74.3983 0
      vertex 36.084 74.5966 2
      vertex 36.084 74.5966 0
    endloop
  endfacet
  facet normal -0.972378 0.23341 0
    outer loop
      vertex 36.084 74.5966 2
      vertex 36.0364 74.3983 0
      vertex 36.0364 74.3983 2
    endloop
  endfacet
  facet normal -0.923844 0.38277 0
    outer loop
      vertex 35.9583 74.2098 0
      vertex 36.0364 74.3983 2
      vertex 36.0364 74.3983 0
    endloop
  endfacet
  facet normal -0.923844 0.38277 0
    outer loop
      vertex 36.0364 74.3983 2
      vertex 35.9583 74.2098 0
      vertex 35.9583 74.2098 2
    endloop
  endfacet
  facet normal -0.649539 -0.760328 0
    outer loop
      vertex 35.5641 75.8517 0
      vertex 35.7192 75.7192 2
      vertex 35.5641 75.8517 2
    endloop
  endfacet
  facet normal -0.649539 -0.760328 -0
    outer loop
      vertex 35.7192 75.7192 2
      vertex 35.5641 75.8517 0
      vertex 35.7192 75.7192 0
    endloop
  endfacet
  facet normal 0.852566 -0.52262 0
    outer loop
      vertex 33.6417 75.3902 2
      vertex 33.7483 75.5641 0
      vertex 33.7483 75.5641 2
    endloop
  endfacet
  facet normal 0.852566 -0.52262 0
    outer loop
      vertex 33.7483 75.5641 0
      vertex 33.6417 75.3902 2
      vertex 33.6417 75.3902 0
    endloop
  endfacet
  facet normal -0.38277 -0.923844 0
    outer loop
      vertex 35.2017 76.0364 0
      vertex 35.3902 75.9583 2
      vertex 35.2017 76.0364 2
    endloop
  endfacet
  facet normal -0.38277 -0.923844 -0
    outer loop
      vertex 35.3902 75.9583 2
      vertex 35.2017 76.0364 0
      vertex 35.3902 75.9583 0
    endloop
  endfacet
  facet normal -0.52262 -0.852566 0
    outer loop
      vertex 35.3902 75.9583 0
      vertex 35.5641 75.8517 2
      vertex 35.3902 75.9583 2
    endloop
  endfacet
  facet normal -0.52262 -0.852566 -0
    outer loop
      vertex 35.5641 75.8517 2
      vertex 35.3902 75.9583 0
      vertex 35.5641 75.8517 0
    endloop
  endfacet
  facet normal 0.649539 0.760328 -0
    outer loop
      vertex 34.0359 73.7483 0
      vertex 33.8808 73.8808 2
      vertex 34.0359 73.7483 2
    endloop
  endfacet
  facet normal 0.649539 0.760328 0
    outer loop
      vertex 33.8808 73.8808 2
      vertex 34.0359 73.7483 0
      vertex 33.8808 73.8808 0
    endloop
  endfacet
  facet normal -0.52262 0.852566 0
    outer loop
      vertex 35.5641 73.7483 0
      vertex 35.3902 73.6417 2
      vertex 35.5641 73.7483 2
    endloop
  endfacet
  facet normal -0.52262 0.852566 0
    outer loop
      vertex 35.3902 73.6417 2
      vertex 35.5641 73.7483 0
      vertex 35.3902 73.6417 0
    endloop
  endfacet
  facet normal -0.23341 0.972378 0
    outer loop
      vertex 35.2017 73.5636 0
      vertex 35.0034 73.516 2
      vertex 35.2017 73.5636 2
    endloop
  endfacet
  facet normal -0.23341 0.972378 0
    outer loop
      vertex 35.0034 73.516 2
      vertex 35.2017 73.5636 0
      vertex 35.0034 73.516 0
    endloop
  endfacet
  facet normal 0.760328 -0.649539 0
    outer loop
      vertex 33.7483 75.5641 2
      vertex 33.8808 75.7192 0
      vertex 33.8808 75.7192 2
    endloop
  endfacet
  facet normal 0.760328 -0.649539 0
    outer loop
      vertex 33.8808 75.7192 0
      vertex 33.7483 75.5641 2
      vertex 33.7483 75.5641 0
    endloop
  endfacet
  facet normal -0.852566 0.52262 0
    outer loop
      vertex 35.8517 74.0359 0
      vertex 35.9583 74.2098 2
      vertex 35.9583 74.2098 0
    endloop
  endfacet
  facet normal -0.852566 0.52262 0
    outer loop
      vertex 35.9583 74.2098 2
      vertex 35.8517 74.0359 0
      vertex 35.8517 74.0359 2
    endloop
  endfacet
  facet normal -0.0784205 0.99692 0
    outer loop
      vertex 35.0034 73.516 0
      vertex 34.8 73.5 2
      vertex 35.0034 73.516 2
    endloop
  endfacet
  facet normal -0.0784205 0.99692 0
    outer loop
      vertex 34.8 73.5 2
      vertex 35.0034 73.516 0
      vertex 34.8 73.5 0
    endloop
  endfacet
  facet normal -0.0784205 -0.99692 0
    outer loop
      vertex 34.8 76.1 0
      vertex 35.0034 76.084 2
      vertex 34.8 76.1 2
    endloop
  endfacet
  facet normal -0.0784205 -0.99692 -0
    outer loop
      vertex 35.0034 76.084 2
      vertex 34.8 76.1 0
      vertex 35.0034 76.084 0
    endloop
  endfacet
  facet normal 0.0784205 -0.99692 0
    outer loop
      vertex 34.5966 76.084 0
      vertex 34.8 76.1 2
      vertex 34.5966 76.084 2
    endloop
  endfacet
  facet normal 0.0784205 -0.99692 0
    outer loop
      vertex 34.8 76.1 2
      vertex 34.5966 76.084 0
      vertex 34.8 76.1 0
    endloop
  endfacet
  facet normal 0.99692 -0.0784205 0
    outer loop
      vertex 33.5 74.8 2
      vertex 33.516 75.0034 0
      vertex 33.516 75.0034 2
    endloop
  endfacet
  facet normal 0.99692 -0.0784205 0
    outer loop
      vertex 33.516 75.0034 0
      vertex 33.5 74.8 2
      vertex 33.5 74.8 0
    endloop
  endfacet
  facet normal -0.649539 0.760328 0
    outer loop
      vertex 35.7192 73.8808 0
      vertex 35.5641 73.7483 2
      vertex 35.7192 73.8808 2
    endloop
  endfacet
  facet normal -0.649539 0.760328 0
    outer loop
      vertex 35.5641 73.7483 2
      vertex 35.7192 73.8808 0
      vertex 35.5641 73.7483 0
    endloop
  endfacet
  facet normal 0.923844 0.38277 0
    outer loop
      vertex 33.6417 74.2098 2
      vertex 33.5636 74.3983 0
      vertex 33.5636 74.3983 2
    endloop
  endfacet
  facet normal 0.923844 0.38277 0
    outer loop
      vertex 33.5636 74.3983 0
      vertex 33.6417 74.2098 2
      vertex 33.6417 74.2098 0
    endloop
  endfacet
  facet normal 0.52262 0.852566 -0
    outer loop
      vertex 34.2098 73.6417 0
      vertex 34.0359 73.7483 2
      vertex 34.2098 73.6417 2
    endloop
  endfacet
  facet normal 0.52262 0.852566 0
    outer loop
      vertex 34.0359 73.7483 2
      vertex 34.2098 73.6417 0
      vertex 34.0359 73.7483 0
    endloop
  endfacet
  facet normal 0.923844 -0.38277 0
    outer loop
      vertex 33.5636 75.2017 2
      vertex 33.6417 75.3902 0
      vertex 33.6417 75.3902 2
    endloop
  endfacet
  facet normal 0.923844 -0.38277 0
    outer loop
      vertex 33.6417 75.3902 0
      vertex 33.5636 75.2017 2
      vertex 33.5636 75.2017 0
    endloop
  endfacet
  facet normal 0.23341 0.972378 -0
    outer loop
      vertex 34.5966 73.516 0
      vertex 34.3983 73.5636 2
      vertex 34.5966 73.516 2
    endloop
  endfacet
  facet normal 0.23341 0.972378 0
    outer loop
      vertex 34.3983 73.5636 2
      vertex 34.5966 73.516 0
      vertex 34.3983 73.5636 0
    endloop
  endfacet
  facet normal 0.38277 0.923844 -0
    outer loop
      vertex 34.3983 73.5636 0
      vertex 34.2098 73.6417 2
      vertex 34.3983 73.5636 2
    endloop
  endfacet
  facet normal 0.38277 0.923844 0
    outer loop
      vertex 34.2098 73.6417 2
      vertex 34.3983 73.5636 0
      vertex 34.2098 73.6417 0
    endloop
  endfacet
  facet normal 0.852566 0.52262 0
    outer loop
      vertex 33.7483 74.0359 2
      vertex 33.6417 74.2098 0
      vertex 33.6417 74.2098 2
    endloop
  endfacet
  facet normal 0.852566 0.52262 0
    outer loop
      vertex 33.6417 74.2098 0
      vertex 33.7483 74.0359 2
      vertex 33.7483 74.0359 0
    endloop
  endfacet
  facet normal -0.855546 -0.0673313 0.513329
    outer loop
      vertex 37.3 74.8 0
      vertex 36.5 74.9338 -1.31578
      vertex 36.5 74.8 -1.33333
    endloop
  endfacet
  facet normal 0.200414 -0.834475 0.513308
    outer loop
      vertex 34.3801 76.5 -1.23923
      vertex 34.4089 77.2692 0
      vertex 34.0275 77.1776 0
    endloop
  endfacet
  facet normal 0.200382 -0.834481 0.513312
    outer loop
      vertex 34.4089 77.2692 0
      vertex 34.3801 76.5 -1.23923
      vertex 34.5307 76.5 -1.29802
    endloop
  endfacet
  facet normal -0.555961 -0.653034 0.514251
    outer loop
      vertex 36.3837 76.4364 -0.366836
      vertex 36.2695 76.8225 0
      vertex 36.3763 76.4427 -0.366836
    endloop
  endfacet
  facet normal -0.557766 -0.652413 0.513082
    outer loop
      vertex 36.2695 76.8225 0
      vertex 36.3362 76.4673 -0.379148
      vertex 36.3763 76.4427 -0.366836
    endloop
  endfacet
  facet normal -0.557128 -0.652676 0.513441
    outer loop
      vertex 36.2695 76.8225 0
      vertex 36.2927 76.4853 -0.403468
      vertex 36.3362 76.4673 -0.379148
    endloop
  endfacet
  facet normal -0.557242 -0.652621 0.513388
    outer loop
      vertex 36.2695 76.8225 0
      vertex 36.2469 76.4963 -0.439197
      vertex 36.2927 76.4853 -0.403468
    endloop
  endfacet
  facet normal -0.557679 -0.652374 0.513227
    outer loop
      vertex 36.2695 76.8225 0
      vertex 36.2 76.5 -0.485456
      vertex 36.2469 76.4963 -0.439197
    endloop
  endfacet
  facet normal -0.557284 -0.652625 0.513337
    outer loop
      vertex 36.2 76.5 -0.485456
      vertex 36.2695 76.8225 0
      vertex 36.0351 76.5 -0.664473
    endloop
  endfacet
  facet normal -0.557227 -0.652614 0.513414
    outer loop
      vertex 36.2695 76.8225 0
      vertex 36.3837 76.4364 -0.366836
      vertex 36.5678 76.5678 0
    endloop
  endfacet
  facet normal 0.557968 -0.651879 0.513542
    outer loop
      vertex 33.1 76.5 -0.159729
      vertex 33.1272 76.5 -0.189282
      vertex 33.0322 76.5678 0
    endloop
  endfacet
  facet normal -0.652607 0.557306 0.513336
    outer loop
      vertex 36.5 73.1272 -0.189282
      vertex 36.8225 73.3305 0
      vertex 36.5 73.5649 -0.664473
    endloop
  endfacet
  facet normal -0.652607 0.557221 0.513428
    outer loop
      vertex 36.8225 73.3305 0
      vertex 36.5 73.1272 -0.189282
      vertex 36.5678 73.0322 0
    endloop
  endfacet
  facet normal -0.557855 -0.652 0.51351
    outer loop
      vertex 36.4121 76.4121 -0.366837
      vertex 36.5678 76.5678 0
      vertex 36.3837 76.4364 -0.366836
    endloop
  endfacet
  facet normal -0.7929 0.328347 0.51332
    outer loop
      vertex 37.0275 73.665 0
      vertex 36.5 74.0553 -1.06446
      vertex 36.5 73.9338 -0.986742
    endloop
  endfacet
  facet normal 0.448435 -0.731715 0.513321
    outer loop
      vertex 33.6587 76.5 -0.746423
      vertex 33.665 77.0275 0
      vertex 33.3305 76.8225 0
    endloop
  endfacet
  facet normal 0.448424 -0.73172 0.513324
    outer loop
      vertex 33.665 77.0275 0
      vertex 33.6587 76.5 -0.746423
      vertex 33.9338 76.5 -0.986742
    endloop
  endfacet
  facet normal -0.55668 0.652991 0.513527
    outer loop
      vertex 36.5678 73.0322 0
      vertex 36.5 73.0806 -0.135042
      vertex 36.5 72.9744 0
    endloop
  endfacet
  facet normal -0.792866 0.328474 0.513291
    outer loop
      vertex 36.5 74.0553 -1.06446
      vertex 37.1776 74.0275 0
      vertex 36.5 74.2476 -1.18752
    endloop
  endfacet
  facet normal -0.792913 0.328321 0.513317
    outer loop
      vertex 37.1776 74.0275 0
      vertex 36.5 74.0553 -1.06446
      vertex 37.0275 73.665 0
    endloop
  endfacet
  facet normal 0.557221 -0.652607 0.513428
    outer loop
      vertex 33.1272 76.5 -0.189282
      vertex 33.3305 76.8225 0
      vertex 33.0322 76.5678 0
    endloop
  endfacet
  facet normal 0.557306 -0.652607 0.513336
    outer loop
      vertex 33.3305 76.8225 0
      vertex 33.1272 76.5 -0.189282
      vertex 33.5649 76.5 -0.664473
    endloop
  endfacet
  facet normal -0.0673765 -0.85555 0.513317
    outer loop
      vertex 34.8 77.3 0
      vertex 35.0693 76.5 -1.29802
      vertex 35.1911 77.2692 0
    endloop
  endfacet
  facet normal -0.0672828 -0.855547 0.513334
    outer loop
      vertex 35.0693 76.5 -1.29802
      vertex 34.8 77.3 0
      vertex 34.9338 76.5 -1.31578
    endloop
  endfacet
  facet normal 0.652991 -0.55668 0.513527
    outer loop
      vertex 33.0806 76.5 -0.135042
      vertex 33.0322 76.5678 0
      vertex 32.9744 76.5 0
    endloop
  endfacet
  facet normal -0.200414 -0.834475 0.513308
    outer loop
      vertex 35.1911 77.2692 0
      vertex 35.2199 76.5 -1.23923
      vertex 35.5725 77.1776 0
    endloop
  endfacet
  facet normal -0.200382 -0.834481 0.513312
    outer loop
      vertex 35.2199 76.5 -1.23923
      vertex 35.1911 77.2692 0
      vertex 35.0693 76.5 -1.29802
    endloop
  endfacet
  facet normal -0.834475 -0.200414 0.513308
    outer loop
      vertex 36.5 75.2199 -1.23923
      vertex 37.2692 75.1911 0
      vertex 37.1776 75.5725 0
    endloop
  endfacet
  facet normal -0.834481 -0.200382 0.513312
    outer loop
      vertex 37.2692 75.1911 0
      vertex 36.5 75.2199 -1.23923
      vertex 36.5 75.0693 -1.29802
    endloop
  endfacet
  facet normal -0.556265 0.653395 0.513463
    outer loop
      vertex 36.5678 73.0322 0
      vertex 36.5 73.1 -0.159729
      vertex 36.5 73.0806 -0.135042
    endloop
  endfacet
  facet normal -0.328321 -0.792913 0.513317
    outer loop
      vertex 35.5725 77.1776 0
      vertex 35.5447 76.5 -1.06446
      vertex 35.935 77.0275 0
    endloop
  endfacet
  facet normal -0.328474 -0.792866 0.513291
    outer loop
      vertex 35.5447 76.5 -1.06446
      vertex 35.5725 77.1776 0
      vertex 35.3524 76.5 -1.18752
    endloop
  endfacet
  facet normal -0.834481 0.200382 0.513312
    outer loop
      vertex 36.5 74.3801 -1.23923
      vertex 37.2692 74.4089 0
      vertex 36.5 74.5307 -1.29802
    endloop
  endfacet
  facet normal -0.834475 0.200414 0.513308
    outer loop
      vertex 37.2692 74.4089 0
      vertex 36.5 74.3801 -1.23923
      vertex 37.1776 74.0275 0
    endloop
  endfacet
  facet normal 0.200322 -0.834504 0.513297
    outer loop
      vertex 34.2476 76.5 -1.18752
      vertex 34.3801 76.5 -1.23923
      vertex 34.0275 77.1776 0
    endloop
  endfacet
  facet normal -0.651879 0.557968 0.513542
    outer loop
      vertex 36.5678 73.0322 0
      vertex 36.5 73.1272 -0.189282
      vertex 36.5 73.1 -0.159729
    endloop
  endfacet
  facet normal -0.792913 -0.328321 0.513317
    outer loop
      vertex 36.5 75.5447 -1.06446
      vertex 37.1776 75.5725 0
      vertex 37.0275 75.935 0
    endloop
  endfacet
  facet normal -0.792866 -0.328474 0.513291
    outer loop
      vertex 37.1776 75.5725 0
      vertex 36.5 75.5447 -1.06446
      vertex 36.5 75.3524 -1.18752
    endloop
  endfacet
  facet normal -0.834504 -0.200322 0.513297
    outer loop
      vertex 37.1776 75.5725 0
      vertex 36.5 75.3524 -1.18752
      vertex 36.5 75.2199 -1.23923
    endloop
  endfacet
  facet normal -0.855547 -0.0672828 0.513334
    outer loop
      vertex 37.3 74.8 0
      vertex 36.5 75.0693 -1.29802
      vertex 36.5 74.9338 -1.31578
    endloop
  endfacet
  facet normal -0.85555 -0.0673765 0.513317
    outer loop
      vertex 36.5 75.0693 -1.29802
      vertex 37.3 74.8 0
      vertex 37.2692 75.1911 0
    endloop
  endfacet
  facet normal -0.855546 0.0673313 0.513329
    outer loop
      vertex 37.3 74.8 0
      vertex 36.5 74.8 -1.33333
      vertex 36.5 74.6662 -1.31578
    endloop
  endfacet
  facet normal -0.855547 0.0672828 0.513334
    outer loop
      vertex 36.5 74.5307 -1.29802
      vertex 37.3 74.8 0
      vertex 36.5 74.6662 -1.31578
    endloop
  endfacet
  facet normal -0.85555 0.0673765 0.513317
    outer loop
      vertex 37.3 74.8 0
      vertex 36.5 74.5307 -1.29802
      vertex 37.2692 74.4089 0
    endloop
  endfacet
  facet normal 0.653395 -0.556265 0.513463
    outer loop
      vertex 33.0806 76.5 -0.135042
      vertex 33.1 76.5 -0.159729
      vertex 33.0322 76.5678 0
    endloop
  endfacet
  facet normal 0.448477 -0.731686 0.513327
    outer loop
      vertex 33.5649 76.5 -0.664473
      vertex 33.6587 76.5 -0.746423
      vertex 33.3305 76.8225 0
    endloop
  endfacet
  facet normal -0.652 -0.557855 0.51351
    outer loop
      vertex 36.4364 76.3837 -0.366836
      vertex 36.5678 76.5678 0
      vertex 36.4121 76.4121 -0.366837
    endloop
  endfacet
  facet normal -0.653034 -0.555961 0.514251
    outer loop
      vertex 36.8225 76.2695 0
      vertex 36.4364 76.3837 -0.366836
      vertex 36.4427 76.3763 -0.366836
    endloop
  endfacet
  facet normal -0.652413 -0.557766 0.513082
    outer loop
      vertex 36.8225 76.2695 0
      vertex 36.4427 76.3763 -0.366836
      vertex 36.4673 76.3362 -0.379148
    endloop
  endfacet
  facet normal -0.652676 -0.557128 0.513441
    outer loop
      vertex 36.8225 76.2695 0
      vertex 36.4673 76.3362 -0.379148
      vertex 36.4853 76.2927 -0.403468
    endloop
  endfacet
  facet normal -0.652614 -0.557227 0.513414
    outer loop
      vertex 36.4364 76.3837 -0.366836
      vertex 36.8225 76.2695 0
      vertex 36.5678 76.5678 0
    endloop
  endfacet
  facet normal -0.652621 -0.557242 0.513388
    outer loop
      vertex 36.4963 76.2469 -0.439197
      vertex 36.8225 76.2695 0
      vertex 36.4853 76.2927 -0.403468
    endloop
  endfacet
  facet normal -0.652374 -0.557679 0.513227
    outer loop
      vertex 36.5 76.2 -0.485456
      vertex 36.8225 76.2695 0
      vertex 36.4963 76.2469 -0.439197
    endloop
  endfacet
  facet normal -0.652625 -0.557284 0.513337
    outer loop
      vertex 36.8225 76.2695 0
      vertex 36.5 76.2 -0.485456
      vertex 36.5 76.0351 -0.664473
    endloop
  endfacet
  facet normal -0.834504 0.200322 0.513297
    outer loop
      vertex 37.1776 74.0275 0
      vertex 36.5 74.3801 -1.23923
      vertex 36.5 74.2476 -1.18752
    endloop
  endfacet
  facet normal -0.731686 0.448477 0.513327
    outer loop
      vertex 36.8225 73.3305 0
      vertex 36.5 73.6587 -0.746423
      vertex 36.5 73.5649 -0.664473
    endloop
  endfacet
  facet normal -0.73172 0.448424 0.513324
    outer loop
      vertex 36.5 73.6587 -0.746423
      vertex 37.0275 73.665 0
      vertex 36.5 73.9338 -0.986742
    endloop
  endfacet
  facet normal -0.731715 0.448435 0.513321
    outer loop
      vertex 37.0275 73.665 0
      vertex 36.5 73.6587 -0.746423
      vertex 36.8225 73.3305 0
    endloop
  endfacet
  facet normal -0.200322 -0.834504 0.513297
    outer loop
      vertex 35.3524 76.5 -1.18752
      vertex 35.5725 77.1776 0
      vertex 35.2199 76.5 -1.23923
    endloop
  endfacet
  facet normal -0.0673313 -0.855546 0.513329
    outer loop
      vertex 34.9338 76.5 -1.31578
      vertex 34.8 77.3 0
      vertex 34.8 76.5 -1.33333
    endloop
  endfacet
  facet normal -0.328347 -0.7929 0.51332
    outer loop
      vertex 35.6662 76.5 -0.986742
      vertex 35.935 77.0275 0
      vertex 35.5447 76.5 -1.06446
    endloop
  endfacet
  facet normal -0.731686 -0.448477 0.513327
    outer loop
      vertex 36.8225 76.2695 0
      vertex 36.5 76.0351 -0.664473
      vertex 36.5 75.9413 -0.746423
    endloop
  endfacet
  facet normal -0.731715 -0.448435 0.513321
    outer loop
      vertex 36.5 75.9413 -0.746423
      vertex 37.0275 75.935 0
      vertex 36.8225 76.2695 0
    endloop
  endfacet
  facet normal -0.73172 -0.448424 0.513324
    outer loop
      vertex 37.0275 75.935 0
      vertex 36.5 75.9413 -0.746423
      vertex 36.5 75.6662 -0.986742
    endloop
  endfacet
  facet normal 0.328347 -0.7929 0.51332
    outer loop
      vertex 33.9338 76.5 -0.986742
      vertex 34.0553 76.5 -1.06446
      vertex 33.665 77.0275 0
    endloop
  endfacet
  facet normal 0.0673765 -0.85555 0.513317
    outer loop
      vertex 34.5307 76.5 -1.29802
      vertex 34.8 77.3 0
      vertex 34.4089 77.2692 0
    endloop
  endfacet
  facet normal 0.0672828 -0.855547 0.513334
    outer loop
      vertex 34.8 77.3 0
      vertex 34.5307 76.5 -1.29802
      vertex 34.6662 76.5 -1.31578
    endloop
  endfacet
  facet normal 0.0673313 -0.855546 0.513329
    outer loop
      vertex 34.8 76.5 -1.33333
      vertex 34.8 77.3 0
      vertex 34.6662 76.5 -1.31578
    endloop
  endfacet
  facet normal -0.448435 -0.731715 0.513321
    outer loop
      vertex 35.935 77.0275 0
      vertex 35.9413 76.5 -0.746423
      vertex 36.2695 76.8225 0
    endloop
  endfacet
  facet normal -0.448424 -0.73172 0.513324
    outer loop
      vertex 35.9413 76.5 -0.746423
      vertex 35.935 77.0275 0
      vertex 35.6662 76.5 -0.986742
    endloop
  endfacet
  facet normal -0.448477 -0.731686 0.513327
    outer loop
      vertex 36.0351 76.5 -0.664473
      vertex 36.2695 76.8225 0
      vertex 35.9413 76.5 -0.746423
    endloop
  endfacet
  facet normal -0.7929 -0.328347 0.51332
    outer loop
      vertex 37.0275 75.935 0
      vertex 36.5 75.6662 -0.986742
      vertex 36.5 75.5447 -1.06446
    endloop
  endfacet
  facet normal 0.328321 -0.792913 0.513317
    outer loop
      vertex 34.0553 76.5 -1.06446
      vertex 34.0275 77.1776 0
      vertex 33.665 77.0275 0
    endloop
  endfacet
  facet normal 0.328474 -0.792866 0.513291
    outer loop
      vertex 34.0275 77.1776 0
      vertex 34.0553 76.5 -1.06446
      vertex 34.2476 76.5 -1.18752
    endloop
  endfacet
  facet normal -1 0 0
    outer loop
      vertex 13.3 14 0
      vertex 13.3 24.5 2
      vertex 13.3 24.5 0
    endloop
  endfacet
  facet normal -1 -0 0
    outer loop
      vertex 13.3 24.5 2
      vertex 13.3 14 0
      vertex 13.3 14 2
    endloop
  endfacet
  facet normal 1 -0 0
    outer loop
      vertex 11.1 14 2
      vertex 11.1 24.5 0
      vertex 11.1 24.5 2
    endloop
  endfacet
  facet normal 1 0 0
    outer loop
      vertex 11.1 24.5 0
      vertex 11.1 14 2
      vertex 11.1 14 0
    endloop
  endfacet
  facet normal 0 -1 0
    outer loop
      vertex 11.1 24.5 0
      vertex 13.3 24.5 2
      vertex 11.1 24.5 2
    endloop
  endfacet
  facet normal 0 -1 -0
    outer loop
      vertex 13.3 24.5 2
      vertex 11.1 24.5 0
      vertex 13.3 24.5 0
    endloop
  endfacet
  facet normal 0 1 -0
    outer loop
      vertex 13.3 14 0
      vertex 11.1 14 2
      vertex 13.3 14 2
    endloop
  endfacet
  facet normal 0 1 0
    outer loop
      vertex 11.1 14 2
      vertex 13.3 14 0
      vertex 11.1 14 0
    endloop
  endfacet
  facet normal -1 0 0
    outer loop
      vertex 18.5 14 0
      vertex 18.5 24.5 2
      vertex 18.5 24.5 0
    endloop
  endfacet
  facet normal -1 -0 0
    outer loop
      vertex 18.5 24.5 2
      vertex 18.5 14 0
      vertex 18.5 14 2
    endloop
  endfacet
  facet normal 1 -0 0
    outer loop
      vertex 16.3 14 2
      vertex 16.3 24.5 0
      vertex 16.3 24.5 2
    endloop
  endfacet
  facet normal 1 0 0
    outer loop
      vertex 16.3 24.5 0
      vertex 16.3 14 2
      vertex 16.3 14 0
    endloop
  endfacet
  facet normal 0 -1 0
    outer loop
      vertex 16.3 24.5 0
      vertex 18.5 24.5 2
      vertex 16.3 24.5 2
    endloop
  endfacet
  facet normal 0 -1 -0
    outer loop
      vertex 18.5 24.5 2
      vertex 16.3 24.5 0
      vertex 18.5 24.5 0
    endloop
  endfacet
  facet normal 0 1 -0
    outer loop
      vertex 18.5 14 0
      vertex 16.3 14 2
      vertex 18.5 14 2
    endloop
  endfacet
  facet normal 0 1 0
    outer loop
      vertex 16.3 14 2
      vertex 18.5 14 0
      vertex 16.3 14 0
    endloop
  endfacet
  facet normal -1 0 0
    outer loop
      vertex 23.7 14 0
      vertex 23.7 24.5 2
      vertex 23.7 24.5 0
    endloop
  endfacet
  facet normal -1 -0 0
    outer loop
      vertex 23.7 24.5 2
      vertex 23.7 14 0
      vertex 23.7 14 2
    endloop
  endfacet
  facet normal 1 -0 0
    outer loop
      vertex 21.5 14 2
      vertex 21.5 24.5 0
      vertex 21.5 24.5 2
    endloop
  endfacet
  facet normal 1 0 0
    outer loop
      vertex 21.5 24.5 0
      vertex 21.5 14 2
      vertex 21.5 14 0
    endloop
  endfacet
  facet normal 0 -1 0
    outer loop
      vertex 21.5 24.5 0
      vertex 23.7 24.5 2
      vertex 21.5 24.5 2
    endloop
  endfacet
  facet normal 0 -1 -0
    outer loop
      vertex 23.7 24.5 2
      vertex 21.5 24.5 0
      vertex 23.7 24.5 0
    endloop
  endfacet
  facet normal 0 1 -0
    outer loop
      vertex 23.7 14 0
      vertex 21.5 14 2
      vertex 23.7 14 2
    endloop
  endfacet
  facet normal 0 1 0
    outer loop
      vertex 21.5 14 2
      vertex 23.7 14 0
      vertex 21.5 14 0
    endloop
  endfacet
  facet normal -1 0 0
    outer loop
      vertex 28.9 14 0
      vertex 28.9 24.5 2
      vertex 28.9 24.5 0
    endloop
  endfacet
  facet normal -1 -0 0
    outer loop
      vertex 28.9 24.5 2
      vertex 28.9 14 0
      vertex 28.9 14 2
    endloop
  endfacet
  facet normal 1 -0 0
    outer loop
      vertex 26.7 14 2
      vertex 26.7 24.5 0
      vertex 26.7 24.5 2
    endloop
  endfacet
  facet normal 1 0 0
    outer loop
      vertex 26.7 24.5 0
      vertex 26.7 14 2
      vertex 26.7 14 0
    endloop
  endfacet
  facet normal 0 -1 0
    outer loop
      vertex 26.7 24.5 0
      vertex 28.9 24.5 2
      vertex 26.7 24.5 2
    endloop
  endfacet
  facet normal 0 -1 -0
    outer loop
      vertex 28.9 24.5 2
      vertex 26.7 24.5 0
      vertex 28.9 24.5 0
    endloop
  endfacet
  facet normal 0 1 -0
    outer loop
      vertex 28.9 14 0
      vertex 26.7 14 2
      vertex 28.9 14 2
    endloop
  endfacet
  facet normal 0 1 0
    outer loop
      vertex 26.7 14 2
      vertex 28.9 14 0
      vertex 26.7 14 0
    endloop
  endfacet
endsolid OpenSCAD_Model
