solid OpenSCAD_Model
  facet normal 0.649385 -0.760459 0
    outer loop
      vertex 38.5572 0.66844 0
      vertex 38.9749 1.02513 60
      vertex 38.5572 0.66844 60
    endloop
  endfacet
  facet normal 0.649385 -0.760459 0
    outer loop
      vertex 38.9749 1.02513 60
      vertex 38.5572 0.66844 0
      vertex 38.9749 1.02513 0
    endloop
  endfacet
  facet normal -0.852639 -0.522501 0
    outer loop
      vertex 0.66844 1.44275 0
      vertex 0.381476 1.91103 60
      vertex 0.381476 1.91103 0
    endloop
  endfacet
  facet normal -0.852639 -0.522501 0
    outer loop
      vertex 0.381476 1.91103 60
      vertex 0.66844 1.44275 0
      vertex 0.66844 1.44275 60
    endloop
  endfacet
  facet normal -1 0 0
    outer loop
      vertex 0 33.5 0
      vertex 0 10 10
      vertex 0 33.5 2
    endloop
  endfacet
  facet normal -1 0 0
    outer loop
      vertex 0 3.5 0
      vertex 0 10 12.2
      vertex 0 10 10
    endloop
  endfacet
  facet normal -1 -0 0
    outer loop
      vertex 0 10 12.2
      vertex 0 3.5 0
      vertex 0 10 14.5
    endloop
  endfacet
  facet normal -1 -0 0
    outer loop
      vertex 0 10 14.5
      vertex 0 3.5 0
      vertex 0 10 16.7
    endloop
  endfacet
  facet normal -1 -0 0
    outer loop
      vertex 0 10 16.7
      vertex 0 3.5 0
      vertex 0 10 19
    endloop
  endfacet
  facet normal -1 -0 0
    outer loop
      vertex 0 10 19
      vertex 0 3.5 0
      vertex 0 10 21.2
    endloop
  endfacet
  facet normal -1 -0 0
    outer loop
      vertex 0 10 21.2
      vertex 0 3.5 0
      vertex 0 10 23.5
    endloop
  endfacet
  facet normal -1 -0 0
    outer loop
      vertex 0 10 23.5
      vertex 0 3.5 0
      vertex 0 10 25.7
    endloop
  endfacet
  facet normal -1 -0 0
    outer loop
      vertex 0 10 25.7
      vertex 0 3.5 0
      vertex 0 10 28
    endloop
  endfacet
  facet normal -1 -0 0
    outer loop
      vertex 0 10 28
      vertex 0 3.5 0
      vertex 0 10 30.2
    endloop
  endfacet
  facet normal -1 0 0
    outer loop
      vertex 0 3.5 60
      vertex 0 10 30.2
      vertex 0 3.5 0
    endloop
  endfacet
  facet normal -1 0 0
    outer loop
      vertex 0 10 30.2
      vertex 0 3.5 60
      vertex 0 10 32.5
    endloop
  endfacet
  facet normal -1 0 0
    outer loop
      vertex 0 10 32.5
      vertex 0 3.5 60
      vertex 0 10 34.7
    endloop
  endfacet
  facet normal -1 0 0
    outer loop
      vertex 0 10 34.7
      vertex 0 3.5 60
      vertex 0 10 37
    endloop
  endfacet
  facet normal -1 0 0
    outer loop
      vertex 0 10 37
      vertex 0 3.5 60
      vertex 0 10 39.2
    endloop
  endfacet
  facet normal -1 0 0
    outer loop
      vertex 0 10 39.2
      vertex 0 3.5 60
      vertex 0 10 41.5
    endloop
  endfacet
  facet normal -1 0 0
    outer loop
      vertex 0 10 41.5
      vertex 0 3.5 60
      vertex 0 10 43.7
    endloop
  endfacet
  facet normal -1 0 0
    outer loop
      vertex 0 10 43.7
      vertex 0 3.5 60
      vertex 0 10 46
    endloop
  endfacet
  facet normal -1 0 0
    outer loop
      vertex 0 10 48.2
      vertex 0 3.5 60
      vertex 0 10 50.5
    endloop
  endfacet
  facet normal -1 0 0
    outer loop
      vertex 0 10 46
      vertex 0 3.5 60
      vertex 0 10 48.2
    endloop
  endfacet
  facet normal -1 0 0
    outer loop
      vertex 0 3.5 0
      vertex 0 10 10
      vertex 0 33.5 0
    endloop
  endfacet
  facet normal -1 0 0
    outer loop
      vertex 0 10 48.2
      vertex 0 70 50.5
      vertex 0 70 48.2
    endloop
  endfacet
  facet normal -1 -0 0
    outer loop
      vertex 0 70 50.5
      vertex 0 10 48.2
      vertex 0 10 50.5
    endloop
  endfacet
  facet normal -1 0 0
    outer loop
      vertex 0 10 43.7
      vertex 0 70 46
      vertex 0 70 43.7
    endloop
  endfacet
  facet normal -1 -0 0
    outer loop
      vertex 0 70 46
      vertex 0 10 43.7
      vertex 0 10 46
    endloop
  endfacet
  facet normal -1 0 0
    outer loop
      vertex 0 10 39.2
      vertex 0 70 41.5
      vertex 0 70 39.2
    endloop
  endfacet
  facet normal -1 -0 0
    outer loop
      vertex 0 70 41.5
      vertex 0 10 39.2
      vertex 0 10 41.5
    endloop
  endfacet
  facet normal -1 0 0
    outer loop
      vertex 0 10 34.7
      vertex 0 70 37
      vertex 0 70 34.7
    endloop
  endfacet
  facet normal -1 -0 0
    outer loop
      vertex 0 70 37
      vertex 0 10 34.7
      vertex 0 10 37
    endloop
  endfacet
  facet normal -1 0 0
    outer loop
      vertex 0 10 30.2
      vertex 0 70 32.5
      vertex 0 70 30.2
    endloop
  endfacet
  facet normal -1 -0 0
    outer loop
      vertex 0 70 32.5
      vertex 0 10 30.2
      vertex 0 10 32.5
    endloop
  endfacet
  facet normal -1 0 0
    outer loop
      vertex 0 10 25.7
      vertex 0 70 28
      vertex 0 70 25.7
    endloop
  endfacet
  facet normal -1 -0 0
    outer loop
      vertex 0 70 28
      vertex 0 10 25.7
      vertex 0 10 28
    endloop
  endfacet
  facet normal -1 0 0
    outer loop
      vertex 0 10 21.2
      vertex 0 70 23.5
      vertex 0 70 21.2
    endloop
  endfacet
  facet normal -1 -0 0
    outer loop
      vertex 0 70 23.5
      vertex 0 10 21.2
      vertex 0 10 23.5
    endloop
  endfacet
  facet normal -1 0 0
    outer loop
      vertex 0 10 16.7
      vertex 0 70 19
      vertex 0 70 16.7
    endloop
  endfacet
  facet normal -1 -0 0
    outer loop
      vertex 0 70 19
      vertex 0 10 16.7
      vertex 0 10 19
    endloop
  endfacet
  facet normal -1 0 0
    outer loop
      vertex 0 10 12.2
      vertex 0 70 14.5
      vertex 0 70 12.2
    endloop
  endfacet
  facet normal -1 -0 0
    outer loop
      vertex 0 70 14.5
      vertex 0 10 12.2
      vertex 0 10 14.5
    endloop
  endfacet
  facet normal -1 0 0
    outer loop
      vertex 0 70 12.2
      vertex 0 76.5 0
      vertex 0 70 10
    endloop
  endfacet
  facet normal -1 0 0
    outer loop
      vertex 0 46.5 0
      vertex 0 70 10
      vertex 0 76.5 0
    endloop
  endfacet
  facet normal -1 0 0
    outer loop
      vertex 0 46.5 2
      vertex 0 70 10
      vertex 0 46.5 0
    endloop
  endfacet
  facet normal -1 0 0
    outer loop
      vertex 0 33.5 2
      vertex 0 70 10
      vertex 0 46.5 2
    endloop
  endfacet
  facet normal -1 -0 0
    outer loop
      vertex 0 70 10
      vertex 0 33.5 2
      vertex 0 10 10
    endloop
  endfacet
  facet normal -1 0 0
    outer loop
      vertex 0 70 14.5
      vertex 0 76.5 0
      vertex 0 70 12.2
    endloop
  endfacet
  facet normal -1 0 0
    outer loop
      vertex 0 70 16.7
      vertex 0 76.5 0
      vertex 0 70 14.5
    endloop
  endfacet
  facet normal -1 0 0
    outer loop
      vertex 0 70 19
      vertex 0 76.5 0
      vertex 0 70 16.7
    endloop
  endfacet
  facet normal -1 0 0
    outer loop
      vertex 0 70 21.2
      vertex 0 76.5 0
      vertex 0 70 19
    endloop
  endfacet
  facet normal -1 0 0
    outer loop
      vertex 0 70 23.5
      vertex 0 76.5 0
      vertex 0 70 21.2
    endloop
  endfacet
  facet normal -1 0 0
    outer loop
      vertex 0 70 25.7
      vertex 0 76.5 0
      vertex 0 70 23.5
    endloop
  endfacet
  facet normal -1 0 0
    outer loop
      vertex 0 70 28
      vertex 0 76.5 0
      vertex 0 70 25.7
    endloop
  endfacet
  facet normal -1 0 0
    outer loop
      vertex 0 70 30.2
      vertex 0 76.5 0
      vertex 0 70 28
    endloop
  endfacet
  facet normal -1 0 0
    outer loop
      vertex 0 76.5 0
      vertex 0 70 30.2
      vertex 0 76.5 60
    endloop
  endfacet
  facet normal -1 0 0
    outer loop
      vertex 0 70 32.5
      vertex 0 76.5 60
      vertex 0 70 30.2
    endloop
  endfacet
  facet normal -1 0 0
    outer loop
      vertex 0 70 34.7
      vertex 0 76.5 60
      vertex 0 70 32.5
    endloop
  endfacet
  facet normal -1 0 0
    outer loop
      vertex 0 70 37
      vertex 0 76.5 60
      vertex 0 70 34.7
    endloop
  endfacet
  facet normal -1 0 0
    outer loop
      vertex 0 70 39.2
      vertex 0 76.5 60
      vertex 0 70 37
    endloop
  endfacet
  facet normal -1 0 0
    outer loop
      vertex 0 70 41.5
      vertex 0 76.5 60
      vertex 0 70 39.2
    endloop
  endfacet
  facet normal -1 0 0
    outer loop
      vertex 0 70 43.7
      vertex 0 76.5 60
      vertex 0 70 41.5
    endloop
  endfacet
  facet normal -1 0 0
    outer loop
      vertex 0 70 46
      vertex 0 76.5 60
      vertex 0 70 43.7
    endloop
  endfacet
  facet normal -1 0 0
    outer loop
      vertex 0 70 48.2
      vertex 0 76.5 60
      vertex 0 70 46
    endloop
  endfacet
  facet normal -1 0 0
    outer loop
      vertex 0 70 50.5
      vertex 0 76.5 60
      vertex 0 70 48.2
    endloop
  endfacet
  facet normal -1 0 0
    outer loop
      vertex 0 70 52.7
      vertex 0 76.5 60
      vertex 0 70 50.5
    endloop
  endfacet
  facet normal -1 0 0
    outer loop
      vertex 0 10 52.7
      vertex 0 76.5 60
      vertex 0 70 52.7
    endloop
  endfacet
  facet normal -1 0 0
    outer loop
      vertex 0 10 52.7
      vertex 0 3.5 60
      vertex 0 76.5 60
    endloop
  endfacet
  facet normal -1 0 0
    outer loop
      vertex 0 10 50.5
      vertex 0 3.5 60
      vertex 0 10 52.7
    endloop
  endfacet
  facet normal -0.923878 0.382687 0
    outer loop
      vertex 0.171302 77.5816 0
      vertex 0.381476 78.089 60
      vertex 0.381476 78.089 0
    endloop
  endfacet
  facet normal -0.923878 0.382687 0
    outer loop
      vertex 0.381476 78.089 60
      vertex 0.171302 77.5816 0
      vertex 0.171302 77.5816 60
    endloop
  endfacet
  facet normal 0 1 0
    outer loop
      vertex 36.5 80 60
      vertex 32 80 52.7
      vertex 3.5 80 60
    endloop
  endfacet
  facet normal 0 1 0
    outer loop
      vertex 36.5 80 60
      vertex 32 80 50.5
      vertex 32 80 52.7
    endloop
  endfacet
  facet normal 0 1 0
    outer loop
      vertex 32 80 50.5
      vertex 32 80 48.2
      vertex 8 80 50.5
    endloop
  endfacet
  facet normal 0 1 0
    outer loop
      vertex 36.5 80 60
      vertex 32 80 48.2
      vertex 32 80 50.5
    endloop
  endfacet
  facet normal 0 1 0
    outer loop
      vertex 36.5 80 60
      vertex 32 80 46
      vertex 32 80 48.2
    endloop
  endfacet
  facet normal 0 1 0
    outer loop
      vertex 32 80 46
      vertex 32 80 43.7
      vertex 8 80 46
    endloop
  endfacet
  facet normal 0 1 0
    outer loop
      vertex 36.5 80 60
      vertex 32 80 43.7
      vertex 32 80 46
    endloop
  endfacet
  facet normal 0 1 0
    outer loop
      vertex 36.5 80 60
      vertex 32 80 41.5
      vertex 32 80 43.7
    endloop
  endfacet
  facet normal 0 1 0
    outer loop
      vertex 32 80 41.5
      vertex 32 80 39.2
      vertex 8 80 41.5
    endloop
  endfacet
  facet normal 0 1 0
    outer loop
      vertex 36.5 80 60
      vertex 32 80 39.2
      vertex 32 80 41.5
    endloop
  endfacet
  facet normal 0 1 0
    outer loop
      vertex 36.5 80 60
      vertex 32 80 37
      vertex 32 80 39.2
    endloop
  endfacet
  facet normal 0 1 0
    outer loop
      vertex 32 80 37
      vertex 32 80 34.7
      vertex 8 80 37
    endloop
  endfacet
  facet normal 0 1 0
    outer loop
      vertex 36.5 80 60
      vertex 32 80 34.7
      vertex 32 80 37
    endloop
  endfacet
  facet normal 0 1 0
    outer loop
      vertex 36.5 80 60
      vertex 32 80 32.5
      vertex 32 80 34.7
    endloop
  endfacet
  facet normal 0 1 0
    outer loop
      vertex 32 80 32.5
      vertex 32 80 30.2
      vertex 8 80 32.5
    endloop
  endfacet
  facet normal 0 1 0
    outer loop
      vertex 36.5 80 60
      vertex 32 80 30.2
      vertex 32 80 32.5
    endloop
  endfacet
  facet normal 0 1 0
    outer loop
      vertex 36.5 80 60
      vertex 32 80 28
      vertex 32 80 30.2
    endloop
  endfacet
  facet normal 0 1 0
    outer loop
      vertex 32 80 28
      vertex 32 80 25.7
      vertex 8 80 28
    endloop
  endfacet
  facet normal 0 1 -0
    outer loop
      vertex 36.5 80 0
      vertex 32 80 28
      vertex 36.5 80 60
    endloop
  endfacet
  facet normal 0 1 0
    outer loop
      vertex 32 80 28
      vertex 36.5 80 0
      vertex 32 80 25.7
    endloop
  endfacet
  facet normal 0 1 0
    outer loop
      vertex 32 80 23.5
      vertex 32 80 21.2
      vertex 8 80 23.5
    endloop
  endfacet
  facet normal 0 1 0
    outer loop
      vertex 32 80 25.7
      vertex 36.5 80 0
      vertex 32 80 23.5
    endloop
  endfacet
  facet normal 0 1 0
    outer loop
      vertex 32 80 23.5
      vertex 36.5 80 0
      vertex 32 80 21.2
    endloop
  endfacet
  facet normal 0 1 0
    outer loop
      vertex 32 80 19
      vertex 32 80 16.7
      vertex 8 80 19
    endloop
  endfacet
  facet normal 0 1 0
    outer loop
      vertex 32 80 21.2
      vertex 36.5 80 0
      vertex 32 80 19
    endloop
  endfacet
  facet normal 0 1 0
    outer loop
      vertex 32 80 19
      vertex 36.5 80 0
      vertex 32 80 16.7
    endloop
  endfacet
  facet normal 0 1 0
    outer loop
      vertex 32 80 14.5
      vertex 32 80 12.2
      vertex 8 80 14.5
    endloop
  endfacet
  facet normal 0 1 0
    outer loop
      vertex 32 80 16.7
      vertex 36.5 80 0
      vertex 32 80 14.5
    endloop
  endfacet
  facet normal 0 1 0
    outer loop
      vertex 32 80 14.5
      vertex 36.5 80 0
      vertex 32 80 12.2
    endloop
  endfacet
  facet normal 0 1 0
    outer loop
      vertex 32 80 10
      vertex 36.5 80 0
      vertex 8 80 10
    endloop
  endfacet
  facet normal 0 1 0
    outer loop
      vertex 32 80 12.2
      vertex 36.5 80 0
      vertex 32 80 10
    endloop
  endfacet
  facet normal 0 1 -0
    outer loop
      vertex 8 80 52.7
      vertex 3.5 80 60
      vertex 32 80 52.7
    endloop
  endfacet
  facet normal 0 1 -0
    outer loop
      vertex 8 80 50.5
      vertex 3.5 80 60
      vertex 8 80 52.7
    endloop
  endfacet
  facet normal 0 1 0
    outer loop
      vertex 8 80 48.2
      vertex 8 80 50.5
      vertex 32 80 48.2
    endloop
  endfacet
  facet normal 0 1 -0
    outer loop
      vertex 8 80 48.2
      vertex 3.5 80 60
      vertex 8 80 50.5
    endloop
  endfacet
  facet normal 0 1 -0
    outer loop
      vertex 8 80 46
      vertex 3.5 80 60
      vertex 8 80 48.2
    endloop
  endfacet
  facet normal 0 1 0
    outer loop
      vertex 8 80 43.7
      vertex 8 80 46
      vertex 32 80 43.7
    endloop
  endfacet
  facet normal 0 1 -0
    outer loop
      vertex 8 80 43.7
      vertex 3.5 80 60
      vertex 8 80 46
    endloop
  endfacet
  facet normal 0 1 -0
    outer loop
      vertex 8 80 41.5
      vertex 3.5 80 60
      vertex 8 80 43.7
    endloop
  endfacet
  facet normal 0 1 0
    outer loop
      vertex 8 80 39.2
      vertex 8 80 41.5
      vertex 32 80 39.2
    endloop
  endfacet
  facet normal 0 1 -0
    outer loop
      vertex 8 80 39.2
      vertex 3.5 80 60
      vertex 8 80 41.5
    endloop
  endfacet
  facet normal 0 1 -0
    outer loop
      vertex 8 80 37
      vertex 3.5 80 60
      vertex 8 80 39.2
    endloop
  endfacet
  facet normal 0 1 0
    outer loop
      vertex 8 80 34.7
      vertex 8 80 37
      vertex 32 80 34.7
    endloop
  endfacet
  facet normal 0 1 -0
    outer loop
      vertex 8 80 34.7
      vertex 3.5 80 60
      vertex 8 80 37
    endloop
  endfacet
  facet normal 0 1 -0
    outer loop
      vertex 8 80 32.5
      vertex 3.5 80 60
      vertex 8 80 34.7
    endloop
  endfacet
  facet normal 0 1 0
    outer loop
      vertex 8 80 30.2
      vertex 8 80 32.5
      vertex 32 80 30.2
    endloop
  endfacet
  facet normal 0 1 -0
    outer loop
      vertex 8 80 30.2
      vertex 3.5 80 60
      vertex 8 80 32.5
    endloop
  endfacet
  facet normal 0 1 -0
    outer loop
      vertex 8 80 28
      vertex 3.5 80 60
      vertex 8 80 30.2
    endloop
  endfacet
  facet normal 0 1 0
    outer loop
      vertex 8 80 25.7
      vertex 8 80 28
      vertex 32 80 25.7
    endloop
  endfacet
  facet normal 0 1 0
    outer loop
      vertex 3.5 80 0
      vertex 8 80 28
      vertex 8 80 25.7
    endloop
  endfacet
  facet normal 0 1 0
    outer loop
      vertex 3.5 80 0
      vertex 8 80 25.7
      vertex 8 80 23.5
    endloop
  endfacet
  facet normal 0 1 0
    outer loop
      vertex 8 80 21.2
      vertex 8 80 23.5
      vertex 32 80 21.2
    endloop
  endfacet
  facet normal 0 1 0
    outer loop
      vertex 3.5 80 0
      vertex 8 80 23.5
      vertex 8 80 21.2
    endloop
  endfacet
  facet normal 0 1 0
    outer loop
      vertex 3.5 80 0
      vertex 8 80 21.2
      vertex 8 80 19
    endloop
  endfacet
  facet normal 0 1 0
    outer loop
      vertex 8 80 16.7
      vertex 8 80 19
      vertex 32 80 16.7
    endloop
  endfacet
  facet normal 0 1 0
    outer loop
      vertex 3.5 80 0
      vertex 8 80 19
      vertex 8 80 16.7
    endloop
  endfacet
  facet normal 0 1 0
    outer loop
      vertex 3.5 80 0
      vertex 8 80 16.7
      vertex 8 80 14.5
    endloop
  endfacet
  facet normal 0 1 0
    outer loop
      vertex 8 80 12.2
      vertex 8 80 14.5
      vertex 32 80 12.2
    endloop
  endfacet
  facet normal 0 1 0
    outer loop
      vertex 3.5 80 0
      vertex 8 80 14.5
      vertex 8 80 12.2
    endloop
  endfacet
  facet normal 0 1 0
    outer loop
      vertex 3.5 80 0
      vertex 8 80 12.2
      vertex 8 80 10
    endloop
  endfacet
  facet normal 0 1 0
    outer loop
      vertex 8 80 28
      vertex 3.5 80 0
      vertex 3.5 80 60
    endloop
  endfacet
  facet normal 0 1 0
    outer loop
      vertex 3.5 80 0
      vertex 8 80 10
      vertex 36.5 80 0
    endloop
  endfacet
  facet normal 0.923864 -0.382721 0
    outer loop
      vertex 39.6185 1.91103 60
      vertex 39.8287 2.41844 0
      vertex 39.8287 2.41844 60
    endloop
  endfacet
  facet normal 0.923864 -0.382721 0
    outer loop
      vertex 39.8287 2.41844 0
      vertex 39.6185 1.91103 60
      vertex 39.6185 1.91103 0
    endloop
  endfacet
  facet normal -0.760383 0.649475 0
    outer loop
      vertex 0.66844 78.5573 0
      vertex 1.02513 78.9749 60
      vertex 1.02513 78.9749 0
    endloop
  endfacet
  facet normal -0.760383 0.649475 0
    outer loop
      vertex 1.02513 78.9749 60
      vertex 0.66844 78.5573 0
      vertex 0.66844 78.5573 60
    endloop
  endfacet
  facet normal 0.2334 0.972381 -0
    outer loop
      vertex 37.5816 79.8287 0
      vertex 37.0475 79.9569 60
      vertex 37.5816 79.8287 60
    endloop
  endfacet
  facet normal 0.2334 0.972381 0
    outer loop
      vertex 37.0475 79.9569 60
      vertex 37.5816 79.8287 0
      vertex 37.0475 79.9569 0
    endloop
  endfacet
  facet normal 0.760389 -0.649468 0
    outer loop
      vertex 38.9749 1.02513 60
      vertex 39.3316 1.44275 0
      vertex 39.3316 1.44275 60
    endloop
  endfacet
  facet normal 0.760389 -0.649468 0
    outer loop
      vertex 39.3316 1.44275 0
      vertex 38.9749 1.02513 60
      vertex 38.9749 1.02513 0
    endloop
  endfacet
  facet normal 0 -1 0
    outer loop
      vertex 3.5 0 60
      vertex 16.5 0 11
      vertex 36.5 0 60
    endloop
  endfacet
  facet normal 0 -1 0
    outer loop
      vertex 3.5 0 0
      vertex 16.5 0 11
      vertex 3.5 0 60
    endloop
  endfacet
  facet normal 0 -1 -0
    outer loop
      vertex 16.5 0 6
      vertex 3.5 0 0
      vertex 23.5 0 6
    endloop
  endfacet
  facet normal 0 -1 -0
    outer loop
      vertex 16.5 0 11
      vertex 3.5 0 0
      vertex 16.5 0 6
    endloop
  endfacet
  facet normal 0 -1 0
    outer loop
      vertex 23.5 0 11
      vertex 36.5 0 60
      vertex 16.5 0 11
    endloop
  endfacet
  facet normal 0 -1 0
    outer loop
      vertex 36.5 0 0
      vertex 23.5 0 11
      vertex 23.5 0 6
    endloop
  endfacet
  facet normal 0 -1 0
    outer loop
      vertex 23.5 0 11
      vertex 36.5 0 0
      vertex 36.5 0 60
    endloop
  endfacet
  facet normal 0 -1 0
    outer loop
      vertex 36.5 0 0
      vertex 23.5 0 6
      vertex 3.5 0 0
    endloop
  endfacet
  facet normal 0.972375 -0.233425 0
    outer loop
      vertex 39.8287 2.41844 60
      vertex 39.9569 2.95248 0
      vertex 39.9569 2.95248 60
    endloop
  endfacet
  facet normal 0.972375 -0.233425 0
    outer loop
      vertex 39.9569 2.95248 0
      vertex 39.8287 2.41844 60
      vertex 39.8287 2.41844 0
    endloop
  endfacet
  facet normal 1 0 0
    outer loop
      vertex 40 70 10
      vertex 40 33.5 2
      vertex 40 46.5 2
    endloop
  endfacet
  facet normal 1 -0 0
    outer loop
      vertex 40 10 10
      vertex 40 33.5 2
      vertex 40 70 10
    endloop
  endfacet
  facet normal 1 0 0
    outer loop
      vertex 40 10 10
      vertex 40 33.5 0
      vertex 40 33.5 2
    endloop
  endfacet
  facet normal 1 0 0
    outer loop
      vertex 40 10 10
      vertex 40 3.5 0
      vertex 40 33.5 0
    endloop
  endfacet
  facet normal 1 0 0
    outer loop
      vertex 40 10 12.2
      vertex 40 3.5 0
      vertex 40 10 10
    endloop
  endfacet
  facet normal 1 -0 0
    outer loop
      vertex 40 10 14.5
      vertex 40 70 12.2
      vertex 40 70 14.5
    endloop
  endfacet
  facet normal 1 0 0
    outer loop
      vertex 40 70 12.2
      vertex 40 10 14.5
      vertex 40 10 12.2
    endloop
  endfacet
  facet normal 1 -0 0
    outer loop
      vertex 40 10 19
      vertex 40 70 16.7
      vertex 40 70 19
    endloop
  endfacet
  facet normal 1 0 0
    outer loop
      vertex 40 70 16.7
      vertex 40 10 19
      vertex 40 10 16.7
    endloop
  endfacet
  facet normal 1 -0 0
    outer loop
      vertex 40 10 23.5
      vertex 40 70 21.2
      vertex 40 70 23.5
    endloop
  endfacet
  facet normal 1 0 0
    outer loop
      vertex 40 70 21.2
      vertex 40 10 23.5
      vertex 40 10 21.2
    endloop
  endfacet
  facet normal 1 -0 0
    outer loop
      vertex 40 10 28
      vertex 40 70 25.7
      vertex 40 70 28
    endloop
  endfacet
  facet normal 1 0 0
    outer loop
      vertex 40 70 25.7
      vertex 40 10 28
      vertex 40 10 25.7
    endloop
  endfacet
  facet normal 1 -0 0
    outer loop
      vertex 40 10 32.5
      vertex 40 70 30.2
      vertex 40 70 32.5
    endloop
  endfacet
  facet normal 1 0 0
    outer loop
      vertex 40 70 30.2
      vertex 40 10 32.5
      vertex 40 10 30.2
    endloop
  endfacet
  facet normal 1 -0 0
    outer loop
      vertex 40 10 37
      vertex 40 70 34.7
      vertex 40 70 37
    endloop
  endfacet
  facet normal 1 0 0
    outer loop
      vertex 40 70 34.7
      vertex 40 10 37
      vertex 40 10 34.7
    endloop
  endfacet
  facet normal 1 -0 0
    outer loop
      vertex 40 10 41.5
      vertex 40 70 39.2
      vertex 40 70 41.5
    endloop
  endfacet
  facet normal 1 0 0
    outer loop
      vertex 40 70 39.2
      vertex 40 10 41.5
      vertex 40 10 39.2
    endloop
  endfacet
  facet normal 1 -0 0
    outer loop
      vertex 40 10 46
      vertex 40 70 43.7
      vertex 40 70 46
    endloop
  endfacet
  facet normal 1 0 0
    outer loop
      vertex 40 70 43.7
      vertex 40 10 46
      vertex 40 10 43.7
    endloop
  endfacet
  facet normal 1 -0 0
    outer loop
      vertex 40 10 50.5
      vertex 40 70 48.2
      vertex 40 70 50.5
    endloop
  endfacet
  facet normal 1 0 0
    outer loop
      vertex 40 70 48.2
      vertex 40 10 50.5
      vertex 40 10 48.2
    endloop
  endfacet
  facet normal 1 0 0
    outer loop
      vertex 40 70 50.5
      vertex 40 76.5 60
      vertex 40 70 52.7
    endloop
  endfacet
  facet normal 1 0 0
    outer loop
      vertex 40 76.5 60
      vertex 40 10 52.7
      vertex 40 70 52.7
    endloop
  endfacet
  facet normal 1 0 0
    outer loop
      vertex 40 3.5 60
      vertex 40 10 50.5
      vertex 40 10 52.7
    endloop
  endfacet
  facet normal 1 0 0
    outer loop
      vertex 40 10 50.5
      vertex 40 3.5 60
      vertex 40 10 48.2
    endloop
  endfacet
  facet normal 1 0 0
    outer loop
      vertex 40 10 48.2
      vertex 40 3.5 60
      vertex 40 10 46
    endloop
  endfacet
  facet normal 1 0 0
    outer loop
      vertex 40 10 46
      vertex 40 3.5 60
      vertex 40 10 43.7
    endloop
  endfacet
  facet normal 1 0 0
    outer loop
      vertex 40 10 43.7
      vertex 40 3.5 60
      vertex 40 10 41.5
    endloop
  endfacet
  facet normal 1 0 0
    outer loop
      vertex 40 10 41.5
      vertex 40 3.5 60
      vertex 40 10 39.2
    endloop
  endfacet
  facet normal 1 0 0
    outer loop
      vertex 40 10 39.2
      vertex 40 3.5 60
      vertex 40 10 37
    endloop
  endfacet
  facet normal 1 0 0
    outer loop
      vertex 40 10 37
      vertex 40 3.5 60
      vertex 40 10 34.7
    endloop
  endfacet
  facet normal 1 0 0
    outer loop
      vertex 40 10 34.7
      vertex 40 3.5 60
      vertex 40 10 32.5
    endloop
  endfacet
  facet normal 1 0 0
    outer loop
      vertex 40 10 32.5
      vertex 40 3.5 60
      vertex 40 10 30.2
    endloop
  endfacet
  facet normal 1 0 0
    outer loop
      vertex 40 3.5 0
      vertex 40 10 30.2
      vertex 40 3.5 60
    endloop
  endfacet
  facet normal 1 0 0
    outer loop
      vertex 40 10 30.2
      vertex 40 3.5 0
      vertex 40 10 28
    endloop
  endfacet
  facet normal 1 0 0
    outer loop
      vertex 40 10 28
      vertex 40 3.5 0
      vertex 40 10 25.7
    endloop
  endfacet
  facet normal 1 0 0
    outer loop
      vertex 40 10 25.7
      vertex 40 3.5 0
      vertex 40 10 23.5
    endloop
  endfacet
  facet normal 1 0 0
    outer loop
      vertex 40 10 23.5
      vertex 40 3.5 0
      vertex 40 10 21.2
    endloop
  endfacet
  facet normal 1 0 0
    outer loop
      vertex 40 10 21.2
      vertex 40 3.5 0
      vertex 40 10 19
    endloop
  endfacet
  facet normal 1 0 0
    outer loop
      vertex 40 10 19
      vertex 40 3.5 0
      vertex 40 10 16.7
    endloop
  endfacet
  facet normal 1 0 0
    outer loop
      vertex 40 10 16.7
      vertex 40 3.5 0
      vertex 40 10 14.5
    endloop
  endfacet
  facet normal 1 0 0
    outer loop
      vertex 40 10 14.5
      vertex 40 3.5 0
      vertex 40 10 12.2
    endloop
  endfacet
  facet normal 1 -0 0
    outer loop
      vertex 40 3.5 60
      vertex 40 10 52.7
      vertex 40 76.5 60
    endloop
  endfacet
  facet normal 1 0 0
    outer loop
      vertex 40 70 48.2
      vertex 40 76.5 60
      vertex 40 70 50.5
    endloop
  endfacet
  facet normal 1 0 0
    outer loop
      vertex 40 70 46
      vertex 40 76.5 60
      vertex 40 70 48.2
    endloop
  endfacet
  facet normal 1 0 0
    outer loop
      vertex 40 70 43.7
      vertex 40 76.5 60
      vertex 40 70 46
    endloop
  endfacet
  facet normal 1 0 0
    outer loop
      vertex 40 70 41.5
      vertex 40 76.5 60
      vertex 40 70 43.7
    endloop
  endfacet
  facet normal 1 0 0
    outer loop
      vertex 40 70 39.2
      vertex 40 76.5 60
      vertex 40 70 41.5
    endloop
  endfacet
  facet normal 1 0 0
    outer loop
      vertex 40 70 37
      vertex 40 76.5 60
      vertex 40 70 39.2
    endloop
  endfacet
  facet normal 1 0 0
    outer loop
      vertex 40 70 34.7
      vertex 40 76.5 60
      vertex 40 70 37
    endloop
  endfacet
  facet normal 1 0 0
    outer loop
      vertex 40 70 32.5
      vertex 40 76.5 60
      vertex 40 70 34.7
    endloop
  endfacet
  facet normal 1 0 0
    outer loop
      vertex 40 70 30.2
      vertex 40 76.5 60
      vertex 40 70 32.5
    endloop
  endfacet
  facet normal 1 0 0
    outer loop
      vertex 40 76.5 60
      vertex 40 70 30.2
      vertex 40 76.5 0
    endloop
  endfacet
  facet normal 1 -0 0
    outer loop
      vertex 40 70 28
      vertex 40 76.5 0
      vertex 40 70 30.2
    endloop
  endfacet
  facet normal 1 -0 0
    outer loop
      vertex 40 70 25.7
      vertex 40 76.5 0
      vertex 40 70 28
    endloop
  endfacet
  facet normal 1 -0 0
    outer loop
      vertex 40 70 23.5
      vertex 40 76.5 0
      vertex 40 70 25.7
    endloop
  endfacet
  facet normal 1 -0 0
    outer loop
      vertex 40 70 21.2
      vertex 40 76.5 0
      vertex 40 70 23.5
    endloop
  endfacet
  facet normal 1 -0 0
    outer loop
      vertex 40 70 19
      vertex 40 76.5 0
      vertex 40 70 21.2
    endloop
  endfacet
  facet normal 1 -0 0
    outer loop
      vertex 40 70 16.7
      vertex 40 76.5 0
      vertex 40 70 19
    endloop
  endfacet
  facet normal 1 -0 0
    outer loop
      vertex 40 70 14.5
      vertex 40 76.5 0
      vertex 40 70 16.7
    endloop
  endfacet
  facet normal 1 -0 0
    outer loop
      vertex 40 70 12.2
      vertex 40 76.5 0
      vertex 40 70 14.5
    endloop
  endfacet
  facet normal 1 -0 0
    outer loop
      vertex 40 70 10
      vertex 40 76.5 0
      vertex 40 70 12.2
    endloop
  endfacet
  facet normal 1 0 0
    outer loop
      vertex 40 46.5 0
      vertex 40 70 10
      vertex 40 46.5 2
    endloop
  endfacet
  facet normal 1 0 0
    outer loop
      vertex 40 70 10
      vertex 40 46.5 0
      vertex 40 76.5 0
    endloop
  endfacet
  facet normal -0.97237 -0.233446 0
    outer loop
      vertex 0.171302 2.41844 0
      vertex 0.0430899 2.95248 60
      vertex 0.0430899 2.95248 0
    endloop
  endfacet
  facet normal -0.97237 -0.233446 0
    outer loop
      vertex 0.0430899 2.95248 60
      vertex 0.171302 2.41844 0
      vertex 0.171302 2.41844 60
    endloop
  endfacet
  facet normal -0.649457 -0.760398 0
    outer loop
      vertex 1.02513 1.02513 0
      vertex 1.44275 0.66844 60
      vertex 1.02513 1.02513 60
    endloop
  endfacet
  facet normal -0.649457 -0.760398 -0
    outer loop
      vertex 1.44275 0.66844 60
      vertex 1.02513 1.02513 0
      vertex 1.44275 0.66844 0
    endloop
  endfacet
  facet normal 0.996916 0.0784787 0
    outer loop
      vertex 40 76.5 60
      vertex 39.9569 77.0475 0
      vertex 39.9569 77.0475 60
    endloop
  endfacet
  facet normal 0.996916 0.0784787 0
    outer loop
      vertex 39.9569 77.0475 0
      vertex 40 76.5 60
      vertex 40 76.5 0
    endloop
  endfacet
  facet normal -0.972376 0.233421 0
    outer loop
      vertex 0.0430899 77.0475 0
      vertex 0.171302 77.5816 60
      vertex 0.171302 77.5816 0
    endloop
  endfacet
  facet normal -0.972376 0.233421 0
    outer loop
      vertex 0.171302 77.5816 60
      vertex 0.0430899 77.0475 0
      vertex 0.0430899 77.0475 60
    endloop
  endfacet
  facet normal 0.760374 0.649486 0
    outer loop
      vertex 39.3316 78.5573 60
      vertex 38.9749 78.9749 0
      vertex 38.9749 78.9749 60
    endloop
  endfacet
  facet normal 0.760374 0.649486 0
    outer loop
      vertex 38.9749 78.9749 0
      vertex 39.3316 78.5573 60
      vertex 39.3316 78.5573 0
    endloop
  endfacet
  facet normal 0.996916 -0.0784758 0
    outer loop
      vertex 39.9569 2.95248 60
      vertex 40 3.5 0
      vertex 40 3.5 60
    endloop
  endfacet
  facet normal 0.996916 -0.0784758 0
    outer loop
      vertex 40 3.5 0
      vertex 39.9569 2.95248 60
      vertex 39.9569 2.95248 0
    endloop
  endfacet
  facet normal -0.0784575 -0.996917 0
    outer loop
      vertex 2.95248 0.0430899 0
      vertex 3.5 0 60
      vertex 2.95248 0.0430899 60
    endloop
  endfacet
  facet normal -0.0784575 -0.996917 -0
    outer loop
      vertex 3.5 0 60
      vertex 2.95248 0.0430899 0
      vertex 3.5 0 0
    endloop
  endfacet
  facet normal -0.996917 0.0784604 0
    outer loop
      vertex 0 76.5 0
      vertex 0.0430899 77.0475 60
      vertex 0.0430899 77.0475 0
    endloop
  endfacet
  facet normal -0.996917 0.0784604 0
    outer loop
      vertex 0.0430899 77.0475 60
      vertex 0 76.5 0
      vertex 0 76.5 60
    endloop
  endfacet
  facet normal 0.852701 0.5224 0
    outer loop
      vertex 39.6185 78.089 60
      vertex 39.3316 78.5573 0
      vertex 39.3316 78.5573 60
    endloop
  endfacet
  facet normal 0.852701 0.5224 0
    outer loop
      vertex 39.3316 78.5573 0
      vertex 39.6185 78.089 60
      vertex 39.6185 78.089 0
    endloop
  endfacet
  facet normal -0.382721 0.923864 0
    outer loop
      vertex 2.41844 79.8287 0
      vertex 1.91103 79.6185 60
      vertex 2.41844 79.8287 60
    endloop
  endfacet
  facet normal -0.382721 0.923864 0
    outer loop
      vertex 1.91103 79.6185 60
      vertex 2.41844 79.8287 0
      vertex 1.91103 79.6185 0
    endloop
  endfacet
  facet normal 0.923861 0.382727 0
    outer loop
      vertex 39.8287 77.5816 60
      vertex 39.6185 78.089 0
      vertex 39.6185 78.089 60
    endloop
  endfacet
  facet normal 0.923861 0.382727 0
    outer loop
      vertex 39.6185 78.089 0
      vertex 39.8287 77.5816 60
      vertex 39.8287 77.5816 0
    endloop
  endfacet
  facet normal 0.382687 -0.923878 0
    outer loop
      vertex 37.5816 0.171302 0
      vertex 38.089 0.381476 60
      vertex 37.5816 0.171302 60
    endloop
  endfacet
  facet normal 0.382687 -0.923878 0
    outer loop
      vertex 38.089 0.381476 60
      vertex 37.5816 0.171302 0
      vertex 38.089 0.381476 0
    endloop
  endfacet
  facet normal 0.382727 0.923861 -0
    outer loop
      vertex 38.089 79.6185 0
      vertex 37.5816 79.8287 60
      vertex 38.089 79.6185 60
    endloop
  endfacet
  facet normal 0.382727 0.923861 0
    outer loop
      vertex 37.5816 79.8287 60
      vertex 38.089 79.6185 0
      vertex 37.5816 79.8287 0
    endloop
  endfacet
  facet normal -0.233446 -0.97237 0
    outer loop
      vertex 2.41844 0.171302 0
      vertex 2.95248 0.0430899 60
      vertex 2.41844 0.171302 60
    endloop
  endfacet
  facet normal -0.233446 -0.97237 -0
    outer loop
      vertex 2.95248 0.0430899 60
      vertex 2.41844 0.171302 0
      vertex 2.95248 0.0430899 0
    endloop
  endfacet
  facet normal 0 0 -1
    outer loop
      vertex 0 33.5 0
      vertex -1.7 40 0
      vertex 0 46.5 0
    endloop
  endfacet
  facet normal 0 0 -1
    outer loop
      vertex 0 33.5 0
      vertex -1.7197 39.7497 0
      vertex -1.7 40 0
    endloop
  endfacet
  facet normal 0 0 -1
    outer loop
      vertex 0 33.5 0
      vertex -1.77831 39.5056 0
      vertex -1.7197 39.7497 0
    endloop
  endfacet
  facet normal 0 0 -1
    outer loop
      vertex 0 33.5 0
      vertex -1.87439 39.2736 0
      vertex -1.77831 39.5056 0
    endloop
  endfacet
  facet normal 0 0 -1
    outer loop
      vertex 0 33.5 0
      vertex -2.00557 39.0595 0
      vertex -1.87439 39.2736 0
    endloop
  endfacet
  facet normal 0 0 -1
    outer loop
      vertex 0 33.5 0
      vertex -2.16863 38.8686 0
      vertex -2.00557 39.0595 0
    endloop
  endfacet
  facet normal 0 0 -1
    outer loop
      vertex 0 33.5 0
      vertex -2.35954 38.7056 0
      vertex -2.16863 38.8686 0
    endloop
  endfacet
  facet normal 0 0 -1
    outer loop
      vertex 0 33.5 0
      vertex -2.57362 38.5744 0
      vertex -2.35954 38.7056 0
    endloop
  endfacet
  facet normal 0 0 -1
    outer loop
      vertex 0 33.5 0
      vertex -2.80557 38.4783 0
      vertex -2.57362 38.5744 0
    endloop
  endfacet
  facet normal 0 0 -1
    outer loop
      vertex -4 33.5 0
      vertex -2.80557 38.4783 0
      vertex 0 33.5 0
    endloop
  endfacet
  facet normal 0 0 -1
    outer loop
      vertex -2.80557 38.4783 0
      vertex -4 33.5 0
      vertex -3.04971 38.4197 0
    endloop
  endfacet
  facet normal 0 0 -1
    outer loop
      vertex -3.04971 38.4197 0
      vertex -4 33.5 0
      vertex -3.3 38.4 0
    endloop
  endfacet
  facet normal -0 0 -1
    outer loop
      vertex -3.3 38.4 0
      vertex -4 33.5 0
      vertex -3.5503 38.4197 0
    endloop
  endfacet
  facet normal 0 0 -1
    outer loop
      vertex -6.5 36 0
      vertex -3.5503 38.4197 0
      vertex -4 33.5 0
    endloop
  endfacet
  facet normal -0 0 -1
    outer loop
      vertex -3.5503 38.4197 0
      vertex -6.5 36 0
      vertex -3.79443 38.4783 0
    endloop
  endfacet
  facet normal -0 0 -1
    outer loop
      vertex -3.79443 38.4783 0
      vertex -6.5 36 0
      vertex -4.02639 38.5744 0
    endloop
  endfacet
  facet normal 0 0 -1
    outer loop
      vertex -6.5 36 0
      vertex -4 33.5 0
      vertex -4.39109 33.5308 0
    endloop
  endfacet
  facet normal -0 0 -1
    outer loop
      vertex -4.02639 38.5744 0
      vertex -6.5 36 0
      vertex -4.24046 38.7056 0
    endloop
  endfacet
  facet normal -0 0 -1
    outer loop
      vertex -4.24046 38.7056 0
      vertex -6.5 36 0
      vertex -4.43137 38.8686 0
    endloop
  endfacet
  facet normal -0 0 -1
    outer loop
      vertex -4.43137 38.8686 0
      vertex -6.5 36 0
      vertex -4.59443 39.0595 0
    endloop
  endfacet
  facet normal 0 0 -1
    outer loop
      vertex -6.5 36 0
      vertex -4.39109 33.5308 0
      vertex -4.77254 33.6224 0
    endloop
  endfacet
  facet normal -0 0 -1
    outer loop
      vertex -4.59443 39.0595 0
      vertex -6.5 36 0
      vertex -4.72561 39.2736 0
    endloop
  endfacet
  facet normal -0 0 -1
    outer loop
      vertex -4.72561 39.2736 0
      vertex -6.5 36 0
      vertex -4.82169 39.5056 0
    endloop
  endfacet
  facet normal -0 0 -1
    outer loop
      vertex -4.82169 39.5056 0
      vertex -6.5 36 0
      vertex -4.8803 39.7497 0
    endloop
  endfacet
  facet normal 0 0 -1
    outer loop
      vertex -6.5 36 0
      vertex -4.77254 33.6224 0
      vertex -5.13498 33.7725 0
    endloop
  endfacet
  facet normal 0 0 -1
    outer loop
      vertex 36.5 0 0
      vertex 40 33.5 0
      vertex 40 3.5 0
    endloop
  endfacet
  facet normal 0 0 -1
    outer loop
      vertex 40 33.5 0
      vertex 0 33.5 0
      vertex 40 46.5 0
    endloop
  endfacet
  facet normal 0 0 -1
    outer loop
      vertex 36.5 0 0
      vertex 40 3.5 0
      vertex 39.9569 2.95248 0
    endloop
  endfacet
  facet normal 0 0 -1
    outer loop
      vertex 0 46.5 0
      vertex 40 46.5 0
      vertex 0 33.5 0
    endloop
  endfacet
  facet normal 0 0 -1
    outer loop
      vertex 36.5 0 0
      vertex 39.9569 2.95248 0
      vertex 39.8287 2.41844 0
    endloop
  endfacet
  facet normal 0 -0 -1
    outer loop
      vertex 36.5 80 0
      vertex 40 46.5 0
      vertex 0 46.5 0
    endloop
  endfacet
  facet normal 0 0 -1
    outer loop
      vertex 36.5 0 0
      vertex 39.8287 2.41844 0
      vertex 39.6185 1.91103 0
    endloop
  endfacet
  facet normal 0 0 -1
    outer loop
      vertex 40 46.5 0
      vertex 36.5 80 0
      vertex 40 76.5 0
    endloop
  endfacet
  facet normal 0 0 -1
    outer loop
      vertex 36.5 0 0
      vertex 39.6185 1.91103 0
      vertex 39.3316 1.44275 0
    endloop
  endfacet
  facet normal 0 0 -1
    outer loop
      vertex 40 76.5 0
      vertex 36.5 80 0
      vertex 39.9569 77.0475 0
    endloop
  endfacet
  facet normal 0 0 -1
    outer loop
      vertex 36.5 0 0
      vertex 39.3316 1.44275 0
      vertex 38.9749 1.02513 0
    endloop
  endfacet
  facet normal 0 0 -1
    outer loop
      vertex 39.9569 77.0475 0
      vertex 36.5 80 0
      vertex 39.8287 77.5816 0
    endloop
  endfacet
  facet normal 0 0 -1
    outer loop
      vertex 36.5 0 0
      vertex 38.9749 1.02513 0
      vertex 38.5572 0.66844 0
    endloop
  endfacet
  facet normal 0 0 -1
    outer loop
      vertex 39.8287 77.5816 0
      vertex 36.5 80 0
      vertex 39.6185 78.089 0
    endloop
  endfacet
  facet normal 0 0 -1
    outer loop
      vertex 36.5 0 0
      vertex 38.5572 0.66844 0
      vertex 38.089 0.381476 0
    endloop
  endfacet
  facet normal 0 0 -1
    outer loop
      vertex 39.6185 78.089 0
      vertex 36.5 80 0
      vertex 39.3316 78.5573 0
    endloop
  endfacet
  facet normal 0 0 -1
    outer loop
      vertex 36.5 0 0
      vertex 38.089 0.381476 0
      vertex 37.5816 0.171302 0
    endloop
  endfacet
  facet normal 0 0 -1
    outer loop
      vertex 39.3316 78.5573 0
      vertex 36.5 80 0
      vertex 38.9749 78.9749 0
    endloop
  endfacet
  facet normal 0 0 -1
    outer loop
      vertex 36.5 0 0
      vertex 37.5816 0.171302 0
      vertex 37.0475 0.0430899 0
    endloop
  endfacet
  facet normal 0 0 -1
    outer loop
      vertex 38.9749 78.9749 0
      vertex 36.5 80 0
      vertex 38.5572 79.3316 0
    endloop
  endfacet
  facet normal -0 0 -1
    outer loop
      vertex 40 33.5 0
      vertex 36.5 0 0
      vertex 0 33.5 0
    endloop
  endfacet
  facet normal 0 0 -1
    outer loop
      vertex 38.5572 79.3316 0
      vertex 36.5 80 0
      vertex 38.089 79.6185 0
    endloop
  endfacet
  facet normal 0 0 -1
    outer loop
      vertex 0 33.5 0
      vertex 36.5 0 0
      vertex 3.5 0 0
    endloop
  endfacet
  facet normal 0 0 -1
    outer loop
      vertex 38.089 79.6185 0
      vertex 36.5 80 0
      vertex 37.5816 79.8287 0
    endloop
  endfacet
  facet normal 0 0 -1
    outer loop
      vertex 0 3.5 0
      vertex 3.5 0 0
      vertex 2.95248 0.0430899 0
    endloop
  endfacet
  facet normal 0 0 -1
    outer loop
      vertex 37.5816 79.8287 0
      vertex 36.5 80 0
      vertex 37.0475 79.9569 0
    endloop
  endfacet
  facet normal 0 0 -1
    outer loop
      vertex 0 3.5 0
      vertex 2.95248 0.0430899 0
      vertex 2.41844 0.171302 0
    endloop
  endfacet
  facet normal -0 0 -1
    outer loop
      vertex 36.5 80 0
      vertex 0 46.5 0
      vertex 3.5 80 0
    endloop
  endfacet
  facet normal 0 0 -1
    outer loop
      vertex 0 3.5 0
      vertex 2.41844 0.171302 0
      vertex 1.91103 0.381476 0
    endloop
  endfacet
  facet normal 0 0 -1
    outer loop
      vertex 0 76.5 0
      vertex 3.5 80 0
      vertex 0 46.5 0
    endloop
  endfacet
  facet normal 0 0 -1
    outer loop
      vertex 0 3.5 0
      vertex 1.91103 0.381476 0
      vertex 1.44275 0.66844 0
    endloop
  endfacet
  facet normal 0 0 -1
    outer loop
      vertex 3.5 80 0
      vertex 0 76.5 0
      vertex 2.95248 79.9569 0
    endloop
  endfacet
  facet normal 0 0 -1
    outer loop
      vertex 0 3.5 0
      vertex 1.44275 0.66844 0
      vertex 1.02513 1.02513 0
    endloop
  endfacet
  facet normal 0 0 -1
    outer loop
      vertex 2.95248 79.9569 0
      vertex 0 76.5 0
      vertex 2.41844 79.8287 0
    endloop
  endfacet
  facet normal 0 0 -1
    outer loop
      vertex 0 3.5 0
      vertex 1.02513 1.02513 0
      vertex 0.66844 1.44275 0
    endloop
  endfacet
  facet normal 0 0 -1
    outer loop
      vertex 2.41844 79.8287 0
      vertex 0 76.5 0
      vertex 1.91103 79.6185 0
    endloop
  endfacet
  facet normal 0 0 -1
    outer loop
      vertex 0 3.5 0
      vertex 0.66844 1.44275 0
      vertex 0.381476 1.91103 0
    endloop
  endfacet
  facet normal 0 0 -1
    outer loop
      vertex 1.91103 79.6185 0
      vertex 0 76.5 0
      vertex 1.44275 79.3316 0
    endloop
  endfacet
  facet normal 0 0 -1
    outer loop
      vertex 0 3.5 0
      vertex 0.381476 1.91103 0
      vertex 0.171302 2.41844 0
    endloop
  endfacet
  facet normal 0 0 -1
    outer loop
      vertex 1.44275 79.3316 0
      vertex 0 76.5 0
      vertex 1.02513 78.9749 0
    endloop
  endfacet
  facet normal 0 0 -1
    outer loop
      vertex 0 3.5 0
      vertex 0.171302 2.41844 0
      vertex 0.0430899 2.95248 0
    endloop
  endfacet
  facet normal 0 0 -1
    outer loop
      vertex 1.02513 78.9749 0
      vertex 0 76.5 0
      vertex 0.66844 78.5573 0
    endloop
  endfacet
  facet normal 0 0 -1
    outer loop
      vertex 3.5 0 0
      vertex 0 3.5 0
      vertex 0 33.5 0
    endloop
  endfacet
  facet normal 0 0 -1
    outer loop
      vertex 0.66844 78.5573 0
      vertex 0 76.5 0
      vertex 0.381476 78.089 0
    endloop
  endfacet
  facet normal 0 0 -1
    outer loop
      vertex 0.381476 78.089 0
      vertex 0 76.5 0
      vertex 0.171302 77.5816 0
    endloop
  endfacet
  facet normal 0 0 -1
    outer loop
      vertex 0.171302 77.5816 0
      vertex 0 76.5 0
      vertex 0.0430899 77.0475 0
    endloop
  endfacet
  facet normal 0 0 -1
    outer loop
      vertex -1.7197 40.2503 0
      vertex 0 46.5 0
      vertex -1.7 40 0
    endloop
  endfacet
  facet normal 0 0 -1
    outer loop
      vertex -1.77831 40.4944 0
      vertex 0 46.5 0
      vertex -1.7197 40.2503 0
    endloop
  endfacet
  facet normal 0 0 -1
    outer loop
      vertex -1.87439 40.7264 0
      vertex 0 46.5 0
      vertex -1.77831 40.4944 0
    endloop
  endfacet
  facet normal 0 0 -1
    outer loop
      vertex -2.00557 40.9405 0
      vertex 0 46.5 0
      vertex -1.87439 40.7264 0
    endloop
  endfacet
  facet normal 0 0 -1
    outer loop
      vertex -2.16863 41.1314 0
      vertex 0 46.5 0
      vertex -2.00557 40.9405 0
    endloop
  endfacet
  facet normal 0 0 -1
    outer loop
      vertex -2.35954 41.2944 0
      vertex 0 46.5 0
      vertex -2.16863 41.1314 0
    endloop
  endfacet
  facet normal 0 0 -1
    outer loop
      vertex -2.57362 41.4256 0
      vertex 0 46.5 0
      vertex -2.35954 41.2944 0
    endloop
  endfacet
  facet normal 0 0 -1
    outer loop
      vertex -2.80557 41.5217 0
      vertex 0 46.5 0
      vertex -2.57362 41.4256 0
    endloop
  endfacet
  facet normal 0 0 -1
    outer loop
      vertex -4 46.5 0
      vertex -2.80557 41.5217 0
      vertex -3.04971 41.5803 0
    endloop
  endfacet
  facet normal 0 0 -1
    outer loop
      vertex -4 46.5 0
      vertex -3.04971 41.5803 0
      vertex -3.3 41.6 0
    endloop
  endfacet
  facet normal 0 0 -1
    outer loop
      vertex -4 46.5 0
      vertex -3.3 41.6 0
      vertex -3.5503 41.5803 0
    endloop
  endfacet
  facet normal 0 0 -1
    outer loop
      vertex -6.5 44 0
      vertex -3.5503 41.5803 0
      vertex -3.79443 41.5217 0
    endloop
  endfacet
  facet normal 0 0 -1
    outer loop
      vertex -2.80557 41.5217 0
      vertex -4 46.5 0
      vertex 0 46.5 0
    endloop
  endfacet
  facet normal 0 0 -1
    outer loop
      vertex -6.5 44 0
      vertex -3.79443 41.5217 0
      vertex -4.02639 41.4256 0
    endloop
  endfacet
  facet normal 0 0 -1
    outer loop
      vertex -6.5 44 0
      vertex -4.02639 41.4256 0
      vertex -4.24046 41.2944 0
    endloop
  endfacet
  facet normal 0 0 -1
    outer loop
      vertex -3.5503 41.5803 0
      vertex -6.5 44 0
      vertex -4 46.5 0
    endloop
  endfacet
  facet normal 0 0 -1
    outer loop
      vertex -6.5 44 0
      vertex -4.24046 41.2944 0
      vertex -4.43137 41.1314 0
    endloop
  endfacet
  facet normal 0 0 -1
    outer loop
      vertex -6.5 44 0
      vertex -4.43137 41.1314 0
      vertex -4.59443 40.9405 0
    endloop
  endfacet
  facet normal 0 0 -1
    outer loop
      vertex -6.5 44 0
      vertex -4.59443 40.9405 0
      vertex -4.72561 40.7264 0
    endloop
  endfacet
  facet normal 0 0 -1
    outer loop
      vertex -4 46.5 0
      vertex -6.5 44 0
      vertex -4.39109 46.4692 0
    endloop
  endfacet
  facet normal 0 0 -1
    outer loop
      vertex -6.5 44 0
      vertex -4.72561 40.7264 0
      vertex -4.82169 40.4944 0
    endloop
  endfacet
  facet normal 0 0 -1
    outer loop
      vertex -6.5 44 0
      vertex -4.82169 40.4944 0
      vertex -4.8803 40.2503 0
    endloop
  endfacet
  facet normal 0 0 -1
    outer loop
      vertex -6.5 44 0
      vertex -4.8803 40.2503 0
      vertex -4.9 40 0
    endloop
  endfacet
  facet normal -0 0 -1
    outer loop
      vertex -4.8803 39.7497 0
      vertex -6.5 36 0
      vertex -4.9 40 0
    endloop
  endfacet
  facet normal 0 0 -1
    outer loop
      vertex -6.5 44 0
      vertex -4.9 40 0
      vertex -6.5 36 0
    endloop
  endfacet
  facet normal 0 0 -1
    outer loop
      vertex -6.5 36 0
      vertex -5.13498 33.7725 0
      vertex -5.46946 33.9775 0
    endloop
  endfacet
  facet normal 0 0 -1
    outer loop
      vertex -4.39109 46.4692 0
      vertex -6.5 44 0
      vertex -4.77254 46.3776 0
    endloop
  endfacet
  facet normal 0 0 -1
    outer loop
      vertex -6.5 36 0
      vertex -5.46946 33.9775 0
      vertex -5.76777 34.2322 0
    endloop
  endfacet
  facet normal 0 0 -1
    outer loop
      vertex -4.77254 46.3776 0
      vertex -6.5 44 0
      vertex -5.13498 46.2275 0
    endloop
  endfacet
  facet normal 0 0 -1
    outer loop
      vertex -6.5 36 0
      vertex -5.76777 34.2322 0
      vertex -6.02254 34.5305 0
    endloop
  endfacet
  facet normal 0 0 -1
    outer loop
      vertex -5.13498 46.2275 0
      vertex -6.5 44 0
      vertex -5.46946 46.0225 0
    endloop
  endfacet
  facet normal 0 0 -1
    outer loop
      vertex -6.5 36 0
      vertex -6.02254 34.5305 0
      vertex -6.22752 34.865 0
    endloop
  endfacet
  facet normal 0 0 -1
    outer loop
      vertex -5.46946 46.0225 0
      vertex -6.5 44 0
      vertex -5.76777 45.7678 0
    endloop
  endfacet
  facet normal 0 0 -1
    outer loop
      vertex -6.5 36 0
      vertex -6.22752 34.865 0
      vertex -6.37764 35.2275 0
    endloop
  endfacet
  facet normal 0 0 -1
    outer loop
      vertex -5.76777 45.7678 0
      vertex -6.5 44 0
      vertex -6.02254 45.4695 0
    endloop
  endfacet
  facet normal 0 0 -1
    outer loop
      vertex -6.5 36 0
      vertex -6.37764 35.2275 0
      vertex -6.46922 35.6089 0
    endloop
  endfacet
  facet normal 0 0 -1
    outer loop
      vertex -6.02254 45.4695 0
      vertex -6.5 44 0
      vertex -6.22752 45.135 0
    endloop
  endfacet
  facet normal 0 0 -1
    outer loop
      vertex -6.22752 45.135 0
      vertex -6.5 44 0
      vertex -6.37764 44.7725 0
    endloop
  endfacet
  facet normal 0 0 -1
    outer loop
      vertex -6.37764 44.7725 0
      vertex -6.5 44 0
      vertex -6.46922 44.3911 0
    endloop
  endfacet
  facet normal 0 0 -1
    outer loop
      vertex 43.5503 38.4197 0
      vertex 46.5 36 0
      vertex 46.4692 35.6089 0
    endloop
  endfacet
  facet normal 0 0 -1
    outer loop
      vertex 46.5 36 0
      vertex 44.9 40 0
      vertex 46.5 44 0
    endloop
  endfacet
  facet normal 0 0 -1
    outer loop
      vertex 43.5503 38.4197 0
      vertex 46.4692 35.6089 0
      vertex 46.3776 35.2275 0
    endloop
  endfacet
  facet normal 0 0 -1
    outer loop
      vertex 44.8803 40.2503 0
      vertex 46.5 44 0
      vertex 44.9 40 0
    endloop
  endfacet
  facet normal 0 0 -1
    outer loop
      vertex 43.5503 38.4197 0
      vertex 46.3776 35.2275 0
      vertex 46.2275 34.865 0
    endloop
  endfacet
  facet normal 0 0 -1
    outer loop
      vertex 44.8217 40.4944 0
      vertex 46.5 44 0
      vertex 44.8803 40.2503 0
    endloop
  endfacet
  facet normal 0 0 -1
    outer loop
      vertex 43.5503 38.4197 0
      vertex 46.2275 34.865 0
      vertex 46.0225 34.5305 0
    endloop
  endfacet
  facet normal 0 0 -1
    outer loop
      vertex 44.7256 40.7264 0
      vertex 46.5 44 0
      vertex 44.8217 40.4944 0
    endloop
  endfacet
  facet normal 0 0 -1
    outer loop
      vertex 43.5503 38.4197 0
      vertex 46.0225 34.5305 0
      vertex 45.7678 34.2322 0
    endloop
  endfacet
  facet normal 0 0 -1
    outer loop
      vertex 44.5944 40.9405 0
      vertex 46.5 44 0
      vertex 44.7256 40.7264 0
    endloop
  endfacet
  facet normal 0 0 -1
    outer loop
      vertex 43.5503 38.4197 0
      vertex 45.7678 34.2322 0
      vertex 45.4695 33.9775 0
    endloop
  endfacet
  facet normal 0 0 -1
    outer loop
      vertex 44.4314 41.1314 0
      vertex 46.5 44 0
      vertex 44.5944 40.9405 0
    endloop
  endfacet
  facet normal 0 0 -1
    outer loop
      vertex 43.5503 38.4197 0
      vertex 45.4695 33.9775 0
      vertex 45.135 33.7725 0
    endloop
  endfacet
  facet normal 0 0 -1
    outer loop
      vertex 44.2405 41.2944 0
      vertex 46.5 44 0
      vertex 44.4314 41.1314 0
    endloop
  endfacet
  facet normal 0 0 -1
    outer loop
      vertex 44.0264 41.4256 0
      vertex 46.5 44 0
      vertex 44.2405 41.2944 0
    endloop
  endfacet
  facet normal 0 0 -1
    outer loop
      vertex 46.5 36 0
      vertex 44.8803 39.7497 0
      vertex 44.9 40 0
    endloop
  endfacet
  facet normal 0 0 -1
    outer loop
      vertex 46.5 36 0
      vertex 44.8217 39.5056 0
      vertex 44.8803 39.7497 0
    endloop
  endfacet
  facet normal 0 0 -1
    outer loop
      vertex 43.5503 38.4197 0
      vertex 45.135 33.7725 0
      vertex 44.7725 33.6224 0
    endloop
  endfacet
  facet normal 0 0 -1
    outer loop
      vertex 46.5 36 0
      vertex 44.7256 39.2736 0
      vertex 44.8217 39.5056 0
    endloop
  endfacet
  facet normal 0 0 -1
    outer loop
      vertex 46.5 36 0
      vertex 44.5944 39.0595 0
      vertex 44.7256 39.2736 0
    endloop
  endfacet
  facet normal 0 0 -1
    outer loop
      vertex 46.5 36 0
      vertex 44.4314 38.8686 0
      vertex 44.5944 39.0595 0
    endloop
  endfacet
  facet normal 0 0 -1
    outer loop
      vertex 43.5503 38.4197 0
      vertex 44.7725 33.6224 0
      vertex 44.3911 33.5308 0
    endloop
  endfacet
  facet normal 0 0 -1
    outer loop
      vertex 46.5 36 0
      vertex 44.2405 38.7056 0
      vertex 44.4314 38.8686 0
    endloop
  endfacet
  facet normal 0 0 -1
    outer loop
      vertex 46.5 36 0
      vertex 44.0264 38.5744 0
      vertex 44.2405 38.7056 0
    endloop
  endfacet
  facet normal 0 0 -1
    outer loop
      vertex 43.5503 38.4197 0
      vertex 44.3911 33.5308 0
      vertex 44 33.5 0
    endloop
  endfacet
  facet normal 0 0 -1
    outer loop
      vertex 46.5 36 0
      vertex 43.7944 38.4783 0
      vertex 44.0264 38.5744 0
    endloop
  endfacet
  facet normal 0 0 -1
    outer loop
      vertex 46.5 36 0
      vertex 43.5503 38.4197 0
      vertex 43.7944 38.4783 0
    endloop
  endfacet
  facet normal 0 0 -1
    outer loop
      vertex 44 33.5 0
      vertex 43.3 38.4 0
      vertex 43.5503 38.4197 0
    endloop
  endfacet
  facet normal 0 0 -1
    outer loop
      vertex 44 33.5 0
      vertex 43.0497 38.4197 0
      vertex 43.3 38.4 0
    endloop
  endfacet
  facet normal 0 0 -1
    outer loop
      vertex 44 33.5 0
      vertex 42.8056 38.4783 0
      vertex 43.0497 38.4197 0
    endloop
  endfacet
  facet normal 0 0 -1
    outer loop
      vertex 40 33.5 0
      vertex 42.8056 38.4783 0
      vertex 44 33.5 0
    endloop
  endfacet
  facet normal -0 0 -1
    outer loop
      vertex 42.8056 38.4783 0
      vertex 40 33.5 0
      vertex 42.5736 38.5744 0
    endloop
  endfacet
  facet normal -0 0 -1
    outer loop
      vertex 42.5736 38.5744 0
      vertex 40 33.5 0
      vertex 42.3595 38.7056 0
    endloop
  endfacet
  facet normal -0 0 -1
    outer loop
      vertex 42.3595 38.7056 0
      vertex 40 33.5 0
      vertex 42.1686 38.8686 0
    endloop
  endfacet
  facet normal -0 0 -1
    outer loop
      vertex 42.1686 38.8686 0
      vertex 40 33.5 0
      vertex 42.0056 39.0595 0
    endloop
  endfacet
  facet normal -0 0 -1
    outer loop
      vertex 42.0056 39.0595 0
      vertex 40 33.5 0
      vertex 41.8744 39.2736 0
    endloop
  endfacet
  facet normal -0 0 -1
    outer loop
      vertex 41.7197 39.7497 0
      vertex 40 33.5 0
      vertex 41.7 40 0
    endloop
  endfacet
  facet normal -0 0 -1
    outer loop
      vertex 41.7783 39.5056 0
      vertex 40 33.5 0
      vertex 41.7197 39.7497 0
    endloop
  endfacet
  facet normal -0 0 -1
    outer loop
      vertex 41.8744 39.2736 0
      vertex 40 33.5 0
      vertex 41.7783 39.5056 0
    endloop
  endfacet
  facet normal 0 0 -1
    outer loop
      vertex 43.7944 41.5217 0
      vertex 46.5 44 0
      vertex 44.0264 41.4256 0
    endloop
  endfacet
  facet normal 0 0 -1
    outer loop
      vertex 43.5503 41.5803 0
      vertex 46.5 44 0
      vertex 43.7944 41.5217 0
    endloop
  endfacet
  facet normal -0 0 -1
    outer loop
      vertex 46.5 44 0
      vertex 43.5503 41.5803 0
      vertex 46.4692 44.3911 0
    endloop
  endfacet
  facet normal -0 0 -1
    outer loop
      vertex 46.4692 44.3911 0
      vertex 43.5503 41.5803 0
      vertex 46.3776 44.7725 0
    endloop
  endfacet
  facet normal -0 0 -1
    outer loop
      vertex 46.3776 44.7725 0
      vertex 43.5503 41.5803 0
      vertex 46.2275 45.135 0
    endloop
  endfacet
  facet normal -0 0 -1
    outer loop
      vertex 46.2275 45.135 0
      vertex 43.5503 41.5803 0
      vertex 46.0225 45.4695 0
    endloop
  endfacet
  facet normal -0 0 -1
    outer loop
      vertex 46.0225 45.4695 0
      vertex 43.5503 41.5803 0
      vertex 45.7678 45.7678 0
    endloop
  endfacet
  facet normal -0 0 -1
    outer loop
      vertex 45.7678 45.7678 0
      vertex 43.5503 41.5803 0
      vertex 45.4695 46.0225 0
    endloop
  endfacet
  facet normal -0 0 -1
    outer loop
      vertex 45.4695 46.0225 0
      vertex 43.5503 41.5803 0
      vertex 45.135 46.2275 0
    endloop
  endfacet
  facet normal -0 0 -1
    outer loop
      vertex 45.135 46.2275 0
      vertex 43.5503 41.5803 0
      vertex 44.7725 46.3776 0
    endloop
  endfacet
  facet normal -0 0 -1
    outer loop
      vertex 44.7725 46.3776 0
      vertex 43.5503 41.5803 0
      vertex 44.3911 46.4692 0
    endloop
  endfacet
  facet normal -0 0 -1
    outer loop
      vertex 44.3911 46.4692 0
      vertex 43.5503 41.5803 0
      vertex 44 46.5 0
    endloop
  endfacet
  facet normal 0 0 -1
    outer loop
      vertex 43.3 41.6 0
      vertex 44 46.5 0
      vertex 43.5503 41.5803 0
    endloop
  endfacet
  facet normal 0 0 -1
    outer loop
      vertex 43.0497 41.5803 0
      vertex 44 46.5 0
      vertex 43.3 41.6 0
    endloop
  endfacet
  facet normal 0 0 -1
    outer loop
      vertex 42.8056 41.5217 0
      vertex 44 46.5 0
      vertex 43.0497 41.5803 0
    endloop
  endfacet
  facet normal 0 0 -1
    outer loop
      vertex 40 46.5 0
      vertex 42.8056 41.5217 0
      vertex 42.5736 41.4256 0
    endloop
  endfacet
  facet normal 0 0 -1
    outer loop
      vertex 40 46.5 0
      vertex 42.5736 41.4256 0
      vertex 42.3595 41.2944 0
    endloop
  endfacet
  facet normal 0 0 -1
    outer loop
      vertex 40 46.5 0
      vertex 42.3595 41.2944 0
      vertex 42.1686 41.1314 0
    endloop
  endfacet
  facet normal 0 0 -1
    outer loop
      vertex 40 46.5 0
      vertex 42.1686 41.1314 0
      vertex 42.0056 40.9405 0
    endloop
  endfacet
  facet normal 0 0 -1
    outer loop
      vertex 40 46.5 0
      vertex 42.0056 40.9405 0
      vertex 41.8744 40.7264 0
    endloop
  endfacet
  facet normal 0 0 -1
    outer loop
      vertex 40 46.5 0
      vertex 41.8744 40.7264 0
      vertex 41.7783 40.4944 0
    endloop
  endfacet
  facet normal 0 0 -1
    outer loop
      vertex 40 46.5 0
      vertex 41.7 40 0
      vertex 40 33.5 0
    endloop
  endfacet
  facet normal 0 0 -1
    outer loop
      vertex 41.7 40 0
      vertex 40 46.5 0
      vertex 41.7197 40.2503 0
    endloop
  endfacet
  facet normal 0 0 -1
    outer loop
      vertex 42.8056 41.5217 0
      vertex 40 46.5 0
      vertex 44 46.5 0
    endloop
  endfacet
  facet normal 0 0 -1
    outer loop
      vertex 41.7197 40.2503 0
      vertex 40 46.5 0
      vertex 41.7783 40.4944 0
    endloop
  endfacet
  facet normal -0.760398 -0.649457 0
    outer loop
      vertex 1.02513 1.02513 0
      vertex 0.66844 1.44275 60
      vertex 0.66844 1.44275 0
    endloop
  endfacet
  facet normal -0.760398 -0.649457 0
    outer loop
      vertex 0.66844 1.44275 60
      vertex 1.02513 1.02513 0
      vertex 1.02513 1.02513 60
    endloop
  endfacet
  facet normal -0.0784758 0.996916 0
    outer loop
      vertex 3.5 80 0
      vertex 2.95248 79.9569 60
      vertex 3.5 80 60
    endloop
  endfacet
  facet normal -0.0784758 0.996916 0
    outer loop
      vertex 2.95248 79.9569 60
      vertex 3.5 80 0
      vertex 2.95248 79.9569 0
    endloop
  endfacet
  facet normal -0.923881 -0.38268 0
    outer loop
      vertex 0.381476 1.91103 0
      vertex 0.171302 2.41844 60
      vertex 0.171302 2.41844 0
    endloop
  endfacet
  facet normal -0.923881 -0.38268 0
    outer loop
      vertex 0.171302 2.41844 60
      vertex 0.381476 1.91103 0
      vertex 0.381476 1.91103 60
    endloop
  endfacet
  facet normal 0.649396 0.76045 -0
    outer loop
      vertex 38.9749 78.9749 0
      vertex 38.5572 79.3316 60
      vertex 38.9749 78.9749 60
    endloop
  endfacet
  facet normal 0.649396 0.76045 0
    outer loop
      vertex 38.5572 79.3316 60
      vertex 38.9749 78.9749 0
      vertex 38.5572 79.3316 0
    endloop
  endfacet
  facet normal -0.233425 0.972375 0
    outer loop
      vertex 2.95248 79.9569 0
      vertex 2.41844 79.8287 60
      vertex 2.95248 79.9569 60
    endloop
  endfacet
  facet normal -0.233425 0.972375 0
    outer loop
      vertex 2.41844 79.8287 60
      vertex 2.95248 79.9569 0
      vertex 2.41844 79.8287 0
    endloop
  endfacet
  facet normal 0.522481 0.852651 -0
    outer loop
      vertex 38.5572 79.3316 0
      vertex 38.089 79.6185 60
      vertex 38.5572 79.3316 60
    endloop
  endfacet
  facet normal 0.522481 0.852651 0
    outer loop
      vertex 38.089 79.6185 60
      vertex 38.5572 79.3316 0
      vertex 38.089 79.6185 0
    endloop
  endfacet
  facet normal -0.522501 -0.852639 0
    outer loop
      vertex 1.44275 0.66844 0
      vertex 1.91103 0.381476 60
      vertex 1.44275 0.66844 60
    endloop
  endfacet
  facet normal -0.522501 -0.852639 -0
    outer loop
      vertex 1.91103 0.381476 60
      vertex 1.44275 0.66844 0
      vertex 1.91103 0.381476 0
    endloop
  endfacet
  facet normal 0.972381 0.2334 0
    outer loop
      vertex 39.9569 77.0475 60
      vertex 39.8287 77.5816 0
      vertex 39.8287 77.5816 60
    endloop
  endfacet
  facet normal 0.972381 0.2334 0
    outer loop
      vertex 39.8287 77.5816 0
      vertex 39.9569 77.0475 60
      vertex 39.9569 77.0475 0
    endloop
  endfacet
  facet normal 0.0784787 0.996916 -0
    outer loop
      vertex 37.0475 79.9569 0
      vertex 36.5 80 60
      vertex 37.0475 79.9569 60
    endloop
  endfacet
  facet normal 0.0784787 0.996916 0
    outer loop
      vertex 36.5 80 60
      vertex 37.0475 79.9569 0
      vertex 36.5 80 0
    endloop
  endfacet
  facet normal -0.996917 -0.0784575 0
    outer loop
      vertex 0.0430899 2.95248 0
      vertex 0 3.5 60
      vertex 0 3.5 0
    endloop
  endfacet
  facet normal -0.996917 -0.0784575 0
    outer loop
      vertex 0 3.5 60
      vertex 0.0430899 2.95248 0
      vertex 0.0430899 2.95248 60
    endloop
  endfacet
  facet normal 0.0784604 -0.996917 0
    outer loop
      vertex 36.5 0 0
      vertex 37.0475 0.0430899 60
      vertex 36.5 0 60
    endloop
  endfacet
  facet normal 0.0784604 -0.996917 0
    outer loop
      vertex 37.0475 0.0430899 60
      vertex 36.5 0 0
      vertex 37.0475 0.0430899 0
    endloop
  endfacet
  facet normal -0.38268 -0.923881 0
    outer loop
      vertex 1.91103 0.381476 0
      vertex 2.41844 0.171302 60
      vertex 1.91103 0.381476 60
    endloop
  endfacet
  facet normal -0.38268 -0.923881 -0
    outer loop
      vertex 2.41844 0.171302 60
      vertex 1.91103 0.381476 0
      vertex 2.41844 0.171302 0
    endloop
  endfacet
  facet normal -0.852649 0.522485 0
    outer loop
      vertex 0.381476 78.089 0
      vertex 0.66844 78.5573 60
      vertex 0.66844 78.5573 0
    endloop
  endfacet
  facet normal -0.852649 0.522485 0
    outer loop
      vertex 0.66844 78.5573 60
      vertex 0.381476 78.089 0
      vertex 0.381476 78.089 60
    endloop
  endfacet
  facet normal 0.522566 -0.852599 0
    outer loop
      vertex 38.089 0.381476 0
      vertex 38.5572 0.66844 60
      vertex 38.089 0.381476 60
    endloop
  endfacet
  facet normal 0.522566 -0.852599 0
    outer loop
      vertex 38.5572 0.66844 60
      vertex 38.089 0.381476 0
      vertex 38.5572 0.66844 0
    endloop
  endfacet
  facet normal -0.522416 0.852691 0
    outer loop
      vertex 1.91103 79.6185 0
      vertex 1.44275 79.3316 60
      vertex 1.91103 79.6185 60
    endloop
  endfacet
  facet normal -0.522416 0.852691 0
    outer loop
      vertex 1.44275 79.3316 60
      vertex 1.91103 79.6185 0
      vertex 1.44275 79.3316 0
    endloop
  endfacet
  facet normal 0.852691 -0.522416 0
    outer loop
      vertex 39.3316 1.44275 60
      vertex 39.6185 1.91103 0
      vertex 39.6185 1.91103 60
    endloop
  endfacet
  facet normal 0.852691 -0.522416 0
    outer loop
      vertex 39.6185 1.91103 0
      vertex 39.3316 1.44275 60
      vertex 39.3316 1.44275 0
    endloop
  endfacet
  facet normal -0.649468 0.760389 0
    outer loop
      vertex 1.44275 79.3316 0
      vertex 1.02513 78.9749 60
      vertex 1.44275 79.3316 60
    endloop
  endfacet
  facet normal -0.649468 0.760389 0
    outer loop
      vertex 1.02513 78.9749 60
      vertex 1.44275 79.3316 0
      vertex 1.02513 78.9749 0
    endloop
  endfacet
  facet normal 0.233421 -0.972376 0
    outer loop
      vertex 37.0475 0.0430899 0
      vertex 37.5816 0.171302 60
      vertex 37.0475 0.0430899 60
    endloop
  endfacet
  facet normal 0.233421 -0.972376 0
    outer loop
      vertex 37.5816 0.171302 60
      vertex 37.0475 0.0430899 0
      vertex 37.5816 0.171302 0
    endloop
  endfacet
  facet normal 0 0 1
    outer loop
      vertex 6.3 5.2 60
      vertex 8.45 5.2 60
      vertex 8.40999 5.70841 60
    endloop
  endfacet
  facet normal 0 0 1
    outer loop
      vertex 6.28646 5.37208 60
      vertex 8.40999 5.70841 60
      vertex 8.29093 6.2043 60
    endloop
  endfacet
  facet normal 0 0 1
    outer loop
      vertex 8.45 5.2 60
      vertex 6.3 5.2 60
      vertex 8.40999 4.69159 60
    endloop
  endfacet
  facet normal 0 0 1
    outer loop
      vertex 6.24616 5.53992 60
      vertex 8.29093 6.2043 60
      vertex 8.09577 6.67547 60
    endloop
  endfacet
  facet normal -0 0 1
    outer loop
      vertex 6.28646 5.02792 60
      vertex 8.40999 4.69159 60
      vertex 6.3 5.2 60
    endloop
  endfacet
  facet normal 0 0 1
    outer loop
      vertex 6.18011 5.69939 60
      vertex 8.09577 6.67547 60
      vertex 7.8293 7.1103 60
    endloop
  endfacet
  facet normal 0 0 1
    outer loop
      vertex 8.40999 4.69159 60
      vertex 6.28646 5.02792 60
      vertex 8.29093 4.19569 60
    endloop
  endfacet
  facet normal 0 0 1
    outer loop
      vertex 6.08992 5.84656 60
      vertex 7.8293 7.1103 60
      vertex 7.4981 7.4981 60
    endloop
  endfacet
  facet normal -0 0 1
    outer loop
      vertex 6.24616 4.86008 60
      vertex 8.29093 4.19569 60
      vertex 6.28646 5.02792 60
    endloop
  endfacet
  facet normal 0 0 1
    outer loop
      vertex 5.97782 5.97782 60
      vertex 7.4981 7.4981 60
      vertex 7.1103 7.8293 60
    endloop
  endfacet
  facet normal 0 0 1
    outer loop
      vertex 8.29093 4.19569 60
      vertex 6.24616 4.86008 60
      vertex 8.09577 3.72453 60
    endloop
  endfacet
  facet normal 0 0 1
    outer loop
      vertex 5.84656 6.08992 60
      vertex 7.1103 7.8293 60
      vertex 6.67547 8.09577 60
    endloop
  endfacet
  facet normal -0 0 1
    outer loop
      vertex 6.18011 4.70061 60
      vertex 8.09577 3.72453 60
      vertex 6.24616 4.86008 60
    endloop
  endfacet
  facet normal 0 0 1
    outer loop
      vertex 8.09577 3.72453 60
      vertex 6.18011 4.70061 60
      vertex 7.8293 3.2897 60
    endloop
  endfacet
  facet normal 0 0 1
    outer loop
      vertex 8.40999 5.70841 60
      vertex 6.28646 5.37208 60
      vertex 6.3 5.2 60
    endloop
  endfacet
  facet normal 0 0 1
    outer loop
      vertex 8.29093 6.2043 60
      vertex 6.24616 5.53992 60
      vertex 6.28646 5.37208 60
    endloop
  endfacet
  facet normal 0 0 1
    outer loop
      vertex 5.69939 6.18011 60
      vertex 6.67547 8.09577 60
      vertex 6.2043 8.29093 60
    endloop
  endfacet
  facet normal 0 0 1
    outer loop
      vertex 8.09577 6.67547 60
      vertex 6.18011 5.69939 60
      vertex 6.24616 5.53992 60
    endloop
  endfacet
  facet normal 0 0 1
    outer loop
      vertex 7.8293 7.1103 60
      vertex 6.08992 5.84656 60
      vertex 6.18011 5.69939 60
    endloop
  endfacet
  facet normal 0 0 1
    outer loop
      vertex 7.4981 7.4981 60
      vertex 5.97782 5.97782 60
      vertex 6.08992 5.84656 60
    endloop
  endfacet
  facet normal 0 0 1
    outer loop
      vertex 7.1103 7.8293 60
      vertex 5.84656 6.08992 60
      vertex 5.97782 5.97782 60
    endloop
  endfacet
  facet normal 0 0 1
    outer loop
      vertex 5.53992 6.24616 60
      vertex 6.2043 8.29093 60
      vertex 5.70841 8.40999 60
    endloop
  endfacet
  facet normal 0 0 1
    outer loop
      vertex 6.67547 8.09577 60
      vertex 5.69939 6.18011 60
      vertex 5.84656 6.08992 60
    endloop
  endfacet
  facet normal 0 0 1
    outer loop
      vertex 6.2043 8.29093 60
      vertex 5.53992 6.24616 60
      vertex 5.69939 6.18011 60
    endloop
  endfacet
  facet normal 0 0 1
    outer loop
      vertex 5.70841 8.40999 60
      vertex 5.37208 6.28646 60
      vertex 5.53992 6.24616 60
    endloop
  endfacet
  facet normal 0 0 1
    outer loop
      vertex 5.2 8.45 60
      vertex 5.37208 6.28646 60
      vertex 5.70841 8.40999 60
    endloop
  endfacet
  facet normal 0 0 1
    outer loop
      vertex 5.2 8.45 60
      vertex 5.2 6.3 60
      vertex 5.37208 6.28646 60
    endloop
  endfacet
  facet normal 0 0 1
    outer loop
      vertex 5.2 8.45 60
      vertex 5.02792 6.28646 60
      vertex 5.2 6.3 60
    endloop
  endfacet
  facet normal -0 0 1
    outer loop
      vertex 4.69159 8.40999 60
      vertex 5.02792 6.28646 60
      vertex 5.2 8.45 60
    endloop
  endfacet
  facet normal 0 0 1
    outer loop
      vertex 5.02792 6.28646 60
      vertex 4.69159 8.40999 60
      vertex 4.86008 6.24616 60
    endloop
  endfacet
  facet normal -0 0 1
    outer loop
      vertex 4.19569 8.29093 60
      vertex 4.86008 6.24616 60
      vertex 4.69159 8.40999 60
    endloop
  endfacet
  facet normal 0 0 1
    outer loop
      vertex 4.86008 6.24616 60
      vertex 4.19569 8.29093 60
      vertex 4.70061 6.18011 60
    endloop
  endfacet
  facet normal -0 0 1
    outer loop
      vertex 3.72453 8.09577 60
      vertex 4.70061 6.18011 60
      vertex 4.19569 8.29093 60
    endloop
  endfacet
  facet normal 0 0 1
    outer loop
      vertex 4.70061 6.18011 60
      vertex 3.72453 8.09577 60
      vertex 4.55344 6.08992 60
    endloop
  endfacet
  facet normal -0 0 1
    outer loop
      vertex 3.2897 7.8293 60
      vertex 4.55344 6.08992 60
      vertex 3.72453 8.09577 60
    endloop
  endfacet
  facet normal 0 0 1
    outer loop
      vertex 4.55344 6.08992 60
      vertex 3.2897 7.8293 60
      vertex 4.42218 5.97782 60
    endloop
  endfacet
  facet normal -0 0 1
    outer loop
      vertex 2.9019 7.4981 60
      vertex 4.42218 5.97782 60
      vertex 3.2897 7.8293 60
    endloop
  endfacet
  facet normal 0 0 1
    outer loop
      vertex 4.42218 5.97782 60
      vertex 2.9019 7.4981 60
      vertex 4.31008 5.84656 60
    endloop
  endfacet
  facet normal -0 0 1
    outer loop
      vertex 2.5707 7.1103 60
      vertex 4.31008 5.84656 60
      vertex 2.9019 7.4981 60
    endloop
  endfacet
  facet normal 0 0 1
    outer loop
      vertex 4.31008 5.84656 60
      vertex 2.5707 7.1103 60
      vertex 4.21989 5.69939 60
    endloop
  endfacet
  facet normal -0 0 1
    outer loop
      vertex 6.08992 4.55344 60
      vertex 7.8293 3.2897 60
      vertex 6.18011 4.70061 60
    endloop
  endfacet
  facet normal 0 0 1
    outer loop
      vertex 7.8293 3.2897 60
      vertex 6.08992 4.55344 60
      vertex 7.4981 2.9019 60
    endloop
  endfacet
  facet normal -0 0 1
    outer loop
      vertex 5.97782 4.42218 60
      vertex 7.4981 2.9019 60
      vertex 6.08992 4.55344 60
    endloop
  endfacet
  facet normal 0 0 1
    outer loop
      vertex 7.4981 2.9019 60
      vertex 5.97782 4.42218 60
      vertex 7.1103 2.5707 60
    endloop
  endfacet
  facet normal -0 0 1
    outer loop
      vertex 5.84656 4.31008 60
      vertex 7.1103 2.5707 60
      vertex 5.97782 4.42218 60
    endloop
  endfacet
  facet normal 0 0 1
    outer loop
      vertex 7.1103 2.5707 60
      vertex 5.84656 4.31008 60
      vertex 6.67547 2.30423 60
    endloop
  endfacet
  facet normal -0 0 1
    outer loop
      vertex 5.69939 4.21989 60
      vertex 6.67547 2.30423 60
      vertex 5.84656 4.31008 60
    endloop
  endfacet
  facet normal 0 0 1
    outer loop
      vertex 6.67547 2.30423 60
      vertex 5.69939 4.21989 60
      vertex 6.2043 2.10907 60
    endloop
  endfacet
  facet normal -0 0 1
    outer loop
      vertex 5.53992 4.15384 60
      vertex 6.2043 2.10907 60
      vertex 5.69939 4.21989 60
    endloop
  endfacet
  facet normal 0 0 1
    outer loop
      vertex 6.3 74.8 60
      vertex 8.45 74.8 60
      vertex 8.40999 75.3084 60
    endloop
  endfacet
  facet normal 0 0 1
    outer loop
      vertex 6.28646 74.9721 60
      vertex 8.40999 75.3084 60
      vertex 8.29093 75.8043 60
    endloop
  endfacet
  facet normal 0 0 1
    outer loop
      vertex 8.45 74.8 60
      vertex 6.3 74.8 60
      vertex 8.40999 74.2916 60
    endloop
  endfacet
  facet normal 0 0 1
    outer loop
      vertex 6.24616 75.1399 60
      vertex 8.29093 75.8043 60
      vertex 8.09577 76.2755 60
    endloop
  endfacet
  facet normal -0 0 1
    outer loop
      vertex 6.28646 74.6279 60
      vertex 8.40999 74.2916 60
      vertex 6.3 74.8 60
    endloop
  endfacet
  facet normal 0 0 1
    outer loop
      vertex 6.18011 75.2994 60
      vertex 8.09577 76.2755 60
      vertex 7.8293 76.7103 60
    endloop
  endfacet
  facet normal 0 0 1
    outer loop
      vertex 8.40999 74.2916 60
      vertex 6.28646 74.6279 60
      vertex 8.29093 73.7957 60
    endloop
  endfacet
  facet normal 0 0 1
    outer loop
      vertex 6.08992 75.4466 60
      vertex 7.8293 76.7103 60
      vertex 7.4981 77.0981 60
    endloop
  endfacet
  facet normal -0 0 1
    outer loop
      vertex 6.24616 74.4601 60
      vertex 8.29093 73.7957 60
      vertex 6.28646 74.6279 60
    endloop
  endfacet
  facet normal 0 0 1
    outer loop
      vertex 5.97782 75.5778 60
      vertex 7.4981 77.0981 60
      vertex 7.1103 77.4293 60
    endloop
  endfacet
  facet normal 0 0 1
    outer loop
      vertex 8.29093 73.7957 60
      vertex 6.24616 74.4601 60
      vertex 8.09577 73.3245 60
    endloop
  endfacet
  facet normal 0 0 1
    outer loop
      vertex 5.84656 75.6899 60
      vertex 7.1103 77.4293 60
      vertex 6.67547 77.6958 60
    endloop
  endfacet
  facet normal -0 0 1
    outer loop
      vertex 6.18011 74.3006 60
      vertex 8.09577 73.3245 60
      vertex 6.24616 74.4601 60
    endloop
  endfacet
  facet normal 0 0 1
    outer loop
      vertex 8.09577 73.3245 60
      vertex 6.18011 74.3006 60
      vertex 7.8293 72.8897 60
    endloop
  endfacet
  facet normal 0 0 1
    outer loop
      vertex 8.40999 75.3084 60
      vertex 6.28646 74.9721 60
      vertex 6.3 74.8 60
    endloop
  endfacet
  facet normal 0 0 1
    outer loop
      vertex 8.29093 75.8043 60
      vertex 6.24616 75.1399 60
      vertex 6.28646 74.9721 60
    endloop
  endfacet
  facet normal 0 0 1
    outer loop
      vertex 5.69939 75.7801 60
      vertex 6.67547 77.6958 60
      vertex 6.2043 77.8909 60
    endloop
  endfacet
  facet normal 0 0 1
    outer loop
      vertex 8.09577 76.2755 60
      vertex 6.18011 75.2994 60
      vertex 6.24616 75.1399 60
    endloop
  endfacet
  facet normal 0 0 1
    outer loop
      vertex 7.8293 76.7103 60
      vertex 6.08992 75.4466 60
      vertex 6.18011 75.2994 60
    endloop
  endfacet
  facet normal 0 0 1
    outer loop
      vertex 7.4981 77.0981 60
      vertex 5.97782 75.5778 60
      vertex 6.08992 75.4466 60
    endloop
  endfacet
  facet normal 0 0 1
    outer loop
      vertex 7.1103 77.4293 60
      vertex 5.84656 75.6899 60
      vertex 5.97782 75.5778 60
    endloop
  endfacet
  facet normal 0 0 1
    outer loop
      vertex 5.53992 75.8462 60
      vertex 6.2043 77.8909 60
      vertex 5.75001 78 60
    endloop
  endfacet
  facet normal 0 0 1
    outer loop
      vertex 6.67547 77.6958 60
      vertex 5.69939 75.7801 60
      vertex 5.84656 75.6899 60
    endloop
  endfacet
  facet normal -0 0 1
    outer loop
      vertex 6.08992 74.1534 60
      vertex 7.8293 72.8897 60
      vertex 6.18011 74.3006 60
    endloop
  endfacet
  facet normal 0 0 1
    outer loop
      vertex 7.8293 72.8897 60
      vertex 6.08992 74.1534 60
      vertex 7.4981 72.5019 60
    endloop
  endfacet
  facet normal -0 0 1
    outer loop
      vertex 5.97782 74.0222 60
      vertex 7.4981 72.5019 60
      vertex 6.08992 74.1534 60
    endloop
  endfacet
  facet normal 0 0 1
    outer loop
      vertex 7.4981 72.5019 60
      vertex 5.97782 74.0222 60
      vertex 7.1103 72.1707 60
    endloop
  endfacet
  facet normal -0 0 1
    outer loop
      vertex 5.84656 73.9101 60
      vertex 7.1103 72.1707 60
      vertex 5.97782 74.0222 60
    endloop
  endfacet
  facet normal 0 0 1
    outer loop
      vertex 7.1103 72.1707 60
      vertex 5.84656 73.9101 60
      vertex 6.67547 71.9042 60
    endloop
  endfacet
  facet normal -0 0 1
    outer loop
      vertex 5.69939 73.8199 60
      vertex 6.67547 71.9042 60
      vertex 5.84656 73.9101 60
    endloop
  endfacet
  facet normal 0 0 1
    outer loop
      vertex 6.67547 71.9042 60
      vertex 5.69939 73.8199 60
      vertex 6.2043 71.7091 60
    endloop
  endfacet
  facet normal -0 0 1
    outer loop
      vertex 5.53992 73.7538 60
      vertex 6.2043 71.7091 60
      vertex 5.69939 73.8199 60
    endloop
  endfacet
  facet normal 0 0 1
    outer loop
      vertex 6.2043 71.7091 60
      vertex 5.53992 73.7538 60
      vertex 5.70841 71.59 60
    endloop
  endfacet
  facet normal -0 0 1
    outer loop
      vertex 5.37208 73.7135 60
      vertex 5.70841 71.59 60
      vertex 5.53992 73.7538 60
    endloop
  endfacet
  facet normal -0 0 1
    outer loop
      vertex 5.2 73.7 60
      vertex 5.70841 71.59 60
      vertex 5.37208 73.7135 60
    endloop
  endfacet
  facet normal 0 0 1
    outer loop
      vertex 5.2 73.7 60
      vertex 5.2 71.55 60
      vertex 5.70841 71.59 60
    endloop
  endfacet
  facet normal 0 0 1
    outer loop
      vertex 5.02792 73.7135 60
      vertex 5.2 71.55 60
      vertex 5.2 73.7 60
    endloop
  endfacet
  facet normal 0 0 1
    outer loop
      vertex 4.69159 71.59 60
      vertex 5.02792 73.7135 60
      vertex 4.86008 73.7538 60
    endloop
  endfacet
  facet normal 0 0 1
    outer loop
      vertex 4.19569 71.7091 60
      vertex 4.86008 73.7538 60
      vertex 4.70061 73.8199 60
    endloop
  endfacet
  facet normal 0 0 1
    outer loop
      vertex 5.02792 73.7135 60
      vertex 4.69159 71.59 60
      vertex 5.2 71.55 60
    endloop
  endfacet
  facet normal 0 0 1
    outer loop
      vertex 3.72453 71.9042 60
      vertex 4.70061 73.8199 60
      vertex 4.55344 73.9101 60
    endloop
  endfacet
  facet normal 0 0 1
    outer loop
      vertex 3.2897 72.1707 60
      vertex 4.55344 73.9101 60
      vertex 4.42218 74.0222 60
    endloop
  endfacet
  facet normal 0 0 1
    outer loop
      vertex 2.9019 72.5019 60
      vertex 4.42218 74.0222 60
      vertex 4.31008 74.1534 60
    endloop
  endfacet
  facet normal 0 0 1
    outer loop
      vertex 2.5707 72.8897 60
      vertex 4.31008 74.1534 60
      vertex 4.21989 74.3006 60
    endloop
  endfacet
  facet normal 0 0 1
    outer loop
      vertex 4.86008 73.7538 60
      vertex 4.19569 71.7091 60
      vertex 4.69159 71.59 60
    endloop
  endfacet
  facet normal 0 0 1
    outer loop
      vertex 2.30423 73.3245 60
      vertex 4.21989 74.3006 60
      vertex 4.15384 74.4601 60
    endloop
  endfacet
  facet normal 0 0 1
    outer loop
      vertex 2 74.25 60
      vertex 4.15384 74.4601 60
      vertex 4.11354 74.6279 60
    endloop
  endfacet
  facet normal 0 0 1
    outer loop
      vertex 2 74.25 60
      vertex 4.11354 74.6279 60
      vertex 4.1 74.8 60
    endloop
  endfacet
  facet normal -0 0 1
    outer loop
      vertex 2.30423 76.2755 60
      vertex 4.21989 75.2994 60
      vertex 2.5707 76.7103 60
    endloop
  endfacet
  facet normal 0 0 1
    outer loop
      vertex 4.70061 73.8199 60
      vertex 3.72453 71.9042 60
      vertex 4.19569 71.7091 60
    endloop
  endfacet
  facet normal 0 0 1
    outer loop
      vertex 4.21989 75.2994 60
      vertex 2.30423 76.2755 60
      vertex 4.15384 75.1399 60
    endloop
  endfacet
  facet normal 0 0 1
    outer loop
      vertex 4.55344 73.9101 60
      vertex 3.2897 72.1707 60
      vertex 3.72453 71.9042 60
    endloop
  endfacet
  facet normal -0 0 1
    outer loop
      vertex 2.10907 75.8043 60
      vertex 4.15384 75.1399 60
      vertex 2.30423 76.2755 60
    endloop
  endfacet
  facet normal 0 0 1
    outer loop
      vertex 4.42218 74.0222 60
      vertex 2.9019 72.5019 60
      vertex 3.2897 72.1707 60
    endloop
  endfacet
  facet normal -0 0 1
    outer loop
      vertex 2 75.35 60
      vertex 4.15384 75.1399 60
      vertex 2.10907 75.8043 60
    endloop
  endfacet
  facet normal 0 0 1
    outer loop
      vertex 4.31008 74.1534 60
      vertex 2.5707 72.8897 60
      vertex 2.9019 72.5019 60
    endloop
  endfacet
  facet normal 0 0 1
    outer loop
      vertex 4.15384 75.1399 60
      vertex 2 75.35 60
      vertex 4.11354 74.9721 60
    endloop
  endfacet
  facet normal 0 0 1
    outer loop
      vertex 4.21989 74.3006 60
      vertex 2.30423 73.3245 60
      vertex 2.5707 72.8897 60
    endloop
  endfacet
  facet normal 0 0 1
    outer loop
      vertex 4.11354 74.9721 60
      vertex 2 75.35 60
      vertex 4.1 74.8 60
    endloop
  endfacet
  facet normal 0 0 1
    outer loop
      vertex 4.15384 74.4601 60
      vertex 2.10907 73.7957 60
      vertex 2.30423 73.3245 60
    endloop
  endfacet
  facet normal 0 0 1
    outer loop
      vertex 2 74.25 60
      vertex 4.1 74.8 60
      vertex 2 75.35 60
    endloop
  endfacet
  facet normal 0 0 1
    outer loop
      vertex 4.15384 74.4601 60
      vertex 2 74.25 60
      vertex 2.10907 73.7957 60
    endloop
  endfacet
  facet normal 0 0 1
    outer loop
      vertex 3.72453 2.30423 60
      vertex 4.70061 4.21989 60
      vertex 4.55344 4.31008 60
    endloop
  endfacet
  facet normal 0 0 1
    outer loop
      vertex 3.2897 2.5707 60
      vertex 4.55344 4.31008 60
      vertex 4.42218 4.42218 60
    endloop
  endfacet
  facet normal 0 0 1
    outer loop
      vertex 2.9019 2.9019 60
      vertex 4.42218 4.42218 60
      vertex 4.31008 4.55344 60
    endloop
  endfacet
  facet normal 0 0 1
    outer loop
      vertex 2.5707 3.2897 60
      vertex 4.31008 4.55344 60
      vertex 4.21989 4.70061 60
    endloop
  endfacet
  facet normal 0 0 1
    outer loop
      vertex 4.70061 4.21989 60
      vertex 4.19569 2.10907 60
      vertex 4.64999 2 60
    endloop
  endfacet
  facet normal 0 0 1
    outer loop
      vertex 2.30423 3.72453 60
      vertex 4.21989 4.70061 60
      vertex 4.15384 4.86008 60
    endloop
  endfacet
  facet normal 0 0 1
    outer loop
      vertex 2 4.64999 60
      vertex 4.15384 4.86008 60
      vertex 4.11354 5.02792 60
    endloop
  endfacet
  facet normal 0 0 1
    outer loop
      vertex 2 4.64999 60
      vertex 4.11354 5.02792 60
      vertex 4.1 5.2 60
    endloop
  endfacet
  facet normal -0 0 1
    outer loop
      vertex 2.30423 6.67547 60
      vertex 4.21989 5.69939 60
      vertex 2.5707 7.1103 60
    endloop
  endfacet
  facet normal 0 0 1
    outer loop
      vertex 4.70061 4.21989 60
      vertex 3.72453 2.30423 60
      vertex 4.19569 2.10907 60
    endloop
  endfacet
  facet normal 0 0 1
    outer loop
      vertex 4.21989 5.69939 60
      vertex 2.30423 6.67547 60
      vertex 4.15384 5.53992 60
    endloop
  endfacet
  facet normal 0 0 1
    outer loop
      vertex 4.55344 4.31008 60
      vertex 3.2897 2.5707 60
      vertex 3.72453 2.30423 60
    endloop
  endfacet
  facet normal -0 0 1
    outer loop
      vertex 2.10907 6.2043 60
      vertex 4.15384 5.53992 60
      vertex 2.30423 6.67547 60
    endloop
  endfacet
  facet normal 0 0 1
    outer loop
      vertex 4.42218 4.42218 60
      vertex 2.9019 2.9019 60
      vertex 3.2897 2.5707 60
    endloop
  endfacet
  facet normal -0 0 1
    outer loop
      vertex 2 5.75001 60
      vertex 4.15384 5.53992 60
      vertex 2.10907 6.2043 60
    endloop
  endfacet
  facet normal 0 0 1
    outer loop
      vertex 4.31008 4.55344 60
      vertex 2.5707 3.2897 60
      vertex 2.9019 2.9019 60
    endloop
  endfacet
  facet normal 0 0 1
    outer loop
      vertex 4.15384 5.53992 60
      vertex 2 5.75001 60
      vertex 4.11354 5.37208 60
    endloop
  endfacet
  facet normal 0 0 1
    outer loop
      vertex 4.21989 4.70061 60
      vertex 2.30423 3.72453 60
      vertex 2.5707 3.2897 60
    endloop
  endfacet
  facet normal 0 0 1
    outer loop
      vertex 4.11354 5.37208 60
      vertex 2 5.75001 60
      vertex 4.1 5.2 60
    endloop
  endfacet
  facet normal 0 0 1
    outer loop
      vertex 4.15384 4.86008 60
      vertex 2.10907 4.19569 60
      vertex 2.30423 3.72453 60
    endloop
  endfacet
  facet normal 0 0 1
    outer loop
      vertex 2 4.64999 60
      vertex 4.1 5.2 60
      vertex 2 5.75001 60
    endloop
  endfacet
  facet normal 0 0 1
    outer loop
      vertex 4.15384 4.86008 60
      vertex 2 4.64999 60
      vertex 2.10907 4.19569 60
    endloop
  endfacet
  facet normal 0 0 1
    outer loop
      vertex 4.86008 75.8462 60
      vertex 4.19569 77.8909 60
      vertex 4.70061 75.7801 60
    endloop
  endfacet
  facet normal -0 0 1
    outer loop
      vertex 3.72453 77.6958 60
      vertex 4.70061 75.7801 60
      vertex 4.19569 77.8909 60
    endloop
  endfacet
  facet normal 0 0 1
    outer loop
      vertex 4.70061 75.7801 60
      vertex 3.72453 77.6958 60
      vertex 4.55344 75.6899 60
    endloop
  endfacet
  facet normal -0 0 1
    outer loop
      vertex 3.2897 77.4293 60
      vertex 4.55344 75.6899 60
      vertex 3.72453 77.6958 60
    endloop
  endfacet
  facet normal 0 0 1
    outer loop
      vertex 4.55344 75.6899 60
      vertex 3.2897 77.4293 60
      vertex 4.42218 75.5778 60
    endloop
  endfacet
  facet normal -0 0 1
    outer loop
      vertex 2.9019 77.0981 60
      vertex 4.42218 75.5778 60
      vertex 3.2897 77.4293 60
    endloop
  endfacet
  facet normal 0 0 1
    outer loop
      vertex 4.42218 75.5778 60
      vertex 2.9019 77.0981 60
      vertex 4.31008 75.4466 60
    endloop
  endfacet
  facet normal -0 0 1
    outer loop
      vertex 2.5707 76.7103 60
      vertex 4.31008 75.4466 60
      vertex 2.9019 77.0981 60
    endloop
  endfacet
  facet normal 0 0 1
    outer loop
      vertex 4.31008 75.4466 60
      vertex 2.5707 76.7103 60
      vertex 4.21989 75.2994 60
    endloop
  endfacet
  facet normal 0 0 1
    outer loop
      vertex 33.3245 2.30423 60
      vertex 34.3006 4.21989 60
      vertex 34.1534 4.31008 60
    endloop
  endfacet
  facet normal 0 0 1
    outer loop
      vertex 32.8897 2.5707 60
      vertex 34.1534 4.31008 60
      vertex 34.0222 4.42218 60
    endloop
  endfacet
  facet normal 0 0 1
    outer loop
      vertex 32.5019 2.9019 60
      vertex 34.0222 4.42218 60
      vertex 33.9101 4.55344 60
    endloop
  endfacet
  facet normal 0 0 1
    outer loop
      vertex 32.1707 3.2897 60
      vertex 33.9101 4.55344 60
      vertex 33.8199 4.70061 60
    endloop
  endfacet
  facet normal 0 0 1
    outer loop
      vertex 34.3006 4.21989 60
      vertex 33.7957 2.10907 60
      vertex 34.25 2 60
    endloop
  endfacet
  facet normal 0 0 1
    outer loop
      vertex 31.9042 3.72453 60
      vertex 33.8199 4.70061 60
      vertex 33.7538 4.86008 60
    endloop
  endfacet
  facet normal 0 0 1
    outer loop
      vertex 31.7091 4.19569 60
      vertex 33.7538 4.86008 60
      vertex 33.7135 5.02792 60
    endloop
  endfacet
  facet normal 0 0 1
    outer loop
      vertex 31.59 4.69159 60
      vertex 33.7135 5.02792 60
      vertex 33.7 5.2 60
    endloop
  endfacet
  facet normal -0 0 1
    outer loop
      vertex 31.9042 6.67547 60
      vertex 33.8199 5.69939 60
      vertex 32.1707 7.1103 60
    endloop
  endfacet
  facet normal 0 0 1
    outer loop
      vertex 34.3006 4.21989 60
      vertex 33.3245 2.30423 60
      vertex 33.7957 2.10907 60
    endloop
  endfacet
  facet normal 0 0 1
    outer loop
      vertex 33.8199 5.69939 60
      vertex 31.9042 6.67547 60
      vertex 33.7538 5.53992 60
    endloop
  endfacet
  facet normal 0 0 1
    outer loop
      vertex 34.1534 4.31008 60
      vertex 32.8897 2.5707 60
      vertex 33.3245 2.30423 60
    endloop
  endfacet
  facet normal -0 0 1
    outer loop
      vertex 31.7091 6.2043 60
      vertex 33.7538 5.53992 60
      vertex 31.9042 6.67547 60
    endloop
  endfacet
  facet normal 0 0 1
    outer loop
      vertex 34.0222 4.42218 60
      vertex 32.5019 2.9019 60
      vertex 32.8897 2.5707 60
    endloop
  endfacet
  facet normal 0 0 1
    outer loop
      vertex 33.7538 5.53992 60
      vertex 31.7091 6.2043 60
      vertex 33.7135 5.37208 60
    endloop
  endfacet
  facet normal 0 0 1
    outer loop
      vertex 33.9101 4.55344 60
      vertex 32.1707 3.2897 60
      vertex 32.5019 2.9019 60
    endloop
  endfacet
  facet normal -0 0 1
    outer loop
      vertex 31.59 5.70841 60
      vertex 33.7135 5.37208 60
      vertex 31.7091 6.2043 60
    endloop
  endfacet
  facet normal 0 0 1
    outer loop
      vertex 33.8199 4.70061 60
      vertex 31.9042 3.72453 60
      vertex 32.1707 3.2897 60
    endloop
  endfacet
  facet normal 0 0 1
    outer loop
      vertex 33.7135 5.37208 60
      vertex 31.59 5.70841 60
      vertex 33.7 5.2 60
    endloop
  endfacet
  facet normal 0 0 1
    outer loop
      vertex 33.7538 4.86008 60
      vertex 31.7091 4.19569 60
      vertex 31.9042 3.72453 60
    endloop
  endfacet
  facet normal 0 0 1
    outer loop
      vertex 31.55 5.2 60
      vertex 33.7 5.2 60
      vertex 31.59 5.70841 60
    endloop
  endfacet
  facet normal 0 0 1
    outer loop
      vertex 33.7135 5.02792 60
      vertex 31.59 4.69159 60
      vertex 31.7091 4.19569 60
    endloop
  endfacet
  facet normal 0 0 1
    outer loop
      vertex 33.7 5.2 60
      vertex 31.55 5.2 60
      vertex 31.59 4.69159 60
    endloop
  endfacet
  facet normal 0 0 1
    outer loop
      vertex 34.4601 75.8462 60
      vertex 33.7957 77.8909 60
      vertex 34.3006 75.7801 60
    endloop
  endfacet
  facet normal -0 0 1
    outer loop
      vertex 33.3245 77.6958 60
      vertex 34.3006 75.7801 60
      vertex 33.7957 77.8909 60
    endloop
  endfacet
  facet normal 0 0 1
    outer loop
      vertex 34.3006 75.7801 60
      vertex 33.3245 77.6958 60
      vertex 34.1534 75.6899 60
    endloop
  endfacet
  facet normal -0 0 1
    outer loop
      vertex 32.8897 77.4293 60
      vertex 34.1534 75.6899 60
      vertex 33.3245 77.6958 60
    endloop
  endfacet
  facet normal 0 0 1
    outer loop
      vertex 34.1534 75.6899 60
      vertex 32.8897 77.4293 60
      vertex 34.0222 75.5778 60
    endloop
  endfacet
  facet normal -0 0 1
    outer loop
      vertex 32.5019 77.0981 60
      vertex 34.0222 75.5778 60
      vertex 32.8897 77.4293 60
    endloop
  endfacet
  facet normal 0 0 1
    outer loop
      vertex 34.0222 75.5778 60
      vertex 32.5019 77.0981 60
      vertex 33.9101 75.4466 60
    endloop
  endfacet
  facet normal -0 0 1
    outer loop
      vertex 32.1707 76.7103 60
      vertex 33.9101 75.4466 60
      vertex 32.5019 77.0981 60
    endloop
  endfacet
  facet normal 0 0 1
    outer loop
      vertex 33.9101 75.4466 60
      vertex 32.1707 76.7103 60
      vertex 33.8199 75.2994 60
    endloop
  endfacet
  facet normal 0 0 1
    outer loop
      vertex 35.8462 5.53992 60
      vertex 38 5.75001 60
      vertex 37.8909 6.2043 60
    endloop
  endfacet
  facet normal 0 0 1
    outer loop
      vertex 38 5.75001 60
      vertex 35.9 5.2 60
      vertex 38 4.64999 60
    endloop
  endfacet
  facet normal 0 0 1
    outer loop
      vertex 35.8462 5.53992 60
      vertex 37.8909 6.2043 60
      vertex 37.6958 6.67547 60
    endloop
  endfacet
  facet normal -0 0 1
    outer loop
      vertex 35.8865 5.02792 60
      vertex 38 4.64999 60
      vertex 35.9 5.2 60
    endloop
  endfacet
  facet normal 0 0 1
    outer loop
      vertex 35.7801 5.69939 60
      vertex 37.6958 6.67547 60
      vertex 37.4293 7.1103 60
    endloop
  endfacet
  facet normal -0 0 1
    outer loop
      vertex 35.8462 4.86008 60
      vertex 38 4.64999 60
      vertex 35.8865 5.02792 60
    endloop
  endfacet
  facet normal 0 0 1
    outer loop
      vertex 35.6899 5.84656 60
      vertex 37.4293 7.1103 60
      vertex 37.0981 7.4981 60
    endloop
  endfacet
  facet normal 0 0 1
    outer loop
      vertex 38 4.64999 60
      vertex 35.8462 4.86008 60
      vertex 37.8909 4.19569 60
    endloop
  endfacet
  facet normal 0 0 1
    outer loop
      vertex 35.5778 5.97782 60
      vertex 37.0981 7.4981 60
      vertex 36.7103 7.8293 60
    endloop
  endfacet
  facet normal 0 0 1
    outer loop
      vertex 37.8909 4.19569 60
      vertex 35.8462 4.86008 60
      vertex 37.6958 3.72453 60
    endloop
  endfacet
  facet normal 0 0 1
    outer loop
      vertex 35.4466 6.08992 60
      vertex 36.7103 7.8293 60
      vertex 36.2755 8.09577 60
    endloop
  endfacet
  facet normal -0 0 1
    outer loop
      vertex 35.7801 4.70061 60
      vertex 37.6958 3.72453 60
      vertex 35.8462 4.86008 60
    endloop
  endfacet
  facet normal 0 0 1
    outer loop
      vertex 37.6958 3.72453 60
      vertex 35.7801 4.70061 60
      vertex 37.4293 3.2897 60
    endloop
  endfacet
  facet normal 0 0 1
    outer loop
      vertex 38 5.75001 60
      vertex 35.8865 5.37208 60
      vertex 35.9 5.2 60
    endloop
  endfacet
  facet normal 0 0 1
    outer loop
      vertex 38 5.75001 60
      vertex 35.8462 5.53992 60
      vertex 35.8865 5.37208 60
    endloop
  endfacet
  facet normal 0 0 1
    outer loop
      vertex 35.2994 6.18011 60
      vertex 36.2755 8.09577 60
      vertex 35.8043 8.29093 60
    endloop
  endfacet
  facet normal 0 0 1
    outer loop
      vertex 37.6958 6.67547 60
      vertex 35.7801 5.69939 60
      vertex 35.8462 5.53992 60
    endloop
  endfacet
  facet normal 0 0 1
    outer loop
      vertex 37.4293 7.1103 60
      vertex 35.6899 5.84656 60
      vertex 35.7801 5.69939 60
    endloop
  endfacet
  facet normal 0 0 1
    outer loop
      vertex 37.0981 7.4981 60
      vertex 35.5778 5.97782 60
      vertex 35.6899 5.84656 60
    endloop
  endfacet
  facet normal 0 0 1
    outer loop
      vertex 36.7103 7.8293 60
      vertex 35.4466 6.08992 60
      vertex 35.5778 5.97782 60
    endloop
  endfacet
  facet normal 0 0 1
    outer loop
      vertex 35.1399 6.24616 60
      vertex 35.8043 8.29093 60
      vertex 35.3084 8.40999 60
    endloop
  endfacet
  facet normal 0 0 1
    outer loop
      vertex 36.2755 8.09577 60
      vertex 35.2994 6.18011 60
      vertex 35.4466 6.08992 60
    endloop
  endfacet
  facet normal 0 0 1
    outer loop
      vertex 35.8043 8.29093 60
      vertex 35.1399 6.24616 60
      vertex 35.2994 6.18011 60
    endloop
  endfacet
  facet normal 0 0 1
    outer loop
      vertex 35.3084 8.40999 60
      vertex 34.9721 6.28646 60
      vertex 35.1399 6.24616 60
    endloop
  endfacet
  facet normal 0 0 1
    outer loop
      vertex 34.8 8.45 60
      vertex 34.9721 6.28646 60
      vertex 35.3084 8.40999 60
    endloop
  endfacet
  facet normal 0 0 1
    outer loop
      vertex 34.8 8.45 60
      vertex 34.8 6.3 60
      vertex 34.9721 6.28646 60
    endloop
  endfacet
  facet normal 0 0 1
    outer loop
      vertex 34.8 8.45 60
      vertex 34.6279 6.28646 60
      vertex 34.8 6.3 60
    endloop
  endfacet
  facet normal -0 0 1
    outer loop
      vertex 34.2916 8.40999 60
      vertex 34.6279 6.28646 60
      vertex 34.8 8.45 60
    endloop
  endfacet
  facet normal 0 0 1
    outer loop
      vertex 34.6279 6.28646 60
      vertex 34.2916 8.40999 60
      vertex 34.4601 6.24616 60
    endloop
  endfacet
  facet normal -0 0 1
    outer loop
      vertex 33.7957 8.29093 60
      vertex 34.4601 6.24616 60
      vertex 34.2916 8.40999 60
    endloop
  endfacet
  facet normal 0 0 1
    outer loop
      vertex 34.4601 6.24616 60
      vertex 33.7957 8.29093 60
      vertex 34.3006 6.18011 60
    endloop
  endfacet
  facet normal -0 0 1
    outer loop
      vertex 33.3245 8.09577 60
      vertex 34.3006 6.18011 60
      vertex 33.7957 8.29093 60
    endloop
  endfacet
  facet normal 0 0 1
    outer loop
      vertex 34.3006 6.18011 60
      vertex 33.3245 8.09577 60
      vertex 34.1534 6.08992 60
    endloop
  endfacet
  facet normal -0 0 1
    outer loop
      vertex 32.8897 7.8293 60
      vertex 34.1534 6.08992 60
      vertex 33.3245 8.09577 60
    endloop
  endfacet
  facet normal 0 0 1
    outer loop
      vertex 34.1534 6.08992 60
      vertex 32.8897 7.8293 60
      vertex 34.0222 5.97782 60
    endloop
  endfacet
  facet normal -0 0 1
    outer loop
      vertex 32.5019 7.4981 60
      vertex 34.0222 5.97782 60
      vertex 32.8897 7.8293 60
    endloop
  endfacet
  facet normal 0 0 1
    outer loop
      vertex 34.0222 5.97782 60
      vertex 32.5019 7.4981 60
      vertex 33.9101 5.84656 60
    endloop
  endfacet
  facet normal -0 0 1
    outer loop
      vertex 32.1707 7.1103 60
      vertex 33.9101 5.84656 60
      vertex 32.5019 7.4981 60
    endloop
  endfacet
  facet normal 0 0 1
    outer loop
      vertex 33.9101 5.84656 60
      vertex 32.1707 7.1103 60
      vertex 33.8199 5.69939 60
    endloop
  endfacet
  facet normal 0 0 1
    outer loop
      vertex 35.8462 75.1399 60
      vertex 38 75.35 60
      vertex 37.8909 75.8043 60
    endloop
  endfacet
  facet normal 0 0 1
    outer loop
      vertex 38 75.35 60
      vertex 35.9 74.8 60
      vertex 38 74.25 60
    endloop
  endfacet
  facet normal 0 0 1
    outer loop
      vertex 35.8462 75.1399 60
      vertex 37.8909 75.8043 60
      vertex 37.6958 76.2755 60
    endloop
  endfacet
  facet normal -0 0 1
    outer loop
      vertex 35.8865 74.6279 60
      vertex 38 74.25 60
      vertex 35.9 74.8 60
    endloop
  endfacet
  facet normal 0 0 1
    outer loop
      vertex 35.7801 75.2994 60
      vertex 37.6958 76.2755 60
      vertex 37.4293 76.7103 60
    endloop
  endfacet
  facet normal -0 0 1
    outer loop
      vertex 35.8462 74.4601 60
      vertex 38 74.25 60
      vertex 35.8865 74.6279 60
    endloop
  endfacet
  facet normal 0 0 1
    outer loop
      vertex 35.6899 75.4466 60
      vertex 37.4293 76.7103 60
      vertex 37.0981 77.0981 60
    endloop
  endfacet
  facet normal 0 0 1
    outer loop
      vertex 38 74.25 60
      vertex 35.8462 74.4601 60
      vertex 37.8909 73.7957 60
    endloop
  endfacet
  facet normal 0 0 1
    outer loop
      vertex 35.5778 75.5778 60
      vertex 37.0981 77.0981 60
      vertex 36.7103 77.4293 60
    endloop
  endfacet
  facet normal 0 0 1
    outer loop
      vertex 37.8909 73.7957 60
      vertex 35.8462 74.4601 60
      vertex 37.6958 73.3245 60
    endloop
  endfacet
  facet normal 0 0 1
    outer loop
      vertex 35.4466 75.6899 60
      vertex 36.7103 77.4293 60
      vertex 36.2755 77.6958 60
    endloop
  endfacet
  facet normal -0 0 1
    outer loop
      vertex 35.7801 74.3006 60
      vertex 37.6958 73.3245 60
      vertex 35.8462 74.4601 60
    endloop
  endfacet
  facet normal 0 0 1
    outer loop
      vertex 37.6958 73.3245 60
      vertex 35.7801 74.3006 60
      vertex 37.4293 72.8897 60
    endloop
  endfacet
  facet normal 0 0 1
    outer loop
      vertex 38 75.35 60
      vertex 35.8865 74.9721 60
      vertex 35.9 74.8 60
    endloop
  endfacet
  facet normal 0 0 1
    outer loop
      vertex 38 75.35 60
      vertex 35.8462 75.1399 60
      vertex 35.8865 74.9721 60
    endloop
  endfacet
  facet normal 0 0 1
    outer loop
      vertex 35.2994 75.7801 60
      vertex 36.2755 77.6958 60
      vertex 35.8043 77.8909 60
    endloop
  endfacet
  facet normal 0 0 1
    outer loop
      vertex 37.6958 76.2755 60
      vertex 35.7801 75.2994 60
      vertex 35.8462 75.1399 60
    endloop
  endfacet
  facet normal 0 0 1
    outer loop
      vertex 37.4293 76.7103 60
      vertex 35.6899 75.4466 60
      vertex 35.7801 75.2994 60
    endloop
  endfacet
  facet normal 0 0 1
    outer loop
      vertex 37.0981 77.0981 60
      vertex 35.5778 75.5778 60
      vertex 35.6899 75.4466 60
    endloop
  endfacet
  facet normal 0 0 1
    outer loop
      vertex 36.7103 77.4293 60
      vertex 35.4466 75.6899 60
      vertex 35.5778 75.5778 60
    endloop
  endfacet
  facet normal 0 0 1
    outer loop
      vertex 35.1399 75.8462 60
      vertex 35.8043 77.8909 60
      vertex 35.35 78 60
    endloop
  endfacet
  facet normal 0 0 1
    outer loop
      vertex 36.2755 77.6958 60
      vertex 35.2994 75.7801 60
      vertex 35.4466 75.6899 60
    endloop
  endfacet
  facet normal 0 0 1
    outer loop
      vertex 38 76.5 60
      vertex 40 76.5 60
      vertex 39.9569 77.0475 60
    endloop
  endfacet
  facet normal 0 0 1
    outer loop
      vertex 40 76.5 60
      vertex 38 74.25 60
      vertex 40 3.5 60
    endloop
  endfacet
  facet normal 0 0 1
    outer loop
      vertex 37.9815 76.7346 60
      vertex 39.9569 77.0475 60
      vertex 39.8287 77.5816 60
    endloop
  endfacet
  facet normal -0 0 1
    outer loop
      vertex 38 5.75001 60
      vertex 40 3.5 60
      vertex 38 74.25 60
    endloop
  endfacet
  facet normal 0 0 1
    outer loop
      vertex 37.9266 76.9635 60
      vertex 39.8287 77.5816 60
      vertex 39.6185 78.089 60
    endloop
  endfacet
  facet normal -0 0 1
    outer loop
      vertex 38 4.64999 60
      vertex 40 3.5 60
      vertex 38 5.75001 60
    endloop
  endfacet
  facet normal 0 0 1
    outer loop
      vertex 37.8365 77.181 60
      vertex 39.6185 78.089 60
      vertex 39.3316 78.5573 60
    endloop
  endfacet
  facet normal 0 0 1
    outer loop
      vertex 38 3.5 60
      vertex 40 3.5 60
      vertex 38 4.64999 60
    endloop
  endfacet
  facet normal 0 0 1
    outer loop
      vertex 37.7135 77.3817 60
      vertex 39.3316 78.5573 60
      vertex 38.9749 78.9749 60
    endloop
  endfacet
  facet normal 0 0 1
    outer loop
      vertex 40 3.5 60
      vertex 38 3.5 60
      vertex 39.9569 2.95248 60
    endloop
  endfacet
  facet normal 0 0 1
    outer loop
      vertex 37.5607 77.5607 60
      vertex 38.9749 78.9749 60
      vertex 38.5572 79.3316 60
    endloop
  endfacet
  facet normal -0 0 1
    outer loop
      vertex 37.9815 3.26535 60
      vertex 39.9569 2.95248 60
      vertex 38 3.5 60
    endloop
  endfacet
  facet normal 0 0 1
    outer loop
      vertex 37.3817 77.7135 60
      vertex 38.5572 79.3316 60
      vertex 38.089 79.6185 60
    endloop
  endfacet
  facet normal 0 0 1
    outer loop
      vertex 39.9569 2.95248 60
      vertex 37.9815 3.26535 60
      vertex 39.8287 2.41844 60
    endloop
  endfacet
  facet normal 0 0 1
    outer loop
      vertex 40 76.5 60
      vertex 38 76.5 60
      vertex 38 75.35 60
    endloop
  endfacet
  facet normal 0 0 1
    outer loop
      vertex 39.9569 77.0475 60
      vertex 37.9815 76.7346 60
      vertex 38 76.5 60
    endloop
  endfacet
  facet normal 0 0 1
    outer loop
      vertex 39.8287 77.5816 60
      vertex 37.9266 76.9635 60
      vertex 37.9815 76.7346 60
    endloop
  endfacet
  facet normal 0 0 1
    outer loop
      vertex 39.6185 78.089 60
      vertex 37.8365 77.181 60
      vertex 37.9266 76.9635 60
    endloop
  endfacet
  facet normal 0 0 1
    outer loop
      vertex 39.3316 78.5573 60
      vertex 37.7135 77.3817 60
      vertex 37.8365 77.181 60
    endloop
  endfacet
  facet normal 0 0 1
    outer loop
      vertex 37.181 77.8365 60
      vertex 38.089 79.6185 60
      vertex 37.5816 79.8287 60
    endloop
  endfacet
  facet normal 0 0 1
    outer loop
      vertex 38.9749 78.9749 60
      vertex 37.5607 77.5607 60
      vertex 37.7135 77.3817 60
    endloop
  endfacet
  facet normal 0 0 1
    outer loop
      vertex 38.5572 79.3316 60
      vertex 37.3817 77.7135 60
      vertex 37.5607 77.5607 60
    endloop
  endfacet
  facet normal 0 0 1
    outer loop
      vertex 38.089 79.6185 60
      vertex 37.181 77.8365 60
      vertex 37.3817 77.7135 60
    endloop
  endfacet
  facet normal 0 0 1
    outer loop
      vertex 36.9635 77.9266 60
      vertex 37.5816 79.8287 60
      vertex 37.0475 79.9569 60
    endloop
  endfacet
  facet normal 0 0 1
    outer loop
      vertex 37.5816 79.8287 60
      vertex 36.9635 77.9266 60
      vertex 37.181 77.8365 60
    endloop
  endfacet
  facet normal 0 0 1
    outer loop
      vertex 37.0475 79.9569 60
      vertex 36.7346 77.9815 60
      vertex 36.9635 77.9266 60
    endloop
  endfacet
  facet normal 0 0 1
    outer loop
      vertex 36.5 80 60
      vertex 36.7346 77.9815 60
      vertex 37.0475 79.9569 60
    endloop
  endfacet
  facet normal 0 0 1
    outer loop
      vertex 36.5 80 60
      vertex 36.5 78 60
      vertex 36.7346 77.9815 60
    endloop
  endfacet
  facet normal 0 0 1
    outer loop
      vertex 36.5 80 60
      vertex 35.35 78 60
      vertex 36.5 78 60
    endloop
  endfacet
  facet normal 0 0 1
    outer loop
      vertex 35.8043 77.8909 60
      vertex 35.1399 75.8462 60
      vertex 35.2994 75.7801 60
    endloop
  endfacet
  facet normal 0 0 1
    outer loop
      vertex 35.35 78 60
      vertex 34.9721 75.8865 60
      vertex 35.1399 75.8462 60
    endloop
  endfacet
  facet normal 0 0 1
    outer loop
      vertex 35.35 78 60
      vertex 34.8 75.9 60
      vertex 34.9721 75.8865 60
    endloop
  endfacet
  facet normal -0 0 1
    outer loop
      vertex 34.25 78 60
      vertex 34.8 75.9 60
      vertex 35.35 78 60
    endloop
  endfacet
  facet normal 0 0 1
    outer loop
      vertex 34.8 75.9 60
      vertex 34.25 78 60
      vertex 34.6279 75.8865 60
    endloop
  endfacet
  facet normal 0 0 1
    outer loop
      vertex 34.6279 75.8865 60
      vertex 34.25 78 60
      vertex 34.4601 75.8462 60
    endloop
  endfacet
  facet normal -0 0 1
    outer loop
      vertex 33.7957 77.8909 60
      vertex 34.4601 75.8462 60
      vertex 34.25 78 60
    endloop
  endfacet
  facet normal 0 0 1
    outer loop
      vertex 36.5 80 60
      vertex 34.25 78 60
      vertex 35.35 78 60
    endloop
  endfacet
  facet normal 0 0 1
    outer loop
      vertex 36.5 80 60
      vertex 5.75001 78 60
      vertex 34.25 78 60
    endloop
  endfacet
  facet normal 0 0 1
    outer loop
      vertex 6.2043 77.8909 60
      vertex 5.53992 75.8462 60
      vertex 5.69939 75.7801 60
    endloop
  endfacet
  facet normal 0 0 1
    outer loop
      vertex 5.75001 78 60
      vertex 5.37208 75.8865 60
      vertex 5.53992 75.8462 60
    endloop
  endfacet
  facet normal 0 0 1
    outer loop
      vertex 5.75001 78 60
      vertex 5.2 75.9 60
      vertex 5.37208 75.8865 60
    endloop
  endfacet
  facet normal -0 0 1
    outer loop
      vertex 4.64999 78 60
      vertex 5.2 75.9 60
      vertex 5.75001 78 60
    endloop
  endfacet
  facet normal 0 0 1
    outer loop
      vertex 5.2 75.9 60
      vertex 4.64999 78 60
      vertex 5.02792 75.8865 60
    endloop
  endfacet
  facet normal 0 0 1
    outer loop
      vertex 5.02792 75.8865 60
      vertex 4.64999 78 60
      vertex 4.86008 75.8462 60
    endloop
  endfacet
  facet normal -0 0 1
    outer loop
      vertex 4.19569 77.8909 60
      vertex 4.86008 75.8462 60
      vertex 4.64999 78 60
    endloop
  endfacet
  facet normal -0 0 1
    outer loop
      vertex 3.5 80 60
      vertex 5.75001 78 60
      vertex 36.5 80 60
    endloop
  endfacet
  facet normal 0 0 1
    outer loop
      vertex 5.75001 78 60
      vertex 3.5 80 60
      vertex 4.64999 78 60
    endloop
  endfacet
  facet normal 0 0 1
    outer loop
      vertex 3.5 80 60
      vertex 3.5 78 60
      vertex 4.64999 78 60
    endloop
  endfacet
  facet normal 0 0 1
    outer loop
      vertex 3.5 80 60
      vertex 3.26535 77.9815 60
      vertex 3.5 78 60
    endloop
  endfacet
  facet normal -0 0 1
    outer loop
      vertex 2.95248 79.9569 60
      vertex 3.26535 77.9815 60
      vertex 3.5 80 60
    endloop
  endfacet
  facet normal 0 0 1
    outer loop
      vertex 3.26535 77.9815 60
      vertex 2.95248 79.9569 60
      vertex 3.03647 77.9266 60
    endloop
  endfacet
  facet normal -0 0 1
    outer loop
      vertex 2.41844 79.8287 60
      vertex 3.03647 77.9266 60
      vertex 2.95248 79.9569 60
    endloop
  endfacet
  facet normal 0 0 1
    outer loop
      vertex 3.03647 77.9266 60
      vertex 2.41844 79.8287 60
      vertex 2.81901 77.8365 60
    endloop
  endfacet
  facet normal -0 0 1
    outer loop
      vertex 1.91103 79.6185 60
      vertex 2.81901 77.8365 60
      vertex 2.41844 79.8287 60
    endloop
  endfacet
  facet normal 0 0 1
    outer loop
      vertex 2.81901 77.8365 60
      vertex 1.91103 79.6185 60
      vertex 2.61832 77.7135 60
    endloop
  endfacet
  facet normal -0 0 1
    outer loop
      vertex 1.44275 79.3316 60
      vertex 2.61832 77.7135 60
      vertex 1.91103 79.6185 60
    endloop
  endfacet
  facet normal 0 0 1
    outer loop
      vertex 2.61832 77.7135 60
      vertex 1.44275 79.3316 60
      vertex 2.43934 77.5607 60
    endloop
  endfacet
  facet normal -0 0 1
    outer loop
      vertex 1.02513 78.9749 60
      vertex 2.43934 77.5607 60
      vertex 1.44275 79.3316 60
    endloop
  endfacet
  facet normal 0 0 1
    outer loop
      vertex 2.43934 77.5607 60
      vertex 1.02513 78.9749 60
      vertex 2.28647 77.3817 60
    endloop
  endfacet
  facet normal -0 0 1
    outer loop
      vertex 0 76.5 60
      vertex 2 75.35 60
      vertex 2 76.5 60
    endloop
  endfacet
  facet normal 0 0 1
    outer loop
      vertex 2 75.35 60
      vertex 0 76.5 60
      vertex 2 74.25 60
    endloop
  endfacet
  facet normal 0 0 1
    outer loop
      vertex 2 74.25 60
      vertex 0 76.5 60
      vertex 2 5.75001 60
    endloop
  endfacet
  facet normal 0 0 1
    outer loop
      vertex 0 3.5 60
      vertex 2 5.75001 60
      vertex 0 76.5 60
    endloop
  endfacet
  facet normal -0 0 1
    outer loop
      vertex 0.381476 78.089 60
      vertex 2.16349 77.181 60
      vertex 0.66844 78.5573 60
    endloop
  endfacet
  facet normal 0 0 1
    outer loop
      vertex 2.28647 77.3817 60
      vertex 0.66844 78.5573 60
      vertex 2.16349 77.181 60
    endloop
  endfacet
  facet normal -0 0 1
    outer loop
      vertex 0.66844 78.5573 60
      vertex 2.28647 77.3817 60
      vertex 1.02513 78.9749 60
    endloop
  endfacet
  facet normal 0 0 1
    outer loop
      vertex 40 76.5 60
      vertex 38 75.35 60
      vertex 38 74.25 60
    endloop
  endfacet
  facet normal -0 0 1
    outer loop
      vertex 37.9266 3.03647 60
      vertex 39.8287 2.41844 60
      vertex 37.9815 3.26535 60
    endloop
  endfacet
  facet normal 0 0 1
    outer loop
      vertex 39.8287 2.41844 60
      vertex 37.9266 3.03647 60
      vertex 39.6185 1.91103 60
    endloop
  endfacet
  facet normal -0 0 1
    outer loop
      vertex 37.8365 2.81901 60
      vertex 39.6185 1.91103 60
      vertex 37.9266 3.03647 60
    endloop
  endfacet
  facet normal 0 0 1
    outer loop
      vertex 39.6185 1.91103 60
      vertex 37.8365 2.81901 60
      vertex 39.3316 1.44275 60
    endloop
  endfacet
  facet normal -0 0 1
    outer loop
      vertex 37.7135 2.61832 60
      vertex 39.3316 1.44275 60
      vertex 37.8365 2.81901 60
    endloop
  endfacet
  facet normal 0 0 1
    outer loop
      vertex 39.3316 1.44275 60
      vertex 37.7135 2.61832 60
      vertex 38.9749 1.02513 60
    endloop
  endfacet
  facet normal -0 0 1
    outer loop
      vertex 37.5607 2.43934 60
      vertex 38.9749 1.02513 60
      vertex 37.7135 2.61832 60
    endloop
  endfacet
  facet normal 0 0 1
    outer loop
      vertex 38.9749 1.02513 60
      vertex 37.5607 2.43934 60
      vertex 38.5572 0.66844 60
    endloop
  endfacet
  facet normal -0 0 1
    outer loop
      vertex 37.3817 2.28647 60
      vertex 38.5572 0.66844 60
      vertex 37.5607 2.43934 60
    endloop
  endfacet
  facet normal 0 0 1
    outer loop
      vertex 38.5572 0.66844 60
      vertex 37.3817 2.28647 60
      vertex 38.089 0.381476 60
    endloop
  endfacet
  facet normal -0 0 1
    outer loop
      vertex 37.181 2.16349 60
      vertex 38.089 0.381476 60
      vertex 37.3817 2.28647 60
    endloop
  endfacet
  facet normal 0 0 1
    outer loop
      vertex 38.089 0.381476 60
      vertex 37.181 2.16349 60
      vertex 37.5816 0.171302 60
    endloop
  endfacet
  facet normal -0 0 1
    outer loop
      vertex 36.9635 2.07341 60
      vertex 37.5816 0.171302 60
      vertex 37.181 2.16349 60
    endloop
  endfacet
  facet normal 0 0 1
    outer loop
      vertex 37.5816 0.171302 60
      vertex 36.9635 2.07341 60
      vertex 37.0475 0.0430899 60
    endloop
  endfacet
  facet normal -0 0 1
    outer loop
      vertex 36.7346 2.01847 60
      vertex 37.0475 0.0430899 60
      vertex 36.9635 2.07341 60
    endloop
  endfacet
  facet normal -0 0 1
    outer loop
      vertex 36.5 2 60
      vertex 37.0475 0.0430899 60
      vertex 36.7346 2.01847 60
    endloop
  endfacet
  facet normal 0 0 1
    outer loop
      vertex 36.5 2 60
      vertex 36.5 0 60
      vertex 37.0475 0.0430899 60
    endloop
  endfacet
  facet normal -0 0 1
    outer loop
      vertex 35.35 2 60
      vertex 36.5 0 60
      vertex 36.5 2 60
    endloop
  endfacet
  facet normal 0 0 1
    outer loop
      vertex 35.8043 2.10907 60
      vertex 35.1399 4.15384 60
      vertex 35.35 2 60
    endloop
  endfacet
  facet normal -0 0 1
    outer loop
      vertex 34.9721 4.11354 60
      vertex 35.35 2 60
      vertex 35.1399 4.15384 60
    endloop
  endfacet
  facet normal -0 0 1
    outer loop
      vertex 34.8 4.1 60
      vertex 35.35 2 60
      vertex 34.9721 4.11354 60
    endloop
  endfacet
  facet normal 0 0 1
    outer loop
      vertex 34.25 2 60
      vertex 34.8 4.1 60
      vertex 34.6279 4.11354 60
    endloop
  endfacet
  facet normal 0 0 1
    outer loop
      vertex 34.25 2 60
      vertex 34.6279 4.11354 60
      vertex 34.4601 4.15384 60
    endloop
  endfacet
  facet normal 0 0 1
    outer loop
      vertex 34.25 2 60
      vertex 34.4601 4.15384 60
      vertex 34.3006 4.21989 60
    endloop
  endfacet
  facet normal 0 0 1
    outer loop
      vertex 34.8 4.1 60
      vertex 34.25 2 60
      vertex 35.35 2 60
    endloop
  endfacet
  facet normal -0 0 1
    outer loop
      vertex 34.25 2 60
      vertex 36.5 0 60
      vertex 35.35 2 60
    endloop
  endfacet
  facet normal -0 0 1
    outer loop
      vertex 5.75001 2 60
      vertex 36.5 0 60
      vertex 34.25 2 60
    endloop
  endfacet
  facet normal 0 0 1
    outer loop
      vertex 6.2043 2.10907 60
      vertex 5.53992 4.15384 60
      vertex 5.75001 2 60
    endloop
  endfacet
  facet normal -0 0 1
    outer loop
      vertex 5.37208 4.11354 60
      vertex 5.75001 2 60
      vertex 5.53992 4.15384 60
    endloop
  endfacet
  facet normal -0 0 1
    outer loop
      vertex 5.2 4.1 60
      vertex 5.75001 2 60
      vertex 5.37208 4.11354 60
    endloop
  endfacet
  facet normal 0 0 1
    outer loop
      vertex 4.64999 2 60
      vertex 5.2 4.1 60
      vertex 5.02792 4.11354 60
    endloop
  endfacet
  facet normal 0 0 1
    outer loop
      vertex 4.64999 2 60
      vertex 5.02792 4.11354 60
      vertex 4.86008 4.15384 60
    endloop
  endfacet
  facet normal 0 0 1
    outer loop
      vertex 4.64999 2 60
      vertex 4.86008 4.15384 60
      vertex 4.70061 4.21989 60
    endloop
  endfacet
  facet normal 0 0 1
    outer loop
      vertex 5.2 4.1 60
      vertex 4.64999 2 60
      vertex 5.75001 2 60
    endloop
  endfacet
  facet normal 0 0 1
    outer loop
      vertex 3.5 0 60
      vertex 5.75001 2 60
      vertex 4.64999 2 60
    endloop
  endfacet
  facet normal 0 0 1
    outer loop
      vertex 3.5 0 60
      vertex 4.64999 2 60
      vertex 3.5 2 60
    endloop
  endfacet
  facet normal 0 0 1
    outer loop
      vertex 5.75001 2 60
      vertex 3.5 0 60
      vertex 36.5 0 60
    endloop
  endfacet
  facet normal 0 0 1
    outer loop
      vertex 3.26535 2.01847 60
      vertex 3.5 0 60
      vertex 3.5 2 60
    endloop
  endfacet
  facet normal 0 0 1
    outer loop
      vertex 2.95248 0.0430899 60
      vertex 3.26535 2.01847 60
      vertex 3.03647 2.07341 60
    endloop
  endfacet
  facet normal 0 0 1
    outer loop
      vertex 3.26535 2.01847 60
      vertex 2.95248 0.0430899 60
      vertex 3.5 0 60
    endloop
  endfacet
  facet normal 0 0 1
    outer loop
      vertex 2.41844 0.171302 60
      vertex 3.03647 2.07341 60
      vertex 2.81901 2.16349 60
    endloop
  endfacet
  facet normal 0 0 1
    outer loop
      vertex 1.91103 0.381476 60
      vertex 2.81901 2.16349 60
      vertex 2.61832 2.28647 60
    endloop
  endfacet
  facet normal 0 0 1
    outer loop
      vertex 1.44275 0.66844 60
      vertex 2.61832 2.28647 60
      vertex 2.43934 2.43934 60
    endloop
  endfacet
  facet normal 0 0 1
    outer loop
      vertex 3.03647 2.07341 60
      vertex 2.41844 0.171302 60
      vertex 2.95248 0.0430899 60
    endloop
  endfacet
  facet normal 0 0 1
    outer loop
      vertex 1.02513 1.02513 60
      vertex 2.43934 2.43934 60
      vertex 2.28647 2.61832 60
    endloop
  endfacet
  facet normal 0 0 1
    outer loop
      vertex 0.66844 1.44275 60
      vertex 2.28647 2.61832 60
      vertex 2.16349 2.81901 60
    endloop
  endfacet
  facet normal 0 0 1
    outer loop
      vertex 0.381476 1.91103 60
      vertex 2.16349 2.81901 60
      vertex 2.07341 3.03647 60
    endloop
  endfacet
  facet normal 0 0 1
    outer loop
      vertex 0.171302 2.41844 60
      vertex 2.07341 3.03647 60
      vertex 2.01847 3.26535 60
    endloop
  endfacet
  facet normal 0 0 1
    outer loop
      vertex 2.81901 2.16349 60
      vertex 1.91103 0.381476 60
      vertex 2.41844 0.171302 60
    endloop
  endfacet
  facet normal 0 0 1
    outer loop
      vertex 0.0430899 2.95248 60
      vertex 2.01847 3.26535 60
      vertex 2 3.5 60
    endloop
  endfacet
  facet normal 0 0 1
    outer loop
      vertex 2 5.75001 60
      vertex 0 3.5 60
      vertex 2 4.64999 60
    endloop
  endfacet
  facet normal 0 0 1
    outer loop
      vertex 2.16349 77.181 60
      vertex 0.381476 78.089 60
      vertex 2.07341 76.9635 60
    endloop
  endfacet
  facet normal 0 0 1
    outer loop
      vertex 2 4.64999 60
      vertex 0 3.5 60
      vertex 2 3.5 60
    endloop
  endfacet
  facet normal -0 0 1
    outer loop
      vertex 0.171302 77.5816 60
      vertex 2.07341 76.9635 60
      vertex 0.381476 78.089 60
    endloop
  endfacet
  facet normal 0 -0 1
    outer loop
      vertex 0.0430899 2.95248 60
      vertex 2 3.5 60
      vertex 0 3.5 60
    endloop
  endfacet
  facet normal 0 0 1
    outer loop
      vertex 2.07341 76.9635 60
      vertex 0.171302 77.5816 60
      vertex 2.01847 76.7346 60
    endloop
  endfacet
  facet normal 0 0 1
    outer loop
      vertex 2.61832 2.28647 60
      vertex 1.44275 0.66844 60
      vertex 1.91103 0.381476 60
    endloop
  endfacet
  facet normal -0 0 1
    outer loop
      vertex 0.0430899 77.0475 60
      vertex 2.01847 76.7346 60
      vertex 0.171302 77.5816 60
    endloop
  endfacet
  facet normal 0 0 1
    outer loop
      vertex 2.43934 2.43934 60
      vertex 1.02513 1.02513 60
      vertex 1.44275 0.66844 60
    endloop
  endfacet
  facet normal 0 0 1
    outer loop
      vertex 2.01847 76.7346 60
      vertex 0.0430899 77.0475 60
      vertex 2 76.5 60
    endloop
  endfacet
  facet normal 0 0 1
    outer loop
      vertex 2.28647 2.61832 60
      vertex 0.66844 1.44275 60
      vertex 1.02513 1.02513 60
    endloop
  endfacet
  facet normal 0 0 1
    outer loop
      vertex 2 76.5 60
      vertex 0.0430899 77.0475 60
      vertex 0 76.5 60
    endloop
  endfacet
  facet normal 0 0 1
    outer loop
      vertex 2.16349 2.81901 60
      vertex 0.381476 1.91103 60
      vertex 0.66844 1.44275 60
    endloop
  endfacet
  facet normal 0 0 1
    outer loop
      vertex 2.07341 3.03647 60
      vertex 0.171302 2.41844 60
      vertex 0.381476 1.91103 60
    endloop
  endfacet
  facet normal 0 0 1
    outer loop
      vertex 2.01847 3.26535 60
      vertex 0.0430899 2.95248 60
      vertex 0.171302 2.41844 60
    endloop
  endfacet
  facet normal -0 0 1
    outer loop
      vertex 35.6899 74.1534 60
      vertex 37.4293 72.8897 60
      vertex 35.7801 74.3006 60
    endloop
  endfacet
  facet normal 0 0 1
    outer loop
      vertex 37.4293 72.8897 60
      vertex 35.6899 74.1534 60
      vertex 37.0981 72.5019 60
    endloop
  endfacet
  facet normal -0 0 1
    outer loop
      vertex 35.5778 74.0222 60
      vertex 37.0981 72.5019 60
      vertex 35.6899 74.1534 60
    endloop
  endfacet
  facet normal 0 0 1
    outer loop
      vertex 37.0981 72.5019 60
      vertex 35.5778 74.0222 60
      vertex 36.7103 72.1707 60
    endloop
  endfacet
  facet normal -0 0 1
    outer loop
      vertex 35.4466 73.9101 60
      vertex 36.7103 72.1707 60
      vertex 35.5778 74.0222 60
    endloop
  endfacet
  facet normal 0 0 1
    outer loop
      vertex 36.7103 72.1707 60
      vertex 35.4466 73.9101 60
      vertex 36.2755 71.9042 60
    endloop
  endfacet
  facet normal -0 0 1
    outer loop
      vertex 35.2994 73.8199 60
      vertex 36.2755 71.9042 60
      vertex 35.4466 73.9101 60
    endloop
  endfacet
  facet normal 0 0 1
    outer loop
      vertex 36.2755 71.9042 60
      vertex 35.2994 73.8199 60
      vertex 35.8043 71.7091 60
    endloop
  endfacet
  facet normal -0 0 1
    outer loop
      vertex 35.1399 73.7538 60
      vertex 35.8043 71.7091 60
      vertex 35.2994 73.8199 60
    endloop
  endfacet
  facet normal 0 0 1
    outer loop
      vertex 35.8043 71.7091 60
      vertex 35.1399 73.7538 60
      vertex 35.3084 71.59 60
    endloop
  endfacet
  facet normal -0 0 1
    outer loop
      vertex 34.9721 73.7135 60
      vertex 35.3084 71.59 60
      vertex 35.1399 73.7538 60
    endloop
  endfacet
  facet normal -0 0 1
    outer loop
      vertex 34.8 73.7 60
      vertex 35.3084 71.59 60
      vertex 34.9721 73.7135 60
    endloop
  endfacet
  facet normal 0 0 1
    outer loop
      vertex 34.8 73.7 60
      vertex 34.8 71.55 60
      vertex 35.3084 71.59 60
    endloop
  endfacet
  facet normal 0 0 1
    outer loop
      vertex 34.6279 73.7135 60
      vertex 34.8 71.55 60
      vertex 34.8 73.7 60
    endloop
  endfacet
  facet normal 0 0 1
    outer loop
      vertex 34.2916 71.59 60
      vertex 34.6279 73.7135 60
      vertex 34.4601 73.7538 60
    endloop
  endfacet
  facet normal 0 0 1
    outer loop
      vertex 33.7957 71.7091 60
      vertex 34.4601 73.7538 60
      vertex 34.3006 73.8199 60
    endloop
  endfacet
  facet normal 0 0 1
    outer loop
      vertex 34.6279 73.7135 60
      vertex 34.2916 71.59 60
      vertex 34.8 71.55 60
    endloop
  endfacet
  facet normal 0 0 1
    outer loop
      vertex 33.3245 71.9042 60
      vertex 34.3006 73.8199 60
      vertex 34.1534 73.9101 60
    endloop
  endfacet
  facet normal 0 0 1
    outer loop
      vertex 32.8897 72.1707 60
      vertex 34.1534 73.9101 60
      vertex 34.0222 74.0222 60
    endloop
  endfacet
  facet normal 0 0 1
    outer loop
      vertex 32.5019 72.5019 60
      vertex 34.0222 74.0222 60
      vertex 33.9101 74.1534 60
    endloop
  endfacet
  facet normal 0 0 1
    outer loop
      vertex 32.1707 72.8897 60
      vertex 33.9101 74.1534 60
      vertex 33.8199 74.3006 60
    endloop
  endfacet
  facet normal 0 0 1
    outer loop
      vertex 34.4601 73.7538 60
      vertex 33.7957 71.7091 60
      vertex 34.2916 71.59 60
    endloop
  endfacet
  facet normal 0 0 1
    outer loop
      vertex 31.9042 73.3245 60
      vertex 33.8199 74.3006 60
      vertex 33.7538 74.4601 60
    endloop
  endfacet
  facet normal 0 0 1
    outer loop
      vertex 31.7091 73.7957 60
      vertex 33.7538 74.4601 60
      vertex 33.7135 74.6279 60
    endloop
  endfacet
  facet normal 0 0 1
    outer loop
      vertex 31.59 74.2916 60
      vertex 33.7135 74.6279 60
      vertex 33.7 74.8 60
    endloop
  endfacet
  facet normal -0 0 1
    outer loop
      vertex 31.9042 76.2755 60
      vertex 33.8199 75.2994 60
      vertex 32.1707 76.7103 60
    endloop
  endfacet
  facet normal 0 0 1
    outer loop
      vertex 34.3006 73.8199 60
      vertex 33.3245 71.9042 60
      vertex 33.7957 71.7091 60
    endloop
  endfacet
  facet normal 0 0 1
    outer loop
      vertex 33.8199 75.2994 60
      vertex 31.9042 76.2755 60
      vertex 33.7538 75.1399 60
    endloop
  endfacet
  facet normal 0 0 1
    outer loop
      vertex 34.1534 73.9101 60
      vertex 32.8897 72.1707 60
      vertex 33.3245 71.9042 60
    endloop
  endfacet
  facet normal -0 0 1
    outer loop
      vertex 31.7091 75.8043 60
      vertex 33.7538 75.1399 60
      vertex 31.9042 76.2755 60
    endloop
  endfacet
  facet normal 0 0 1
    outer loop
      vertex 34.0222 74.0222 60
      vertex 32.5019 72.5019 60
      vertex 32.8897 72.1707 60
    endloop
  endfacet
  facet normal 0 0 1
    outer loop
      vertex 33.7538 75.1399 60
      vertex 31.7091 75.8043 60
      vertex 33.7135 74.9721 60
    endloop
  endfacet
  facet normal 0 0 1
    outer loop
      vertex 33.9101 74.1534 60
      vertex 32.1707 72.8897 60
      vertex 32.5019 72.5019 60
    endloop
  endfacet
  facet normal -0 0 1
    outer loop
      vertex 31.59 75.3084 60
      vertex 33.7135 74.9721 60
      vertex 31.7091 75.8043 60
    endloop
  endfacet
  facet normal 0 0 1
    outer loop
      vertex 33.8199 74.3006 60
      vertex 31.9042 73.3245 60
      vertex 32.1707 72.8897 60
    endloop
  endfacet
  facet normal 0 0 1
    outer loop
      vertex 33.7135 74.9721 60
      vertex 31.59 75.3084 60
      vertex 33.7 74.8 60
    endloop
  endfacet
  facet normal 0 0 1
    outer loop
      vertex 33.7538 74.4601 60
      vertex 31.7091 73.7957 60
      vertex 31.9042 73.3245 60
    endloop
  endfacet
  facet normal 0 0 1
    outer loop
      vertex 31.55 74.8 60
      vertex 33.7 74.8 60
      vertex 31.59 75.3084 60
    endloop
  endfacet
  facet normal 0 0 1
    outer loop
      vertex 33.7135 74.6279 60
      vertex 31.59 74.2916 60
      vertex 31.7091 73.7957 60
    endloop
  endfacet
  facet normal 0 0 1
    outer loop
      vertex 33.7 74.8 60
      vertex 31.55 74.8 60
      vertex 31.59 74.2916 60
    endloop
  endfacet
  facet normal -0 0 1
    outer loop
      vertex 35.6899 4.55344 60
      vertex 37.4293 3.2897 60
      vertex 35.7801 4.70061 60
    endloop
  endfacet
  facet normal 0 0 1
    outer loop
      vertex 37.4293 3.2897 60
      vertex 35.6899 4.55344 60
      vertex 37.0981 2.9019 60
    endloop
  endfacet
  facet normal -0 0 1
    outer loop
      vertex 35.5778 4.42218 60
      vertex 37.0981 2.9019 60
      vertex 35.6899 4.55344 60
    endloop
  endfacet
  facet normal 0 0 1
    outer loop
      vertex 37.0981 2.9019 60
      vertex 35.5778 4.42218 60
      vertex 36.7103 2.5707 60
    endloop
  endfacet
  facet normal -0 0 1
    outer loop
      vertex 35.4466 4.31008 60
      vertex 36.7103 2.5707 60
      vertex 35.5778 4.42218 60
    endloop
  endfacet
  facet normal 0 0 1
    outer loop
      vertex 36.7103 2.5707 60
      vertex 35.4466 4.31008 60
      vertex 36.2755 2.30423 60
    endloop
  endfacet
  facet normal -0 0 1
    outer loop
      vertex 35.2994 4.21989 60
      vertex 36.2755 2.30423 60
      vertex 35.4466 4.31008 60
    endloop
  endfacet
  facet normal 0 0 1
    outer loop
      vertex 36.2755 2.30423 60
      vertex 35.2994 4.21989 60
      vertex 35.8043 2.10907 60
    endloop
  endfacet
  facet normal -0 0 1
    outer loop
      vertex 35.1399 4.15384 60
      vertex 35.8043 2.10907 60
      vertex 35.2994 4.21989 60
    endloop
  endfacet
  facet normal 0.972379 0.233408 0
    outer loop
      vertex 2.07341 3.03647 60
      vertex 2.01847 3.26535 2
      vertex 2.01847 3.26535 60
    endloop
  endfacet
  facet normal 0.972379 0.233408 0
    outer loop
      vertex 2.01847 3.26535 2
      vertex 2.07341 3.03647 60
      vertex 2.07341 3.03647 2
    endloop
  endfacet
  facet normal -1 0 0
    outer loop
      vertex 38 75.35 2
      vertex 38 76.5 60
      vertex 38 76.5 2
    endloop
  endfacet
  facet normal -1 -0 0
    outer loop
      vertex 38 76.5 60
      vertex 38 75.35 2
      vertex 38 75.35 60
    endloop
  endfacet
  facet normal -1 0 0
    outer loop
      vertex 38 3.5 2
      vertex 38 4.64999 60
      vertex 38 4.64999 2
    endloop
  endfacet
  facet normal -1 -0 0
    outer loop
      vertex 38 4.64999 60
      vertex 38 3.5 2
      vertex 38 3.5 60
    endloop
  endfacet
  facet normal -1 0 0
    outer loop
      vertex 38 10 48.2
      vertex 38 70 50.5
      vertex 38 70 48.2
    endloop
  endfacet
  facet normal -1 -0 0
    outer loop
      vertex 38 70 50.5
      vertex 38 10 48.2
      vertex 38 10 50.5
    endloop
  endfacet
  facet normal -1 0 0
    outer loop
      vertex 38 10 43.7
      vertex 38 70 46
      vertex 38 70 43.7
    endloop
  endfacet
  facet normal -1 -0 0
    outer loop
      vertex 38 70 46
      vertex 38 10 43.7
      vertex 38 10 46
    endloop
  endfacet
  facet normal -1 0 0
    outer loop
      vertex 38 10 39.2
      vertex 38 70 41.5
      vertex 38 70 39.2
    endloop
  endfacet
  facet normal -1 -0 0
    outer loop
      vertex 38 70 41.5
      vertex 38 10 39.2
      vertex 38 10 41.5
    endloop
  endfacet
  facet normal -1 0 0
    outer loop
      vertex 38 10 34.7
      vertex 38 70 37
      vertex 38 70 34.7
    endloop
  endfacet
  facet normal -1 -0 0
    outer loop
      vertex 38 70 37
      vertex 38 10 34.7
      vertex 38 10 37
    endloop
  endfacet
  facet normal -1 0 0
    outer loop
      vertex 38 10 30.2
      vertex 38 70 32.5
      vertex 38 70 30.2
    endloop
  endfacet
  facet normal -1 -0 0
    outer loop
      vertex 38 70 32.5
      vertex 38 10 30.2
      vertex 38 10 32.5
    endloop
  endfacet
  facet normal -1 0 0
    outer loop
      vertex 38 10 25.7
      vertex 38 70 28
      vertex 38 70 25.7
    endloop
  endfacet
  facet normal -1 -0 0
    outer loop
      vertex 38 70 28
      vertex 38 10 25.7
      vertex 38 10 28
    endloop
  endfacet
  facet normal -1 0 0
    outer loop
      vertex 38 10 21.2
      vertex 38 70 23.5
      vertex 38 70 21.2
    endloop
  endfacet
  facet normal -1 -0 0
    outer loop
      vertex 38 70 23.5
      vertex 38 10 21.2
      vertex 38 10 23.5
    endloop
  endfacet
  facet normal -1 0 0
    outer loop
      vertex 38 10 16.7
      vertex 38 70 19
      vertex 38 70 16.7
    endloop
  endfacet
  facet normal -1 -0 0
    outer loop
      vertex 38 70 19
      vertex 38 10 16.7
      vertex 38 10 19
    endloop
  endfacet
  facet normal -1 0 0
    outer loop
      vertex 38 10 12.2
      vertex 38 70 14.5
      vertex 38 70 12.2
    endloop
  endfacet
  facet normal -1 -0 0
    outer loop
      vertex 38 70 14.5
      vertex 38 10 12.2
      vertex 38 10 14.5
    endloop
  endfacet
  facet normal -1 0 0
    outer loop
      vertex 38 70 12.2
      vertex 38 74.25 2
      vertex 38 70 10
    endloop
  endfacet
  facet normal -1 0 0
    outer loop
      vertex 38 46.5 2
      vertex 38 70 10
      vertex 38 74.25 2
    endloop
  endfacet
  facet normal -1 0 0
    outer loop
      vertex 38 33.5 2
      vertex 38 70 10
      vertex 38 46.5 2
    endloop
  endfacet
  facet normal -1 0 0
    outer loop
      vertex 38 33.5 2
      vertex 38 10 10
      vertex 38 70 10
    endloop
  endfacet
  facet normal -1 0 0
    outer loop
      vertex 38 5.75001 2
      vertex 38 10 12.2
      vertex 38 10 10
    endloop
  endfacet
  facet normal -1 -0 0
    outer loop
      vertex 38 10 12.2
      vertex 38 5.75001 2
      vertex 38 10 14.5
    endloop
  endfacet
  facet normal -1 -0 0
    outer loop
      vertex 38 10 14.5
      vertex 38 5.75001 2
      vertex 38 10 16.7
    endloop
  endfacet
  facet normal -1 -0 0
    outer loop
      vertex 38 10 16.7
      vertex 38 5.75001 2
      vertex 38 10 19
    endloop
  endfacet
  facet normal -1 -0 0
    outer loop
      vertex 38 10 19
      vertex 38 5.75001 2
      vertex 38 10 21.2
    endloop
  endfacet
  facet normal -1 -0 0
    outer loop
      vertex 38 10 21.2
      vertex 38 5.75001 2
      vertex 38 10 23.5
    endloop
  endfacet
  facet normal -1 -0 0
    outer loop
      vertex 38 10 23.5
      vertex 38 5.75001 2
      vertex 38 10 25.7
    endloop
  endfacet
  facet normal -1 -0 0
    outer loop
      vertex 38 10 25.7
      vertex 38 5.75001 2
      vertex 38 10 28
    endloop
  endfacet
  facet normal -1 -0 0
    outer loop
      vertex 38 10 28
      vertex 38 5.75001 2
      vertex 38 10 30.2
    endloop
  endfacet
  facet normal -1 -0 0
    outer loop
      vertex 38 10 30.2
      vertex 38 5.75001 2
      vertex 38 10 32.5
    endloop
  endfacet
  facet normal -1 0 0
    outer loop
      vertex 38 5.75001 60
      vertex 38 10 32.5
      vertex 38 5.75001 2
    endloop
  endfacet
  facet normal -1 0 0
    outer loop
      vertex 38 10 32.5
      vertex 38 5.75001 60
      vertex 38 10 34.7
    endloop
  endfacet
  facet normal -1 0 0
    outer loop
      vertex 38 10 34.7
      vertex 38 5.75001 60
      vertex 38 10 37
    endloop
  endfacet
  facet normal -1 0 0
    outer loop
      vertex 38 10 37
      vertex 38 5.75001 60
      vertex 38 10 39.2
    endloop
  endfacet
  facet normal -1 0 0
    outer loop
      vertex 38 10 39.2
      vertex 38 5.75001 60
      vertex 38 10 41.5
    endloop
  endfacet
  facet normal -1 0 0
    outer loop
      vertex 38 10 41.5
      vertex 38 5.75001 60
      vertex 38 10 43.7
    endloop
  endfacet
  facet normal -1 0 0
    outer loop
      vertex 38 10 43.7
      vertex 38 5.75001 60
      vertex 38 10 46
    endloop
  endfacet
  facet normal -1 0 0
    outer loop
      vertex 38 10 46
      vertex 38 5.75001 60
      vertex 38 10 48.2
    endloop
  endfacet
  facet normal -1 0 0
    outer loop
      vertex 38 10 48.2
      vertex 38 5.75001 60
      vertex 38 10 50.5
    endloop
  endfacet
  facet normal -1 0 0
    outer loop
      vertex 38 5.75001 2
      vertex 38 10 10
      vertex 38 33.5 2
    endloop
  endfacet
  facet normal -1 0 0
    outer loop
      vertex 38 70 14.5
      vertex 38 74.25 2
      vertex 38 70 12.2
    endloop
  endfacet
  facet normal -1 0 0
    outer loop
      vertex 38 70 16.7
      vertex 38 74.25 2
      vertex 38 70 14.5
    endloop
  endfacet
  facet normal -1 0 0
    outer loop
      vertex 38 70 19
      vertex 38 74.25 2
      vertex 38 70 16.7
    endloop
  endfacet
  facet normal -1 0 0
    outer loop
      vertex 38 70 21.2
      vertex 38 74.25 2
      vertex 38 70 19
    endloop
  endfacet
  facet normal -1 0 0
    outer loop
      vertex 38 70 23.5
      vertex 38 74.25 2
      vertex 38 70 21.2
    endloop
  endfacet
  facet normal -1 0 0
    outer loop
      vertex 38 70 25.7
      vertex 38 74.25 2
      vertex 38 70 23.5
    endloop
  endfacet
  facet normal -1 0 0
    outer loop
      vertex 38 70 28
      vertex 38 74.25 2
      vertex 38 70 25.7
    endloop
  endfacet
  facet normal -1 0 0
    outer loop
      vertex 38 70 30.2
      vertex 38 74.25 2
      vertex 38 70 28
    endloop
  endfacet
  facet normal -1 0 0
    outer loop
      vertex 38 74.25 2
      vertex 38 70 30.2
      vertex 38 74.25 60
    endloop
  endfacet
  facet normal -1 0 0
    outer loop
      vertex 38 70 32.5
      vertex 38 74.25 60
      vertex 38 70 30.2
    endloop
  endfacet
  facet normal -1 0 0
    outer loop
      vertex 38 70 34.7
      vertex 38 74.25 60
      vertex 38 70 32.5
    endloop
  endfacet
  facet normal -1 0 0
    outer loop
      vertex 38 70 37
      vertex 38 74.25 60
      vertex 38 70 34.7
    endloop
  endfacet
  facet normal -1 0 0
    outer loop
      vertex 38 70 39.2
      vertex 38 74.25 60
      vertex 38 70 37
    endloop
  endfacet
  facet normal -1 0 0
    outer loop
      vertex 38 70 41.5
      vertex 38 74.25 60
      vertex 38 70 39.2
    endloop
  endfacet
  facet normal -1 0 0
    outer loop
      vertex 38 70 43.7
      vertex 38 74.25 60
      vertex 38 70 41.5
    endloop
  endfacet
  facet normal -1 0 0
    outer loop
      vertex 38 70 46
      vertex 38 74.25 60
      vertex 38 70 43.7
    endloop
  endfacet
  facet normal -1 0 0
    outer loop
      vertex 38 70 48.2
      vertex 38 74.25 60
      vertex 38 70 46
    endloop
  endfacet
  facet normal -1 0 0
    outer loop
      vertex 38 70 50.5
      vertex 38 74.25 60
      vertex 38 70 48.2
    endloop
  endfacet
  facet normal -1 0 0
    outer loop
      vertex 38 70 52.7
      vertex 38 74.25 60
      vertex 38 70 50.5
    endloop
  endfacet
  facet normal -1 0 0
    outer loop
      vertex 38 10 52.7
      vertex 38 74.25 60
      vertex 38 70 52.7
    endloop
  endfacet
  facet normal -1 0 0
    outer loop
      vertex 38 10 52.7
      vertex 38 5.75001 60
      vertex 38 74.25 60
    endloop
  endfacet
  facet normal -1 0 0
    outer loop
      vertex 38 10 50.5
      vertex 38 5.75001 60
      vertex 38 10 52.7
    endloop
  endfacet
  facet normal -0.64925 -0.760575 0
    outer loop
      vertex 37.3817 77.7135 2
      vertex 37.5607 77.5607 60
      vertex 37.3817 77.7135 60
    endloop
  endfacet
  facet normal -0.64925 -0.760575 -0
    outer loop
      vertex 37.5607 77.5607 60
      vertex 37.3817 77.7135 2
      vertex 37.5607 77.5607 2
    endloop
  endfacet
  facet normal 0 1 -0
    outer loop
      vertex 36.5 2 2
      vertex 35.35 2 60
      vertex 36.5 2 60
    endloop
  endfacet
  facet normal 0 1 0
    outer loop
      vertex 35.35 2 60
      vertex 36.5 2 2
      vertex 35.35 2 2
    endloop
  endfacet
  facet normal 0 1 -0
    outer loop
      vertex 4.64999 2 2
      vertex 3.5 2 60
      vertex 4.64999 2 60
    endloop
  endfacet
  facet normal 0 1 0
    outer loop
      vertex 3.5 2 60
      vertex 4.64999 2 2
      vertex 3.5 2 2
    endloop
  endfacet
  facet normal 0 1 0
    outer loop
      vertex 34.25 2 60
      vertex 23.5 2 11
      vertex 5.75001 2 60
    endloop
  endfacet
  facet normal 0 1 -0
    outer loop
      vertex 34.25 2 2
      vertex 23.5 2 11
      vertex 34.25 2 60
    endloop
  endfacet
  facet normal 0 1 0
    outer loop
      vertex 23.5 2 6
      vertex 34.25 2 2
      vertex 16.5 2 6
    endloop
  endfacet
  facet normal 0 1 0
    outer loop
      vertex 23.5 2 11
      vertex 34.25 2 2
      vertex 23.5 2 6
    endloop
  endfacet
  facet normal 0 1 -0
    outer loop
      vertex 16.5 2 11
      vertex 5.75001 2 60
      vertex 23.5 2 11
    endloop
  endfacet
  facet normal 0 1 0
    outer loop
      vertex 5.75001 2 2
      vertex 16.5 2 11
      vertex 16.5 2 6
    endloop
  endfacet
  facet normal 0 1 0
    outer loop
      vertex 16.5 2 11
      vertex 5.75001 2 2
      vertex 5.75001 2 60
    endloop
  endfacet
  facet normal 0 1 0
    outer loop
      vertex 5.75001 2 2
      vertex 16.5 2 6
      vertex 34.25 2 2
    endloop
  endfacet
  facet normal 0.996916 0.0784703 0
    outer loop
      vertex 2.01847 3.26535 60
      vertex 2 3.5 2
      vertex 2 3.5 60
    endloop
  endfacet
  facet normal 0.996916 0.0784703 0
    outer loop
      vertex 2 3.5 2
      vertex 2.01847 3.26535 60
      vertex 2.01847 3.26535 2
    endloop
  endfacet
  facet normal 0.852646 0.522489 0
    outer loop
      vertex 2.28647 2.61832 60
      vertex 2.16349 2.81901 2
      vertex 2.16349 2.81901 60
    endloop
  endfacet
  facet normal 0.852646 0.522489 0
    outer loop
      vertex 2.16349 2.81901 2
      vertex 2.28647 2.61832 60
      vertex 2.28647 2.61832 2
    endloop
  endfacet
  facet normal -0.760575 -0.64925 0
    outer loop
      vertex 37.7135 77.3817 2
      vertex 37.5607 77.5607 60
      vertex 37.5607 77.5607 2
    endloop
  endfacet
  facet normal -0.760575 -0.64925 0
    outer loop
      vertex 37.5607 77.5607 60
      vertex 37.7135 77.3817 2
      vertex 37.7135 77.3817 60
    endloop
  endfacet
  facet normal -0.923842 0.382775 0
    outer loop
      vertex 37.8365 2.81901 2
      vertex 37.9266 3.03647 60
      vertex 37.9266 3.03647 2
    endloop
  endfacet
  facet normal -0.923842 0.382775 0
    outer loop
      vertex 37.9266 3.03647 60
      vertex 37.8365 2.81901 2
      vertex 37.8365 2.81901 60
    endloop
  endfacet
  facet normal 0 -1 0
    outer loop
      vertex 3.5 78 2
      vertex 4.64999 78 60
      vertex 3.5 78 60
    endloop
  endfacet
  facet normal 0 -1 -0
    outer loop
      vertex 4.64999 78 60
      vertex 3.5 78 2
      vertex 4.64999 78 2
    endloop
  endfacet
  facet normal 0 -1 0
    outer loop
      vertex 35.35 78 2
      vertex 36.5 78 60
      vertex 35.35 78 60
    endloop
  endfacet
  facet normal 0 -1 -0
    outer loop
      vertex 36.5 78 60
      vertex 35.35 78 2
      vertex 36.5 78 2
    endloop
  endfacet
  facet normal 0 -1 0
    outer loop
      vertex 5.75001 78 60
      vertex 8 78 52.7
      vertex 34.25 78 60
    endloop
  endfacet
  facet normal 0 -1 0
    outer loop
      vertex 5.75001 78 60
      vertex 8 78 50.5
      vertex 8 78 52.7
    endloop
  endfacet
  facet normal 0 -1 0
    outer loop
      vertex 8 78 50.5
      vertex 8 78 48.2
      vertex 32 78 50.5
    endloop
  endfacet
  facet normal 0 -1 0
    outer loop
      vertex 5.75001 78 60
      vertex 8 78 48.2
      vertex 8 78 50.5
    endloop
  endfacet
  facet normal 0 -1 0
    outer loop
      vertex 5.75001 78 60
      vertex 8 78 46
      vertex 8 78 48.2
    endloop
  endfacet
  facet normal 0 -1 0
    outer loop
      vertex 8 78 46
      vertex 8 78 43.7
      vertex 32 78 46
    endloop
  endfacet
  facet normal 0 -1 0
    outer loop
      vertex 5.75001 78 60
      vertex 8 78 43.7
      vertex 8 78 46
    endloop
  endfacet
  facet normal 0 -1 0
    outer loop
      vertex 5.75001 78 60
      vertex 8 78 41.5
      vertex 8 78 43.7
    endloop
  endfacet
  facet normal 0 -1 0
    outer loop
      vertex 8 78 41.5
      vertex 8 78 39.2
      vertex 32 78 41.5
    endloop
  endfacet
  facet normal 0 -1 0
    outer loop
      vertex 5.75001 78 60
      vertex 8 78 39.2
      vertex 8 78 41.5
    endloop
  endfacet
  facet normal 0 -1 0
    outer loop
      vertex 5.75001 78 60
      vertex 8 78 37
      vertex 8 78 39.2
    endloop
  endfacet
  facet normal 0 -1 0
    outer loop
      vertex 8 78 37
      vertex 8 78 34.7
      vertex 32 78 37
    endloop
  endfacet
  facet normal 0 -1 0
    outer loop
      vertex 5.75001 78 60
      vertex 8 78 34.7
      vertex 8 78 37
    endloop
  endfacet
  facet normal 0 -1 0
    outer loop
      vertex 5.75001 78 60
      vertex 8 78 32.5
      vertex 8 78 34.7
    endloop
  endfacet
  facet normal 0 -1 0
    outer loop
      vertex 8 78 32.5
      vertex 8 78 30.2
      vertex 32 78 32.5
    endloop
  endfacet
  facet normal 0 -1 0
    outer loop
      vertex 5.75001 78 60
      vertex 8 78 30.2
      vertex 8 78 32.5
    endloop
  endfacet
  facet normal 0 -1 0
    outer loop
      vertex 5.75001 78 2
      vertex 8 78 30.2
      vertex 5.75001 78 60
    endloop
  endfacet
  facet normal 0 -1 0
    outer loop
      vertex 8 78 28
      vertex 8 78 25.7
      vertex 32 78 28
    endloop
  endfacet
  facet normal 0 -1 -0
    outer loop
      vertex 8 78 30.2
      vertex 5.75001 78 2
      vertex 8 78 28
    endloop
  endfacet
  facet normal 0 -1 -0
    outer loop
      vertex 8 78 28
      vertex 5.75001 78 2
      vertex 8 78 25.7
    endloop
  endfacet
  facet normal 0 -1 0
    outer loop
      vertex 8 78 23.5
      vertex 8 78 21.2
      vertex 32 78 23.5
    endloop
  endfacet
  facet normal 0 -1 -0
    outer loop
      vertex 8 78 25.7
      vertex 5.75001 78 2
      vertex 8 78 23.5
    endloop
  endfacet
  facet normal 0 -1 -0
    outer loop
      vertex 8 78 23.5
      vertex 5.75001 78 2
      vertex 8 78 21.2
    endloop
  endfacet
  facet normal 0 -1 0
    outer loop
      vertex 8 78 19
      vertex 8 78 16.7
      vertex 32 78 19
    endloop
  endfacet
  facet normal 0 -1 -0
    outer loop
      vertex 8 78 21.2
      vertex 5.75001 78 2
      vertex 8 78 19
    endloop
  endfacet
  facet normal 0 -1 -0
    outer loop
      vertex 8 78 19
      vertex 5.75001 78 2
      vertex 8 78 16.7
    endloop
  endfacet
  facet normal 0 -1 0
    outer loop
      vertex 8 78 14.5
      vertex 8 78 12.2
      vertex 32 78 14.5
    endloop
  endfacet
  facet normal 0 -1 -0
    outer loop
      vertex 8 78 16.7
      vertex 5.75001 78 2
      vertex 8 78 14.5
    endloop
  endfacet
  facet normal 0 -1 -0
    outer loop
      vertex 8 78 14.5
      vertex 5.75001 78 2
      vertex 8 78 12.2
    endloop
  endfacet
  facet normal 0 -1 -0
    outer loop
      vertex 8 78 10
      vertex 5.75001 78 2
      vertex 32 78 10
    endloop
  endfacet
  facet normal 0 -1 -0
    outer loop
      vertex 8 78 12.2
      vertex 5.75001 78 2
      vertex 8 78 10
    endloop
  endfacet
  facet normal 0 -1 0
    outer loop
      vertex 32 78 52.7
      vertex 34.25 78 60
      vertex 8 78 52.7
    endloop
  endfacet
  facet normal 0 -1 0
    outer loop
      vertex 32 78 50.5
      vertex 34.25 78 60
      vertex 32 78 52.7
    endloop
  endfacet
  facet normal 0 -1 0
    outer loop
      vertex 32 78 48.2
      vertex 32 78 50.5
      vertex 8 78 48.2
    endloop
  endfacet
  facet normal 0 -1 0
    outer loop
      vertex 32 78 48.2
      vertex 34.25 78 60
      vertex 32 78 50.5
    endloop
  endfacet
  facet normal 0 -1 0
    outer loop
      vertex 32 78 46
      vertex 34.25 78 60
      vertex 32 78 48.2
    endloop
  endfacet
  facet normal 0 -1 0
    outer loop
      vertex 32 78 43.7
      vertex 32 78 46
      vertex 8 78 43.7
    endloop
  endfacet
  facet normal 0 -1 0
    outer loop
      vertex 32 78 43.7
      vertex 34.25 78 60
      vertex 32 78 46
    endloop
  endfacet
  facet normal 0 -1 0
    outer loop
      vertex 32 78 41.5
      vertex 34.25 78 60
      vertex 32 78 43.7
    endloop
  endfacet
  facet normal 0 -1 0
    outer loop
      vertex 32 78 39.2
      vertex 32 78 41.5
      vertex 8 78 39.2
    endloop
  endfacet
  facet normal 0 -1 0
    outer loop
      vertex 32 78 39.2
      vertex 34.25 78 60
      vertex 32 78 41.5
    endloop
  endfacet
  facet normal 0 -1 0
    outer loop
      vertex 32 78 37
      vertex 34.25 78 60
      vertex 32 78 39.2
    endloop
  endfacet
  facet normal 0 -1 0
    outer loop
      vertex 32 78 34.7
      vertex 32 78 37
      vertex 8 78 34.7
    endloop
  endfacet
  facet normal 0 -1 0
    outer loop
      vertex 32 78 34.7
      vertex 34.25 78 60
      vertex 32 78 37
    endloop
  endfacet
  facet normal 0 -1 0
    outer loop
      vertex 32 78 32.5
      vertex 34.25 78 60
      vertex 32 78 34.7
    endloop
  endfacet
  facet normal 0 -1 0
    outer loop
      vertex 32 78 30.2
      vertex 32 78 32.5
      vertex 8 78 30.2
    endloop
  endfacet
  facet normal 0 -1 0
    outer loop
      vertex 32 78 30.2
      vertex 34.25 78 60
      vertex 32 78 32.5
    endloop
  endfacet
  facet normal 0 -1 0
    outer loop
      vertex 34.25 78 2
      vertex 32 78 30.2
      vertex 32 78 28
    endloop
  endfacet
  facet normal 0 -1 0
    outer loop
      vertex 32 78 25.7
      vertex 32 78 28
      vertex 8 78 25.7
    endloop
  endfacet
  facet normal 0 -1 0
    outer loop
      vertex 34.25 78 2
      vertex 32 78 28
      vertex 32 78 25.7
    endloop
  endfacet
  facet normal 0 -1 0
    outer loop
      vertex 34.25 78 2
      vertex 32 78 25.7
      vertex 32 78 23.5
    endloop
  endfacet
  facet normal 0 -1 0
    outer loop
      vertex 32 78 21.2
      vertex 32 78 23.5
      vertex 8 78 21.2
    endloop
  endfacet
  facet normal 0 -1 0
    outer loop
      vertex 34.25 78 2
      vertex 32 78 23.5
      vertex 32 78 21.2
    endloop
  endfacet
  facet normal 0 -1 0
    outer loop
      vertex 34.25 78 2
      vertex 32 78 21.2
      vertex 32 78 19
    endloop
  endfacet
  facet normal 0 -1 0
    outer loop
      vertex 32 78 16.7
      vertex 32 78 19
      vertex 8 78 16.7
    endloop
  endfacet
  facet normal 0 -1 0
    outer loop
      vertex 34.25 78 2
      vertex 32 78 19
      vertex 32 78 16.7
    endloop
  endfacet
  facet normal 0 -1 0
    outer loop
      vertex 34.25 78 2
      vertex 32 78 16.7
      vertex 32 78 14.5
    endloop
  endfacet
  facet normal 0 -1 0
    outer loop
      vertex 32 78 12.2
      vertex 32 78 14.5
      vertex 8 78 12.2
    endloop
  endfacet
  facet normal 0 -1 0
    outer loop
      vertex 34.25 78 2
      vertex 32 78 14.5
      vertex 32 78 12.2
    endloop
  endfacet
  facet normal 0 -1 0
    outer loop
      vertex 34.25 78 2
      vertex 32 78 12.2
      vertex 32 78 10
    endloop
  endfacet
  facet normal 0 -1 0
    outer loop
      vertex 32 78 30.2
      vertex 34.25 78 2
      vertex 34.25 78 60
    endloop
  endfacet
  facet normal 0 -1 0
    outer loop
      vertex 34.25 78 2
      vertex 32 78 10
      vertex 5.75001 78 2
    endloop
  endfacet
  facet normal 0 0 1
    outer loop
      vertex 11.8889 56.1408 2
      vertex 11.8889 55.8592 2
      vertex 11.9 56 2
    endloop
  endfacet
  facet normal 0 0 1
    outer loop
      vertex 11.856 56.2781 2
      vertex 11.8889 55.8592 2
      vertex 11.8889 56.1408 2
    endloop
  endfacet
  facet normal 0 0 1
    outer loop
      vertex 11.856 56.2781 2
      vertex 11.856 55.7219 2
      vertex 11.8889 55.8592 2
    endloop
  endfacet
  facet normal 0 0 1
    outer loop
      vertex 11.8019 56.4086 2
      vertex 11.856 55.7219 2
      vertex 11.856 56.2781 2
    endloop
  endfacet
  facet normal 0 0 1
    outer loop
      vertex 11.8019 56.4086 2
      vertex 11.8019 55.5914 2
      vertex 11.856 55.7219 2
    endloop
  endfacet
  facet normal 0 0 1
    outer loop
      vertex 11.7281 56.529 2
      vertex 11.8019 55.5914 2
      vertex 11.8019 56.4086 2
    endloop
  endfacet
  facet normal 0 0 1
    outer loop
      vertex 11.7281 56.529 2
      vertex 11.7281 55.471 2
      vertex 11.8019 55.5914 2
    endloop
  endfacet
  facet normal 0 0 1
    outer loop
      vertex 11.6364 56.6364 2
      vertex 11.7281 55.471 2
      vertex 11.7281 56.529 2
    endloop
  endfacet
  facet normal 0 0 1
    outer loop
      vertex 11.6364 56.6364 2
      vertex 11.6364 55.3636 2
      vertex 11.7281 55.471 2
    endloop
  endfacet
  facet normal 0 0 1
    outer loop
      vertex 11.529 56.7281 2
      vertex 11.6364 55.3636 2
      vertex 11.6364 56.6364 2
    endloop
  endfacet
  facet normal 0 0 1
    outer loop
      vertex 11.529 56.7281 2
      vertex 11.529 55.2719 2
      vertex 11.6364 55.3636 2
    endloop
  endfacet
  facet normal 0 0 1
    outer loop
      vertex 11.4086 56.8019 2
      vertex 11.529 55.2719 2
      vertex 11.529 56.7281 2
    endloop
  endfacet
  facet normal 0 0 1
    outer loop
      vertex 11.4086 56.8019 2
      vertex 11.4086 55.1981 2
      vertex 11.529 55.2719 2
    endloop
  endfacet
  facet normal 0 0 1
    outer loop
      vertex 11.2781 56.8559 2
      vertex 11.4086 55.1981 2
      vertex 11.4086 56.8019 2
    endloop
  endfacet
  facet normal 0 0 1
    outer loop
      vertex 11.2781 56.8559 2
      vertex 11.2781 55.1441 2
      vertex 11.4086 55.1981 2
    endloop
  endfacet
  facet normal 0 0 1
    outer loop
      vertex 11.1408 56.8889 2
      vertex 11.2781 55.1441 2
      vertex 11.2781 56.8559 2
    endloop
  endfacet
  facet normal 0 0 1
    outer loop
      vertex 11.1408 56.8889 2
      vertex 11.1408 55.1111 2
      vertex 11.2781 55.1441 2
    endloop
  endfacet
  facet normal 0 0 1
    outer loop
      vertex 11 56.9 2
      vertex 11.1408 55.1111 2
      vertex 11.1408 56.8889 2
    endloop
  endfacet
  facet normal 0 0 1
    outer loop
      vertex 11 56.9 2
      vertex 11 55.1 2
      vertex 11.1408 55.1111 2
    endloop
  endfacet
  facet normal -0 0 1
    outer loop
      vertex 10.8592 56.8889 2
      vertex 11 55.1 2
      vertex 11 56.9 2
    endloop
  endfacet
  facet normal 0 0 1
    outer loop
      vertex 10.8592 56.8889 2
      vertex 10.8592 55.1111 2
      vertex 11 55.1 2
    endloop
  endfacet
  facet normal -0 0 1
    outer loop
      vertex 10.7219 56.8559 2
      vertex 10.8592 55.1111 2
      vertex 10.8592 56.8889 2
    endloop
  endfacet
  facet normal 0 0 1
    outer loop
      vertex 10.7219 56.8559 2
      vertex 10.7219 55.1441 2
      vertex 10.8592 55.1111 2
    endloop
  endfacet
  facet normal -0 0 1
    outer loop
      vertex 10.5914 56.8019 2
      vertex 10.7219 55.1441 2
      vertex 10.7219 56.8559 2
    endloop
  endfacet
  facet normal 0 0 1
    outer loop
      vertex 10.5914 56.8019 2
      vertex 10.5914 55.1981 2
      vertex 10.7219 55.1441 2
    endloop
  endfacet
  facet normal -0 0 1
    outer loop
      vertex 10.471 56.7281 2
      vertex 10.5914 55.1981 2
      vertex 10.5914 56.8019 2
    endloop
  endfacet
  facet normal 0 0 1
    outer loop
      vertex 10.471 56.7281 2
      vertex 10.471 55.2719 2
      vertex 10.5914 55.1981 2
    endloop
  endfacet
  facet normal -0 0 1
    outer loop
      vertex 10.3636 56.6364 2
      vertex 10.471 55.2719 2
      vertex 10.471 56.7281 2
    endloop
  endfacet
  facet normal 0 0 1
    outer loop
      vertex 10.3636 56.6364 2
      vertex 10.3636 55.3636 2
      vertex 10.471 55.2719 2
    endloop
  endfacet
  facet normal -0 0 1
    outer loop
      vertex 10.2719 56.529 2
      vertex 10.3636 55.3636 2
      vertex 10.3636 56.6364 2
    endloop
  endfacet
  facet normal 0 0 1
    outer loop
      vertex 10.2719 56.529 2
      vertex 10.2719 55.471 2
      vertex 10.3636 55.3636 2
    endloop
  endfacet
  facet normal -0 0 1
    outer loop
      vertex 10.1981 56.4086 2
      vertex 10.2719 55.471 2
      vertex 10.2719 56.529 2
    endloop
  endfacet
  facet normal 0 0 1
    outer loop
      vertex 10.1981 56.4086 2
      vertex 10.1981 55.5914 2
      vertex 10.2719 55.471 2
    endloop
  endfacet
  facet normal -0 0 1
    outer loop
      vertex 10.144 56.2781 2
      vertex 10.1981 55.5914 2
      vertex 10.1981 56.4086 2
    endloop
  endfacet
  facet normal 0 0 1
    outer loop
      vertex 10.144 56.2781 2
      vertex 10.144 55.7219 2
      vertex 10.1981 55.5914 2
    endloop
  endfacet
  facet normal -0 0 1
    outer loop
      vertex 10.1111 56.1408 2
      vertex 10.144 55.7219 2
      vertex 10.144 56.2781 2
    endloop
  endfacet
  facet normal 0 0 1
    outer loop
      vertex 10.1111 56.1408 2
      vertex 10.1111 55.8592 2
      vertex 10.144 55.7219 2
    endloop
  endfacet
  facet normal 0 -0 1
    outer loop
      vertex 10.1111 55.8592 2
      vertex 10.1111 56.1408 2
      vertex 10.1 56 2
    endloop
  endfacet
  facet normal 0 0 1
    outer loop
      vertex 29.8889 56.1408 2
      vertex 29.8889 55.8592 2
      vertex 29.9 56 2
    endloop
  endfacet
  facet normal 0 0 1
    outer loop
      vertex 29.8559 56.2781 2
      vertex 29.8889 55.8592 2
      vertex 29.8889 56.1408 2
    endloop
  endfacet
  facet normal 0 0 1
    outer loop
      vertex 29.8559 56.2781 2
      vertex 29.8559 55.7219 2
      vertex 29.8889 55.8592 2
    endloop
  endfacet
  facet normal 0 0 1
    outer loop
      vertex 29.8019 56.4086 2
      vertex 29.8559 55.7219 2
      vertex 29.8559 56.2781 2
    endloop
  endfacet
  facet normal 0 0 1
    outer loop
      vertex 29.8019 56.4086 2
      vertex 29.8019 55.5914 2
      vertex 29.8559 55.7219 2
    endloop
  endfacet
  facet normal 0 0 1
    outer loop
      vertex 29.7281 56.529 2
      vertex 29.8019 55.5914 2
      vertex 29.8019 56.4086 2
    endloop
  endfacet
  facet normal 0 0 1
    outer loop
      vertex 29.7281 56.529 2
      vertex 29.7281 55.471 2
      vertex 29.8019 55.5914 2
    endloop
  endfacet
  facet normal 0 0 1
    outer loop
      vertex 29.6364 56.6364 2
      vertex 29.7281 55.471 2
      vertex 29.7281 56.529 2
    endloop
  endfacet
  facet normal 0 0 1
    outer loop
      vertex 29.6364 56.6364 2
      vertex 29.6364 55.3636 2
      vertex 29.7281 55.471 2
    endloop
  endfacet
  facet normal 0 0 1
    outer loop
      vertex 29.529 56.7281 2
      vertex 29.6364 55.3636 2
      vertex 29.6364 56.6364 2
    endloop
  endfacet
  facet normal 0 0 1
    outer loop
      vertex 29.529 56.7281 2
      vertex 29.529 55.2719 2
      vertex 29.6364 55.3636 2
    endloop
  endfacet
  facet normal 0 0 1
    outer loop
      vertex 29.4086 56.8019 2
      vertex 29.529 55.2719 2
      vertex 29.529 56.7281 2
    endloop
  endfacet
  facet normal 0 0 1
    outer loop
      vertex 29.4086 56.8019 2
      vertex 29.4086 55.1981 2
      vertex 29.529 55.2719 2
    endloop
  endfacet
  facet normal 0 0 1
    outer loop
      vertex 29.2781 56.8559 2
      vertex 29.4086 55.1981 2
      vertex 29.4086 56.8019 2
    endloop
  endfacet
  facet normal 0 0 1
    outer loop
      vertex 29.2781 56.8559 2
      vertex 29.2781 55.1441 2
      vertex 29.4086 55.1981 2
    endloop
  endfacet
  facet normal 0 0 1
    outer loop
      vertex 29.1408 56.8889 2
      vertex 29.2781 55.1441 2
      vertex 29.2781 56.8559 2
    endloop
  endfacet
  facet normal 0 0 1
    outer loop
      vertex 29.1408 56.8889 2
      vertex 29.1408 55.1111 2
      vertex 29.2781 55.1441 2
    endloop
  endfacet
  facet normal 0 0 1
    outer loop
      vertex 29 56.9 2
      vertex 29.1408 55.1111 2
      vertex 29.1408 56.8889 2
    endloop
  endfacet
  facet normal 0 0 1
    outer loop
      vertex 29 56.9 2
      vertex 29 55.1 2
      vertex 29.1408 55.1111 2
    endloop
  endfacet
  facet normal -0 0 1
    outer loop
      vertex 28.8592 56.8889 2
      vertex 29 55.1 2
      vertex 29 56.9 2
    endloop
  endfacet
  facet normal 0 0 1
    outer loop
      vertex 28.8592 56.8889 2
      vertex 28.8592 55.1111 2
      vertex 29 55.1 2
    endloop
  endfacet
  facet normal -0 0 1
    outer loop
      vertex 28.7219 56.8559 2
      vertex 28.8592 55.1111 2
      vertex 28.8592 56.8889 2
    endloop
  endfacet
  facet normal 0 0 1
    outer loop
      vertex 28.7219 56.8559 2
      vertex 28.7219 55.1441 2
      vertex 28.8592 55.1111 2
    endloop
  endfacet
  facet normal -0 0 1
    outer loop
      vertex 28.5914 56.8019 2
      vertex 28.7219 55.1441 2
      vertex 28.7219 56.8559 2
    endloop
  endfacet
  facet normal 0 0 1
    outer loop
      vertex 28.5914 56.8019 2
      vertex 28.5914 55.1981 2
      vertex 28.7219 55.1441 2
    endloop
  endfacet
  facet normal -0 0 1
    outer loop
      vertex 28.471 56.7281 2
      vertex 28.5914 55.1981 2
      vertex 28.5914 56.8019 2
    endloop
  endfacet
  facet normal 0 0 1
    outer loop
      vertex 28.471 56.7281 2
      vertex 28.471 55.2719 2
      vertex 28.5914 55.1981 2
    endloop
  endfacet
  facet normal -0 0 1
    outer loop
      vertex 28.3636 56.6364 2
      vertex 28.471 55.2719 2
      vertex 28.471 56.7281 2
    endloop
  endfacet
  facet normal 0 0 1
    outer loop
      vertex 28.3636 56.6364 2
      vertex 28.3636 55.3636 2
      vertex 28.471 55.2719 2
    endloop
  endfacet
  facet normal -0 0 1
    outer loop
      vertex 28.2719 56.529 2
      vertex 28.3636 55.3636 2
      vertex 28.3636 56.6364 2
    endloop
  endfacet
  facet normal 0 0 1
    outer loop
      vertex 28.2719 56.529 2
      vertex 28.2719 55.471 2
      vertex 28.3636 55.3636 2
    endloop
  endfacet
  facet normal -0 0 1
    outer loop
      vertex 28.1981 56.4086 2
      vertex 28.2719 55.471 2
      vertex 28.2719 56.529 2
    endloop
  endfacet
  facet normal 0 0 1
    outer loop
      vertex 28.1981 56.4086 2
      vertex 28.1981 55.5914 2
      vertex 28.2719 55.471 2
    endloop
  endfacet
  facet normal -0 0 1
    outer loop
      vertex 28.1441 56.2781 2
      vertex 28.1981 55.5914 2
      vertex 28.1981 56.4086 2
    endloop
  endfacet
  facet normal 0 0 1
    outer loop
      vertex 28.1441 56.2781 2
      vertex 28.1441 55.7219 2
      vertex 28.1981 55.5914 2
    endloop
  endfacet
  facet normal -0 0 1
    outer loop
      vertex 28.1111 56.1408 2
      vertex 28.1441 55.7219 2
      vertex 28.1441 56.2781 2
    endloop
  endfacet
  facet normal 0 0 1
    outer loop
      vertex 28.1111 56.1408 2
      vertex 28.1111 55.8592 2
      vertex 28.1441 55.7219 2
    endloop
  endfacet
  facet normal 0 -0 1
    outer loop
      vertex 28.1111 55.8592 2
      vertex 28.1111 56.1408 2
      vertex 28.1 56 2
    endloop
  endfacet
  facet normal 0 0 1
    outer loop
      vertex 29.8889 18.1408 2
      vertex 29.8889 17.8592 2
      vertex 29.9 18 2
    endloop
  endfacet
  facet normal 0 0 1
    outer loop
      vertex 29.8559 18.2781 2
      vertex 29.8889 17.8592 2
      vertex 29.8889 18.1408 2
    endloop
  endfacet
  facet normal 0 0 1
    outer loop
      vertex 29.8559 18.2781 2
      vertex 29.8559 17.7219 2
      vertex 29.8889 17.8592 2
    endloop
  endfacet
  facet normal 0 0 1
    outer loop
      vertex 29.8019 18.4086 2
      vertex 29.8559 17.7219 2
      vertex 29.8559 18.2781 2
    endloop
  endfacet
  facet normal 0 0 1
    outer loop
      vertex 29.8019 18.4086 2
      vertex 29.8019 17.5914 2
      vertex 29.8559 17.7219 2
    endloop
  endfacet
  facet normal 0 0 1
    outer loop
      vertex 29.7281 18.529 2
      vertex 29.8019 17.5914 2
      vertex 29.8019 18.4086 2
    endloop
  endfacet
  facet normal 0 0 1
    outer loop
      vertex 29.7281 18.529 2
      vertex 29.7281 17.471 2
      vertex 29.8019 17.5914 2
    endloop
  endfacet
  facet normal 0 0 1
    outer loop
      vertex 29.6364 18.6364 2
      vertex 29.7281 17.471 2
      vertex 29.7281 18.529 2
    endloop
  endfacet
  facet normal 0 0 1
    outer loop
      vertex 29.6364 18.6364 2
      vertex 29.6364 17.3636 2
      vertex 29.7281 17.471 2
    endloop
  endfacet
  facet normal 0 0 1
    outer loop
      vertex 29.529 18.7281 2
      vertex 29.6364 17.3636 2
      vertex 29.6364 18.6364 2
    endloop
  endfacet
  facet normal 0 0 1
    outer loop
      vertex 29.529 18.7281 2
      vertex 29.529 17.2719 2
      vertex 29.6364 17.3636 2
    endloop
  endfacet
  facet normal 0 0 1
    outer loop
      vertex 29.4086 18.8019 2
      vertex 29.529 17.2719 2
      vertex 29.529 18.7281 2
    endloop
  endfacet
  facet normal 0 0 1
    outer loop
      vertex 29.4086 18.8019 2
      vertex 29.4086 17.1981 2
      vertex 29.529 17.2719 2
    endloop
  endfacet
  facet normal 0 0 1
    outer loop
      vertex 29.2781 18.8559 2
      vertex 29.4086 17.1981 2
      vertex 29.4086 18.8019 2
    endloop
  endfacet
  facet normal 0 0 1
    outer loop
      vertex 29.2781 18.8559 2
      vertex 29.2781 17.1441 2
      vertex 29.4086 17.1981 2
    endloop
  endfacet
  facet normal 0 0 1
    outer loop
      vertex 29.1408 18.8889 2
      vertex 29.2781 17.1441 2
      vertex 29.2781 18.8559 2
    endloop
  endfacet
  facet normal 0 0 1
    outer loop
      vertex 29.1408 18.8889 2
      vertex 29.1408 17.1111 2
      vertex 29.2781 17.1441 2
    endloop
  endfacet
  facet normal 0 0 1
    outer loop
      vertex 29 18.9 2
      vertex 29.1408 17.1111 2
      vertex 29.1408 18.8889 2
    endloop
  endfacet
  facet normal 0 0 1
    outer loop
      vertex 29 18.9 2
      vertex 29 17.1 2
      vertex 29.1408 17.1111 2
    endloop
  endfacet
  facet normal -0 0 1
    outer loop
      vertex 28.8592 18.8889 2
      vertex 29 17.1 2
      vertex 29 18.9 2
    endloop
  endfacet
  facet normal 0 0 1
    outer loop
      vertex 28.8592 18.8889 2
      vertex 28.8592 17.1111 2
      vertex 29 17.1 2
    endloop
  endfacet
  facet normal -0 0 1
    outer loop
      vertex 28.7219 18.8559 2
      vertex 28.8592 17.1111 2
      vertex 28.8592 18.8889 2
    endloop
  endfacet
  facet normal 0 0 1
    outer loop
      vertex 28.7219 18.8559 2
      vertex 28.7219 17.1441 2
      vertex 28.8592 17.1111 2
    endloop
  endfacet
  facet normal -0 0 1
    outer loop
      vertex 28.5914 18.8019 2
      vertex 28.7219 17.1441 2
      vertex 28.7219 18.8559 2
    endloop
  endfacet
  facet normal 0 0 1
    outer loop
      vertex 28.5914 18.8019 2
      vertex 28.5914 17.1981 2
      vertex 28.7219 17.1441 2
    endloop
  endfacet
  facet normal -0 0 1
    outer loop
      vertex 28.471 18.7281 2
      vertex 28.5914 17.1981 2
      vertex 28.5914 18.8019 2
    endloop
  endfacet
  facet normal 0 0 1
    outer loop
      vertex 28.471 18.7281 2
      vertex 28.471 17.2719 2
      vertex 28.5914 17.1981 2
    endloop
  endfacet
  facet normal -0 0 1
    outer loop
      vertex 28.3636 18.6364 2
      vertex 28.471 17.2719 2
      vertex 28.471 18.7281 2
    endloop
  endfacet
  facet normal 0 0 1
    outer loop
      vertex 28.3636 18.6364 2
      vertex 28.3636 17.3636 2
      vertex 28.471 17.2719 2
    endloop
  endfacet
  facet normal -0 0 1
    outer loop
      vertex 28.2719 18.529 2
      vertex 28.3636 17.3636 2
      vertex 28.3636 18.6364 2
    endloop
  endfacet
  facet normal 0 0 1
    outer loop
      vertex 28.2719 18.529 2
      vertex 28.2719 17.471 2
      vertex 28.3636 17.3636 2
    endloop
  endfacet
  facet normal -0 0 1
    outer loop
      vertex 28.1981 18.4086 2
      vertex 28.2719 17.471 2
      vertex 28.2719 18.529 2
    endloop
  endfacet
  facet normal 0 0 1
    outer loop
      vertex 28.1981 18.4086 2
      vertex 28.1981 17.5914 2
      vertex 28.2719 17.471 2
    endloop
  endfacet
  facet normal -0 0 1
    outer loop
      vertex 28.1441 18.2781 2
      vertex 28.1981 17.5914 2
      vertex 28.1981 18.4086 2
    endloop
  endfacet
  facet normal 0 0 1
    outer loop
      vertex 28.1441 18.2781 2
      vertex 28.1441 17.7219 2
      vertex 28.1981 17.5914 2
    endloop
  endfacet
  facet normal -0 0 1
    outer loop
      vertex 28.1111 18.1408 2
      vertex 28.1441 17.7219 2
      vertex 28.1441 18.2781 2
    endloop
  endfacet
  facet normal 0 0 1
    outer loop
      vertex 28.1111 18.1408 2
      vertex 28.1111 17.8592 2
      vertex 28.1441 17.7219 2
    endloop
  endfacet
  facet normal 0 -0 1
    outer loop
      vertex 28.1111 17.8592 2
      vertex 28.1111 18.1408 2
      vertex 28.1 18 2
    endloop
  endfacet
  facet normal -0 0 1
    outer loop
      vertex 3.5 78 2
      vertex 4.19569 77.8909 2
      vertex 4.64999 78 2
    endloop
  endfacet
  facet normal 0 0 1
    outer loop
      vertex 3.5 78 2
      vertex 3.72453 77.6958 2
      vertex 4.19569 77.8909 2
    endloop
  endfacet
  facet normal 0 0 1
    outer loop
      vertex 3.5 78 2
      vertex 3.2897 77.4293 2
      vertex 3.72453 77.6958 2
    endloop
  endfacet
  facet normal -0 0 1
    outer loop
      vertex 3.26535 77.9815 2
      vertex 3.2897 77.4293 2
      vertex 3.5 78 2
    endloop
  endfacet
  facet normal -0 0 1
    outer loop
      vertex 3.03647 77.9266 2
      vertex 3.2897 77.4293 2
      vertex 3.26535 77.9815 2
    endloop
  endfacet
  facet normal -0 0 1
    outer loop
      vertex 2.81901 77.8365 2
      vertex 3.2897 77.4293 2
      vertex 3.03647 77.9266 2
    endloop
  endfacet
  facet normal 0 0 1
    outer loop
      vertex 3.2897 77.4293 2
      vertex 2.81901 77.8365 2
      vertex 2.9019 77.0981 2
    endloop
  endfacet
  facet normal -0 0 1
    outer loop
      vertex 2.61832 77.7135 2
      vertex 2.9019 77.0981 2
      vertex 2.81901 77.8365 2
    endloop
  endfacet
  facet normal -0 0 1
    outer loop
      vertex 2.43934 77.5607 2
      vertex 2.9019 77.0981 2
      vertex 2.61832 77.7135 2
    endloop
  endfacet
  facet normal -0 0 1
    outer loop
      vertex 2.28647 77.3817 2
      vertex 2.9019 77.0981 2
      vertex 2.43934 77.5607 2
    endloop
  endfacet
  facet normal -0 0 1
    outer loop
      vertex 2.16349 77.181 2
      vertex 2.9019 77.0981 2
      vertex 2.28647 77.3817 2
    endloop
  endfacet
  facet normal 0 0 1
    outer loop
      vertex 2.9019 77.0981 2
      vertex 2.16349 77.181 2
      vertex 2.5707 76.7103 2
    endloop
  endfacet
  facet normal -0 0 1
    outer loop
      vertex 2.07341 76.9635 2
      vertex 2.5707 76.7103 2
      vertex 2.16349 77.181 2
    endloop
  endfacet
  facet normal -0 0 1
    outer loop
      vertex 2.01847 76.7346 2
      vertex 2.5707 76.7103 2
      vertex 2.07341 76.9635 2
    endloop
  endfacet
  facet normal 0 0 1
    outer loop
      vertex 2 76.5 2
      vertex 2.5707 76.7103 2
      vertex 2.01847 76.7346 2
    endloop
  endfacet
  facet normal 0 0 1
    outer loop
      vertex 2.5707 76.7103 2
      vertex 2 76.5 2
      vertex 2.30423 76.2755 2
    endloop
  endfacet
  facet normal 0 0 1
    outer loop
      vertex 2.30423 76.2755 2
      vertex 2 76.5 2
      vertex 2.10907 75.8043 2
    endloop
  endfacet
  facet normal 0 0 1
    outer loop
      vertex 2.10907 75.8043 2
      vertex 2 76.5 2
      vertex 2 75.35 2
    endloop
  endfacet
  facet normal -0 0 1
    outer loop
      vertex 37.4293 76.7103 2
      vertex 38 76.5 2
      vertex 37.9815 76.7346 2
    endloop
  endfacet
  facet normal 0 0 1
    outer loop
      vertex 37.4293 76.7103 2
      vertex 37.9815 76.7346 2
      vertex 37.9266 76.9635 2
    endloop
  endfacet
  facet normal 0 0 1
    outer loop
      vertex 38 76.5 2
      vertex 37.8909 75.8043 2
      vertex 38 75.35 2
    endloop
  endfacet
  facet normal 0 0 1
    outer loop
      vertex 37.4293 76.7103 2
      vertex 37.9266 76.9635 2
      vertex 37.8365 77.181 2
    endloop
  endfacet
  facet normal 0 0 1
    outer loop
      vertex 37.0981 77.0981 2
      vertex 37.8365 77.181 2
      vertex 37.7135 77.3817 2
    endloop
  endfacet
  facet normal 0 0 1
    outer loop
      vertex 38 76.5 2
      vertex 37.6958 76.2755 2
      vertex 37.8909 75.8043 2
    endloop
  endfacet
  facet normal 0 0 1
    outer loop
      vertex 37.0981 77.0981 2
      vertex 37.7135 77.3817 2
      vertex 37.5607 77.5607 2
    endloop
  endfacet
  facet normal 0 0 1
    outer loop
      vertex 38 76.5 2
      vertex 37.4293 76.7103 2
      vertex 37.6958 76.2755 2
    endloop
  endfacet
  facet normal 0 0 1
    outer loop
      vertex 37.0981 77.0981 2
      vertex 37.5607 77.5607 2
      vertex 37.3817 77.7135 2
    endloop
  endfacet
  facet normal 0 0 1
    outer loop
      vertex 37.0981 77.0981 2
      vertex 37.3817 77.7135 2
      vertex 37.181 77.8365 2
    endloop
  endfacet
  facet normal 0 0 1
    outer loop
      vertex 37.8365 77.181 2
      vertex 37.0981 77.0981 2
      vertex 37.4293 76.7103 2
    endloop
  endfacet
  facet normal 0 0 1
    outer loop
      vertex 36.7103 77.4293 2
      vertex 37.181 77.8365 2
      vertex 36.9635 77.9266 2
    endloop
  endfacet
  facet normal 0 0 1
    outer loop
      vertex 36.7103 77.4293 2
      vertex 36.9635 77.9266 2
      vertex 36.7346 77.9815 2
    endloop
  endfacet
  facet normal 0 0 1
    outer loop
      vertex 37.181 77.8365 2
      vertex 36.7103 77.4293 2
      vertex 37.0981 77.0981 2
    endloop
  endfacet
  facet normal 0 0 1
    outer loop
      vertex 36.5 78 2
      vertex 36.7103 77.4293 2
      vertex 36.7346 77.9815 2
    endloop
  endfacet
  facet normal 0 0 1
    outer loop
      vertex 36.5 78 2
      vertex 36.2755 77.6958 2
      vertex 36.7103 77.4293 2
    endloop
  endfacet
  facet normal 0 0 1
    outer loop
      vertex 36.5 78 2
      vertex 35.8043 77.8909 2
      vertex 36.2755 77.6958 2
    endloop
  endfacet
  facet normal 0 -0 1
    outer loop
      vertex 35.8043 77.8909 2
      vertex 36.5 78 2
      vertex 35.35 78 2
    endloop
  endfacet
  facet normal -0 0 1
    outer loop
      vertex 37.8909 4.19569 2
      vertex 38 3.5 2
      vertex 38 4.64999 2
    endloop
  endfacet
  facet normal -0 0 1
    outer loop
      vertex 37.6958 3.72453 2
      vertex 38 3.5 2
      vertex 37.8909 4.19569 2
    endloop
  endfacet
  facet normal 0 0 1
    outer loop
      vertex 37.4293 3.2897 2
      vertex 38 3.5 2
      vertex 37.6958 3.72453 2
    endloop
  endfacet
  facet normal 0 0 1
    outer loop
      vertex 38 3.5 2
      vertex 37.4293 3.2897 2
      vertex 37.9815 3.26535 2
    endloop
  endfacet
  facet normal 0 0 1
    outer loop
      vertex 37.9815 3.26535 2
      vertex 37.4293 3.2897 2
      vertex 37.9266 3.03647 2
    endloop
  endfacet
  facet normal 0 0 1
    outer loop
      vertex 37.9266 3.03647 2
      vertex 37.4293 3.2897 2
      vertex 37.8365 2.81901 2
    endloop
  endfacet
  facet normal -0 0 1
    outer loop
      vertex 37.0981 2.9019 2
      vertex 37.8365 2.81901 2
      vertex 37.4293 3.2897 2
    endloop
  endfacet
  facet normal 0 0 1
    outer loop
      vertex 37.8365 2.81901 2
      vertex 37.0981 2.9019 2
      vertex 37.7135 2.61832 2
    endloop
  endfacet
  facet normal 0 0 1
    outer loop
      vertex 37.7135 2.61832 2
      vertex 37.0981 2.9019 2
      vertex 37.5607 2.43934 2
    endloop
  endfacet
  facet normal 0 0 1
    outer loop
      vertex 37.5607 2.43934 2
      vertex 37.0981 2.9019 2
      vertex 37.3817 2.28647 2
    endloop
  endfacet
  facet normal 0 0 1
    outer loop
      vertex 37.3817 2.28647 2
      vertex 37.0981 2.9019 2
      vertex 37.181 2.16349 2
    endloop
  endfacet
  facet normal -0 0 1
    outer loop
      vertex 36.7103 2.5707 2
      vertex 37.181 2.16349 2
      vertex 37.0981 2.9019 2
    endloop
  endfacet
  facet normal 0 0 1
    outer loop
      vertex 37.181 2.16349 2
      vertex 36.7103 2.5707 2
      vertex 36.9635 2.07341 2
    endloop
  endfacet
  facet normal 0 0 1
    outer loop
      vertex 36.9635 2.07341 2
      vertex 36.7103 2.5707 2
      vertex 36.7346 2.01847 2
    endloop
  endfacet
  facet normal 0 0 1
    outer loop
      vertex 36.7103 2.5707 2
      vertex 36.5 2 2
      vertex 36.7346 2.01847 2
    endloop
  endfacet
  facet normal -0 0 1
    outer loop
      vertex 36.2755 2.30423 2
      vertex 36.5 2 2
      vertex 36.7103 2.5707 2
    endloop
  endfacet
  facet normal -0 0 1
    outer loop
      vertex 35.8043 2.10907 2
      vertex 36.5 2 2
      vertex 36.2755 2.30423 2
    endloop
  endfacet
  facet normal 0 0 1
    outer loop
      vertex 36.5 2 2
      vertex 35.8043 2.10907 2
      vertex 35.35 2 2
    endloop
  endfacet
  facet normal 0 0 1
    outer loop
      vertex 4.19569 2.10907 2
      vertex 3.5 2 2
      vertex 4.64999 2 2
    endloop
  endfacet
  facet normal 0 0 1
    outer loop
      vertex 3.72453 2.30423 2
      vertex 3.5 2 2
      vertex 4.19569 2.10907 2
    endloop
  endfacet
  facet normal 0 0 1
    outer loop
      vertex 3.2897 2.5707 2
      vertex 3.5 2 2
      vertex 3.72453 2.30423 2
    endloop
  endfacet
  facet normal 0 0 1
    outer loop
      vertex 3.2897 2.5707 2
      vertex 3.26535 2.01847 2
      vertex 3.5 2 2
    endloop
  endfacet
  facet normal 0 0 1
    outer loop
      vertex 3.2897 2.5707 2
      vertex 3.03647 2.07341 2
      vertex 3.26535 2.01847 2
    endloop
  endfacet
  facet normal 0 0 1
    outer loop
      vertex 2.81901 2.16349 2
      vertex 3.2897 2.5707 2
      vertex 2.9019 2.9019 2
    endloop
  endfacet
  facet normal 0 0 1
    outer loop
      vertex 3.2897 2.5707 2
      vertex 2.81901 2.16349 2
      vertex 3.03647 2.07341 2
    endloop
  endfacet
  facet normal 0 0 1
    outer loop
      vertex 2.9019 2.9019 2
      vertex 2.61832 2.28647 2
      vertex 2.81901 2.16349 2
    endloop
  endfacet
  facet normal 0 0 1
    outer loop
      vertex 2.16349 2.81901 2
      vertex 2.9019 2.9019 2
      vertex 2.5707 3.2897 2
    endloop
  endfacet
  facet normal 0 0 1
    outer loop
      vertex 2.9019 2.9019 2
      vertex 2.43934 2.43934 2
      vertex 2.61832 2.28647 2
    endloop
  endfacet
  facet normal -0 0 1
    outer loop
      vertex 2 3.5 2
      vertex 2.5707 3.2897 2
      vertex 2.30423 3.72453 2
    endloop
  endfacet
  facet normal 0 0 1
    outer loop
      vertex 2.9019 2.9019 2
      vertex 2.28647 2.61832 2
      vertex 2.43934 2.43934 2
    endloop
  endfacet
  facet normal 0 0 1
    outer loop
      vertex 2.9019 2.9019 2
      vertex 2.16349 2.81901 2
      vertex 2.28647 2.61832 2
    endloop
  endfacet
  facet normal 0 0 1
    outer loop
      vertex 2 3.5 2
      vertex 2.30423 3.72453 2
      vertex 2.10907 4.19569 2
    endloop
  endfacet
  facet normal 0 0 1
    outer loop
      vertex 2.5707 3.2897 2
      vertex 2 3.5 2
      vertex 2.01847 3.26535 2
    endloop
  endfacet
  facet normal 0 0 1
    outer loop
      vertex 2.5707 3.2897 2
      vertex 2.07341 3.03647 2
      vertex 2.16349 2.81901 2
    endloop
  endfacet
  facet normal 0 0 1
    outer loop
      vertex 2 3.5 2
      vertex 2.10907 4.19569 2
      vertex 2 4.64999 2
    endloop
  endfacet
  facet normal 0 0 1
    outer loop
      vertex 2.5707 3.2897 2
      vertex 2.01847 3.26535 2
      vertex 2.07341 3.03647 2
    endloop
  endfacet
  facet normal 0 0 1
    outer loop
      vertex 38 33.5 2
      vertex 37.8909 6.2043 2
      vertex 38 5.75001 2
    endloop
  endfacet
  facet normal 0 0 1
    outer loop
      vertex 38 33.5 2
      vertex 37.6958 6.67547 2
      vertex 37.8909 6.2043 2
    endloop
  endfacet
  facet normal 0 0 1
    outer loop
      vertex 38 33.5 2
      vertex 37.4293 7.1103 2
      vertex 37.6958 6.67547 2
    endloop
  endfacet
  facet normal 0 0 1
    outer loop
      vertex 38 33.5 2
      vertex 37.0981 7.4981 2
      vertex 37.4293 7.1103 2
    endloop
  endfacet
  facet normal -0 0 1
    outer loop
      vertex 31.3705 18.3754 2
      vertex 37.0981 7.4981 2
      vertex 38 33.5 2
    endloop
  endfacet
  facet normal 0 0 1
    outer loop
      vertex 37.0981 7.4981 2
      vertex 31.3705 18.3754 2
      vertex 36.7103 7.8293 2
    endloop
  endfacet
  facet normal -0 -0 1
    outer loop
      vertex 31.4 18 2
      vertex 36.7103 7.8293 2
      vertex 31.3705 18.3754 2
    endloop
  endfacet
  facet normal 0 0 1
    outer loop
      vertex 36.7103 7.8293 2
      vertex 31.4 18 2
      vertex 36.2755 8.09577 2
    endloop
  endfacet
  facet normal 0 0 1
    outer loop
      vertex 36.2755 8.09577 2
      vertex 31.3705 17.6246 2
      vertex 35.8043 8.29093 2
    endloop
  endfacet
  facet normal -0 0 1
    outer loop
      vertex 31.2825 17.2584 2
      vertex 35.8043 8.29093 2
      vertex 31.3705 17.6246 2
    endloop
  endfacet
  facet normal -0 0 1
    outer loop
      vertex 31.1384 16.9104 2
      vertex 35.8043 8.29093 2
      vertex 31.2825 17.2584 2
    endloop
  endfacet
  facet normal 0 0 1
    outer loop
      vertex 35.8043 8.29093 2
      vertex 31.1384 16.9104 2
      vertex 35.3084 8.40999 2
    endloop
  endfacet
  facet normal -0 0 1
    outer loop
      vertex 30.9416 16.5893 2
      vertex 35.3084 8.40999 2
      vertex 31.1384 16.9104 2
    endloop
  endfacet
  facet normal 0 0 1
    outer loop
      vertex 35.3084 8.40999 2
      vertex 30.9416 16.5893 2
      vertex 34.8 8.45 2
    endloop
  endfacet
  facet normal 0 0 1
    outer loop
      vertex 34.8 8.45 2
      vertex 30.6971 16.3029 2
      vertex 34.2916 8.40999 2
    endloop
  endfacet
  facet normal -0 0 1
    outer loop
      vertex 30.4107 16.0584 2
      vertex 34.2916 8.40999 2
      vertex 30.6971 16.3029 2
    endloop
  endfacet
  facet normal 0 0 1
    outer loop
      vertex 34.2916 8.40999 2
      vertex 30.4107 16.0584 2
      vertex 33.7957 8.29093 2
    endloop
  endfacet
  facet normal -0 0 1
    outer loop
      vertex 30.0896 15.8616 2
      vertex 33.7957 8.29093 2
      vertex 30.4107 16.0584 2
    endloop
  endfacet
  facet normal 0 0 1
    outer loop
      vertex 33.7957 8.29093 2
      vertex 30.0896 15.8616 2
      vertex 33.3245 8.09577 2
    endloop
  endfacet
  facet normal -0 0 1
    outer loop
      vertex 30.6971 16.3029 2
      vertex 34.8 8.45 2
      vertex 30.9416 16.5893 2
    endloop
  endfacet
  facet normal -0 0 1
    outer loop
      vertex 31.3705 17.6246 2
      vertex 36.2755 8.09577 2
      vertex 31.4 18 2
    endloop
  endfacet
  facet normal 0 0 1
    outer loop
      vertex 38 33.5 2
      vertex 31.2825 18.7416 2
      vertex 31.3705 18.3754 2
    endloop
  endfacet
  facet normal 0 0 1
    outer loop
      vertex 38 33.5 2
      vertex 31.1384 19.0896 2
      vertex 31.2825 18.7416 2
    endloop
  endfacet
  facet normal 0 0 1
    outer loop
      vertex 38 33.5 2
      vertex 30.9416 19.4107 2
      vertex 31.1384 19.0896 2
    endloop
  endfacet
  facet normal 0 0 1
    outer loop
      vertex 38 33.5 2
      vertex 30.6971 19.6971 2
      vertex 30.9416 19.4107 2
    endloop
  endfacet
  facet normal 0 0 1
    outer loop
      vertex 38 33.5 2
      vertex 30.4107 19.9416 2
      vertex 30.6971 19.6971 2
    endloop
  endfacet
  facet normal 0 0 1
    outer loop
      vertex 38 33.5 2
      vertex 30.0896 20.1384 2
      vertex 30.4107 19.9416 2
    endloop
  endfacet
  facet normal 0 0 1
    outer loop
      vertex 38 33.5 2
      vertex 29.7416 20.2825 2
      vertex 30.0896 20.1384 2
    endloop
  endfacet
  facet normal 0 0 1
    outer loop
      vertex 38 33.5 2
      vertex 29.3754 20.3705 2
      vertex 29.7416 20.2825 2
    endloop
  endfacet
  facet normal 0 0 1
    outer loop
      vertex 38 33.5 2
      vertex 29 20.4 2
      vertex 29.3754 20.3705 2
    endloop
  endfacet
  facet normal 0 0 1
    outer loop
      vertex 38 33.5 2
      vertex 28.6246 20.3705 2
      vertex 29 20.4 2
    endloop
  endfacet
  facet normal 0 0 1
    outer loop
      vertex 38 33.5 2
      vertex 28.2584 20.2825 2
      vertex 28.6246 20.3705 2
    endloop
  endfacet
  facet normal 0 0 1
    outer loop
      vertex 38 33.5 2
      vertex 27.9104 20.1384 2
      vertex 28.2584 20.2825 2
    endloop
  endfacet
  facet normal 0 0 1
    outer loop
      vertex 12.0896 20.1384 2
      vertex 27.9104 20.1384 2
      vertex 38 33.5 2
    endloop
  endfacet
  facet normal 0 0 1
    outer loop
      vertex 27.9104 20.1384 2
      vertex 12.0896 20.1384 2
      vertex 27.5893 19.9416 2
    endloop
  endfacet
  facet normal 0 -0 1
    outer loop
      vertex 12.4107 19.9416 2
      vertex 27.5893 19.9416 2
      vertex 12.0896 20.1384 2
    endloop
  endfacet
  facet normal 0 0 1
    outer loop
      vertex 26.6295 18.3754 2
      vertex 13.4 18 2
      vertex 26.6 18 2
    endloop
  endfacet
  facet normal 0 0 1
    outer loop
      vertex 13.3705 18.3754 2
      vertex 26.6295 18.3754 2
      vertex 26.7175 18.7416 2
    endloop
  endfacet
  facet normal 0 0 1
    outer loop
      vertex 13.2825 18.7416 2
      vertex 26.7175 18.7416 2
      vertex 26.8616 19.0896 2
    endloop
  endfacet
  facet normal 0 0 1
    outer loop
      vertex 13.1384 19.0896 2
      vertex 26.8616 19.0896 2
      vertex 27.0584 19.4107 2
    endloop
  endfacet
  facet normal 0 0 1
    outer loop
      vertex 27.5893 19.9416 2
      vertex 12.4107 19.9416 2
      vertex 27.3029 19.6971 2
    endloop
  endfacet
  facet normal 0 0 1
    outer loop
      vertex 26.6295 18.3754 2
      vertex 13.3705 18.3754 2
      vertex 13.4 18 2
    endloop
  endfacet
  facet normal 0 0 1
    outer loop
      vertex 26.7175 18.7416 2
      vertex 13.2825 18.7416 2
      vertex 13.3705 18.3754 2
    endloop
  endfacet
  facet normal 0 0 1
    outer loop
      vertex 26.8616 19.0896 2
      vertex 13.1384 19.0896 2
      vertex 13.2825 18.7416 2
    endloop
  endfacet
  facet normal 0 0 1
    outer loop
      vertex 27.0584 19.4107 2
      vertex 12.9416 19.4107 2
      vertex 13.1384 19.0896 2
    endloop
  endfacet
  facet normal 0 0 1
    outer loop
      vertex 27.0584 19.4107 2
      vertex 12.6971 19.6971 2
      vertex 12.9416 19.4107 2
    endloop
  endfacet
  facet normal 0 0 1
    outer loop
      vertex 27.3029 19.6971 2
      vertex 12.6971 19.6971 2
      vertex 27.0584 19.4107 2
    endloop
  endfacet
  facet normal 0 -0 1
    outer loop
      vertex 12.6971 19.6971 2
      vertex 27.3029 19.6971 2
      vertex 12.4107 19.9416 2
    endloop
  endfacet
  facet normal -0 0 1
    outer loop
      vertex 2 33.5 2
      vertex 12.0896 20.1384 2
      vertex 38 33.5 2
    endloop
  endfacet
  facet normal 0 0 1
    outer loop
      vertex 12.0896 20.1384 2
      vertex 2 33.5 2
      vertex 11.7416 20.2825 2
    endloop
  endfacet
  facet normal 0 0 1
    outer loop
      vertex 11.7416 20.2825 2
      vertex 2 33.5 2
      vertex 11.3754 20.3705 2
    endloop
  endfacet
  facet normal 0 0 1
    outer loop
      vertex 11.3754 20.3705 2
      vertex 2 33.5 2
      vertex 11 20.4 2
    endloop
  endfacet
  facet normal 0 0 1
    outer loop
      vertex 11 20.4 2
      vertex 2 33.5 2
      vertex 10.6246 20.3705 2
    endloop
  endfacet
  facet normal 0 0 1
    outer loop
      vertex 10.6246 20.3705 2
      vertex 2 33.5 2
      vertex 10.2584 20.2825 2
    endloop
  endfacet
  facet normal 0 0 1
    outer loop
      vertex 31.55 5.2 2
      vertex 8.40999 5.70841 2
      vertex 8.45 5.2 2
    endloop
  endfacet
  facet normal 0 0 1
    outer loop
      vertex 8.62955 17.6246 2
      vertex 8.29093 6.2043 2
      vertex 8.40999 5.70841 2
    endloop
  endfacet
  facet normal 0 0 1
    outer loop
      vertex 8.62955 17.6246 2
      vertex 8.09577 6.67547 2
      vertex 8.29093 6.2043 2
    endloop
  endfacet
  facet normal 0 0 1
    outer loop
      vertex 8.62955 17.6246 2
      vertex 7.8293 7.1103 2
      vertex 8.09577 6.67547 2
    endloop
  endfacet
  facet normal 0 0 1
    outer loop
      vertex 8.62955 17.6246 2
      vertex 7.4981 7.4981 2
      vertex 7.8293 7.1103 2
    endloop
  endfacet
  facet normal 0 0 1
    outer loop
      vertex 3.2897 7.8293 2
      vertex 8.6 18 2
      vertex 8.62955 18.3754 2
    endloop
  endfacet
  facet normal 0 0 1
    outer loop
      vertex 8.62955 17.6246 2
      vertex 7.1103 7.8293 2
      vertex 7.4981 7.4981 2
    endloop
  endfacet
  facet normal 0 0 1
    outer loop
      vertex 8.62955 17.6246 2
      vertex 6.67547 8.09577 2
      vertex 7.1103 7.8293 2
    endloop
  endfacet
  facet normal 0 0 1
    outer loop
      vertex 8.62955 17.6246 2
      vertex 6.2043 8.29093 2
      vertex 6.67547 8.09577 2
    endloop
  endfacet
  facet normal 0 0 1
    outer loop
      vertex 2 33.5 2
      vertex 8.62955 18.3754 2
      vertex 8.71746 18.7416 2
    endloop
  endfacet
  facet normal 0 0 1
    outer loop
      vertex 8.62955 17.6246 2
      vertex 5.70841 8.40999 2
      vertex 6.2043 8.29093 2
    endloop
  endfacet
  facet normal 0 0 1
    outer loop
      vertex 8.62955 17.6246 2
      vertex 5.2 8.45 2
      vertex 5.70841 8.40999 2
    endloop
  endfacet
  facet normal 0 0 1
    outer loop
      vertex 8.62955 17.6246 2
      vertex 4.69159 8.40999 2
      vertex 5.2 8.45 2
    endloop
  endfacet
  facet normal 0 0 1
    outer loop
      vertex 8.62955 17.6246 2
      vertex 4.19569 8.29093 2
      vertex 4.69159 8.40999 2
    endloop
  endfacet
  facet normal 0 0 1
    outer loop
      vertex 2 33.5 2
      vertex 8.71746 18.7416 2
      vertex 8.86158 19.0896 2
    endloop
  endfacet
  facet normal 0 0 1
    outer loop
      vertex 8.62955 17.6246 2
      vertex 3.72453 8.09577 2
      vertex 4.19569 8.29093 2
    endloop
  endfacet
  facet normal 0 0 1
    outer loop
      vertex 8.6 18 2
      vertex 3.2897 7.8293 2
      vertex 3.72453 8.09577 2
    endloop
  endfacet
  facet normal 0 0 1
    outer loop
      vertex 8.62955 18.3754 2
      vertex 2.9019 7.4981 2
      vertex 3.2897 7.8293 2
    endloop
  endfacet
  facet normal 0 0 1
    outer loop
      vertex 8.62955 18.3754 2
      vertex 2 33.5 2
      vertex 2.9019 7.4981 2
    endloop
  endfacet
  facet normal 0 0 1
    outer loop
      vertex 2.9019 7.4981 2
      vertex 2 33.5 2
      vertex 2.5707 7.1103 2
    endloop
  endfacet
  facet normal 0 0 1
    outer loop
      vertex 10.2584 20.2825 2
      vertex 2 33.5 2
      vertex 9.91042 20.1384 2
    endloop
  endfacet
  facet normal 0 0 1
    outer loop
      vertex 2 33.5 2
      vertex 9.58932 19.9416 2
      vertex 9.91042 20.1384 2
    endloop
  endfacet
  facet normal 0 0 1
    outer loop
      vertex 2 33.5 2
      vertex 9.30294 19.6971 2
      vertex 9.58932 19.9416 2
    endloop
  endfacet
  facet normal 0 0 1
    outer loop
      vertex 2 33.5 2
      vertex 9.05836 19.4107 2
      vertex 9.30294 19.6971 2
    endloop
  endfacet
  facet normal 0 0 1
    outer loop
      vertex 2 33.5 2
      vertex 8.86158 19.0896 2
      vertex 9.05836 19.4107 2
    endloop
  endfacet
  facet normal 0 0 1
    outer loop
      vertex 2.5707 7.1103 2
      vertex 2 33.5 2
      vertex 2.30423 6.67547 2
    endloop
  endfacet
  facet normal 0 0 1
    outer loop
      vertex 2 33.5 2
      vertex 2.10907 6.2043 2
      vertex 2.30423 6.67547 2
    endloop
  endfacet
  facet normal 0 0 1
    outer loop
      vertex 2.10907 6.2043 2
      vertex 2 33.5 2
      vertex 2 5.75001 2
    endloop
  endfacet
  facet normal -0 0 1
    outer loop
      vertex 29.7416 15.7175 2
      vertex 33.3245 8.09577 2
      vertex 30.0896 15.8616 2
    endloop
  endfacet
  facet normal 0 0 1
    outer loop
      vertex 33.3245 8.09577 2
      vertex 29.7416 15.7175 2
      vertex 32.8897 7.8293 2
    endloop
  endfacet
  facet normal -0 0 1
    outer loop
      vertex 29.3754 15.6295 2
      vertex 32.8897 7.8293 2
      vertex 29.7416 15.7175 2
    endloop
  endfacet
  facet normal 0 0 1
    outer loop
      vertex 32.8897 7.8293 2
      vertex 29.3754 15.6295 2
      vertex 32.5019 7.4981 2
    endloop
  endfacet
  facet normal -0 0 1
    outer loop
      vertex 29 15.6 2
      vertex 32.5019 7.4981 2
      vertex 29.3754 15.6295 2
    endloop
  endfacet
  facet normal 0 0 1
    outer loop
      vertex 32.5019 7.4981 2
      vertex 29 15.6 2
      vertex 32.1707 7.1103 2
    endloop
  endfacet
  facet normal 0 0 1
    outer loop
      vertex 28.6246 15.6295 2
      vertex 32.1707 7.1103 2
      vertex 29 15.6 2
    endloop
  endfacet
  facet normal 0 0 1
    outer loop
      vertex 32.1707 7.1103 2
      vertex 28.6246 15.6295 2
      vertex 31.9042 6.67547 2
    endloop
  endfacet
  facet normal 0 0 1
    outer loop
      vertex 28.2584 15.7175 2
      vertex 31.9042 6.67547 2
      vertex 28.6246 15.6295 2
    endloop
  endfacet
  facet normal 0 0 1
    outer loop
      vertex 27.9104 15.8616 2
      vertex 31.9042 6.67547 2
      vertex 28.2584 15.7175 2
    endloop
  endfacet
  facet normal 0 0 1
    outer loop
      vertex 31.9042 6.67547 2
      vertex 27.9104 15.8616 2
      vertex 31.7091 6.2043 2
    endloop
  endfacet
  facet normal 0 0 1
    outer loop
      vertex 27.5893 16.0584 2
      vertex 31.7091 6.2043 2
      vertex 27.9104 15.8616 2
    endloop
  endfacet
  facet normal 0 0 1
    outer loop
      vertex 31.7091 6.2043 2
      vertex 27.5893 16.0584 2
      vertex 31.59 5.70841 2
    endloop
  endfacet
  facet normal 0 0 1
    outer loop
      vertex 8.40999 5.70841 2
      vertex 31.59 5.70841 2
      vertex 27.5893 16.0584 2
    endloop
  endfacet
  facet normal 0 0 1
    outer loop
      vertex 31.59 5.70841 2
      vertex 8.40999 5.70841 2
      vertex 31.55 5.2 2
    endloop
  endfacet
  facet normal 0 0 1
    outer loop
      vertex 31.55 5.2 2
      vertex 8.45 5.2 2
      vertex 31.59 4.69159 2
    endloop
  endfacet
  facet normal 0 0 1
    outer loop
      vertex 12.4107 16.0584 2
      vertex 27.5893 16.0584 2
      vertex 27.3029 16.3029 2
    endloop
  endfacet
  facet normal 0 0 1
    outer loop
      vertex 12.6971 16.3029 2
      vertex 27.3029 16.3029 2
      vertex 27.0584 16.5893 2
    endloop
  endfacet
  facet normal 0 0 1
    outer loop
      vertex 12.9416 16.5893 2
      vertex 27.0584 16.5893 2
      vertex 26.8616 16.9104 2
    endloop
  endfacet
  facet normal 0 0 1
    outer loop
      vertex 13.1384 16.9104 2
      vertex 26.8616 16.9104 2
      vertex 26.7175 17.2584 2
    endloop
  endfacet
  facet normal -0 0 1
    outer loop
      vertex 13.4 18 2
      vertex 26.6295 17.6246 2
      vertex 26.6 18 2
    endloop
  endfacet
  facet normal 0 0 1
    outer loop
      vertex 13.3705 17.6246 2
      vertex 26.6295 17.6246 2
      vertex 13.4 18 2
    endloop
  endfacet
  facet normal 0 0 1
    outer loop
      vertex 26.6295 17.6246 2
      vertex 13.3705 17.6246 2
      vertex 26.7175 17.2584 2
    endloop
  endfacet
  facet normal 0 0 1
    outer loop
      vertex 13.2825 17.2584 2
      vertex 26.7175 17.2584 2
      vertex 13.3705 17.6246 2
    endloop
  endfacet
  facet normal 0 0 1
    outer loop
      vertex 13.1384 16.9104 2
      vertex 26.7175 17.2584 2
      vertex 13.2825 17.2584 2
    endloop
  endfacet
  facet normal 0 0 1
    outer loop
      vertex 26.8616 16.9104 2
      vertex 13.1384 16.9104 2
      vertex 12.9416 16.5893 2
    endloop
  endfacet
  facet normal 0 0 1
    outer loop
      vertex 27.0584 16.5893 2
      vertex 12.9416 16.5893 2
      vertex 12.6971 16.3029 2
    endloop
  endfacet
  facet normal 0 0 1
    outer loop
      vertex 27.3029 16.3029 2
      vertex 12.6971 16.3029 2
      vertex 12.4107 16.0584 2
    endloop
  endfacet
  facet normal 0 0 1
    outer loop
      vertex 8.40999 4.69159 2
      vertex 31.59 4.69159 2
      vertex 8.45 5.2 2
    endloop
  endfacet
  facet normal 0 0 1
    outer loop
      vertex 31.59 4.69159 2
      vertex 8.40999 4.69159 2
      vertex 31.7091 4.19569 2
    endloop
  endfacet
  facet normal 0 0 1
    outer loop
      vertex 8.29093 4.19569 2
      vertex 31.7091 4.19569 2
      vertex 8.40999 4.69159 2
    endloop
  endfacet
  facet normal 0 0 1
    outer loop
      vertex 31.7091 4.19569 2
      vertex 8.29093 4.19569 2
      vertex 31.9042 3.72453 2
    endloop
  endfacet
  facet normal 0 0 1
    outer loop
      vertex 8.40999 5.70841 2
      vertex 27.5893 16.0584 2
      vertex 12.4107 16.0584 2
    endloop
  endfacet
  facet normal 0 0 1
    outer loop
      vertex 8.40999 5.70841 2
      vertex 12.4107 16.0584 2
      vertex 12.0896 15.8616 2
    endloop
  endfacet
  facet normal 0 0 1
    outer loop
      vertex 8.40999 5.70841 2
      vertex 12.0896 15.8616 2
      vertex 11.7416 15.7175 2
    endloop
  endfacet
  facet normal 0 0 1
    outer loop
      vertex 8.40999 5.70841 2
      vertex 11.7416 15.7175 2
      vertex 11.3754 15.6295 2
    endloop
  endfacet
  facet normal 0 0 1
    outer loop
      vertex 8.09577 3.72453 2
      vertex 31.9042 3.72453 2
      vertex 8.29093 4.19569 2
    endloop
  endfacet
  facet normal 0 0 1
    outer loop
      vertex 8.40999 5.70841 2
      vertex 11.3754 15.6295 2
      vertex 11 15.6 2
    endloop
  endfacet
  facet normal 0 0 1
    outer loop
      vertex 8.40999 5.70841 2
      vertex 11 15.6 2
      vertex 10.6246 15.6295 2
    endloop
  endfacet
  facet normal 0 0 1
    outer loop
      vertex 8.40999 5.70841 2
      vertex 10.6246 15.6295 2
      vertex 10.2584 15.7175 2
    endloop
  endfacet
  facet normal 0 0 1
    outer loop
      vertex 8.40999 5.70841 2
      vertex 10.2584 15.7175 2
      vertex 9.91042 15.8616 2
    endloop
  endfacet
  facet normal 0 0 1
    outer loop
      vertex 3.72453 8.09577 2
      vertex 8.62955 17.6246 2
      vertex 8.6 18 2
    endloop
  endfacet
  facet normal 0 0 1
    outer loop
      vertex 8.40999 5.70841 2
      vertex 8.71746 17.2584 2
      vertex 8.62955 17.6246 2
    endloop
  endfacet
  facet normal 0 0 1
    outer loop
      vertex 8.40999 5.70841 2
      vertex 8.86158 16.9104 2
      vertex 8.71746 17.2584 2
    endloop
  endfacet
  facet normal 0 0 1
    outer loop
      vertex 8.40999 5.70841 2
      vertex 9.05836 16.5893 2
      vertex 8.86158 16.9104 2
    endloop
  endfacet
  facet normal 0 0 1
    outer loop
      vertex 8.40999 5.70841 2
      vertex 9.30294 16.3029 2
      vertex 9.05836 16.5893 2
    endloop
  endfacet
  facet normal 0 0 1
    outer loop
      vertex 8.40999 5.70841 2
      vertex 9.58932 16.0584 2
      vertex 9.30294 16.3029 2
    endloop
  endfacet
  facet normal 0 0 1
    outer loop
      vertex 8.40999 5.70841 2
      vertex 9.91042 15.8616 2
      vertex 9.58932 16.0584 2
    endloop
  endfacet
  facet normal 0 0 1
    outer loop
      vertex 31.9042 3.72453 2
      vertex 8.09577 3.72453 2
      vertex 32.1707 3.2897 2
    endloop
  endfacet
  facet normal 0 0 1
    outer loop
      vertex 7.8293 3.2897 2
      vertex 32.1707 3.2897 2
      vertex 8.09577 3.72453 2
    endloop
  endfacet
  facet normal 0 0 1
    outer loop
      vertex 32.1707 3.2897 2
      vertex 7.8293 3.2897 2
      vertex 32.5019 2.9019 2
    endloop
  endfacet
  facet normal 0 0 1
    outer loop
      vertex 7.4981 2.9019 2
      vertex 32.5019 2.9019 2
      vertex 7.8293 3.2897 2
    endloop
  endfacet
  facet normal 0 0 1
    outer loop
      vertex 32.5019 2.9019 2
      vertex 7.4981 2.9019 2
      vertex 32.8897 2.5707 2
    endloop
  endfacet
  facet normal 0 0 1
    outer loop
      vertex 7.1103 2.5707 2
      vertex 32.8897 2.5707 2
      vertex 7.4981 2.9019 2
    endloop
  endfacet
  facet normal 0 0 1
    outer loop
      vertex 32.8897 2.5707 2
      vertex 7.1103 2.5707 2
      vertex 33.3245 2.30423 2
    endloop
  endfacet
  facet normal 0 0 1
    outer loop
      vertex 6.67547 2.30423 2
      vertex 33.3245 2.30423 2
      vertex 7.1103 2.5707 2
    endloop
  endfacet
  facet normal 0 0 1
    outer loop
      vertex 33.3245 2.30423 2
      vertex 6.67547 2.30423 2
      vertex 33.7957 2.10907 2
    endloop
  endfacet
  facet normal 0 0 1
    outer loop
      vertex 6.2043 2.10907 2
      vertex 33.7957 2.10907 2
      vertex 6.67547 2.30423 2
    endloop
  endfacet
  facet normal 0 0 1
    outer loop
      vertex 33.7957 2.10907 2
      vertex 6.2043 2.10907 2
      vertex 34.25 2 2
    endloop
  endfacet
  facet normal 0 0 1
    outer loop
      vertex 34.25 2 2
      vertex 6.2043 2.10907 2
      vertex 5.75001 2 2
    endloop
  endfacet
  facet normal 0 0 1
    outer loop
      vertex 6.28646 5.37208 2
      vertex 6.28646 5.02792 2
      vertex 6.3 5.2 2
    endloop
  endfacet
  facet normal 0 0 1
    outer loop
      vertex 6.24616 5.53992 2
      vertex 6.28646 5.02792 2
      vertex 6.28646 5.37208 2
    endloop
  endfacet
  facet normal 0 0 1
    outer loop
      vertex 6.24616 5.53992 2
      vertex 6.24616 4.86008 2
      vertex 6.28646 5.02792 2
    endloop
  endfacet
  facet normal 0 0 1
    outer loop
      vertex 6.18011 5.69939 2
      vertex 6.24616 4.86008 2
      vertex 6.24616 5.53992 2
    endloop
  endfacet
  facet normal 0 0 1
    outer loop
      vertex 6.18011 5.69939 2
      vertex 6.18011 4.70061 2
      vertex 6.24616 4.86008 2
    endloop
  endfacet
  facet normal 0 0 1
    outer loop
      vertex 6.08992 5.84656 2
      vertex 6.18011 4.70061 2
      vertex 6.18011 5.69939 2
    endloop
  endfacet
  facet normal 0 0 1
    outer loop
      vertex 6.08992 5.84656 2
      vertex 6.08992 4.55344 2
      vertex 6.18011 4.70061 2
    endloop
  endfacet
  facet normal 0 0 1
    outer loop
      vertex 5.97782 5.97782 2
      vertex 6.08992 4.55344 2
      vertex 6.08992 5.84656 2
    endloop
  endfacet
  facet normal 0 0 1
    outer loop
      vertex 5.97782 5.97782 2
      vertex 5.97782 4.42218 2
      vertex 6.08992 4.55344 2
    endloop
  endfacet
  facet normal 0 0 1
    outer loop
      vertex 5.84656 6.08992 2
      vertex 5.97782 4.42218 2
      vertex 5.97782 5.97782 2
    endloop
  endfacet
  facet normal 0 0 1
    outer loop
      vertex 5.84656 6.08992 2
      vertex 5.84656 4.31008 2
      vertex 5.97782 4.42218 2
    endloop
  endfacet
  facet normal 0 0 1
    outer loop
      vertex 5.69939 6.18011 2
      vertex 5.84656 4.31008 2
      vertex 5.84656 6.08992 2
    endloop
  endfacet
  facet normal 0 0 1
    outer loop
      vertex 5.69939 6.18011 2
      vertex 5.69939 4.21989 2
      vertex 5.84656 4.31008 2
    endloop
  endfacet
  facet normal 0 0 1
    outer loop
      vertex 5.53992 6.24616 2
      vertex 5.69939 4.21989 2
      vertex 5.69939 6.18011 2
    endloop
  endfacet
  facet normal 0 0 1
    outer loop
      vertex 5.53992 6.24616 2
      vertex 5.53992 4.15384 2
      vertex 5.69939 4.21989 2
    endloop
  endfacet
  facet normal 0 0 1
    outer loop
      vertex 5.37208 6.28646 2
      vertex 5.53992 4.15384 2
      vertex 5.53992 6.24616 2
    endloop
  endfacet
  facet normal 0 0 1
    outer loop
      vertex 5.37208 6.28646 2
      vertex 5.37208 4.11354 2
      vertex 5.53992 4.15384 2
    endloop
  endfacet
  facet normal 0 0 1
    outer loop
      vertex 5.2 6.3 2
      vertex 5.37208 4.11354 2
      vertex 5.37208 6.28646 2
    endloop
  endfacet
  facet normal 0 0 1
    outer loop
      vertex 5.2 6.3 2
      vertex 5.2 4.1 2
      vertex 5.37208 4.11354 2
    endloop
  endfacet
  facet normal -0 0 1
    outer loop
      vertex 5.02792 6.28646 2
      vertex 5.2 4.1 2
      vertex 5.2 6.3 2
    endloop
  endfacet
  facet normal 0 0 1
    outer loop
      vertex 5.02792 6.28646 2
      vertex 5.02792 4.11354 2
      vertex 5.2 4.1 2
    endloop
  endfacet
  facet normal -0 0 1
    outer loop
      vertex 4.86008 6.24616 2
      vertex 5.02792 4.11354 2
      vertex 5.02792 6.28646 2
    endloop
  endfacet
  facet normal 0 0 1
    outer loop
      vertex 4.86008 6.24616 2
      vertex 4.86008 4.15384 2
      vertex 5.02792 4.11354 2
    endloop
  endfacet
  facet normal -0 0 1
    outer loop
      vertex 4.70061 6.18011 2
      vertex 4.86008 4.15384 2
      vertex 4.86008 6.24616 2
    endloop
  endfacet
  facet normal 0 0 1
    outer loop
      vertex 4.70061 6.18011 2
      vertex 4.70061 4.21989 2
      vertex 4.86008 4.15384 2
    endloop
  endfacet
  facet normal -0 0 1
    outer loop
      vertex 4.55344 6.08992 2
      vertex 4.70061 4.21989 2
      vertex 4.70061 6.18011 2
    endloop
  endfacet
  facet normal 0 0 1
    outer loop
      vertex 4.55344 6.08992 2
      vertex 4.55344 4.31008 2
      vertex 4.70061 4.21989 2
    endloop
  endfacet
  facet normal -0 0 1
    outer loop
      vertex 4.42218 5.97782 2
      vertex 4.55344 4.31008 2
      vertex 4.55344 6.08992 2
    endloop
  endfacet
  facet normal 0 0 1
    outer loop
      vertex 4.42218 5.97782 2
      vertex 4.42218 4.42218 2
      vertex 4.55344 4.31008 2
    endloop
  endfacet
  facet normal -0 0 1
    outer loop
      vertex 4.31008 5.84656 2
      vertex 4.42218 4.42218 2
      vertex 4.42218 5.97782 2
    endloop
  endfacet
  facet normal 0 0 1
    outer loop
      vertex 4.31008 5.84656 2
      vertex 4.31008 4.55344 2
      vertex 4.42218 4.42218 2
    endloop
  endfacet
  facet normal -0 0 1
    outer loop
      vertex 4.21989 5.69939 2
      vertex 4.31008 4.55344 2
      vertex 4.31008 5.84656 2
    endloop
  endfacet
  facet normal 0 0 1
    outer loop
      vertex 4.21989 5.69939 2
      vertex 4.21989 4.70061 2
      vertex 4.31008 4.55344 2
    endloop
  endfacet
  facet normal -0 0 1
    outer loop
      vertex 4.15384 5.53992 2
      vertex 4.21989 4.70061 2
      vertex 4.21989 5.69939 2
    endloop
  endfacet
  facet normal 0 0 1
    outer loop
      vertex 4.15384 5.53992 2
      vertex 4.15384 4.86008 2
      vertex 4.21989 4.70061 2
    endloop
  endfacet
  facet normal -0 0 1
    outer loop
      vertex 4.11354 5.37208 2
      vertex 4.15384 4.86008 2
      vertex 4.15384 5.53992 2
    endloop
  endfacet
  facet normal 0 0 1
    outer loop
      vertex 4.11354 5.37208 2
      vertex 4.11354 5.02792 2
      vertex 4.15384 4.86008 2
    endloop
  endfacet
  facet normal 0 -0 1
    outer loop
      vertex 4.11354 5.02792 2
      vertex 4.11354 5.37208 2
      vertex 4.1 5.2 2
    endloop
  endfacet
  facet normal 0 0 1
    outer loop
      vertex 43.5503 41.5803 2
      vertex 46.5 44 2
      vertex 46.4692 44.3911 2
    endloop
  endfacet
  facet normal 0 0 1
    outer loop
      vertex 46.5 44 2
      vertex 44.9 40 2
      vertex 46.5 36 2
    endloop
  endfacet
  facet normal 0 0 1
    outer loop
      vertex 43.5503 41.5803 2
      vertex 46.4692 44.3911 2
      vertex 46.3776 44.7725 2
    endloop
  endfacet
  facet normal -0 0 1
    outer loop
      vertex 44.8803 39.7497 2
      vertex 46.5 36 2
      vertex 44.9 40 2
    endloop
  endfacet
  facet normal 0 0 1
    outer loop
      vertex 43.5503 41.5803 2
      vertex 46.3776 44.7725 2
      vertex 46.2275 45.135 2
    endloop
  endfacet
  facet normal -0 0 1
    outer loop
      vertex 44.8217 39.5056 2
      vertex 46.5 36 2
      vertex 44.8803 39.7497 2
    endloop
  endfacet
  facet normal 0 0 1
    outer loop
      vertex 43.5503 41.5803 2
      vertex 46.2275 45.135 2
      vertex 46.0225 45.4695 2
    endloop
  endfacet
  facet normal -0 0 1
    outer loop
      vertex 44.7256 39.2736 2
      vertex 46.5 36 2
      vertex 44.8217 39.5056 2
    endloop
  endfacet
  facet normal 0 0 1
    outer loop
      vertex 43.5503 41.5803 2
      vertex 46.0225 45.4695 2
      vertex 45.7678 45.7678 2
    endloop
  endfacet
  facet normal -0 0 1
    outer loop
      vertex 44.5944 39.0595 2
      vertex 46.5 36 2
      vertex 44.7256 39.2736 2
    endloop
  endfacet
  facet normal 0 0 1
    outer loop
      vertex 43.5503 41.5803 2
      vertex 45.7678 45.7678 2
      vertex 45.4695 46.0225 2
    endloop
  endfacet
  facet normal -0 0 1
    outer loop
      vertex 44.4314 38.8686 2
      vertex 46.5 36 2
      vertex 44.5944 39.0595 2
    endloop
  endfacet
  facet normal 0 0 1
    outer loop
      vertex 43.5503 41.5803 2
      vertex 45.4695 46.0225 2
      vertex 45.135 46.2275 2
    endloop
  endfacet
  facet normal -0 0 1
    outer loop
      vertex 44.2405 38.7056 2
      vertex 46.5 36 2
      vertex 44.4314 38.8686 2
    endloop
  endfacet
  facet normal -0 0 1
    outer loop
      vertex 44.0264 38.5744 2
      vertex 46.5 36 2
      vertex 44.2405 38.7056 2
    endloop
  endfacet
  facet normal 0 0 1
    outer loop
      vertex 46.5 44 2
      vertex 44.8803 40.2503 2
      vertex 44.9 40 2
    endloop
  endfacet
  facet normal 0 0 1
    outer loop
      vertex 46.5 44 2
      vertex 44.8217 40.4944 2
      vertex 44.8803 40.2503 2
    endloop
  endfacet
  facet normal 0 0 1
    outer loop
      vertex 43.5503 41.5803 2
      vertex 45.135 46.2275 2
      vertex 44.7725 46.3776 2
    endloop
  endfacet
  facet normal 0 0 1
    outer loop
      vertex 46.5 44 2
      vertex 44.7256 40.7264 2
      vertex 44.8217 40.4944 2
    endloop
  endfacet
  facet normal 0 0 1
    outer loop
      vertex 46.5 44 2
      vertex 44.5944 40.9405 2
      vertex 44.7256 40.7264 2
    endloop
  endfacet
  facet normal 0 0 1
    outer loop
      vertex 46.5 44 2
      vertex 44.4314 41.1314 2
      vertex 44.5944 40.9405 2
    endloop
  endfacet
  facet normal 0 0 1
    outer loop
      vertex 43.5503 41.5803 2
      vertex 44.7725 46.3776 2
      vertex 44.3911 46.4692 2
    endloop
  endfacet
  facet normal 0 0 1
    outer loop
      vertex 46.5 44 2
      vertex 44.2405 41.2944 2
      vertex 44.4314 41.1314 2
    endloop
  endfacet
  facet normal 0 0 1
    outer loop
      vertex 46.5 44 2
      vertex 44.0264 41.4256 2
      vertex 44.2405 41.2944 2
    endloop
  endfacet
  facet normal 0 0 1
    outer loop
      vertex 43.5503 41.5803 2
      vertex 44.3911 46.4692 2
      vertex 44 46.5 2
    endloop
  endfacet
  facet normal 0 0 1
    outer loop
      vertex 46.5 44 2
      vertex 43.7944 41.5217 2
      vertex 44.0264 41.4256 2
    endloop
  endfacet
  facet normal 0 0 1
    outer loop
      vertex 46.5 44 2
      vertex 43.5503 41.5803 2
      vertex 43.7944 41.5217 2
    endloop
  endfacet
  facet normal 0 0 1
    outer loop
      vertex 44 46.5 2
      vertex 43.3 41.6 2
      vertex 43.5503 41.5803 2
    endloop
  endfacet
  facet normal 0 0 1
    outer loop
      vertex 44 46.5 2
      vertex 43.0497 41.5803 2
      vertex 43.3 41.6 2
    endloop
  endfacet
  facet normal 0 0 1
    outer loop
      vertex 44 46.5 2
      vertex 42.8056 41.5217 2
      vertex 43.0497 41.5803 2
    endloop
  endfacet
  facet normal -0 0 1
    outer loop
      vertex 40 46.5 2
      vertex 42.8056 41.5217 2
      vertex 44 46.5 2
    endloop
  endfacet
  facet normal 0 0 1
    outer loop
      vertex 42.8056 41.5217 2
      vertex 40 46.5 2
      vertex 42.5736 41.4256 2
    endloop
  endfacet
  facet normal 0 0 1
    outer loop
      vertex 42.5736 41.4256 2
      vertex 40 46.5 2
      vertex 42.3595 41.2944 2
    endloop
  endfacet
  facet normal 0 0 1
    outer loop
      vertex 42.3595 41.2944 2
      vertex 40 46.5 2
      vertex 42.1686 41.1314 2
    endloop
  endfacet
  facet normal 0 0 1
    outer loop
      vertex 42.1686 41.1314 2
      vertex 40 46.5 2
      vertex 42.0056 40.9405 2
    endloop
  endfacet
  facet normal 0 0 1
    outer loop
      vertex 42.0056 40.9405 2
      vertex 40 46.5 2
      vertex 41.8744 40.7264 2
    endloop
  endfacet
  facet normal 0 0 1
    outer loop
      vertex 41.7197 40.2503 2
      vertex 40 46.5 2
      vertex 41.7 40 2
    endloop
  endfacet
  facet normal 0 0 1
    outer loop
      vertex 41.7783 40.4944 2
      vertex 40 46.5 2
      vertex 41.7197 40.2503 2
    endloop
  endfacet
  facet normal 0 0 1
    outer loop
      vertex 41.8744 40.7264 2
      vertex 40 46.5 2
      vertex 41.7783 40.4944 2
    endloop
  endfacet
  facet normal -0 0 1
    outer loop
      vertex 43.7944 38.4783 2
      vertex 46.5 36 2
      vertex 44.0264 38.5744 2
    endloop
  endfacet
  facet normal -0 0 1
    outer loop
      vertex 43.5503 38.4197 2
      vertex 46.5 36 2
      vertex 43.7944 38.4783 2
    endloop
  endfacet
  facet normal 0 0 1
    outer loop
      vertex 46.5 36 2
      vertex 43.5503 38.4197 2
      vertex 46.4692 35.6089 2
    endloop
  endfacet
  facet normal 0 0 1
    outer loop
      vertex 46.4692 35.6089 2
      vertex 43.5503 38.4197 2
      vertex 46.3776 35.2275 2
    endloop
  endfacet
  facet normal 0 0 1
    outer loop
      vertex 46.3776 35.2275 2
      vertex 43.5503 38.4197 2
      vertex 46.2275 34.865 2
    endloop
  endfacet
  facet normal 0 0 1
    outer loop
      vertex 46.2275 34.865 2
      vertex 43.5503 38.4197 2
      vertex 46.0225 34.5305 2
    endloop
  endfacet
  facet normal 0 0 1
    outer loop
      vertex 46.0225 34.5305 2
      vertex 43.5503 38.4197 2
      vertex 45.7678 34.2322 2
    endloop
  endfacet
  facet normal 0 0 1
    outer loop
      vertex 45.7678 34.2322 2
      vertex 43.5503 38.4197 2
      vertex 45.4695 33.9775 2
    endloop
  endfacet
  facet normal 0 0 1
    outer loop
      vertex 45.4695 33.9775 2
      vertex 43.5503 38.4197 2
      vertex 45.135 33.7725 2
    endloop
  endfacet
  facet normal 0 0 1
    outer loop
      vertex 45.135 33.7725 2
      vertex 43.5503 38.4197 2
      vertex 44.7725 33.6224 2
    endloop
  endfacet
  facet normal 0 0 1
    outer loop
      vertex 44.7725 33.6224 2
      vertex 43.5503 38.4197 2
      vertex 44.3911 33.5308 2
    endloop
  endfacet
  facet normal 0 0 1
    outer loop
      vertex 44.3911 33.5308 2
      vertex 43.5503 38.4197 2
      vertex 44 33.5 2
    endloop
  endfacet
  facet normal -0 0 1
    outer loop
      vertex 43.3 38.4 2
      vertex 44 33.5 2
      vertex 43.5503 38.4197 2
    endloop
  endfacet
  facet normal 0 0 1
    outer loop
      vertex 43.0497 38.4197 2
      vertex 44 33.5 2
      vertex 43.3 38.4 2
    endloop
  endfacet
  facet normal 0 0 1
    outer loop
      vertex 42.8056 38.4783 2
      vertex 44 33.5 2
      vertex 43.0497 38.4197 2
    endloop
  endfacet
  facet normal 0 0 1
    outer loop
      vertex 40 33.5 2
      vertex 42.8056 38.4783 2
      vertex 42.5736 38.5744 2
    endloop
  endfacet
  facet normal 0 0 1
    outer loop
      vertex 40 33.5 2
      vertex 42.5736 38.5744 2
      vertex 42.3595 38.7056 2
    endloop
  endfacet
  facet normal 0 0 1
    outer loop
      vertex 40 33.5 2
      vertex 42.3595 38.7056 2
      vertex 42.1686 38.8686 2
    endloop
  endfacet
  facet normal 0 0 1
    outer loop
      vertex 40 33.5 2
      vertex 42.1686 38.8686 2
      vertex 42.0056 39.0595 2
    endloop
  endfacet
  facet normal 0 0 1
    outer loop
      vertex 40 33.5 2
      vertex 42.0056 39.0595 2
      vertex 41.8744 39.2736 2
    endloop
  endfacet
  facet normal 0 0 1
    outer loop
      vertex 40 33.5 2
      vertex 41.8744 39.2736 2
      vertex 41.7783 39.5056 2
    endloop
  endfacet
  facet normal 0 0 1
    outer loop
      vertex 40 33.5 2
      vertex 41.7 40 2
      vertex 40 46.5 2
    endloop
  endfacet
  facet normal 0 0 1
    outer loop
      vertex 41.7 40 2
      vertex 40 33.5 2
      vertex 41.7197 39.7497 2
    endloop
  endfacet
  facet normal 0 0 1
    outer loop
      vertex 42.8056 38.4783 2
      vertex 40 33.5 2
      vertex 44 33.5 2
    endloop
  endfacet
  facet normal 0 0 1
    outer loop
      vertex 41.7197 39.7497 2
      vertex 40 33.5 2
      vertex 41.7783 39.5056 2
    endloop
  endfacet
  facet normal 0 0 1
    outer loop
      vertex 0 46.5 2
      vertex -1.7 40 2
      vertex 0 33.5 2
    endloop
  endfacet
  facet normal 0 0 1
    outer loop
      vertex 0 46.5 2
      vertex -1.7197 40.2503 2
      vertex -1.7 40 2
    endloop
  endfacet
  facet normal 0 0 1
    outer loop
      vertex 0 46.5 2
      vertex -1.77831 40.4944 2
      vertex -1.7197 40.2503 2
    endloop
  endfacet
  facet normal 0 0 1
    outer loop
      vertex 0 46.5 2
      vertex -1.87439 40.7264 2
      vertex -1.77831 40.4944 2
    endloop
  endfacet
  facet normal 0 0 1
    outer loop
      vertex 0 46.5 2
      vertex -2.00557 40.9405 2
      vertex -1.87439 40.7264 2
    endloop
  endfacet
  facet normal 0 0 1
    outer loop
      vertex 0 46.5 2
      vertex -2.16863 41.1314 2
      vertex -2.00557 40.9405 2
    endloop
  endfacet
  facet normal 0 0 1
    outer loop
      vertex 0 46.5 2
      vertex -2.35954 41.2944 2
      vertex -2.16863 41.1314 2
    endloop
  endfacet
  facet normal 0 0 1
    outer loop
      vertex 0 46.5 2
      vertex -2.57362 41.4256 2
      vertex -2.35954 41.2944 2
    endloop
  endfacet
  facet normal 0 0 1
    outer loop
      vertex 0 46.5 2
      vertex -2.80557 41.5217 2
      vertex -2.57362 41.4256 2
    endloop
  endfacet
  facet normal -0 0 1
    outer loop
      vertex -4 46.5 2
      vertex -2.80557 41.5217 2
      vertex 0 46.5 2
    endloop
  endfacet
  facet normal 0 0 1
    outer loop
      vertex -2.80557 41.5217 2
      vertex -4 46.5 2
      vertex -3.04971 41.5803 2
    endloop
  endfacet
  facet normal 0 0 1
    outer loop
      vertex -3.04971 41.5803 2
      vertex -4 46.5 2
      vertex -3.3 41.6 2
    endloop
  endfacet
  facet normal 0 0 1
    outer loop
      vertex -3.3 41.6 2
      vertex -4 46.5 2
      vertex -3.5503 41.5803 2
    endloop
  endfacet
  facet normal -0 0 1
    outer loop
      vertex -6.5 44 2
      vertex -3.5503 41.5803 2
      vertex -4 46.5 2
    endloop
  endfacet
  facet normal 0 0 1
    outer loop
      vertex -3.5503 41.5803 2
      vertex -6.5 44 2
      vertex -3.79443 41.5217 2
    endloop
  endfacet
  facet normal 0 0 1
    outer loop
      vertex -3.79443 41.5217 2
      vertex -6.5 44 2
      vertex -4.02639 41.4256 2
    endloop
  endfacet
  facet normal 0 0 1
    outer loop
      vertex -6.5 44 2
      vertex -4 46.5 2
      vertex -4.39109 46.4692 2
    endloop
  endfacet
  facet normal 0 0 1
    outer loop
      vertex -4.02639 41.4256 2
      vertex -6.5 44 2
      vertex -4.24046 41.2944 2
    endloop
  endfacet
  facet normal 0 0 1
    outer loop
      vertex -4.24046 41.2944 2
      vertex -6.5 44 2
      vertex -4.43137 41.1314 2
    endloop
  endfacet
  facet normal 0 0 1
    outer loop
      vertex -4.43137 41.1314 2
      vertex -6.5 44 2
      vertex -4.59443 40.9405 2
    endloop
  endfacet
  facet normal 0 0 1
    outer loop
      vertex -6.5 44 2
      vertex -4.39109 46.4692 2
      vertex -4.77254 46.3776 2
    endloop
  endfacet
  facet normal 0 0 1
    outer loop
      vertex -4.59443 40.9405 2
      vertex -6.5 44 2
      vertex -4.72561 40.7264 2
    endloop
  endfacet
  facet normal 0 0 1
    outer loop
      vertex -4.72561 40.7264 2
      vertex -6.5 44 2
      vertex -4.82169 40.4944 2
    endloop
  endfacet
  facet normal 0 0 1
    outer loop
      vertex -4.82169 40.4944 2
      vertex -6.5 44 2
      vertex -4.8803 40.2503 2
    endloop
  endfacet
  facet normal 0 0 1
    outer loop
      vertex -6.5 44 2
      vertex -4.77254 46.3776 2
      vertex -5.13498 46.2275 2
    endloop
  endfacet
  facet normal -0 0 1
    outer loop
      vertex -1.7197 39.7497 2
      vertex 0 33.5 2
      vertex -1.7 40 2
    endloop
  endfacet
  facet normal -0 0 1
    outer loop
      vertex -1.77831 39.5056 2
      vertex 0 33.5 2
      vertex -1.7197 39.7497 2
    endloop
  endfacet
  facet normal -0 0 1
    outer loop
      vertex -1.87439 39.2736 2
      vertex 0 33.5 2
      vertex -1.77831 39.5056 2
    endloop
  endfacet
  facet normal -0 0 1
    outer loop
      vertex -2.00557 39.0595 2
      vertex 0 33.5 2
      vertex -1.87439 39.2736 2
    endloop
  endfacet
  facet normal -0 0 1
    outer loop
      vertex -2.16863 38.8686 2
      vertex 0 33.5 2
      vertex -2.00557 39.0595 2
    endloop
  endfacet
  facet normal -0 0 1
    outer loop
      vertex -2.35954 38.7056 2
      vertex 0 33.5 2
      vertex -2.16863 38.8686 2
    endloop
  endfacet
  facet normal -0 0 1
    outer loop
      vertex -2.57362 38.5744 2
      vertex 0 33.5 2
      vertex -2.35954 38.7056 2
    endloop
  endfacet
  facet normal -0 0 1
    outer loop
      vertex -2.80557 38.4783 2
      vertex 0 33.5 2
      vertex -2.57362 38.5744 2
    endloop
  endfacet
  facet normal 0 0 1
    outer loop
      vertex -4 33.5 2
      vertex -2.80557 38.4783 2
      vertex -3.04971 38.4197 2
    endloop
  endfacet
  facet normal 0 0 1
    outer loop
      vertex -4 33.5 2
      vertex -3.04971 38.4197 2
      vertex -3.3 38.4 2
    endloop
  endfacet
  facet normal 0 0 1
    outer loop
      vertex -4 33.5 2
      vertex -3.3 38.4 2
      vertex -3.5503 38.4197 2
    endloop
  endfacet
  facet normal 0 0 1
    outer loop
      vertex -6.5 36 2
      vertex -3.5503 38.4197 2
      vertex -3.79443 38.4783 2
    endloop
  endfacet
  facet normal 0 0 1
    outer loop
      vertex -2.80557 38.4783 2
      vertex -4 33.5 2
      vertex 0 33.5 2
    endloop
  endfacet
  facet normal 0 0 1
    outer loop
      vertex -6.5 36 2
      vertex -3.79443 38.4783 2
      vertex -4.02639 38.5744 2
    endloop
  endfacet
  facet normal 0 0 1
    outer loop
      vertex -6.5 36 2
      vertex -4.02639 38.5744 2
      vertex -4.24046 38.7056 2
    endloop
  endfacet
  facet normal 0 0 1
    outer loop
      vertex -3.5503 38.4197 2
      vertex -6.5 36 2
      vertex -4 33.5 2
    endloop
  endfacet
  facet normal 0 0 1
    outer loop
      vertex -6.5 36 2
      vertex -4.24046 38.7056 2
      vertex -4.43137 38.8686 2
    endloop
  endfacet
  facet normal 0 0 1
    outer loop
      vertex -6.5 36 2
      vertex -4.43137 38.8686 2
      vertex -4.59443 39.0595 2
    endloop
  endfacet
  facet normal 0 0 1
    outer loop
      vertex -6.5 36 2
      vertex -4.59443 39.0595 2
      vertex -4.72561 39.2736 2
    endloop
  endfacet
  facet normal 0 0 1
    outer loop
      vertex -4 33.5 2
      vertex -6.5 36 2
      vertex -4.39109 33.5308 2
    endloop
  endfacet
  facet normal 0 0 1
    outer loop
      vertex -6.5 36 2
      vertex -4.72561 39.2736 2
      vertex -4.82169 39.5056 2
    endloop
  endfacet
  facet normal 0 0 1
    outer loop
      vertex -6.5 36 2
      vertex -4.82169 39.5056 2
      vertex -4.8803 39.7497 2
    endloop
  endfacet
  facet normal 0 0 1
    outer loop
      vertex -6.5 36 2
      vertex -4.8803 39.7497 2
      vertex -4.9 40 2
    endloop
  endfacet
  facet normal 0 0 1
    outer loop
      vertex -4.8803 40.2503 2
      vertex -6.5 44 2
      vertex -4.9 40 2
    endloop
  endfacet
  facet normal 0 0 1
    outer loop
      vertex -6.5 36 2
      vertex -4.9 40 2
      vertex -6.5 44 2
    endloop
  endfacet
  facet normal 0 0 1
    outer loop
      vertex -6.5 44 2
      vertex -5.13498 46.2275 2
      vertex -5.46946 46.0225 2
    endloop
  endfacet
  facet normal 0 0 1
    outer loop
      vertex -4.39109 33.5308 2
      vertex -6.5 36 2
      vertex -4.77254 33.6224 2
    endloop
  endfacet
  facet normal 0 0 1
    outer loop
      vertex -6.5 44 2
      vertex -5.46946 46.0225 2
      vertex -5.76777 45.7678 2
    endloop
  endfacet
  facet normal 0 0 1
    outer loop
      vertex -4.77254 33.6224 2
      vertex -6.5 36 2
      vertex -5.13498 33.7725 2
    endloop
  endfacet
  facet normal 0 0 1
    outer loop
      vertex -6.5 44 2
      vertex -5.76777 45.7678 2
      vertex -6.02254 45.4695 2
    endloop
  endfacet
  facet normal 0 0 1
    outer loop
      vertex -5.13498 33.7725 2
      vertex -6.5 36 2
      vertex -5.46946 33.9775 2
    endloop
  endfacet
  facet normal 0 0 1
    outer loop
      vertex -6.5 44 2
      vertex -6.02254 45.4695 2
      vertex -6.22752 45.135 2
    endloop
  endfacet
  facet normal 0 0 1
    outer loop
      vertex -5.46946 33.9775 2
      vertex -6.5 36 2
      vertex -5.76777 34.2322 2
    endloop
  endfacet
  facet normal 0 0 1
    outer loop
      vertex -6.5 44 2
      vertex -6.22752 45.135 2
      vertex -6.37764 44.7725 2
    endloop
  endfacet
  facet normal 0 0 1
    outer loop
      vertex -5.76777 34.2322 2
      vertex -6.5 36 2
      vertex -6.02254 34.5305 2
    endloop
  endfacet
  facet normal 0 0 1
    outer loop
      vertex -6.5 44 2
      vertex -6.37764 44.7725 2
      vertex -6.46922 44.3911 2
    endloop
  endfacet
  facet normal 0 0 1
    outer loop
      vertex -6.02254 34.5305 2
      vertex -6.5 36 2
      vertex -6.22752 34.865 2
    endloop
  endfacet
  facet normal 0 0 1
    outer loop
      vertex -6.22752 34.865 2
      vertex -6.5 36 2
      vertex -6.37764 35.2275 2
    endloop
  endfacet
  facet normal 0 0 1
    outer loop
      vertex -6.37764 35.2275 2
      vertex -6.5 36 2
      vertex -6.46922 35.6089 2
    endloop
  endfacet
  facet normal 0 0 1
    outer loop
      vertex 35.8865 5.37208 2
      vertex 35.8865 5.02792 2
      vertex 35.9 5.2 2
    endloop
  endfacet
  facet normal 0 0 1
    outer loop
      vertex 35.8462 5.53992 2
      vertex 35.8865 5.02792 2
      vertex 35.8865 5.37208 2
    endloop
  endfacet
  facet normal 0 0 1
    outer loop
      vertex 35.8462 5.53992 2
      vertex 35.8462 4.86008 2
      vertex 35.8865 5.02792 2
    endloop
  endfacet
  facet normal 0 0 1
    outer loop
      vertex 35.7801 5.69939 2
      vertex 35.8462 4.86008 2
      vertex 35.8462 5.53992 2
    endloop
  endfacet
  facet normal 0 0 1
    outer loop
      vertex 35.7801 5.69939 2
      vertex 35.7801 4.70061 2
      vertex 35.8462 4.86008 2
    endloop
  endfacet
  facet normal 0 0 1
    outer loop
      vertex 35.6899 5.84656 2
      vertex 35.7801 4.70061 2
      vertex 35.7801 5.69939 2
    endloop
  endfacet
  facet normal 0 0 1
    outer loop
      vertex 35.6899 5.84656 2
      vertex 35.6899 4.55344 2
      vertex 35.7801 4.70061 2
    endloop
  endfacet
  facet normal 0 0 1
    outer loop
      vertex 35.5778 5.97782 2
      vertex 35.6899 4.55344 2
      vertex 35.6899 5.84656 2
    endloop
  endfacet
  facet normal 0 0 1
    outer loop
      vertex 35.5778 5.97782 2
      vertex 35.5778 4.42218 2
      vertex 35.6899 4.55344 2
    endloop
  endfacet
  facet normal 0 0 1
    outer loop
      vertex 35.4466 6.08992 2
      vertex 35.5778 4.42218 2
      vertex 35.5778 5.97782 2
    endloop
  endfacet
  facet normal 0 0 1
    outer loop
      vertex 35.4466 6.08992 2
      vertex 35.4466 4.31008 2
      vertex 35.5778 4.42218 2
    endloop
  endfacet
  facet normal 0 0 1
    outer loop
      vertex 35.2994 6.18011 2
      vertex 35.4466 4.31008 2
      vertex 35.4466 6.08992 2
    endloop
  endfacet
  facet normal 0 0 1
    outer loop
      vertex 35.2994 6.18011 2
      vertex 35.2994 4.21989 2
      vertex 35.4466 4.31008 2
    endloop
  endfacet
  facet normal 0 0 1
    outer loop
      vertex 35.1399 6.24616 2
      vertex 35.2994 4.21989 2
      vertex 35.2994 6.18011 2
    endloop
  endfacet
  facet normal 0 0 1
    outer loop
      vertex 35.1399 6.24616 2
      vertex 35.1399 4.15384 2
      vertex 35.2994 4.21989 2
    endloop
  endfacet
  facet normal 0 0 1
    outer loop
      vertex 34.9721 6.28646 2
      vertex 35.1399 4.15384 2
      vertex 35.1399 6.24616 2
    endloop
  endfacet
  facet normal 0 0 1
    outer loop
      vertex 34.9721 6.28646 2
      vertex 34.9721 4.11354 2
      vertex 35.1399 4.15384 2
    endloop
  endfacet
  facet normal 0 0 1
    outer loop
      vertex 34.8 6.3 2
      vertex 34.9721 4.11354 2
      vertex 34.9721 6.28646 2
    endloop
  endfacet
  facet normal 0 0 1
    outer loop
      vertex 34.8 6.3 2
      vertex 34.8 4.1 2
      vertex 34.9721 4.11354 2
    endloop
  endfacet
  facet normal -0 0 1
    outer loop
      vertex 34.6279 6.28646 2
      vertex 34.8 4.1 2
      vertex 34.8 6.3 2
    endloop
  endfacet
  facet normal 0 0 1
    outer loop
      vertex 34.6279 6.28646 2
      vertex 34.6279 4.11354 2
      vertex 34.8 4.1 2
    endloop
  endfacet
  facet normal -0 0 1
    outer loop
      vertex 34.4601 6.24616 2
      vertex 34.6279 4.11354 2
      vertex 34.6279 6.28646 2
    endloop
  endfacet
  facet normal 0 0 1
    outer loop
      vertex 34.4601 6.24616 2
      vertex 34.4601 4.15384 2
      vertex 34.6279 4.11354 2
    endloop
  endfacet
  facet normal -0 0 1
    outer loop
      vertex 34.3006 6.18011 2
      vertex 34.4601 4.15384 2
      vertex 34.4601 6.24616 2
    endloop
  endfacet
  facet normal 0 0 1
    outer loop
      vertex 34.3006 6.18011 2
      vertex 34.3006 4.21989 2
      vertex 34.4601 4.15384 2
    endloop
  endfacet
  facet normal -0 0 1
    outer loop
      vertex 34.1534 6.08992 2
      vertex 34.3006 4.21989 2
      vertex 34.3006 6.18011 2
    endloop
  endfacet
  facet normal 0 0 1
    outer loop
      vertex 34.1534 6.08992 2
      vertex 34.1534 4.31008 2
      vertex 34.3006 4.21989 2
    endloop
  endfacet
  facet normal -0 0 1
    outer loop
      vertex 34.0222 5.97782 2
      vertex 34.1534 4.31008 2
      vertex 34.1534 6.08992 2
    endloop
  endfacet
  facet normal 0 0 1
    outer loop
      vertex 34.0222 5.97782 2
      vertex 34.0222 4.42218 2
      vertex 34.1534 4.31008 2
    endloop
  endfacet
  facet normal -0 0 1
    outer loop
      vertex 33.9101 5.84656 2
      vertex 34.0222 4.42218 2
      vertex 34.0222 5.97782 2
    endloop
  endfacet
  facet normal 0 0 1
    outer loop
      vertex 33.9101 5.84656 2
      vertex 33.9101 4.55344 2
      vertex 34.0222 4.42218 2
    endloop
  endfacet
  facet normal -0 0 1
    outer loop
      vertex 33.8199 5.69939 2
      vertex 33.9101 4.55344 2
      vertex 33.9101 5.84656 2
    endloop
  endfacet
  facet normal 0 0 1
    outer loop
      vertex 33.8199 5.69939 2
      vertex 33.8199 4.70061 2
      vertex 33.9101 4.55344 2
    endloop
  endfacet
  facet normal -0 0 1
    outer loop
      vertex 33.7538 5.53992 2
      vertex 33.8199 4.70061 2
      vertex 33.8199 5.69939 2
    endloop
  endfacet
  facet normal 0 0 1
    outer loop
      vertex 33.7538 5.53992 2
      vertex 33.7538 4.86008 2
      vertex 33.8199 4.70061 2
    endloop
  endfacet
  facet normal -0 0 1
    outer loop
      vertex 33.7135 5.37208 2
      vertex 33.7538 4.86008 2
      vertex 33.7538 5.53992 2
    endloop
  endfacet
  facet normal 0 0 1
    outer loop
      vertex 33.7135 5.37208 2
      vertex 33.7135 5.02792 2
      vertex 33.7538 4.86008 2
    endloop
  endfacet
  facet normal 0 -0 1
    outer loop
      vertex 33.7135 5.02792 2
      vertex 33.7135 5.37208 2
      vertex 33.7 5.2 2
    endloop
  endfacet
  facet normal 0 0 1
    outer loop
      vertex 11.8889 18.1408 2
      vertex 11.8889 17.8592 2
      vertex 11.9 18 2
    endloop
  endfacet
  facet normal 0 0 1
    outer loop
      vertex 11.856 18.2781 2
      vertex 11.8889 17.8592 2
      vertex 11.8889 18.1408 2
    endloop
  endfacet
  facet normal 0 0 1
    outer loop
      vertex 11.856 18.2781 2
      vertex 11.856 17.7219 2
      vertex 11.8889 17.8592 2
    endloop
  endfacet
  facet normal 0 0 1
    outer loop
      vertex 11.8019 18.4086 2
      vertex 11.856 17.7219 2
      vertex 11.856 18.2781 2
    endloop
  endfacet
  facet normal 0 0 1
    outer loop
      vertex 11.8019 18.4086 2
      vertex 11.8019 17.5914 2
      vertex 11.856 17.7219 2
    endloop
  endfacet
  facet normal 0 0 1
    outer loop
      vertex 11.7281 18.529 2
      vertex 11.8019 17.5914 2
      vertex 11.8019 18.4086 2
    endloop
  endfacet
  facet normal 0 0 1
    outer loop
      vertex 11.7281 18.529 2
      vertex 11.7281 17.471 2
      vertex 11.8019 17.5914 2
    endloop
  endfacet
  facet normal 0 0 1
    outer loop
      vertex 11.6364 18.6364 2
      vertex 11.7281 17.471 2
      vertex 11.7281 18.529 2
    endloop
  endfacet
  facet normal 0 0 1
    outer loop
      vertex 11.6364 18.6364 2
      vertex 11.6364 17.3636 2
      vertex 11.7281 17.471 2
    endloop
  endfacet
  facet normal 0 0 1
    outer loop
      vertex 11.529 18.7281 2
      vertex 11.6364 17.3636 2
      vertex 11.6364 18.6364 2
    endloop
  endfacet
  facet normal 0 0 1
    outer loop
      vertex 11.529 18.7281 2
      vertex 11.529 17.2719 2
      vertex 11.6364 17.3636 2
    endloop
  endfacet
  facet normal 0 0 1
    outer loop
      vertex 11.4086 18.8019 2
      vertex 11.529 17.2719 2
      vertex 11.529 18.7281 2
    endloop
  endfacet
  facet normal 0 0 1
    outer loop
      vertex 11.4086 18.8019 2
      vertex 11.4086 17.1981 2
      vertex 11.529 17.2719 2
    endloop
  endfacet
  facet normal 0 0 1
    outer loop
      vertex 11.2781 18.8559 2
      vertex 11.4086 17.1981 2
      vertex 11.4086 18.8019 2
    endloop
  endfacet
  facet normal 0 0 1
    outer loop
      vertex 11.2781 18.8559 2
      vertex 11.2781 17.1441 2
      vertex 11.4086 17.1981 2
    endloop
  endfacet
  facet normal 0 0 1
    outer loop
      vertex 11.1408 18.8889 2
      vertex 11.2781 17.1441 2
      vertex 11.2781 18.8559 2
    endloop
  endfacet
  facet normal 0 0 1
    outer loop
      vertex 11.1408 18.8889 2
      vertex 11.1408 17.1111 2
      vertex 11.2781 17.1441 2
    endloop
  endfacet
  facet normal 0 0 1
    outer loop
      vertex 11 18.9 2
      vertex 11.1408 17.1111 2
      vertex 11.1408 18.8889 2
    endloop
  endfacet
  facet normal 0 0 1
    outer loop
      vertex 11 18.9 2
      vertex 11 17.1 2
      vertex 11.1408 17.1111 2
    endloop
  endfacet
  facet normal -0 0 1
    outer loop
      vertex 10.8592 18.8889 2
      vertex 11 17.1 2
      vertex 11 18.9 2
    endloop
  endfacet
  facet normal 0 0 1
    outer loop
      vertex 10.8592 18.8889 2
      vertex 10.8592 17.1111 2
      vertex 11 17.1 2
    endloop
  endfacet
  facet normal -0 0 1
    outer loop
      vertex 10.7219 18.8559 2
      vertex 10.8592 17.1111 2
      vertex 10.8592 18.8889 2
    endloop
  endfacet
  facet normal 0 0 1
    outer loop
      vertex 10.7219 18.8559 2
      vertex 10.7219 17.1441 2
      vertex 10.8592 17.1111 2
    endloop
  endfacet
  facet normal -0 0 1
    outer loop
      vertex 10.5914 18.8019 2
      vertex 10.7219 17.1441 2
      vertex 10.7219 18.8559 2
    endloop
  endfacet
  facet normal 0 0 1
    outer loop
      vertex 10.5914 18.8019 2
      vertex 10.5914 17.1981 2
      vertex 10.7219 17.1441 2
    endloop
  endfacet
  facet normal -0 0 1
    outer loop
      vertex 10.471 18.7281 2
      vertex 10.5914 17.1981 2
      vertex 10.5914 18.8019 2
    endloop
  endfacet
  facet normal 0 0 1
    outer loop
      vertex 10.471 18.7281 2
      vertex 10.471 17.2719 2
      vertex 10.5914 17.1981 2
    endloop
  endfacet
  facet normal -0 0 1
    outer loop
      vertex 10.3636 18.6364 2
      vertex 10.471 17.2719 2
      vertex 10.471 18.7281 2
    endloop
  endfacet
  facet normal 0 0 1
    outer loop
      vertex 10.3636 18.6364 2
      vertex 10.3636 17.3636 2
      vertex 10.471 17.2719 2
    endloop
  endfacet
  facet normal -0 0 1
    outer loop
      vertex 10.2719 18.529 2
      vertex 10.3636 17.3636 2
      vertex 10.3636 18.6364 2
    endloop
  endfacet
  facet normal 0 0 1
    outer loop
      vertex 10.2719 18.529 2
      vertex 10.2719 17.471 2
      vertex 10.3636 17.3636 2
    endloop
  endfacet
  facet normal -0 0 1
    outer loop
      vertex 10.1981 18.4086 2
      vertex 10.2719 17.471 2
      vertex 10.2719 18.529 2
    endloop
  endfacet
  facet normal 0 0 1
    outer loop
      vertex 10.1981 18.4086 2
      vertex 10.1981 17.5914 2
      vertex 10.2719 17.471 2
    endloop
  endfacet
  facet normal -0 0 1
    outer loop
      vertex 10.144 18.2781 2
      vertex 10.1981 17.5914 2
      vertex 10.1981 18.4086 2
    endloop
  endfacet
  facet normal 0 0 1
    outer loop
      vertex 10.144 18.2781 2
      vertex 10.144 17.7219 2
      vertex 10.1981 17.5914 2
    endloop
  endfacet
  facet normal -0 0 1
    outer loop
      vertex 10.1111 18.1408 2
      vertex 10.144 17.7219 2
      vertex 10.144 18.2781 2
    endloop
  endfacet
  facet normal 0 0 1
    outer loop
      vertex 10.1111 18.1408 2
      vertex 10.1111 17.8592 2
      vertex 10.144 17.7219 2
    endloop
  endfacet
  facet normal 0 -0 1
    outer loop
      vertex 10.1111 17.8592 2
      vertex 10.1111 18.1408 2
      vertex 10.1 18 2
    endloop
  endfacet
  facet normal -0 0 1
    outer loop
      vertex 37.8909 73.7957 2
      vertex 38 46.5 2
      vertex 38 74.25 2
    endloop
  endfacet
  facet normal -0 0 1
    outer loop
      vertex 37.6958 73.3245 2
      vertex 38 46.5 2
      vertex 37.8909 73.7957 2
    endloop
  endfacet
  facet normal -0 0 1
    outer loop
      vertex 37.4293 72.8897 2
      vertex 38 46.5 2
      vertex 37.6958 73.3245 2
    endloop
  endfacet
  facet normal -0 0 1
    outer loop
      vertex 37.0981 72.5019 2
      vertex 38 46.5 2
      vertex 37.4293 72.8897 2
    endloop
  endfacet
  facet normal -0 0 1
    outer loop
      vertex 36.7103 72.1707 2
      vertex 38 46.5 2
      vertex 37.0981 72.5019 2
    endloop
  endfacet
  facet normal 0 0 1
    outer loop
      vertex 31.2825 56.7416 2
      vertex 36.7103 72.1707 2
      vertex 36.2755 71.9042 2
    endloop
  endfacet
  facet normal 0 0 1
    outer loop
      vertex 31.1384 57.0896 2
      vertex 36.2755 71.9042 2
      vertex 35.8043 71.7091 2
    endloop
  endfacet
  facet normal 0 0 1
    outer loop
      vertex 30.9416 57.4107 2
      vertex 35.8043 71.7091 2
      vertex 35.3084 71.59 2
    endloop
  endfacet
  facet normal 0 0 1
    outer loop
      vertex 30.6971 57.6971 2
      vertex 35.3084 71.59 2
      vertex 34.8 71.55 2
    endloop
  endfacet
  facet normal 0 0 1
    outer loop
      vertex 30.0896 58.1384 2
      vertex 34.8 71.55 2
      vertex 34.2916 71.59 2
    endloop
  endfacet
  facet normal 0 0 1
    outer loop
      vertex 29.7416 58.2825 2
      vertex 34.2916 71.59 2
      vertex 33.7957 71.7091 2
    endloop
  endfacet
  facet normal 0 0 1
    outer loop
      vertex 29.3754 58.3705 2
      vertex 33.7957 71.7091 2
      vertex 33.3245 71.9042 2
    endloop
  endfacet
  facet normal 0 0 1
    outer loop
      vertex 29 58.4 2
      vertex 33.3245 71.9042 2
      vertex 32.8897 72.1707 2
    endloop
  endfacet
  facet normal 0 0 1
    outer loop
      vertex 28.6246 58.3705 2
      vertex 32.8897 72.1707 2
      vertex 32.5019 72.5019 2
    endloop
  endfacet
  facet normal 0 0 1
    outer loop
      vertex 28.2584 58.2825 2
      vertex 32.5019 72.5019 2
      vertex 32.1707 72.8897 2
    endloop
  endfacet
  facet normal 0 0 1
    outer loop
      vertex 27.9104 58.1384 2
      vertex 32.1707 72.8897 2
      vertex 31.9042 73.3245 2
    endloop
  endfacet
  facet normal 0 0 1
    outer loop
      vertex 8.09577 73.3245 2
      vertex 31.9042 73.3245 2
      vertex 31.7091 73.7957 2
    endloop
  endfacet
  facet normal 0 0 1
    outer loop
      vertex 8.29093 73.7957 2
      vertex 31.7091 73.7957 2
      vertex 31.59 74.2916 2
    endloop
  endfacet
  facet normal 0 0 1
    outer loop
      vertex 8.40999 74.2916 2
      vertex 31.59 74.2916 2
      vertex 31.55 74.8 2
    endloop
  endfacet
  facet normal 0 0 1
    outer loop
      vertex 36.7103 72.1707 2
      vertex 31.3705 56.3754 2
      vertex 38 46.5 2
    endloop
  endfacet
  facet normal -0 0 1
    outer loop
      vertex 31.3705 55.6246 2
      vertex 38 46.5 2
      vertex 31.4 56 2
    endloop
  endfacet
  facet normal -0 0 1
    outer loop
      vertex 31.2825 55.2584 2
      vertex 38 46.5 2
      vertex 31.3705 55.6246 2
    endloop
  endfacet
  facet normal -0 0 1
    outer loop
      vertex 31.1384 54.9104 2
      vertex 38 46.5 2
      vertex 31.2825 55.2584 2
    endloop
  endfacet
  facet normal -0 0 1
    outer loop
      vertex 30.9416 54.5893 2
      vertex 38 46.5 2
      vertex 31.1384 54.9104 2
    endloop
  endfacet
  facet normal -0 0 1
    outer loop
      vertex 30.6971 54.3029 2
      vertex 38 46.5 2
      vertex 30.9416 54.5893 2
    endloop
  endfacet
  facet normal -0 0 1
    outer loop
      vertex 30.4107 54.0584 2
      vertex 38 46.5 2
      vertex 30.6971 54.3029 2
    endloop
  endfacet
  facet normal -0 0 1
    outer loop
      vertex 30.0896 53.8616 2
      vertex 38 46.5 2
      vertex 30.4107 54.0584 2
    endloop
  endfacet
  facet normal -0 0 1
    outer loop
      vertex 29.7416 53.7175 2
      vertex 38 46.5 2
      vertex 30.0896 53.8616 2
    endloop
  endfacet
  facet normal -0 0 1
    outer loop
      vertex 29.3754 53.6295 2
      vertex 38 46.5 2
      vertex 29.7416 53.7175 2
    endloop
  endfacet
  facet normal -0 0 1
    outer loop
      vertex 29 53.6 2
      vertex 38 46.5 2
      vertex 29.3754 53.6295 2
    endloop
  endfacet
  facet normal 0 0 1
    outer loop
      vertex 28.6246 53.6295 2
      vertex 38 46.5 2
      vertex 29 53.6 2
    endloop
  endfacet
  facet normal 0 0 1
    outer loop
      vertex 28.2584 53.7175 2
      vertex 38 46.5 2
      vertex 28.6246 53.6295 2
    endloop
  endfacet
  facet normal 0 0 1
    outer loop
      vertex 11.7416 53.7175 2
      vertex 28.2584 53.7175 2
      vertex 27.9104 53.8616 2
    endloop
  endfacet
  facet normal 0 0 1
    outer loop
      vertex 12.0896 53.8616 2
      vertex 27.9104 53.8616 2
      vertex 27.5893 54.0584 2
    endloop
  endfacet
  facet normal -0 0 1
    outer loop
      vertex 13.4 56 2
      vertex 26.6295 55.6246 2
      vertex 26.6 56 2
    endloop
  endfacet
  facet normal 0 0 1
    outer loop
      vertex 13.3705 55.6246 2
      vertex 26.6295 55.6246 2
      vertex 13.4 56 2
    endloop
  endfacet
  facet normal 0 0 1
    outer loop
      vertex 26.6295 55.6246 2
      vertex 13.3705 55.6246 2
      vertex 26.7175 55.2584 2
    endloop
  endfacet
  facet normal 0 0 1
    outer loop
      vertex 13.2825 55.2584 2
      vertex 26.7175 55.2584 2
      vertex 13.3705 55.6246 2
    endloop
  endfacet
  facet normal 0 0 1
    outer loop
      vertex 26.7175 55.2584 2
      vertex 13.2825 55.2584 2
      vertex 26.8616 54.9104 2
    endloop
  endfacet
  facet normal 0 0 1
    outer loop
      vertex 13.1384 54.9104 2
      vertex 26.8616 54.9104 2
      vertex 13.2825 55.2584 2
    endloop
  endfacet
  facet normal 0 0 1
    outer loop
      vertex 26.8616 54.9104 2
      vertex 13.1384 54.9104 2
      vertex 27.0584 54.5893 2
    endloop
  endfacet
  facet normal 0 0 1
    outer loop
      vertex 12.9416 54.5893 2
      vertex 27.0584 54.5893 2
      vertex 13.1384 54.9104 2
    endloop
  endfacet
  facet normal 0 0 1
    outer loop
      vertex 27.0584 54.5893 2
      vertex 12.9416 54.5893 2
      vertex 27.3029 54.3029 2
    endloop
  endfacet
  facet normal 0 0 1
    outer loop
      vertex 12.6971 54.3029 2
      vertex 27.3029 54.3029 2
      vertex 12.9416 54.5893 2
    endloop
  endfacet
  facet normal 0 0 1
    outer loop
      vertex 27.3029 54.3029 2
      vertex 12.6971 54.3029 2
      vertex 27.5893 54.0584 2
    endloop
  endfacet
  facet normal 0 0 1
    outer loop
      vertex 12.4107 54.0584 2
      vertex 27.5893 54.0584 2
      vertex 12.6971 54.3029 2
    endloop
  endfacet
  facet normal 0 0 1
    outer loop
      vertex 12.0896 53.8616 2
      vertex 27.5893 54.0584 2
      vertex 12.4107 54.0584 2
    endloop
  endfacet
  facet normal 0 0 1
    outer loop
      vertex 27.9104 53.8616 2
      vertex 12.0896 53.8616 2
      vertex 11.7416 53.7175 2
    endloop
  endfacet
  facet normal 0 0 1
    outer loop
      vertex 28.2584 53.7175 2
      vertex 11.7416 53.7175 2
      vertex 38 46.5 2
    endloop
  endfacet
  facet normal 0 0 1
    outer loop
      vertex 2 46.5 2
      vertex 11.7416 53.7175 2
      vertex 11.3754 53.6295 2
    endloop
  endfacet
  facet normal 0 0 1
    outer loop
      vertex 2 46.5 2
      vertex 11.3754 53.6295 2
      vertex 11 53.6 2
    endloop
  endfacet
  facet normal 0 0 1
    outer loop
      vertex 2 46.5 2
      vertex 11 53.6 2
      vertex 10.6246 53.6295 2
    endloop
  endfacet
  facet normal 0 0 1
    outer loop
      vertex 2 46.5 2
      vertex 10.6246 53.6295 2
      vertex 10.2584 53.7175 2
    endloop
  endfacet
  facet normal -0 0 1
    outer loop
      vertex 5.70841 71.59 2
      vertex 10.2584 58.2825 2
      vertex 6.2043 71.7091 2
    endloop
  endfacet
  facet normal 0 0 1
    outer loop
      vertex 10.2584 58.2825 2
      vertex 5.70841 71.59 2
      vertex 9.91042 58.1384 2
    endloop
  endfacet
  facet normal -0 0 1
    outer loop
      vertex 5.2 71.55 2
      vertex 9.91042 58.1384 2
      vertex 5.70841 71.59 2
    endloop
  endfacet
  facet normal 0 0 1
    outer loop
      vertex 9.91042 58.1384 2
      vertex 5.2 71.55 2
      vertex 9.58932 57.9416 2
    endloop
  endfacet
  facet normal 0 0 1
    outer loop
      vertex 9.58932 57.9416 2
      vertex 5.2 71.55 2
      vertex 9.30294 57.6971 2
    endloop
  endfacet
  facet normal 0 0 1
    outer loop
      vertex 4.69159 71.59 2
      vertex 9.30294 57.6971 2
      vertex 5.2 71.55 2
    endloop
  endfacet
  facet normal 0 0 1
    outer loop
      vertex 9.30294 57.6971 2
      vertex 4.69159 71.59 2
      vertex 9.05836 57.4107 2
    endloop
  endfacet
  facet normal 0 0 1
    outer loop
      vertex 4.19569 71.7091 2
      vertex 9.05836 57.4107 2
      vertex 4.69159 71.59 2
    endloop
  endfacet
  facet normal 0 0 1
    outer loop
      vertex 9.05836 57.4107 2
      vertex 4.19569 71.7091 2
      vertex 8.86158 57.0896 2
    endloop
  endfacet
  facet normal 0 0 1
    outer loop
      vertex 3.72453 71.9042 2
      vertex 8.86158 57.0896 2
      vertex 4.19569 71.7091 2
    endloop
  endfacet
  facet normal 0 0 1
    outer loop
      vertex 8.86158 57.0896 2
      vertex 3.72453 71.9042 2
      vertex 8.71746 56.7416 2
    endloop
  endfacet
  facet normal 0 0 1
    outer loop
      vertex 3.2897 72.1707 2
      vertex 8.71746 56.7416 2
      vertex 3.72453 71.9042 2
    endloop
  endfacet
  facet normal 0 0 1
    outer loop
      vertex 8.71746 56.7416 2
      vertex 3.2897 72.1707 2
      vertex 8.62955 56.3754 2
    endloop
  endfacet
  facet normal 0 0 1
    outer loop
      vertex 2 46.5 2
      vertex 8.62955 56.3754 2
      vertex 3.2897 72.1707 2
    endloop
  endfacet
  facet normal 0 0 1
    outer loop
      vertex 8.62955 56.3754 2
      vertex 2 46.5 2
      vertex 8.6 56 2
    endloop
  endfacet
  facet normal 0 0 1
    outer loop
      vertex 8.6 56 2
      vertex 2 46.5 2
      vertex 8.62955 55.6246 2
    endloop
  endfacet
  facet normal 0 0 1
    outer loop
      vertex 2 46.5 2
      vertex 3.2897 72.1707 2
      vertex 2.9019 72.5019 2
    endloop
  endfacet
  facet normal 0 0 1
    outer loop
      vertex 2 46.5 2
      vertex 2.9019 72.5019 2
      vertex 2.5707 72.8897 2
    endloop
  endfacet
  facet normal 0 0 1
    outer loop
      vertex 2 46.5 2
      vertex 2.5707 72.8897 2
      vertex 2.30423 73.3245 2
    endloop
  endfacet
  facet normal 0 0 1
    outer loop
      vertex 2 46.5 2
      vertex 2.30423 73.3245 2
      vertex 2.10907 73.7957 2
    endloop
  endfacet
  facet normal 0 0 1
    outer loop
      vertex 11.7416 53.7175 2
      vertex 2 46.5 2
      vertex 38 46.5 2
    endloop
  endfacet
  facet normal 0 0 1
    outer loop
      vertex 9.91042 53.8616 2
      vertex 2 46.5 2
      vertex 10.2584 53.7175 2
    endloop
  endfacet
  facet normal 0 0 1
    outer loop
      vertex 9.58932 54.0584 2
      vertex 2 46.5 2
      vertex 9.91042 53.8616 2
    endloop
  endfacet
  facet normal 0 0 1
    outer loop
      vertex 9.30294 54.3029 2
      vertex 2 46.5 2
      vertex 9.58932 54.0584 2
    endloop
  endfacet
  facet normal 0 0 1
    outer loop
      vertex 9.05836 54.5893 2
      vertex 2 46.5 2
      vertex 9.30294 54.3029 2
    endloop
  endfacet
  facet normal 0 0 1
    outer loop
      vertex 8.86158 54.9104 2
      vertex 2 46.5 2
      vertex 9.05836 54.5893 2
    endloop
  endfacet
  facet normal 0 0 1
    outer loop
      vertex 8.71746 55.2584 2
      vertex 2 46.5 2
      vertex 8.86158 54.9104 2
    endloop
  endfacet
  facet normal 0 0 1
    outer loop
      vertex 8.62955 55.6246 2
      vertex 2 46.5 2
      vertex 8.71746 55.2584 2
    endloop
  endfacet
  facet normal 0 0 1
    outer loop
      vertex 2 46.5 2
      vertex 2.10907 73.7957 2
      vertex 2 74.25 2
    endloop
  endfacet
  facet normal 0 0 1
    outer loop
      vertex 38 46.5 2
      vertex 31.3705 56.3754 2
      vertex 31.4 56 2
    endloop
  endfacet
  facet normal 0 0 1
    outer loop
      vertex 36.7103 72.1707 2
      vertex 31.2825 56.7416 2
      vertex 31.3705 56.3754 2
    endloop
  endfacet
  facet normal 0 0 1
    outer loop
      vertex 36.2755 71.9042 2
      vertex 31.1384 57.0896 2
      vertex 31.2825 56.7416 2
    endloop
  endfacet
  facet normal 0 0 1
    outer loop
      vertex 35.8043 71.7091 2
      vertex 30.9416 57.4107 2
      vertex 31.1384 57.0896 2
    endloop
  endfacet
  facet normal 0 0 1
    outer loop
      vertex 35.3084 71.59 2
      vertex 30.6971 57.6971 2
      vertex 30.9416 57.4107 2
    endloop
  endfacet
  facet normal 0 0 1
    outer loop
      vertex 34.8 71.55 2
      vertex 30.4107 57.9416 2
      vertex 30.6971 57.6971 2
    endloop
  endfacet
  facet normal 0 0 1
    outer loop
      vertex 34.8 71.55 2
      vertex 30.0896 58.1384 2
      vertex 30.4107 57.9416 2
    endloop
  endfacet
  facet normal 0 0 1
    outer loop
      vertex 8.45 74.8 2
      vertex 31.55 74.8 2
      vertex 31.59 75.3084 2
    endloop
  endfacet
  facet normal 0 0 1
    outer loop
      vertex 34.2916 71.59 2
      vertex 29.7416 58.2825 2
      vertex 30.0896 58.1384 2
    endloop
  endfacet
  facet normal 0 0 1
    outer loop
      vertex 33.7957 71.7091 2
      vertex 29.3754 58.3705 2
      vertex 29.7416 58.2825 2
    endloop
  endfacet
  facet normal 0 0 1
    outer loop
      vertex 33.3245 71.9042 2
      vertex 29 58.4 2
      vertex 29.3754 58.3705 2
    endloop
  endfacet
  facet normal 0 0 1
    outer loop
      vertex 32.8897 72.1707 2
      vertex 28.6246 58.3705 2
      vertex 29 58.4 2
    endloop
  endfacet
  facet normal 0 0 1
    outer loop
      vertex 32.5019 72.5019 2
      vertex 28.2584 58.2825 2
      vertex 28.6246 58.3705 2
    endloop
  endfacet
  facet normal 0 0 1
    outer loop
      vertex 32.1707 72.8897 2
      vertex 27.9104 58.1384 2
      vertex 28.2584 58.2825 2
    endloop
  endfacet
  facet normal 0 0 1
    outer loop
      vertex 31.9042 73.3245 2
      vertex 27.5893 57.9416 2
      vertex 27.9104 58.1384 2
    endloop
  endfacet
  facet normal 0 0 1
    outer loop
      vertex 8.40999 74.2916 2
      vertex 31.55 74.8 2
      vertex 8.45 74.8 2
    endloop
  endfacet
  facet normal 0 0 1
    outer loop
      vertex 8.40999 75.3084 2
      vertex 31.59 75.3084 2
      vertex 31.7091 75.8043 2
    endloop
  endfacet
  facet normal 0 0 1
    outer loop
      vertex 31.59 74.2916 2
      vertex 8.40999 74.2916 2
      vertex 8.29093 73.7957 2
    endloop
  endfacet
  facet normal 0 0 1
    outer loop
      vertex 27.5893 57.9416 2
      vertex 12.4107 57.9416 2
      vertex 27.3029 57.6971 2
    endloop
  endfacet
  facet normal 0 0 1
    outer loop
      vertex 27.3029 57.6971 2
      vertex 12.6971 57.6971 2
      vertex 27.0584 57.4107 2
    endloop
  endfacet
  facet normal 0 0 1
    outer loop
      vertex 26.6295 56.3754 2
      vertex 13.4 56 2
      vertex 26.6 56 2
    endloop
  endfacet
  facet normal 0 0 1
    outer loop
      vertex 13.3705 56.3754 2
      vertex 26.6295 56.3754 2
      vertex 26.7175 56.7416 2
    endloop
  endfacet
  facet normal 0 -0 1
    outer loop
      vertex 12.9416 57.4107 2
      vertex 27.0584 57.4107 2
      vertex 12.6971 57.6971 2
    endloop
  endfacet
  facet normal 0 0 1
    outer loop
      vertex 8.29093 75.8043 2
      vertex 31.7091 75.8043 2
      vertex 31.9042 76.2755 2
    endloop
  endfacet
  facet normal 0 0 1
    outer loop
      vertex 8.09577 76.2755 2
      vertex 31.9042 76.2755 2
      vertex 32.1707 76.7103 2
    endloop
  endfacet
  facet normal 0 0 1
    outer loop
      vertex 7.8293 76.7103 2
      vertex 32.1707 76.7103 2
      vertex 32.5019 77.0981 2
    endloop
  endfacet
  facet normal 0 0 1
    outer loop
      vertex 26.6295 56.3754 2
      vertex 13.3705 56.3754 2
      vertex 13.4 56 2
    endloop
  endfacet
  facet normal 0 0 1
    outer loop
      vertex 26.7175 56.7416 2
      vertex 13.2825 56.7416 2
      vertex 13.3705 56.3754 2
    endloop
  endfacet
  facet normal 0 0 1
    outer loop
      vertex 26.7175 56.7416 2
      vertex 13.1384 57.0896 2
      vertex 13.2825 56.7416 2
    endloop
  endfacet
  facet normal 0 0 1
    outer loop
      vertex 26.8616 57.0896 2
      vertex 13.1384 57.0896 2
      vertex 26.7175 56.7416 2
    endloop
  endfacet
  facet normal 0 -0 1
    outer loop
      vertex 13.1384 57.0896 2
      vertex 26.8616 57.0896 2
      vertex 12.9416 57.4107 2
    endloop
  endfacet
  facet normal 0 0 1
    outer loop
      vertex 27.0584 57.4107 2
      vertex 12.9416 57.4107 2
      vertex 26.8616 57.0896 2
    endloop
  endfacet
  facet normal 0 -0 1
    outer loop
      vertex 12.6971 57.6971 2
      vertex 27.3029 57.6971 2
      vertex 12.4107 57.9416 2
    endloop
  endfacet
  facet normal 0 0 1
    outer loop
      vertex 31.7091 73.7957 2
      vertex 8.29093 73.7957 2
      vertex 8.09577 73.3245 2
    endloop
  endfacet
  facet normal 0 0 1
    outer loop
      vertex 31.9042 73.3245 2
      vertex 8.09577 73.3245 2
      vertex 27.5893 57.9416 2
    endloop
  endfacet
  facet normal 0 0 1
    outer loop
      vertex 27.5893 57.9416 2
      vertex 8.09577 73.3245 2
      vertex 12.4107 57.9416 2
    endloop
  endfacet
  facet normal 0 0 1
    outer loop
      vertex 12.4107 57.9416 2
      vertex 8.09577 73.3245 2
      vertex 12.0896 58.1384 2
    endloop
  endfacet
  facet normal -0 0 1
    outer loop
      vertex 7.8293 72.8897 2
      vertex 12.0896 58.1384 2
      vertex 8.09577 73.3245 2
    endloop
  endfacet
  facet normal 0 0 1
    outer loop
      vertex 7.4981 77.0981 2
      vertex 32.5019 77.0981 2
      vertex 32.8897 77.4293 2
    endloop
  endfacet
  facet normal 0 0 1
    outer loop
      vertex 12.0896 58.1384 2
      vertex 7.8293 72.8897 2
      vertex 11.7416 58.2825 2
    endloop
  endfacet
  facet normal -0 0 1
    outer loop
      vertex 7.4981 72.5019 2
      vertex 11.7416 58.2825 2
      vertex 7.8293 72.8897 2
    endloop
  endfacet
  facet normal 0 0 1
    outer loop
      vertex 10.6246 58.3705 2
      vertex 6.2043 71.7091 2
      vertex 10.2584 58.2825 2
    endloop
  endfacet
  facet normal -0 0 1
    outer loop
      vertex 6.2043 71.7091 2
      vertex 10.6246 58.3705 2
      vertex 6.67547 71.9042 2
    endloop
  endfacet
  facet normal 0 0 1
    outer loop
      vertex 11 58.4 2
      vertex 6.67547 71.9042 2
      vertex 10.6246 58.3705 2
    endloop
  endfacet
  facet normal -0 0 1
    outer loop
      vertex 6.67547 71.9042 2
      vertex 11 58.4 2
      vertex 7.1103 72.1707 2
    endloop
  endfacet
  facet normal 0 0 1
    outer loop
      vertex 11.3754 58.3705 2
      vertex 7.1103 72.1707 2
      vertex 11 58.4 2
    endloop
  endfacet
  facet normal -0 0 1
    outer loop
      vertex 7.1103 72.1707 2
      vertex 11.3754 58.3705 2
      vertex 7.4981 72.5019 2
    endloop
  endfacet
  facet normal 0 0 1
    outer loop
      vertex 11.7416 58.2825 2
      vertex 7.4981 72.5019 2
      vertex 11.3754 58.3705 2
    endloop
  endfacet
  facet normal 0 0 1
    outer loop
      vertex 7.1103 77.4293 2
      vertex 32.8897 77.4293 2
      vertex 33.3245 77.6958 2
    endloop
  endfacet
  facet normal 0 0 1
    outer loop
      vertex 6.67547 77.6958 2
      vertex 33.3245 77.6958 2
      vertex 33.7957 77.8909 2
    endloop
  endfacet
  facet normal 0 0 1
    outer loop
      vertex 6.2043 77.8909 2
      vertex 33.7957 77.8909 2
      vertex 34.25 78 2
    endloop
  endfacet
  facet normal 0 0 1
    outer loop
      vertex 31.59 75.3084 2
      vertex 8.40999 75.3084 2
      vertex 8.45 74.8 2
    endloop
  endfacet
  facet normal 0 0 1
    outer loop
      vertex 31.7091 75.8043 2
      vertex 8.29093 75.8043 2
      vertex 8.40999 75.3084 2
    endloop
  endfacet
  facet normal 0 0 1
    outer loop
      vertex 31.9042 76.2755 2
      vertex 8.09577 76.2755 2
      vertex 8.29093 75.8043 2
    endloop
  endfacet
  facet normal 0 0 1
    outer loop
      vertex 32.1707 76.7103 2
      vertex 7.8293 76.7103 2
      vertex 8.09577 76.2755 2
    endloop
  endfacet
  facet normal 0 0 1
    outer loop
      vertex 32.5019 77.0981 2
      vertex 7.4981 77.0981 2
      vertex 7.8293 76.7103 2
    endloop
  endfacet
  facet normal 0 0 1
    outer loop
      vertex 32.8897 77.4293 2
      vertex 7.1103 77.4293 2
      vertex 7.4981 77.0981 2
    endloop
  endfacet
  facet normal 0 0 1
    outer loop
      vertex 33.3245 77.6958 2
      vertex 6.67547 77.6958 2
      vertex 7.1103 77.4293 2
    endloop
  endfacet
  facet normal 0 0 1
    outer loop
      vertex 33.7957 77.8909 2
      vertex 6.2043 77.8909 2
      vertex 6.67547 77.6958 2
    endloop
  endfacet
  facet normal 0 -0 1
    outer loop
      vertex 6.2043 77.8909 2
      vertex 34.25 78 2
      vertex 5.75001 78 2
    endloop
  endfacet
  facet normal 0 0 1
    outer loop
      vertex 35.8865 74.9721 2
      vertex 35.8865 74.6279 2
      vertex 35.9 74.8 2
    endloop
  endfacet
  facet normal 0 0 1
    outer loop
      vertex 35.8462 75.1399 2
      vertex 35.8865 74.6279 2
      vertex 35.8865 74.9721 2
    endloop
  endfacet
  facet normal 0 0 1
    outer loop
      vertex 35.8462 75.1399 2
      vertex 35.8462 74.4601 2
      vertex 35.8865 74.6279 2
    endloop
  endfacet
  facet normal 0 0 1
    outer loop
      vertex 35.7801 75.2994 2
      vertex 35.8462 74.4601 2
      vertex 35.8462 75.1399 2
    endloop
  endfacet
  facet normal 0 0 1
    outer loop
      vertex 35.7801 75.2994 2
      vertex 35.7801 74.3006 2
      vertex 35.8462 74.4601 2
    endloop
  endfacet
  facet normal 0 0 1
    outer loop
      vertex 35.6899 75.4466 2
      vertex 35.7801 74.3006 2
      vertex 35.7801 75.2994 2
    endloop
  endfacet
  facet normal 0 0 1
    outer loop
      vertex 35.6899 75.4466 2
      vertex 35.6899 74.1534 2
      vertex 35.7801 74.3006 2
    endloop
  endfacet
  facet normal 0 0 1
    outer loop
      vertex 35.5778 75.5778 2
      vertex 35.6899 74.1534 2
      vertex 35.6899 75.4466 2
    endloop
  endfacet
  facet normal 0 0 1
    outer loop
      vertex 35.5778 75.5778 2
      vertex 35.5778 74.0222 2
      vertex 35.6899 74.1534 2
    endloop
  endfacet
  facet normal 0 0 1
    outer loop
      vertex 35.4466 75.6899 2
      vertex 35.5778 74.0222 2
      vertex 35.5778 75.5778 2
    endloop
  endfacet
  facet normal 0 0 1
    outer loop
      vertex 35.4466 75.6899 2
      vertex 35.4466 73.9101 2
      vertex 35.5778 74.0222 2
    endloop
  endfacet
  facet normal 0 0 1
    outer loop
      vertex 35.2994 75.7801 2
      vertex 35.4466 73.9101 2
      vertex 35.4466 75.6899 2
    endloop
  endfacet
  facet normal 0 0 1
    outer loop
      vertex 35.2994 75.7801 2
      vertex 35.2994 73.8199 2
      vertex 35.4466 73.9101 2
    endloop
  endfacet
  facet normal 0 0 1
    outer loop
      vertex 35.1399 75.8462 2
      vertex 35.2994 73.8199 2
      vertex 35.2994 75.7801 2
    endloop
  endfacet
  facet normal 0 0 1
    outer loop
      vertex 35.1399 75.8462 2
      vertex 35.1399 73.7538 2
      vertex 35.2994 73.8199 2
    endloop
  endfacet
  facet normal 0 0 1
    outer loop
      vertex 34.9721 75.8865 2
      vertex 35.1399 73.7538 2
      vertex 35.1399 75.8462 2
    endloop
  endfacet
  facet normal 0 0 1
    outer loop
      vertex 34.9721 75.8865 2
      vertex 34.9721 73.7135 2
      vertex 35.1399 73.7538 2
    endloop
  endfacet
  facet normal 0 0 1
    outer loop
      vertex 34.8 75.9 2
      vertex 34.9721 73.7135 2
      vertex 34.9721 75.8865 2
    endloop
  endfacet
  facet normal 0 0 1
    outer loop
      vertex 34.8 75.9 2
      vertex 34.8 73.7 2
      vertex 34.9721 73.7135 2
    endloop
  endfacet
  facet normal -0 0 1
    outer loop
      vertex 34.6279 75.8865 2
      vertex 34.8 73.7 2
      vertex 34.8 75.9 2
    endloop
  endfacet
  facet normal 0 0 1
    outer loop
      vertex 34.6279 75.8865 2
      vertex 34.6279 73.7135 2
      vertex 34.8 73.7 2
    endloop
  endfacet
  facet normal -0 0 1
    outer loop
      vertex 34.4601 75.8462 2
      vertex 34.6279 73.7135 2
      vertex 34.6279 75.8865 2
    endloop
  endfacet
  facet normal 0 0 1
    outer loop
      vertex 34.4601 75.8462 2
      vertex 34.4601 73.7538 2
      vertex 34.6279 73.7135 2
    endloop
  endfacet
  facet normal -0 0 1
    outer loop
      vertex 34.3006 75.7801 2
      vertex 34.4601 73.7538 2
      vertex 34.4601 75.8462 2
    endloop
  endfacet
  facet normal 0 0 1
    outer loop
      vertex 34.3006 75.7801 2
      vertex 34.3006 73.8199 2
      vertex 34.4601 73.7538 2
    endloop
  endfacet
  facet normal -0 0 1
    outer loop
      vertex 34.1534 75.6899 2
      vertex 34.3006 73.8199 2
      vertex 34.3006 75.7801 2
    endloop
  endfacet
  facet normal 0 0 1
    outer loop
      vertex 34.1534 75.6899 2
      vertex 34.1534 73.9101 2
      vertex 34.3006 73.8199 2
    endloop
  endfacet
  facet normal -0 0 1
    outer loop
      vertex 34.0222 75.5778 2
      vertex 34.1534 73.9101 2
      vertex 34.1534 75.6899 2
    endloop
  endfacet
  facet normal 0 0 1
    outer loop
      vertex 34.0222 75.5778 2
      vertex 34.0222 74.0222 2
      vertex 34.1534 73.9101 2
    endloop
  endfacet
  facet normal -0 0 1
    outer loop
      vertex 33.9101 75.4466 2
      vertex 34.0222 74.0222 2
      vertex 34.0222 75.5778 2
    endloop
  endfacet
  facet normal 0 0 1
    outer loop
      vertex 33.9101 75.4466 2
      vertex 33.9101 74.1534 2
      vertex 34.0222 74.0222 2
    endloop
  endfacet
  facet normal -0 0 1
    outer loop
      vertex 33.8199 75.2994 2
      vertex 33.9101 74.1534 2
      vertex 33.9101 75.4466 2
    endloop
  endfacet
  facet normal 0 0 1
    outer loop
      vertex 33.8199 75.2994 2
      vertex 33.8199 74.3006 2
      vertex 33.9101 74.1534 2
    endloop
  endfacet
  facet normal -0 0 1
    outer loop
      vertex 33.7538 75.1399 2
      vertex 33.8199 74.3006 2
      vertex 33.8199 75.2994 2
    endloop
  endfacet
  facet normal 0 0 1
    outer loop
      vertex 33.7538 75.1399 2
      vertex 33.7538 74.4601 2
      vertex 33.8199 74.3006 2
    endloop
  endfacet
  facet normal -0 0 1
    outer loop
      vertex 33.7135 74.9721 2
      vertex 33.7538 74.4601 2
      vertex 33.7538 75.1399 2
    endloop
  endfacet
  facet normal 0 0 1
    outer loop
      vertex 33.7135 74.9721 2
      vertex 33.7135 74.6279 2
      vertex 33.7538 74.4601 2
    endloop
  endfacet
  facet normal 0 -0 1
    outer loop
      vertex 33.7135 74.6279 2
      vertex 33.7135 74.9721 2
      vertex 33.7 74.8 2
    endloop
  endfacet
  facet normal 0 0 1
    outer loop
      vertex 6.28646 74.9721 2
      vertex 6.28646 74.6279 2
      vertex 6.3 74.8 2
    endloop
  endfacet
  facet normal 0 0 1
    outer loop
      vertex 6.24616 75.1399 2
      vertex 6.28646 74.6279 2
      vertex 6.28646 74.9721 2
    endloop
  endfacet
  facet normal 0 0 1
    outer loop
      vertex 6.24616 75.1399 2
      vertex 6.24616 74.4601 2
      vertex 6.28646 74.6279 2
    endloop
  endfacet
  facet normal 0 0 1
    outer loop
      vertex 6.18011 75.2994 2
      vertex 6.24616 74.4601 2
      vertex 6.24616 75.1399 2
    endloop
  endfacet
  facet normal 0 0 1
    outer loop
      vertex 6.18011 75.2994 2
      vertex 6.18011 74.3006 2
      vertex 6.24616 74.4601 2
    endloop
  endfacet
  facet normal 0 0 1
    outer loop
      vertex 6.08992 75.4466 2
      vertex 6.18011 74.3006 2
      vertex 6.18011 75.2994 2
    endloop
  endfacet
  facet normal 0 0 1
    outer loop
      vertex 6.08992 75.4466 2
      vertex 6.08992 74.1534 2
      vertex 6.18011 74.3006 2
    endloop
  endfacet
  facet normal 0 0 1
    outer loop
      vertex 5.97782 75.5778 2
      vertex 6.08992 74.1534 2
      vertex 6.08992 75.4466 2
    endloop
  endfacet
  facet normal 0 0 1
    outer loop
      vertex 5.97782 75.5778 2
      vertex 5.97782 74.0222 2
      vertex 6.08992 74.1534 2
    endloop
  endfacet
  facet normal 0 0 1
    outer loop
      vertex 5.84656 75.6899 2
      vertex 5.97782 74.0222 2
      vertex 5.97782 75.5778 2
    endloop
  endfacet
  facet normal 0 0 1
    outer loop
      vertex 5.84656 75.6899 2
      vertex 5.84656 73.9101 2
      vertex 5.97782 74.0222 2
    endloop
  endfacet
  facet normal 0 0 1
    outer loop
      vertex 5.69939 75.7801 2
      vertex 5.84656 73.9101 2
      vertex 5.84656 75.6899 2
    endloop
  endfacet
  facet normal 0 0 1
    outer loop
      vertex 5.69939 75.7801 2
      vertex 5.69939 73.8199 2
      vertex 5.84656 73.9101 2
    endloop
  endfacet
  facet normal 0 0 1
    outer loop
      vertex 5.53992 75.8462 2
      vertex 5.69939 73.8199 2
      vertex 5.69939 75.7801 2
    endloop
  endfacet
  facet normal 0 0 1
    outer loop
      vertex 5.53992 75.8462 2
      vertex 5.53992 73.7538 2
      vertex 5.69939 73.8199 2
    endloop
  endfacet
  facet normal 0 0 1
    outer loop
      vertex 5.37208 75.8865 2
      vertex 5.53992 73.7538 2
      vertex 5.53992 75.8462 2
    endloop
  endfacet
  facet normal 0 0 1
    outer loop
      vertex 5.37208 75.8865 2
      vertex 5.37208 73.7135 2
      vertex 5.53992 73.7538 2
    endloop
  endfacet
  facet normal 0 0 1
    outer loop
      vertex 5.2 75.9 2
      vertex 5.37208 73.7135 2
      vertex 5.37208 75.8865 2
    endloop
  endfacet
  facet normal 0 0 1
    outer loop
      vertex 5.2 75.9 2
      vertex 5.2 73.7 2
      vertex 5.37208 73.7135 2
    endloop
  endfacet
  facet normal -0 0 1
    outer loop
      vertex 5.02792 75.8865 2
      vertex 5.2 73.7 2
      vertex 5.2 75.9 2
    endloop
  endfacet
  facet normal 0 0 1
    outer loop
      vertex 5.02792 75.8865 2
      vertex 5.02792 73.7135 2
      vertex 5.2 73.7 2
    endloop
  endfacet
  facet normal -0 0 1
    outer loop
      vertex 4.86008 75.8462 2
      vertex 5.02792 73.7135 2
      vertex 5.02792 75.8865 2
    endloop
  endfacet
  facet normal 0 0 1
    outer loop
      vertex 4.86008 75.8462 2
      vertex 4.86008 73.7538 2
      vertex 5.02792 73.7135 2
    endloop
  endfacet
  facet normal -0 0 1
    outer loop
      vertex 4.70061 75.7801 2
      vertex 4.86008 73.7538 2
      vertex 4.86008 75.8462 2
    endloop
  endfacet
  facet normal 0 0 1
    outer loop
      vertex 4.70061 75.7801 2
      vertex 4.70061 73.8199 2
      vertex 4.86008 73.7538 2
    endloop
  endfacet
  facet normal -0 0 1
    outer loop
      vertex 4.55344 75.6899 2
      vertex 4.70061 73.8199 2
      vertex 4.70061 75.7801 2
    endloop
  endfacet
  facet normal 0 0 1
    outer loop
      vertex 4.55344 75.6899 2
      vertex 4.55344 73.9101 2
      vertex 4.70061 73.8199 2
    endloop
  endfacet
  facet normal -0 0 1
    outer loop
      vertex 4.42218 75.5778 2
      vertex 4.55344 73.9101 2
      vertex 4.55344 75.6899 2
    endloop
  endfacet
  facet normal 0 0 1
    outer loop
      vertex 4.42218 75.5778 2
      vertex 4.42218 74.0222 2
      vertex 4.55344 73.9101 2
    endloop
  endfacet
  facet normal -0 0 1
    outer loop
      vertex 4.31008 75.4466 2
      vertex 4.42218 74.0222 2
      vertex 4.42218 75.5778 2
    endloop
  endfacet
  facet normal 0 0 1
    outer loop
      vertex 4.31008 75.4466 2
      vertex 4.31008 74.1534 2
      vertex 4.42218 74.0222 2
    endloop
  endfacet
  facet normal -0 0 1
    outer loop
      vertex 4.21989 75.2994 2
      vertex 4.31008 74.1534 2
      vertex 4.31008 75.4466 2
    endloop
  endfacet
  facet normal 0 0 1
    outer loop
      vertex 4.21989 75.2994 2
      vertex 4.21989 74.3006 2
      vertex 4.31008 74.1534 2
    endloop
  endfacet
  facet normal -0 0 1
    outer loop
      vertex 4.15384 75.1399 2
      vertex 4.21989 74.3006 2
      vertex 4.21989 75.2994 2
    endloop
  endfacet
  facet normal 0 0 1
    outer loop
      vertex 4.15384 75.1399 2
      vertex 4.15384 74.4601 2
      vertex 4.21989 74.3006 2
    endloop
  endfacet
  facet normal -0 0 1
    outer loop
      vertex 4.11354 74.9721 2
      vertex 4.15384 74.4601 2
      vertex 4.15384 75.1399 2
    endloop
  endfacet
  facet normal 0 0 1
    outer loop
      vertex 4.11354 74.9721 2
      vertex 4.11354 74.6279 2
      vertex 4.15384 74.4601 2
    endloop
  endfacet
  facet normal 0 -0 1
    outer loop
      vertex 4.11354 74.6279 2
      vertex 4.11354 74.9721 2
      vertex 4.1 74.8 2
    endloop
  endfacet
  facet normal -0 0 1
    outer loop
      vertex 2 46.5 2
      vertex 38 33.5 2
      vertex 38 46.5 2
    endloop
  endfacet
  facet normal 0 0 1
    outer loop
      vertex 38 33.5 2
      vertex 2 46.5 2
      vertex 2 33.5 2
    endloop
  endfacet
  facet normal 0.382775 -0.923842 0
    outer loop
      vertex 2.81901 77.8365 2
      vertex 3.03647 77.9266 60
      vertex 2.81901 77.8365 60
    endloop
  endfacet
  facet normal 0.382775 -0.923842 0
    outer loop
      vertex 3.03647 77.9266 60
      vertex 2.81901 77.8365 2
      vertex 3.03647 77.9266 2
    endloop
  endfacet
  facet normal -0.760539 0.649292 0
    outer loop
      vertex 37.5607 2.43934 2
      vertex 37.7135 2.61832 60
      vertex 37.7135 2.61832 2
    endloop
  endfacet
  facet normal -0.760539 0.649292 0
    outer loop
      vertex 37.7135 2.61832 60
      vertex 37.5607 2.43934 2
      vertex 37.5607 2.43934 60
    endloop
  endfacet
  facet normal -0.233228 -0.972422 0
    outer loop
      vertex 36.7346 77.9815 2
      vertex 36.9635 77.9266 60
      vertex 36.7346 77.9815 60
    endloop
  endfacet
  facet normal -0.233228 -0.972422 -0
    outer loop
      vertex 36.9635 77.9266 60
      vertex 36.7346 77.9815 2
      vertex 36.9635 77.9266 2
    endloop
  endfacet
  facet normal -0.996905 -0.0786136 0
    outer loop
      vertex 38 76.5 2
      vertex 37.9815 76.7346 60
      vertex 37.9815 76.7346 2
    endloop
  endfacet
  facet normal -0.996905 -0.0786136 0
    outer loop
      vertex 37.9815 76.7346 60
      vertex 38 76.5 2
      vertex 38 76.5 60
    endloop
  endfacet
  facet normal -0.972417 0.233248 0
    outer loop
      vertex 37.9266 3.03647 2
      vertex 37.9815 3.26535 60
      vertex 37.9815 3.26535 2
    endloop
  endfacet
  facet normal -0.972417 0.233248 0
    outer loop
      vertex 37.9815 3.26535 60
      vertex 37.9266 3.03647 2
      vertex 37.9266 3.03647 60
    endloop
  endfacet
  facet normal 0.760392 0.649464 0
    outer loop
      vertex 2.43934 2.43934 60
      vertex 2.28647 2.61832 2
      vertex 2.28647 2.61832 60
    endloop
  endfacet
  facet normal 0.760392 0.649464 0
    outer loop
      vertex 2.28647 2.61832 2
      vertex 2.43934 2.43934 60
      vertex 2.43934 2.43934 2
    endloop
  endfacet
  facet normal -0.996906 0.0785969 0
    outer loop
      vertex 37.9815 3.26535 2
      vertex 38 3.5 60
      vertex 38 3.5 2
    endloop
  endfacet
  facet normal -0.996906 0.0785969 0
    outer loop
      vertex 38 3.5 60
      vertex 37.9815 3.26535 2
      vertex 37.9815 3.26535 60
    endloop
  endfacet
  facet normal -0.0786136 -0.996905 0
    outer loop
      vertex 36.5 78 2
      vertex 36.7346 77.9815 60
      vertex 36.5 78 60
    endloop
  endfacet
  facet normal -0.0786136 -0.996905 -0
    outer loop
      vertex 36.7346 77.9815 60
      vertex 36.5 78 2
      vertex 36.7346 77.9815 2
    endloop
  endfacet
  facet normal 0.649464 0.760392 -0
    outer loop
      vertex 2.61832 2.28647 2
      vertex 2.43934 2.43934 60
      vertex 2.61832 2.28647 60
    endloop
  endfacet
  facet normal 0.649464 0.760392 0
    outer loop
      vertex 2.43934 2.43934 60
      vertex 2.61832 2.28647 2
      vertex 2.43934 2.43934 2
    endloop
  endfacet
  facet normal -0.233389 0.972383 0
    outer loop
      vertex 36.9635 2.07341 2
      vertex 36.7346 2.01847 60
      vertex 36.9635 2.07341 60
    endloop
  endfacet
  facet normal -0.233389 0.972383 0
    outer loop
      vertex 36.7346 2.01847 60
      vertex 36.9635 2.07341 2
      vertex 36.7346 2.01847 2
    endloop
  endfacet
  facet normal 0.233408 0.972379 -0
    outer loop
      vertex 3.26535 2.01847 2
      vertex 3.03647 2.07341 60
      vertex 3.26535 2.01847 60
    endloop
  endfacet
  facet normal 0.233408 0.972379 0
    outer loop
      vertex 3.03647 2.07341 60
      vertex 3.26535 2.01847 2
      vertex 3.03647 2.07341 2
    endloop
  endfacet
  facet normal 0.0784703 0.996916 -0
    outer loop
      vertex 3.5 2 2
      vertex 3.26535 2.01847 60
      vertex 3.5 2 60
    endloop
  endfacet
  facet normal 0.0784703 0.996916 0
    outer loop
      vertex 3.26535 2.01847 60
      vertex 3.5 2 2
      vertex 3.26535 2.01847 2
    endloop
  endfacet
  facet normal 1 -0 0
    outer loop
      vertex 2 3.5 60
      vertex 2 4.64999 2
      vertex 2 4.64999 60
    endloop
  endfacet
  facet normal 1 0 0
    outer loop
      vertex 2 4.64999 2
      vertex 2 3.5 60
      vertex 2 3.5 2
    endloop
  endfacet
  facet normal 1 -0 0
    outer loop
      vertex 2 75.35 60
      vertex 2 76.5 2
      vertex 2 76.5 60
    endloop
  endfacet
  facet normal 1 0 0
    outer loop
      vertex 2 76.5 2
      vertex 2 75.35 60
      vertex 2 75.35 2
    endloop
  endfacet
  facet normal 1 -0 0
    outer loop
      vertex 2 10 14.5
      vertex 2 70 12.2
      vertex 2 70 14.5
    endloop
  endfacet
  facet normal 1 0 0
    outer loop
      vertex 2 70 12.2
      vertex 2 10 14.5
      vertex 2 10 12.2
    endloop
  endfacet
  facet normal 1 -0 0
    outer loop
      vertex 2 10 19
      vertex 2 70 16.7
      vertex 2 70 19
    endloop
  endfacet
  facet normal 1 0 0
    outer loop
      vertex 2 70 16.7
      vertex 2 10 19
      vertex 2 10 16.7
    endloop
  endfacet
  facet normal 1 -0 0
    outer loop
      vertex 2 10 23.5
      vertex 2 70 21.2
      vertex 2 70 23.5
    endloop
  endfacet
  facet normal 1 0 0
    outer loop
      vertex 2 70 21.2
      vertex 2 10 23.5
      vertex 2 10 21.2
    endloop
  endfacet
  facet normal 1 -0 0
    outer loop
      vertex 2 10 28
      vertex 2 70 25.7
      vertex 2 70 28
    endloop
  endfacet
  facet normal 1 0 0
    outer loop
      vertex 2 70 25.7
      vertex 2 10 28
      vertex 2 10 25.7
    endloop
  endfacet
  facet normal 1 -0 0
    outer loop
      vertex 2 10 32.5
      vertex 2 70 30.2
      vertex 2 70 32.5
    endloop
  endfacet
  facet normal 1 0 0
    outer loop
      vertex 2 70 30.2
      vertex 2 10 32.5
      vertex 2 10 30.2
    endloop
  endfacet
  facet normal 1 -0 0
    outer loop
      vertex 2 10 37
      vertex 2 70 34.7
      vertex 2 70 37
    endloop
  endfacet
  facet normal 1 0 0
    outer loop
      vertex 2 70 34.7
      vertex 2 10 37
      vertex 2 10 34.7
    endloop
  endfacet
  facet normal 1 -0 0
    outer loop
      vertex 2 10 41.5
      vertex 2 70 39.2
      vertex 2 70 41.5
    endloop
  endfacet
  facet normal 1 0 0
    outer loop
      vertex 2 70 39.2
      vertex 2 10 41.5
      vertex 2 10 39.2
    endloop
  endfacet
  facet normal 1 -0 0
    outer loop
      vertex 2 10 46
      vertex 2 70 43.7
      vertex 2 70 46
    endloop
  endfacet
  facet normal 1 0 0
    outer loop
      vertex 2 70 43.7
      vertex 2 10 46
      vertex 2 10 43.7
    endloop
  endfacet
  facet normal 1 -0 0
    outer loop
      vertex 2 10 50.5
      vertex 2 70 48.2
      vertex 2 70 50.5
    endloop
  endfacet
  facet normal 1 0 0
    outer loop
      vertex 2 70 48.2
      vertex 2 10 50.5
      vertex 2 10 48.2
    endloop
  endfacet
  facet normal 1 0 0
    outer loop
      vertex 2 70 50.5
      vertex 2 74.25 60
      vertex 2 70 52.7
    endloop
  endfacet
  facet normal 1 0 0
    outer loop
      vertex 2 74.25 60
      vertex 2 10 52.7
      vertex 2 70 52.7
    endloop
  endfacet
  facet normal 1 0 0
    outer loop
      vertex 2 5.75001 60
      vertex 2 10 50.5
      vertex 2 10 52.7
    endloop
  endfacet
  facet normal 1 0 0
    outer loop
      vertex 2 10 50.5
      vertex 2 5.75001 60
      vertex 2 10 48.2
    endloop
  endfacet
  facet normal 1 0 0
    outer loop
      vertex 2 10 48.2
      vertex 2 5.75001 60
      vertex 2 10 46
    endloop
  endfacet
  facet normal 1 0 0
    outer loop
      vertex 2 10 46
      vertex 2 5.75001 60
      vertex 2 10 43.7
    endloop
  endfacet
  facet normal 1 0 0
    outer loop
      vertex 2 10 43.7
      vertex 2 5.75001 60
      vertex 2 10 41.5
    endloop
  endfacet
  facet normal 1 0 0
    outer loop
      vertex 2 10 41.5
      vertex 2 5.75001 60
      vertex 2 10 39.2
    endloop
  endfacet
  facet normal 1 0 0
    outer loop
      vertex 2 10 39.2
      vertex 2 5.75001 60
      vertex 2 10 37
    endloop
  endfacet
  facet normal 1 0 0
    outer loop
      vertex 2 10 37
      vertex 2 5.75001 60
      vertex 2 10 34.7
    endloop
  endfacet
  facet normal 1 0 0
    outer loop
      vertex 2 10 34.7
      vertex 2 5.75001 60
      vertex 2 10 32.5
    endloop
  endfacet
  facet normal 1 0 0
    outer loop
      vertex 2 10 32.5
      vertex 2 5.75001 60
      vertex 2 10 30.2
    endloop
  endfacet
  facet normal 1 0 0
    outer loop
      vertex 2 5.75001 2
      vertex 2 10 30.2
      vertex 2 5.75001 60
    endloop
  endfacet
  facet normal 1 0 0
    outer loop
      vertex 2 10 30.2
      vertex 2 5.75001 2
      vertex 2 10 28
    endloop
  endfacet
  facet normal 1 0 0
    outer loop
      vertex 2 10 28
      vertex 2 5.75001 2
      vertex 2 10 25.7
    endloop
  endfacet
  facet normal 1 0 0
    outer loop
      vertex 2 10 25.7
      vertex 2 5.75001 2
      vertex 2 10 23.5
    endloop
  endfacet
  facet normal 1 0 0
    outer loop
      vertex 2 10 23.5
      vertex 2 5.75001 2
      vertex 2 10 21.2
    endloop
  endfacet
  facet normal 1 0 0
    outer loop
      vertex 2 10 21.2
      vertex 2 5.75001 2
      vertex 2 10 19
    endloop
  endfacet
  facet normal 1 0 0
    outer loop
      vertex 2 10 19
      vertex 2 5.75001 2
      vertex 2 10 16.7
    endloop
  endfacet
  facet normal 1 0 0
    outer loop
      vertex 2 10 16.7
      vertex 2 5.75001 2
      vertex 2 10 14.5
    endloop
  endfacet
  facet normal 1 0 0
    outer loop
      vertex 2 10 14.5
      vertex 2 5.75001 2
      vertex 2 10 12.2
    endloop
  endfacet
  facet normal 1 -0 0
    outer loop
      vertex 2 5.75001 60
      vertex 2 10 52.7
      vertex 2 74.25 60
    endloop
  endfacet
  facet normal 1 0 0
    outer loop
      vertex 2 70 48.2
      vertex 2 74.25 60
      vertex 2 70 50.5
    endloop
  endfacet
  facet normal 1 0 0
    outer loop
      vertex 2 70 46
      vertex 2 74.25 60
      vertex 2 70 48.2
    endloop
  endfacet
  facet normal 1 0 0
    outer loop
      vertex 2 70 43.7
      vertex 2 74.25 60
      vertex 2 70 46
    endloop
  endfacet
  facet normal 1 0 0
    outer loop
      vertex 2 70 41.5
      vertex 2 74.25 60
      vertex 2 70 43.7
    endloop
  endfacet
  facet normal 1 0 0
    outer loop
      vertex 2 70 39.2
      vertex 2 74.25 60
      vertex 2 70 41.5
    endloop
  endfacet
  facet normal 1 0 0
    outer loop
      vertex 2 70 37
      vertex 2 74.25 60
      vertex 2 70 39.2
    endloop
  endfacet
  facet normal 1 0 0
    outer loop
      vertex 2 70 34.7
      vertex 2 74.25 60
      vertex 2 70 37
    endloop
  endfacet
  facet normal 1 0 0
    outer loop
      vertex 2 70 32.5
      vertex 2 74.25 60
      vertex 2 70 34.7
    endloop
  endfacet
  facet normal 1 0 0
    outer loop
      vertex 2 74.25 60
      vertex 2 70 32.5
      vertex 2 74.25 2
    endloop
  endfacet
  facet normal 1 -0 0
    outer loop
      vertex 2 70 30.2
      vertex 2 74.25 2
      vertex 2 70 32.5
    endloop
  endfacet
  facet normal 1 -0 0
    outer loop
      vertex 2 70 28
      vertex 2 74.25 2
      vertex 2 70 30.2
    endloop
  endfacet
  facet normal 1 -0 0
    outer loop
      vertex 2 70 25.7
      vertex 2 74.25 2
      vertex 2 70 28
    endloop
  endfacet
  facet normal 1 -0 0
    outer loop
      vertex 2 70 23.5
      vertex 2 74.25 2
      vertex 2 70 25.7
    endloop
  endfacet
  facet normal 1 -0 0
    outer loop
      vertex 2 70 21.2
      vertex 2 74.25 2
      vertex 2 70 23.5
    endloop
  endfacet
  facet normal 1 -0 0
    outer loop
      vertex 2 70 19
      vertex 2 74.25 2
      vertex 2 70 21.2
    endloop
  endfacet
  facet normal 1 -0 0
    outer loop
      vertex 2 70 16.7
      vertex 2 74.25 2
      vertex 2 70 19
    endloop
  endfacet
  facet normal 1 -0 0
    outer loop
      vertex 2 70 14.5
      vertex 2 74.25 2
      vertex 2 70 16.7
    endloop
  endfacet
  facet normal 1 -0 0
    outer loop
      vertex 2 70 12.2
      vertex 2 74.25 2
      vertex 2 70 14.5
    endloop
  endfacet
  facet normal 1 -0 0
    outer loop
      vertex 2 70 10
      vertex 2 74.25 2
      vertex 2 70 12.2
    endloop
  endfacet
  facet normal 1 0 0
    outer loop
      vertex 2 70 10
      vertex 2 46.5 2
      vertex 2 74.25 2
    endloop
  endfacet
  facet normal 1 0 0
    outer loop
      vertex 2 70 10
      vertex 2 33.5 2
      vertex 2 46.5 2
    endloop
  endfacet
  facet normal 1 -0 0
    outer loop
      vertex 2 10 10
      vertex 2 33.5 2
      vertex 2 70 10
    endloop
  endfacet
  facet normal 1 0 0
    outer loop
      vertex 2 10 10
      vertex 2 5.75001 2
      vertex 2 33.5 2
    endloop
  endfacet
  facet normal 1 0 0
    outer loop
      vertex 2 10 12.2
      vertex 2 5.75001 2
      vertex 2 10 10
    endloop
  endfacet
  facet normal 0.522551 -0.852608 0
    outer loop
      vertex 2.61832 77.7135 2
      vertex 2.81901 77.8365 60
      vertex 2.61832 77.7135 60
    endloop
  endfacet
  facet normal 0.522551 -0.852608 0
    outer loop
      vertex 2.81901 77.8365 60
      vertex 2.61832 77.7135 2
      vertex 2.81901 77.8365 2
    endloop
  endfacet
  facet normal -0.0784869 0.996915 0
    outer loop
      vertex 36.7346 2.01847 2
      vertex 36.5 2 60
      vertex 36.7346 2.01847 60
    endloop
  endfacet
  facet normal -0.0784869 0.996915 0
    outer loop
      vertex 36.5 2 60
      vertex 36.7346 2.01847 2
      vertex 36.5 2 2
    endloop
  endfacet
  facet normal 0.522489 0.852646 -0
    outer loop
      vertex 2.81901 2.16349 2
      vertex 2.61832 2.28647 60
      vertex 2.81901 2.16349 60
    endloop
  endfacet
  facet normal 0.522489 0.852646 0
    outer loop
      vertex 2.61832 2.28647 60
      vertex 2.81901 2.16349 2
      vertex 2.61832 2.28647 2
    endloop
  endfacet
  facet normal -0.852608 0.522551 0
    outer loop
      vertex 37.7135 2.61832 2
      vertex 37.8365 2.81901 60
      vertex 37.8365 2.81901 2
    endloop
  endfacet
  facet normal -0.852608 0.522551 0
    outer loop
      vertex 37.8365 2.81901 60
      vertex 37.7135 2.61832 2
      vertex 37.7135 2.61832 60
    endloop
  endfacet
  facet normal 0.382702 0.923872 -0
    outer loop
      vertex 3.03647 2.07341 2
      vertex 2.81901 2.16349 60
      vertex 3.03647 2.07341 60
    endloop
  endfacet
  facet normal 0.382702 0.923872 0
    outer loop
      vertex 2.81901 2.16349 60
      vertex 3.03647 2.07341 2
      vertex 2.81901 2.16349 2
    endloop
  endfacet
  facet normal 0.649292 -0.760539 0
    outer loop
      vertex 2.43934 77.5607 2
      vertex 2.61832 77.7135 60
      vertex 2.43934 77.5607 60
    endloop
  endfacet
  facet normal 0.649292 -0.760539 0
    outer loop
      vertex 2.61832 77.7135 60
      vertex 2.43934 77.5607 2
      vertex 2.61832 77.7135 2
    endloop
  endfacet
  facet normal -0.52247 0.852657 0
    outer loop
      vertex 37.3817 2.28647 2
      vertex 37.181 2.16349 60
      vertex 37.3817 2.28647 60
    endloop
  endfacet
  facet normal -0.52247 0.852657 0
    outer loop
      vertex 37.181 2.16349 60
      vertex 37.3817 2.28647 2
      vertex 37.181 2.16349 2
    endloop
  endfacet
  facet normal 0.760428 -0.649422 0
    outer loop
      vertex 2.28647 77.3817 60
      vertex 2.43934 77.5607 2
      vertex 2.43934 77.5607 60
    endloop
  endfacet
  facet normal 0.760428 -0.649422 0
    outer loop
      vertex 2.43934 77.5607 2
      vertex 2.28647 77.3817 60
      vertex 2.28647 77.3817 2
    endloop
  endfacet
  facet normal -0.923867 -0.382714 0
    outer loop
      vertex 37.9266 76.9635 2
      vertex 37.8365 77.181 60
      vertex 37.8365 77.181 2
    endloop
  endfacet
  facet normal -0.923867 -0.382714 0
    outer loop
      vertex 37.8365 77.181 60
      vertex 37.9266 76.9635 2
      vertex 37.9266 76.9635 60
    endloop
  endfacet
  facet normal 0.972383 -0.233389 0
    outer loop
      vertex 2.01847 76.7346 60
      vertex 2.07341 76.9635 2
      vertex 2.07341 76.9635 60
    endloop
  endfacet
  facet normal 0.972383 -0.233389 0
    outer loop
      vertex 2.07341 76.9635 2
      vertex 2.01847 76.7346 60
      vertex 2.01847 76.7346 2
    endloop
  endfacet
  facet normal -0.382642 0.923897 0
    outer loop
      vertex 37.181 2.16349 2
      vertex 36.9635 2.07341 60
      vertex 37.181 2.16349 60
    endloop
  endfacet
  facet normal -0.382642 0.923897 0
    outer loop
      vertex 36.9635 2.07341 60
      vertex 37.181 2.16349 2
      vertex 36.9635 2.07341 2
    endloop
  endfacet
  facet normal -0.85262 -0.522532 0
    outer loop
      vertex 37.8365 77.181 2
      vertex 37.7135 77.3817 60
      vertex 37.7135 77.3817 2
    endloop
  endfacet
  facet normal -0.85262 -0.522532 0
    outer loop
      vertex 37.7135 77.3817 60
      vertex 37.8365 77.181 2
      vertex 37.8365 77.181 60
    endloop
  endfacet
  facet normal 0.233248 -0.972417 0
    outer loop
      vertex 3.03647 77.9266 2
      vertex 3.26535 77.9815 60
      vertex 3.03647 77.9266 60
    endloop
  endfacet
  facet normal 0.233248 -0.972417 0
    outer loop
      vertex 3.26535 77.9815 60
      vertex 3.03647 77.9266 2
      vertex 3.26535 77.9815 2
    endloop
  endfacet
  facet normal 0.0785969 -0.996906 0
    outer loop
      vertex 3.26535 77.9815 2
      vertex 3.5 78 60
      vertex 3.26535 77.9815 60
    endloop
  endfacet
  facet normal 0.0785969 -0.996906 0
    outer loop
      vertex 3.5 78 60
      vertex 3.26535 77.9815 2
      vertex 3.5 78 2
    endloop
  endfacet
  facet normal -0.522532 -0.85262 0
    outer loop
      vertex 37.181 77.8365 2
      vertex 37.3817 77.7135 60
      vertex 37.181 77.8365 60
    endloop
  endfacet
  facet normal -0.522532 -0.85262 -0
    outer loop
      vertex 37.3817 77.7135 60
      vertex 37.181 77.8365 2
      vertex 37.3817 77.7135 2
    endloop
  endfacet
  facet normal -0.972422 -0.233228 0
    outer loop
      vertex 37.9815 76.7346 2
      vertex 37.9266 76.9635 60
      vertex 37.9266 76.9635 2
    endloop
  endfacet
  facet normal -0.972422 -0.233228 0
    outer loop
      vertex 37.9266 76.9635 60
      vertex 37.9815 76.7346 2
      vertex 37.9815 76.7346 60
    endloop
  endfacet
  facet normal 0.996915 -0.0784869 0
    outer loop
      vertex 2 76.5 60
      vertex 2.01847 76.7346 2
      vertex 2.01847 76.7346 60
    endloop
  endfacet
  facet normal 0.996915 -0.0784869 0
    outer loop
      vertex 2.01847 76.7346 2
      vertex 2 76.5 60
      vertex 2 76.5 2
    endloop
  endfacet
  facet normal 0.852657 -0.52247 0
    outer loop
      vertex 2.16349 77.181 60
      vertex 2.28647 77.3817 2
      vertex 2.28647 77.3817 60
    endloop
  endfacet
  facet normal 0.852657 -0.52247 0
    outer loop
      vertex 2.28647 77.3817 2
      vertex 2.16349 77.181 60
      vertex 2.16349 77.181 2
    endloop
  endfacet
  facet normal 0.923897 -0.382642 0
    outer loop
      vertex 2.07341 76.9635 60
      vertex 2.16349 77.181 2
      vertex 2.16349 77.181 60
    endloop
  endfacet
  facet normal 0.923897 -0.382642 0
    outer loop
      vertex 2.16349 77.181 2
      vertex 2.07341 76.9635 60
      vertex 2.07341 76.9635 2
    endloop
  endfacet
  facet normal -0.382714 -0.923867 0
    outer loop
      vertex 36.9635 77.9266 2
      vertex 37.181 77.8365 60
      vertex 36.9635 77.9266 60
    endloop
  endfacet
  facet normal -0.382714 -0.923867 -0
    outer loop
      vertex 37.181 77.8365 60
      vertex 36.9635 77.9266 2
      vertex 37.181 77.8365 2
    endloop
  endfacet
  facet normal 0.923872 0.382702 0
    outer loop
      vertex 2.16349 2.81901 60
      vertex 2.07341 3.03647 2
      vertex 2.07341 3.03647 60
    endloop
  endfacet
  facet normal 0.923872 0.382702 0
    outer loop
      vertex 2.07341 3.03647 2
      vertex 2.16349 2.81901 60
      vertex 2.16349 2.81901 2
    endloop
  endfacet
  facet normal -0.649422 0.760428 0
    outer loop
      vertex 37.5607 2.43934 2
      vertex 37.3817 2.28647 60
      vertex 37.5607 2.43934 60
    endloop
  endfacet
  facet normal -0.649422 0.760428 0
    outer loop
      vertex 37.3817 2.28647 60
      vertex 37.5607 2.43934 2
      vertex 37.3817 2.28647 2
    endloop
  endfacet
  facet normal 0.972367 0.233459 0
    outer loop
      vertex 8.40999 5.70841 60
      vertex 8.29093 6.2043 2
      vertex 8.29093 6.2043 60
    endloop
  endfacet
  facet normal 0.972367 0.233459 0
    outer loop
      vertex 8.29093 6.2043 2
      vertex 8.40999 5.70841 60
      vertex 8.40999 5.70841 2
    endloop
  endfacet
  facet normal 0.649434 0.760418 -0
    outer loop
      vertex 7.4981 7.4981 2
      vertex 7.1103 7.8293 60
      vertex 7.4981 7.4981 60
    endloop
  endfacet
  facet normal 0.649434 0.760418 0
    outer loop
      vertex 7.1103 7.8293 60
      vertex 7.4981 7.4981 2
      vertex 7.1103 7.8293 2
    endloop
  endfacet
  facet normal -0.972368 0.233455 0
    outer loop
      vertex 2 5.75001 2
      vertex 2.10907 6.2043 60
      vertex 2.10907 6.2043 2
    endloop
  endfacet
  facet normal -0.972368 0.233455 0
    outer loop
      vertex 2.10907 6.2043 60
      vertex 2 5.75001 2
      vertex 2 5.75001 60
    endloop
  endfacet
  facet normal 0.996918 0.0784538 0
    outer loop
      vertex 8.45 5.2 60
      vertex 8.40999 5.70841 2
      vertex 8.40999 5.70841 60
    endloop
  endfacet
  facet normal 0.996918 0.0784538 0
    outer loop
      vertex 8.40999 5.70841 2
      vertex 8.45 5.2 60
      vertex 8.45 5.2 2
    endloop
  endfacet
  facet normal -0.522507 0.852635 0
    outer loop
      vertex 3.72453 8.09577 2
      vertex 3.2897 7.8293 60
      vertex 3.72453 8.09577 60
    endloop
  endfacet
  facet normal -0.522507 0.852635 0
    outer loop
      vertex 3.2897 7.8293 60
      vertex 3.72453 8.09577 2
      vertex 3.2897 7.8293 2
    endloop
  endfacet
  facet normal -0.972369 -0.23345 0
    outer loop
      vertex 2.10907 4.19569 2
      vertex 2 4.64999 60
      vertex 2 4.64999 2
    endloop
  endfacet
  facet normal -0.972369 -0.23345 0
    outer loop
      vertex 2 4.64999 60
      vertex 2.10907 4.19569 2
      vertex 2.10907 4.19569 60
    endloop
  endfacet
  facet normal 0.649434 -0.760418 0
    outer loop
      vertex 7.1103 2.5707 2
      vertex 7.4981 2.9019 60
      vertex 7.1103 2.5707 60
    endloop
  endfacet
  facet normal 0.649434 -0.760418 0
    outer loop
      vertex 7.4981 2.9019 60
      vertex 7.1103 2.5707 2
      vertex 7.4981 2.9019 2
    endloop
  endfacet
  facet normal 0.852635 -0.522507 0
    outer loop
      vertex 7.8293 3.2897 60
      vertex 8.09577 3.72453 2
      vertex 8.09577 3.72453 60
    endloop
  endfacet
  facet normal 0.852635 -0.522507 0
    outer loop
      vertex 8.09577 3.72453 2
      vertex 7.8293 3.2897 60
      vertex 7.8293 3.2897 2
    endloop
  endfacet
  facet normal -0.0784538 0.996918 0
    outer loop
      vertex 5.2 8.45 2
      vertex 4.69159 8.40999 60
      vertex 5.2 8.45 60
    endloop
  endfacet
  facet normal -0.0784538 0.996918 0
    outer loop
      vertex 4.69159 8.40999 60
      vertex 5.2 8.45 2
      vertex 4.69159 8.40999 2
    endloop
  endfacet
  facet normal 0.923883 0.382675 0
    outer loop
      vertex 8.29093 6.2043 60
      vertex 8.09577 6.67547 2
      vertex 8.09577 6.67547 60
    endloop
  endfacet
  facet normal 0.923883 0.382675 0
    outer loop
      vertex 8.09577 6.67547 2
      vertex 8.29093 6.2043 60
      vertex 8.29093 6.2043 2
    endloop
  endfacet
  facet normal -0.522507 -0.852635 0
    outer loop
      vertex 3.2897 2.5707 2
      vertex 3.72453 2.30423 60
      vertex 3.2897 2.5707 60
    endloop
  endfacet
  facet normal -0.522507 -0.852635 -0
    outer loop
      vertex 3.72453 2.30423 60
      vertex 3.2897 2.5707 2
      vertex 3.72453 2.30423 2
    endloop
  endfacet
  facet normal -0.233455 0.972368 0
    outer loop
      vertex 4.69159 8.40999 2
      vertex 4.19569 8.29093 60
      vertex 4.69159 8.40999 60
    endloop
  endfacet
  facet normal -0.233455 0.972368 0
    outer loop
      vertex 4.19569 8.29093 60
      vertex 4.69159 8.40999 2
      vertex 4.19569 8.29093 2
    endloop
  endfacet
  facet normal -0.649434 0.760418 0
    outer loop
      vertex 3.2897 7.8293 2
      vertex 2.9019 7.4981 60
      vertex 3.2897 7.8293 60
    endloop
  endfacet
  facet normal -0.649434 0.760418 0
    outer loop
      vertex 2.9019 7.4981 60
      vertex 3.2897 7.8293 2
      vertex 2.9019 7.4981 2
    endloop
  endfacet
  facet normal -0.923883 0.382675 0
    outer loop
      vertex 2.10907 6.2043 2
      vertex 2.30423 6.67547 60
      vertex 2.30423 6.67547 2
    endloop
  endfacet
  facet normal -0.923883 0.382675 0
    outer loop
      vertex 2.30423 6.67547 60
      vertex 2.10907 6.2043 2
      vertex 2.10907 6.2043 60
    endloop
  endfacet
  facet normal 0.382675 -0.923883 0
    outer loop
      vertex 6.2043 2.10907 2
      vertex 6.67547 2.30423 60
      vertex 6.2043 2.10907 60
    endloop
  endfacet
  facet normal 0.382675 -0.923883 0
    outer loop
      vertex 6.67547 2.30423 60
      vertex 6.2043 2.10907 2
      vertex 6.67547 2.30423 2
    endloop
  endfacet
  facet normal 0.760418 0.649434 0
    outer loop
      vertex 7.8293 7.1103 60
      vertex 7.4981 7.4981 2
      vertex 7.4981 7.4981 60
    endloop
  endfacet
  facet normal 0.760418 0.649434 0
    outer loop
      vertex 7.4981 7.4981 2
      vertex 7.8293 7.1103 60
      vertex 7.8293 7.1103 2
    endloop
  endfacet
  facet normal 0.996918 -0.0784538 0
    outer loop
      vertex 8.40999 4.69159 60
      vertex 8.45 5.2 2
      vertex 8.45 5.2 60
    endloop
  endfacet
  facet normal 0.996918 -0.0784538 0
    outer loop
      vertex 8.45 5.2 2
      vertex 8.40999 4.69159 60
      vertex 8.40999 4.69159 2
    endloop
  endfacet
  facet normal 0.522507 -0.852635 0
    outer loop
      vertex 6.67547 2.30423 2
      vertex 7.1103 2.5707 60
      vertex 6.67547 2.30423 60
    endloop
  endfacet
  facet normal 0.522507 -0.852635 0
    outer loop
      vertex 7.1103 2.5707 60
      vertex 6.67547 2.30423 2
      vertex 7.1103 2.5707 2
    endloop
  endfacet
  facet normal -0.382682 0.92388 0
    outer loop
      vertex 4.19569 8.29093 2
      vertex 3.72453 8.09577 60
      vertex 4.19569 8.29093 60
    endloop
  endfacet
  facet normal -0.382682 0.92388 0
    outer loop
      vertex 3.72453 8.09577 60
      vertex 4.19569 8.29093 2
      vertex 3.72453 8.09577 2
    endloop
  endfacet
  facet normal 0.852635 0.522507 0
    outer loop
      vertex 8.09577 6.67547 60
      vertex 7.8293 7.1103 2
      vertex 7.8293 7.1103 60
    endloop
  endfacet
  facet normal 0.852635 0.522507 0
    outer loop
      vertex 7.8293 7.1103 2
      vertex 8.09577 6.67547 60
      vertex 8.09577 6.67547 2
    endloop
  endfacet
  facet normal 0.233455 -0.972368 0
    outer loop
      vertex 5.75001 2 2
      vertex 6.2043 2.10907 60
      vertex 5.75001 2 60
    endloop
  endfacet
  facet normal 0.233455 -0.972368 0
    outer loop
      vertex 6.2043 2.10907 60
      vertex 5.75001 2 2
      vertex 6.2043 2.10907 2
    endloop
  endfacet
  facet normal 0.522507 0.852635 -0
    outer loop
      vertex 7.1103 7.8293 2
      vertex 6.67547 8.09577 60
      vertex 7.1103 7.8293 60
    endloop
  endfacet
  facet normal 0.522507 0.852635 0
    outer loop
      vertex 6.67547 8.09577 60
      vertex 7.1103 7.8293 2
      vertex 6.67547 8.09577 2
    endloop
  endfacet
  facet normal -0.23345 -0.972369 0
    outer loop
      vertex 4.19569 2.10907 2
      vertex 4.64999 2 60
      vertex 4.19569 2.10907 60
    endloop
  endfacet
  facet normal -0.23345 -0.972369 -0
    outer loop
      vertex 4.64999 2 60
      vertex 4.19569 2.10907 2
      vertex 4.64999 2 2
    endloop
  endfacet
  facet normal -0.760418 0.649434 0
    outer loop
      vertex 2.5707 7.1103 2
      vertex 2.9019 7.4981 60
      vertex 2.9019 7.4981 2
    endloop
  endfacet
  facet normal -0.760418 0.649434 0
    outer loop
      vertex 2.9019 7.4981 60
      vertex 2.5707 7.1103 2
      vertex 2.5707 7.1103 60
    endloop
  endfacet
  facet normal 0.760418 -0.649434 0
    outer loop
      vertex 7.4981 2.9019 60
      vertex 7.8293 3.2897 2
      vertex 7.8293 3.2897 60
    endloop
  endfacet
  facet normal 0.760418 -0.649434 0
    outer loop
      vertex 7.8293 3.2897 2
      vertex 7.4981 2.9019 60
      vertex 7.4981 2.9019 2
    endloop
  endfacet
  facet normal -0.852635 -0.522507 0
    outer loop
      vertex 2.5707 3.2897 2
      vertex 2.30423 3.72453 60
      vertex 2.30423 3.72453 2
    endloop
  endfacet
  facet normal -0.852635 -0.522507 0
    outer loop
      vertex 2.30423 3.72453 60
      vertex 2.5707 3.2897 2
      vertex 2.5707 3.2897 60
    endloop
  endfacet
  facet normal -0.760418 -0.649434 0
    outer loop
      vertex 2.9019 2.9019 2
      vertex 2.5707 3.2897 60
      vertex 2.5707 3.2897 2
    endloop
  endfacet
  facet normal -0.760418 -0.649434 0
    outer loop
      vertex 2.5707 3.2897 60
      vertex 2.9019 2.9019 2
      vertex 2.9019 2.9019 60
    endloop
  endfacet
  facet normal 0.972368 -0.233455 0
    outer loop
      vertex 8.29093 4.19569 60
      vertex 8.40999 4.69159 2
      vertex 8.40999 4.69159 60
    endloop
  endfacet
  facet normal 0.972368 -0.233455 0
    outer loop
      vertex 8.40999 4.69159 2
      vertex 8.29093 4.19569 60
      vertex 8.29093 4.19569 2
    endloop
  endfacet
  facet normal -0.852635 0.522507 0
    outer loop
      vertex 2.30423 6.67547 2
      vertex 2.5707 7.1103 60
      vertex 2.5707 7.1103 2
    endloop
  endfacet
  facet normal -0.852635 0.522507 0
    outer loop
      vertex 2.5707 7.1103 60
      vertex 2.30423 6.67547 2
      vertex 2.30423 6.67547 60
    endloop
  endfacet
  facet normal 0.0784538 0.996918 -0
    outer loop
      vertex 5.70841 8.40999 2
      vertex 5.2 8.45 60
      vertex 5.70841 8.40999 60
    endloop
  endfacet
  facet normal 0.0784538 0.996918 0
    outer loop
      vertex 5.2 8.45 60
      vertex 5.70841 8.40999 2
      vertex 5.2 8.45 2
    endloop
  endfacet
  facet normal 0.233459 0.972367 -0
    outer loop
      vertex 6.2043 8.29093 2
      vertex 5.70841 8.40999 60
      vertex 6.2043 8.29093 60
    endloop
  endfacet
  facet normal 0.233459 0.972367 0
    outer loop
      vertex 5.70841 8.40999 60
      vertex 6.2043 8.29093 2
      vertex 5.70841 8.40999 2
    endloop
  endfacet
  facet normal -0.382682 -0.92388 0
    outer loop
      vertex 3.72453 2.30423 2
      vertex 4.19569 2.10907 60
      vertex 3.72453 2.30423 60
    endloop
  endfacet
  facet normal -0.382682 -0.92388 -0
    outer loop
      vertex 4.19569 2.10907 60
      vertex 3.72453 2.30423 2
      vertex 4.19569 2.10907 2
    endloop
  endfacet
  facet normal -0.92388 -0.382682 0
    outer loop
      vertex 2.30423 3.72453 2
      vertex 2.10907 4.19569 60
      vertex 2.10907 4.19569 2
    endloop
  endfacet
  facet normal -0.92388 -0.382682 0
    outer loop
      vertex 2.10907 4.19569 60
      vertex 2.30423 3.72453 2
      vertex 2.30423 3.72453 60
    endloop
  endfacet
  facet normal 0.92388 -0.382682 0
    outer loop
      vertex 8.09577 3.72453 60
      vertex 8.29093 4.19569 2
      vertex 8.29093 4.19569 60
    endloop
  endfacet
  facet normal 0.92388 -0.382682 0
    outer loop
      vertex 8.29093 4.19569 2
      vertex 8.09577 3.72453 60
      vertex 8.09577 3.72453 2
    endloop
  endfacet
  facet normal 0.382675 0.923883 -0
    outer loop
      vertex 6.67547 8.09577 2
      vertex 6.2043 8.29093 60
      vertex 6.67547 8.09577 60
    endloop
  endfacet
  facet normal 0.382675 0.923883 0
    outer loop
      vertex 6.2043 8.29093 60
      vertex 6.67547 8.09577 2
      vertex 6.2043 8.29093 2
    endloop
  endfacet
  facet normal -0.649434 -0.760418 0
    outer loop
      vertex 2.9019 2.9019 2
      vertex 3.2897 2.5707 60
      vertex 2.9019 2.9019 60
    endloop
  endfacet
  facet normal -0.649434 -0.760418 -0
    outer loop
      vertex 3.2897 2.5707 60
      vertex 2.9019 2.9019 2
      vertex 3.2897 2.5707 2
    endloop
  endfacet
  facet normal 0.972363 -0.233474 0
    outer loop
      vertex 4.11354 5.37208 60
      vertex 4.15384 5.53992 2
      vertex 4.15384 5.53992 60
    endloop
  endfacet
  facet normal 0.972363 -0.233474 0
    outer loop
      vertex 4.15384 5.53992 2
      vertex 4.11354 5.37208 60
      vertex 4.11354 5.37208 2
    endloop
  endfacet
  facet normal -0.972363 -0.233474 0
    outer loop
      vertex 6.28646 5.37208 2
      vertex 6.24616 5.53992 60
      vertex 6.24616 5.53992 2
    endloop
  endfacet
  facet normal -0.972363 -0.233474 0
    outer loop
      vertex 6.24616 5.53992 60
      vertex 6.28646 5.37208 2
      vertex 6.28646 5.37208 60
    endloop
  endfacet
  facet normal -0.996919 -0.0784419 0
    outer loop
      vertex 6.3 5.2 2
      vertex 6.28646 5.37208 60
      vertex 6.28646 5.37208 2
    endloop
  endfacet
  facet normal -0.996919 -0.0784419 0
    outer loop
      vertex 6.28646 5.37208 60
      vertex 6.3 5.2 2
      vertex 6.3 5.2 60
    endloop
  endfacet
  facet normal 0.382661 -0.923889 0
    outer loop
      vertex 4.70061 6.18011 2
      vertex 4.86008 6.24616 60
      vertex 4.70061 6.18011 60
    endloop
  endfacet
  facet normal 0.382661 -0.923889 0
    outer loop
      vertex 4.86008 6.24616 60
      vertex 4.70061 6.18011 2
      vertex 4.86008 6.24616 2
    endloop
  endfacet
  facet normal -0.522516 0.85263 0
    outer loop
      vertex 5.84656 4.31008 2
      vertex 5.69939 4.21989 60
      vertex 5.84656 4.31008 60
    endloop
  endfacet
  facet normal -0.522516 0.85263 0
    outer loop
      vertex 5.69939 4.21989 60
      vertex 5.84656 4.31008 2
      vertex 5.69939 4.21989 2
    endloop
  endfacet
  facet normal 0.233474 0.972363 -0
    outer loop
      vertex 5.02792 4.11354 2
      vertex 4.86008 4.15384 60
      vertex 5.02792 4.11354 60
    endloop
  endfacet
  facet normal 0.233474 0.972363 0
    outer loop
      vertex 4.86008 4.15384 60
      vertex 5.02792 4.11354 2
      vertex 4.86008 4.15384 2
    endloop
  endfacet
  facet normal 0.0784419 0.996919 -0
    outer loop
      vertex 5.2 4.1 2
      vertex 5.02792 4.11354 60
      vertex 5.2 4.1 60
    endloop
  endfacet
  facet normal 0.0784419 0.996919 0
    outer loop
      vertex 5.02792 4.11354 60
      vertex 5.2 4.1 2
      vertex 5.02792 4.11354 2
    endloop
  endfacet
  facet normal 0.382661 0.923889 -0
    outer loop
      vertex 4.86008 4.15384 2
      vertex 4.70061 4.21989 60
      vertex 4.86008 4.15384 60
    endloop
  endfacet
  facet normal 0.382661 0.923889 0
    outer loop
      vertex 4.70061 4.21989 60
      vertex 4.86008 4.15384 2
      vertex 4.70061 4.21989 2
    endloop
  endfacet
  facet normal -0.382661 0.923889 0
    outer loop
      vertex 5.69939 4.21989 2
      vertex 5.53992 4.15384 60
      vertex 5.69939 4.21989 60
    endloop
  endfacet
  facet normal -0.382661 0.923889 0
    outer loop
      vertex 5.53992 4.15384 60
      vertex 5.69939 4.21989 2
      vertex 5.53992 4.15384 2
    endloop
  endfacet
  facet normal 0.233474 -0.972363 0
    outer loop
      vertex 4.86008 6.24616 2
      vertex 5.02792 6.28646 60
      vertex 4.86008 6.24616 60
    endloop
  endfacet
  facet normal 0.233474 -0.972363 0
    outer loop
      vertex 5.02792 6.28646 60
      vertex 4.86008 6.24616 2
      vertex 5.02792 6.28646 2
    endloop
  endfacet
  facet normal -0.233474 -0.972363 0
    outer loop
      vertex 5.37208 6.28646 2
      vertex 5.53992 6.24616 60
      vertex 5.37208 6.28646 60
    endloop
  endfacet
  facet normal -0.233474 -0.972363 -0
    outer loop
      vertex 5.53992 6.24616 60
      vertex 5.37208 6.28646 2
      vertex 5.53992 6.24616 2
    endloop
  endfacet
  facet normal 0.85263 0.522516 0
    outer loop
      vertex 4.31008 4.55344 60
      vertex 4.21989 4.70061 2
      vertex 4.21989 4.70061 60
    endloop
  endfacet
  facet normal 0.85263 0.522516 0
    outer loop
      vertex 4.21989 4.70061 2
      vertex 4.31008 4.55344 60
      vertex 4.31008 4.55344 2
    endloop
  endfacet
  facet normal -0.996919 0.0784419 0
    outer loop
      vertex 6.28646 5.02792 2
      vertex 6.3 5.2 60
      vertex 6.3 5.2 2
    endloop
  endfacet
  facet normal -0.996919 0.0784419 0
    outer loop
      vertex 6.3 5.2 60
      vertex 6.28646 5.02792 2
      vertex 6.28646 5.02792 60
    endloop
  endfacet
  facet normal 0.649426 0.760425 -0
    outer loop
      vertex 4.55344 4.31008 2
      vertex 4.42218 4.42218 60
      vertex 4.55344 4.31008 60
    endloop
  endfacet
  facet normal 0.649426 0.760425 0
    outer loop
      vertex 4.42218 4.42218 60
      vertex 4.55344 4.31008 2
      vertex 4.42218 4.42218 2
    endloop
  endfacet
  facet normal 0.972363 0.233474 0
    outer loop
      vertex 4.15384 4.86008 60
      vertex 4.11354 5.02792 2
      vertex 4.11354 5.02792 60
    endloop
  endfacet
  facet normal 0.972363 0.233474 0
    outer loop
      vertex 4.11354 5.02792 2
      vertex 4.15384 4.86008 60
      vertex 4.15384 4.86008 2
    endloop
  endfacet
  facet normal 0.760425 -0.649426 0
    outer loop
      vertex 4.31008 5.84656 60
      vertex 4.42218 5.97782 2
      vertex 4.42218 5.97782 60
    endloop
  endfacet
  facet normal 0.760425 -0.649426 0
    outer loop
      vertex 4.42218 5.97782 2
      vertex 4.31008 5.84656 60
      vertex 4.31008 5.84656 2
    endloop
  endfacet
  facet normal -0.649426 0.760425 0
    outer loop
      vertex 5.97782 4.42218 2
      vertex 5.84656 4.31008 60
      vertex 5.97782 4.42218 60
    endloop
  endfacet
  facet normal -0.649426 0.760425 0
    outer loop
      vertex 5.84656 4.31008 60
      vertex 5.97782 4.42218 2
      vertex 5.84656 4.31008 2
    endloop
  endfacet
  facet normal -0.923889 0.382661 0
    outer loop
      vertex 6.18011 4.70061 2
      vertex 6.24616 4.86008 60
      vertex 6.24616 4.86008 2
    endloop
  endfacet
  facet normal -0.923889 0.382661 0
    outer loop
      vertex 6.24616 4.86008 60
      vertex 6.18011 4.70061 2
      vertex 6.18011 4.70061 60
    endloop
  endfacet
  facet normal 0.760425 0.649426 0
    outer loop
      vertex 4.42218 4.42218 60
      vertex 4.31008 4.55344 2
      vertex 4.31008 4.55344 60
    endloop
  endfacet
  facet normal 0.760425 0.649426 0
    outer loop
      vertex 4.31008 4.55344 2
      vertex 4.42218 4.42218 60
      vertex 4.42218 4.42218 2
    endloop
  endfacet
  facet normal 0.649426 -0.760425 0
    outer loop
      vertex 4.42218 5.97782 2
      vertex 4.55344 6.08992 60
      vertex 4.42218 5.97782 60
    endloop
  endfacet
  facet normal 0.649426 -0.760425 0
    outer loop
      vertex 4.55344 6.08992 60
      vertex 4.42218 5.97782 2
      vertex 4.55344 6.08992 2
    endloop
  endfacet
  facet normal -0.85263 0.522516 0
    outer loop
      vertex 6.08992 4.55344 2
      vertex 6.18011 4.70061 60
      vertex 6.18011 4.70061 2
    endloop
  endfacet
  facet normal -0.85263 0.522516 0
    outer loop
      vertex 6.18011 4.70061 60
      vertex 6.08992 4.55344 2
      vertex 6.08992 4.55344 60
    endloop
  endfacet
  facet normal -0.760425 -0.649426 0
    outer loop
      vertex 6.08992 5.84656 2
      vertex 5.97782 5.97782 60
      vertex 5.97782 5.97782 2
    endloop
  endfacet
  facet normal -0.760425 -0.649426 0
    outer loop
      vertex 5.97782 5.97782 60
      vertex 6.08992 5.84656 2
      vertex 6.08992 5.84656 60
    endloop
  endfacet
  facet normal -0.233474 0.972363 0
    outer loop
      vertex 5.53992 4.15384 2
      vertex 5.37208 4.11354 60
      vertex 5.53992 4.15384 60
    endloop
  endfacet
  facet normal -0.233474 0.972363 0
    outer loop
      vertex 5.37208 4.11354 60
      vertex 5.53992 4.15384 2
      vertex 5.37208 4.11354 2
    endloop
  endfacet
  facet normal 0.85263 -0.522516 0
    outer loop
      vertex 4.21989 5.69939 60
      vertex 4.31008 5.84656 2
      vertex 4.31008 5.84656 60
    endloop
  endfacet
  facet normal 0.85263 -0.522516 0
    outer loop
      vertex 4.31008 5.84656 2
      vertex 4.21989 5.69939 60
      vertex 4.21989 5.69939 2
    endloop
  endfacet
  facet normal -0.972363 0.233474 0
    outer loop
      vertex 6.24616 4.86008 2
      vertex 6.28646 5.02792 60
      vertex 6.28646 5.02792 2
    endloop
  endfacet
  facet normal -0.972363 0.233474 0
    outer loop
      vertex 6.28646 5.02792 60
      vertex 6.24616 4.86008 2
      vertex 6.24616 4.86008 60
    endloop
  endfacet
  facet normal -0.382661 -0.923889 0
    outer loop
      vertex 5.53992 6.24616 2
      vertex 5.69939 6.18011 60
      vertex 5.53992 6.24616 60
    endloop
  endfacet
  facet normal -0.382661 -0.923889 -0
    outer loop
      vertex 5.69939 6.18011 60
      vertex 5.53992 6.24616 2
      vertex 5.69939 6.18011 2
    endloop
  endfacet
  facet normal -0.649426 -0.760425 0
    outer loop
      vertex 5.84656 6.08992 2
      vertex 5.97782 5.97782 60
      vertex 5.84656 6.08992 60
    endloop
  endfacet
  facet normal -0.649426 -0.760425 -0
    outer loop
      vertex 5.97782 5.97782 60
      vertex 5.84656 6.08992 2
      vertex 5.97782 5.97782 2
    endloop
  endfacet
  facet normal 0.923889 -0.382661 0
    outer loop
      vertex 4.15384 5.53992 60
      vertex 4.21989 5.69939 2
      vertex 4.21989 5.69939 60
    endloop
  endfacet
  facet normal 0.923889 -0.382661 0
    outer loop
      vertex 4.21989 5.69939 2
      vertex 4.15384 5.53992 60
      vertex 4.15384 5.53992 2
    endloop
  endfacet
  facet normal -0.522516 -0.85263 0
    outer loop
      vertex 5.69939 6.18011 2
      vertex 5.84656 6.08992 60
      vertex 5.69939 6.18011 60
    endloop
  endfacet
  facet normal -0.522516 -0.85263 -0
    outer loop
      vertex 5.84656 6.08992 60
      vertex 5.69939 6.18011 2
      vertex 5.84656 6.08992 2
    endloop
  endfacet
  facet normal -0.0784419 0.996919 0
    outer loop
      vertex 5.37208 4.11354 2
      vertex 5.2 4.1 60
      vertex 5.37208 4.11354 60
    endloop
  endfacet
  facet normal -0.0784419 0.996919 0
    outer loop
      vertex 5.2 4.1 60
      vertex 5.37208 4.11354 2
      vertex 5.2 4.1 2
    endloop
  endfacet
  facet normal 0.0784419 -0.996919 0
    outer loop
      vertex 5.02792 6.28646 2
      vertex 5.2 6.3 60
      vertex 5.02792 6.28646 60
    endloop
  endfacet
  facet normal 0.0784419 -0.996919 0
    outer loop
      vertex 5.2 6.3 60
      vertex 5.02792 6.28646 2
      vertex 5.2 6.3 2
    endloop
  endfacet
  facet normal -0.85263 -0.522516 0
    outer loop
      vertex 6.18011 5.69939 2
      vertex 6.08992 5.84656 60
      vertex 6.08992 5.84656 2
    endloop
  endfacet
  facet normal -0.85263 -0.522516 0
    outer loop
      vertex 6.08992 5.84656 60
      vertex 6.18011 5.69939 2
      vertex 6.18011 5.69939 60
    endloop
  endfacet
  facet normal 0.996919 -0.0784419 0
    outer loop
      vertex 4.1 5.2 60
      vertex 4.11354 5.37208 2
      vertex 4.11354 5.37208 60
    endloop
  endfacet
  facet normal 0.996919 -0.0784419 0
    outer loop
      vertex 4.11354 5.37208 2
      vertex 4.1 5.2 60
      vertex 4.1 5.2 2
    endloop
  endfacet
  facet normal 0.996919 0.0784419 0
    outer loop
      vertex 4.11354 5.02792 60
      vertex 4.1 5.2 2
      vertex 4.1 5.2 60
    endloop
  endfacet
  facet normal 0.996919 0.0784419 0
    outer loop
      vertex 4.1 5.2 2
      vertex 4.11354 5.02792 60
      vertex 4.11354 5.02792 2
    endloop
  endfacet
  facet normal -0.760425 0.649426 0
    outer loop
      vertex 5.97782 4.42218 2
      vertex 6.08992 4.55344 60
      vertex 6.08992 4.55344 2
    endloop
  endfacet
  facet normal -0.760425 0.649426 0
    outer loop
      vertex 6.08992 4.55344 60
      vertex 5.97782 4.42218 2
      vertex 5.97782 4.42218 60
    endloop
  endfacet
  facet normal -0.0784419 -0.996919 0
    outer loop
      vertex 5.2 6.3 2
      vertex 5.37208 6.28646 60
      vertex 5.2 6.3 60
    endloop
  endfacet
  facet normal -0.0784419 -0.996919 -0
    outer loop
      vertex 5.37208 6.28646 60
      vertex 5.2 6.3 2
      vertex 5.37208 6.28646 2
    endloop
  endfacet
  facet normal -0.923889 -0.382661 0
    outer loop
      vertex 6.24616 5.53992 2
      vertex 6.18011 5.69939 60
      vertex 6.18011 5.69939 2
    endloop
  endfacet
  facet normal -0.923889 -0.382661 0
    outer loop
      vertex 6.18011 5.69939 60
      vertex 6.24616 5.53992 2
      vertex 6.24616 5.53992 60
    endloop
  endfacet
  facet normal 0.522516 -0.85263 0
    outer loop
      vertex 4.55344 6.08992 2
      vertex 4.70061 6.18011 60
      vertex 4.55344 6.08992 60
    endloop
  endfacet
  facet normal 0.522516 -0.85263 0
    outer loop
      vertex 4.70061 6.18011 60
      vertex 4.55344 6.08992 2
      vertex 4.70061 6.18011 2
    endloop
  endfacet
  facet normal 0.923889 0.382661 0
    outer loop
      vertex 4.21989 4.70061 60
      vertex 4.15384 4.86008 2
      vertex 4.15384 4.86008 60
    endloop
  endfacet
  facet normal 0.923889 0.382661 0
    outer loop
      vertex 4.15384 4.86008 2
      vertex 4.21989 4.70061 60
      vertex 4.21989 4.70061 2
    endloop
  endfacet
  facet normal 0.522516 0.85263 -0
    outer loop
      vertex 4.70061 4.21989 2
      vertex 4.55344 4.31008 60
      vertex 4.70061 4.21989 60
    endloop
  endfacet
  facet normal 0.522516 0.85263 0
    outer loop
      vertex 4.55344 4.31008 60
      vertex 4.70061 4.21989 2
      vertex 4.55344 4.31008 2
    endloop
  endfacet
  facet normal 0.972353 0.233515 0
    outer loop
      vertex 38 5.75001 60
      vertex 37.8909 6.2043 2
      vertex 37.8909 6.2043 60
    endloop
  endfacet
  facet normal 0.972353 0.233515 0
    outer loop
      vertex 37.8909 6.2043 2
      vertex 38 5.75001 60
      vertex 38 5.75001 2
    endloop
  endfacet
  facet normal 0.649434 0.760418 -0
    outer loop
      vertex 37.0981 7.4981 2
      vertex 36.7103 7.8293 60
      vertex 37.0981 7.4981 60
    endloop
  endfacet
  facet normal 0.649434 0.760418 0
    outer loop
      vertex 36.7103 7.8293 60
      vertex 37.0981 7.4981 2
      vertex 36.7103 7.8293 2
    endloop
  endfacet
  facet normal -0.972349 0.233533 0
    outer loop
      vertex 31.59 5.70841 2
      vertex 31.7091 6.2043 60
      vertex 31.7091 6.2043 2
    endloop
  endfacet
  facet normal -0.972349 0.233533 0
    outer loop
      vertex 31.7091 6.2043 60
      vertex 31.59 5.70841 2
      vertex 31.59 5.70841 60
    endloop
  endfacet
  facet normal -0.522533 0.852619 0
    outer loop
      vertex 33.3245 8.09577 2
      vertex 32.8897 7.8293 60
      vertex 33.3245 8.09577 60
    endloop
  endfacet
  facet normal -0.522533 0.852619 0
    outer loop
      vertex 32.8897 7.8293 60
      vertex 33.3245 8.09577 2
      vertex 32.8897 7.8293 2
    endloop
  endfacet
  facet normal -0.97235 -0.233529 0
    outer loop
      vertex 31.7091 4.19569 2
      vertex 31.59 4.69159 60
      vertex 31.59 4.69159 2
    endloop
  endfacet
  facet normal -0.97235 -0.233529 0
    outer loop
      vertex 31.59 4.69159 60
      vertex 31.7091 4.19569 2
      vertex 31.7091 4.19569 60
    endloop
  endfacet
  facet normal 0.649434 -0.760418 0
    outer loop
      vertex 36.7103 2.5707 2
      vertex 37.0981 2.9019 60
      vertex 36.7103 2.5707 60
    endloop
  endfacet
  facet normal 0.649434 -0.760418 0
    outer loop
      vertex 37.0981 2.9019 60
      vertex 36.7103 2.5707 2
      vertex 37.0981 2.9019 2
    endloop
  endfacet
  facet normal 0.852609 -0.52255 0
    outer loop
      vertex 37.4293 3.2897 60
      vertex 37.6958 3.72453 2
      vertex 37.6958 3.72453 60
    endloop
  endfacet
  facet normal 0.852609 -0.52255 0
    outer loop
      vertex 37.6958 3.72453 2
      vertex 37.4293 3.2897 60
      vertex 37.4293 3.2897 2
    endloop
  endfacet
  facet normal -0.0784553 0.996918 0
    outer loop
      vertex 34.8 8.45 2
      vertex 34.2916 8.40999 60
      vertex 34.8 8.45 60
    endloop
  endfacet
  facet normal -0.0784553 0.996918 0
    outer loop
      vertex 34.2916 8.40999 60
      vertex 34.8 8.45 2
      vertex 34.2916 8.40999 2
    endloop
  endfacet
  facet normal 0.923925 0.382575 0
    outer loop
      vertex 37.8909 6.2043 60
      vertex 37.6958 6.67547 2
      vertex 37.6958 6.67547 60
    endloop
  endfacet
  facet normal 0.923925 0.382575 0
    outer loop
      vertex 37.6958 6.67547 2
      vertex 37.8909 6.2043 60
      vertex 37.8909 6.2043 2
    endloop
  endfacet
  facet normal -0.522533 -0.852619 0
    outer loop
      vertex 32.8897 2.5707 2
      vertex 33.3245 2.30423 60
      vertex 32.8897 2.5707 60
    endloop
  endfacet
  facet normal -0.522533 -0.852619 -0
    outer loop
      vertex 33.3245 2.30423 60
      vertex 32.8897 2.5707 2
      vertex 33.3245 2.30423 2
    endloop
  endfacet
  facet normal -0.233455 0.972368 0
    outer loop
      vertex 34.2916 8.40999 2
      vertex 33.7957 8.29093 60
      vertex 34.2916 8.40999 60
    endloop
  endfacet
  facet normal -0.233455 0.972368 0
    outer loop
      vertex 33.7957 8.29093 60
      vertex 34.2916 8.40999 2
      vertex 33.7957 8.29093 2
    endloop
  endfacet
  facet normal -0.649434 0.760418 0
    outer loop
      vertex 32.8897 7.8293 2
      vertex 32.5019 7.4981 60
      vertex 32.8897 7.8293 60
    endloop
  endfacet
  facet normal -0.649434 0.760418 0
    outer loop
      vertex 32.5019 7.4981 60
      vertex 32.8897 7.8293 2
      vertex 32.5019 7.4981 2
    endloop
  endfacet
  facet normal -0.923925 0.382575 0
    outer loop
      vertex 31.7091 6.2043 2
      vertex 31.9042 6.67547 60
      vertex 31.9042 6.67547 2
    endloop
  endfacet
  facet normal -0.923925 0.382575 0
    outer loop
      vertex 31.9042 6.67547 60
      vertex 31.7091 6.2043 2
      vertex 31.7091 6.2043 60
    endloop
  endfacet
  facet normal 0.382654 -0.923892 0
    outer loop
      vertex 35.8043 2.10907 2
      vertex 36.2755 2.30423 60
      vertex 35.8043 2.10907 60
    endloop
  endfacet
  facet normal 0.382654 -0.923892 0
    outer loop
      vertex 36.2755 2.30423 60
      vertex 35.8043 2.10907 2
      vertex 36.2755 2.30423 2
    endloop
  endfacet
  facet normal 0.760418 0.649434 0
    outer loop
      vertex 37.4293 7.1103 60
      vertex 37.0981 7.4981 2
      vertex 37.0981 7.4981 60
    endloop
  endfacet
  facet normal 0.760418 0.649434 0
    outer loop
      vertex 37.0981 7.4981 2
      vertex 37.4293 7.1103 60
      vertex 37.4293 7.1103 2
    endloop
  endfacet
  facet normal 0.522533 -0.852619 0
    outer loop
      vertex 36.2755 2.30423 2
      vertex 36.7103 2.5707 60
      vertex 36.2755 2.30423 60
    endloop
  endfacet
  facet normal 0.522533 -0.852619 0
    outer loop
      vertex 36.7103 2.5707 60
      vertex 36.2755 2.30423 2
      vertex 36.7103 2.5707 2
    endloop
  endfacet
  facet normal -0.382654 0.923892 0
    outer loop
      vertex 33.7957 8.29093 2
      vertex 33.3245 8.09577 60
      vertex 33.7957 8.29093 60
    endloop
  endfacet
  facet normal -0.382654 0.923892 0
    outer loop
      vertex 33.3245 8.09577 60
      vertex 33.7957 8.29093 2
      vertex 33.3245 8.09577 2
    endloop
  endfacet
  facet normal 0.852609 0.52255 0
    outer loop
      vertex 37.6958 6.67547 60
      vertex 37.4293 7.1103 2
      vertex 37.4293 7.1103 60
    endloop
  endfacet
  facet normal 0.852609 0.52255 0
    outer loop
      vertex 37.4293 7.1103 2
      vertex 37.6958 6.67547 60
      vertex 37.6958 6.67547 2
    endloop
  endfacet
  facet normal 0.23345 -0.972369 0
    outer loop
      vertex 35.35 2 2
      vertex 35.8043 2.10907 60
      vertex 35.35 2 60
    endloop
  endfacet
  facet normal 0.23345 -0.972369 0
    outer loop
      vertex 35.8043 2.10907 60
      vertex 35.35 2 2
      vertex 35.8043 2.10907 2
    endloop
  endfacet
  facet normal 0.522533 0.852619 -0
    outer loop
      vertex 36.7103 7.8293 2
      vertex 36.2755 8.09577 60
      vertex 36.7103 7.8293 60
    endloop
  endfacet
  facet normal 0.522533 0.852619 0
    outer loop
      vertex 36.2755 8.09577 60
      vertex 36.7103 7.8293 2
      vertex 36.2755 8.09577 2
    endloop
  endfacet
  facet normal -0.23345 -0.972369 0
    outer loop
      vertex 33.7957 2.10907 2
      vertex 34.25 2 60
      vertex 33.7957 2.10907 60
    endloop
  endfacet
  facet normal -0.23345 -0.972369 -0
    outer loop
      vertex 34.25 2 60
      vertex 33.7957 2.10907 2
      vertex 34.25 2 2
    endloop
  endfacet
  facet normal -0.760418 0.649434 0
    outer loop
      vertex 32.1707 7.1103 2
      vertex 32.5019 7.4981 60
      vertex 32.5019 7.4981 2
    endloop
  endfacet
  facet normal -0.760418 0.649434 0
    outer loop
      vertex 32.5019 7.4981 60
      vertex 32.1707 7.1103 2
      vertex 32.1707 7.1103 60
    endloop
  endfacet
  facet normal 0.760418 -0.649434 0
    outer loop
      vertex 37.0981 2.9019 60
      vertex 37.4293 3.2897 2
      vertex 37.4293 3.2897 60
    endloop
  endfacet
  facet normal 0.760418 -0.649434 0
    outer loop
      vertex 37.4293 3.2897 2
      vertex 37.0981 2.9019 60
      vertex 37.0981 2.9019 2
    endloop
  endfacet
  facet normal -0.852609 -0.52255 0
    outer loop
      vertex 32.1707 3.2897 2
      vertex 31.9042 3.72453 60
      vertex 31.9042 3.72453 2
    endloop
  endfacet
  facet normal -0.852609 -0.52255 0
    outer loop
      vertex 31.9042 3.72453 60
      vertex 32.1707 3.2897 2
      vertex 32.1707 3.2897 60
    endloop
  endfacet
  facet normal -0.760418 -0.649434 0
    outer loop
      vertex 32.5019 2.9019 2
      vertex 32.1707 3.2897 60
      vertex 32.1707 3.2897 2
    endloop
  endfacet
  facet normal -0.760418 -0.649434 0
    outer loop
      vertex 32.1707 3.2897 60
      vertex 32.5019 2.9019 2
      vertex 32.5019 2.9019 60
    endloop
  endfacet
  facet normal -0.996919 0.0784343 0
    outer loop
      vertex 31.55 5.2 2
      vertex 31.59 5.70841 60
      vertex 31.59 5.70841 2
    endloop
  endfacet
  facet normal -0.996919 0.0784343 0
    outer loop
      vertex 31.59 5.70841 60
      vertex 31.55 5.2 2
      vertex 31.55 5.2 60
    endloop
  endfacet
  facet normal 0.972354 -0.233511 0
    outer loop
      vertex 37.8909 4.19569 60
      vertex 38 4.64999 2
      vertex 38 4.64999 60
    endloop
  endfacet
  facet normal 0.972354 -0.233511 0
    outer loop
      vertex 38 4.64999 2
      vertex 37.8909 4.19569 60
      vertex 37.8909 4.19569 2
    endloop
  endfacet
  facet normal -0.996919 -0.0784343 0
    outer loop
      vertex 31.59 4.69159 2
      vertex 31.55 5.2 60
      vertex 31.55 5.2 2
    endloop
  endfacet
  facet normal -0.996919 -0.0784343 0
    outer loop
      vertex 31.55 5.2 60
      vertex 31.59 4.69159 2
      vertex 31.59 4.69159 60
    endloop
  endfacet
  facet normal -0.852609 0.52255 0
    outer loop
      vertex 31.9042 6.67547 2
      vertex 32.1707 7.1103 60
      vertex 32.1707 7.1103 2
    endloop
  endfacet
  facet normal -0.852609 0.52255 0
    outer loop
      vertex 32.1707 7.1103 60
      vertex 31.9042 6.67547 2
      vertex 31.9042 6.67547 60
    endloop
  endfacet
  facet normal 0.0784553 0.996918 -0
    outer loop
      vertex 35.3084 8.40999 2
      vertex 34.8 8.45 60
      vertex 35.3084 8.40999 60
    endloop
  endfacet
  facet normal 0.0784553 0.996918 0
    outer loop
      vertex 34.8 8.45 60
      vertex 35.3084 8.40999 2
      vertex 34.8 8.45 2
    endloop
  endfacet
  facet normal 0.233455 0.972368 -0
    outer loop
      vertex 35.8043 8.29093 2
      vertex 35.3084 8.40999 60
      vertex 35.8043 8.29093 60
    endloop
  endfacet
  facet normal 0.233455 0.972368 0
    outer loop
      vertex 35.3084 8.40999 60
      vertex 35.8043 8.29093 2
      vertex 35.3084 8.40999 2
    endloop
  endfacet
  facet normal -0.382654 -0.923892 0
    outer loop
      vertex 33.3245 2.30423 2
      vertex 33.7957 2.10907 60
      vertex 33.3245 2.30423 60
    endloop
  endfacet
  facet normal -0.382654 -0.923892 -0
    outer loop
      vertex 33.7957 2.10907 60
      vertex 33.3245 2.30423 2
      vertex 33.7957 2.10907 2
    endloop
  endfacet
  facet normal -0.923922 -0.382582 0
    outer loop
      vertex 31.9042 3.72453 2
      vertex 31.7091 4.19569 60
      vertex 31.7091 4.19569 2
    endloop
  endfacet
  facet normal -0.923922 -0.382582 0
    outer loop
      vertex 31.7091 4.19569 60
      vertex 31.9042 3.72453 2
      vertex 31.9042 3.72453 60
    endloop
  endfacet
  facet normal 0.923922 -0.382582 0
    outer loop
      vertex 37.6958 3.72453 60
      vertex 37.8909 4.19569 2
      vertex 37.8909 4.19569 60
    endloop
  endfacet
  facet normal 0.923922 -0.382582 0
    outer loop
      vertex 37.8909 4.19569 2
      vertex 37.6958 3.72453 60
      vertex 37.6958 3.72453 2
    endloop
  endfacet
  facet normal 0.382654 0.923892 -0
    outer loop
      vertex 36.2755 8.09577 2
      vertex 35.8043 8.29093 60
      vertex 36.2755 8.09577 60
    endloop
  endfacet
  facet normal 0.382654 0.923892 0
    outer loop
      vertex 35.8043 8.29093 60
      vertex 36.2755 8.09577 2
      vertex 35.8043 8.29093 2
    endloop
  endfacet
  facet normal -0.649434 -0.760418 0
    outer loop
      vertex 32.5019 2.9019 2
      vertex 32.8897 2.5707 60
      vertex 32.5019 2.9019 60
    endloop
  endfacet
  facet normal -0.649434 -0.760418 -0
    outer loop
      vertex 32.8897 2.5707 60
      vertex 32.5019 2.9019 2
      vertex 32.8897 2.5707 2
    endloop
  endfacet
  facet normal 0.972363 -0.233474 0
    outer loop
      vertex 33.7135 5.37208 60
      vertex 33.7538 5.53992 2
      vertex 33.7538 5.53992 60
    endloop
  endfacet
  facet normal 0.972363 -0.233474 0
    outer loop
      vertex 33.7538 5.53992 2
      vertex 33.7135 5.37208 60
      vertex 33.7135 5.37208 2
    endloop
  endfacet
  facet normal -0.972363 -0.233474 0
    outer loop
      vertex 35.8865 5.37208 2
      vertex 35.8462 5.53992 60
      vertex 35.8462 5.53992 2
    endloop
  endfacet
  facet normal -0.972363 -0.233474 0
    outer loop
      vertex 35.8462 5.53992 60
      vertex 35.8865 5.37208 2
      vertex 35.8865 5.37208 60
    endloop
  endfacet
  facet normal -0.996937 -0.0782116 0
    outer loop
      vertex 35.9 5.2 2
      vertex 35.8865 5.37208 60
      vertex 35.8865 5.37208 2
    endloop
  endfacet
  facet normal -0.996937 -0.0782116 0
    outer loop
      vertex 35.8865 5.37208 60
      vertex 35.9 5.2 2
      vertex 35.9 5.2 60
    endloop
  endfacet
  facet normal 0.382599 -0.923914 0
    outer loop
      vertex 34.3006 6.18011 2
      vertex 34.4601 6.24616 60
      vertex 34.3006 6.18011 60
    endloop
  endfacet
  facet normal 0.382599 -0.923914 0
    outer loop
      vertex 34.4601 6.24616 60
      vertex 34.3006 6.18011 2
      vertex 34.4601 6.24616 2
    endloop
  endfacet
  facet normal -0.522438 0.852677 0
    outer loop
      vertex 35.4466 4.31008 2
      vertex 35.2994 4.21989 60
      vertex 35.4466 4.31008 60
    endloop
  endfacet
  facet normal -0.522438 0.852677 0
    outer loop
      vertex 35.2994 4.21989 60
      vertex 35.4466 4.31008 2
      vertex 35.2994 4.21989 2
    endloop
  endfacet
  facet normal 0.233526 0.97235 -0
    outer loop
      vertex 34.6279 4.11354 2
      vertex 34.4601 4.15384 60
      vertex 34.6279 4.11354 60
    endloop
  endfacet
  facet normal 0.233526 0.97235 0
    outer loop
      vertex 34.4601 4.15384 60
      vertex 34.6279 4.11354 2
      vertex 34.4601 4.15384 2
    endloop
  endfacet
  facet normal 0.0784328 0.996919 -0
    outer loop
      vertex 34.8 4.1 2
      vertex 34.6279 4.11354 60
      vertex 34.8 4.1 60
    endloop
  endfacet
  facet normal 0.0784328 0.996919 0
    outer loop
      vertex 34.6279 4.11354 60
      vertex 34.8 4.1 2
      vertex 34.6279 4.11354 2
    endloop
  endfacet
  facet normal 0.382599 0.923914 -0
    outer loop
      vertex 34.4601 4.15384 2
      vertex 34.3006 4.21989 60
      vertex 34.4601 4.15384 60
    endloop
  endfacet
  facet normal 0.382599 0.923914 0
    outer loop
      vertex 34.3006 4.21989 60
      vertex 34.4601 4.15384 2
      vertex 34.3006 4.21989 2
    endloop
  endfacet
  facet normal -0.382599 0.923914 0
    outer loop
      vertex 35.2994 4.21989 2
      vertex 35.1399 4.15384 60
      vertex 35.2994 4.21989 60
    endloop
  endfacet
  facet normal -0.382599 0.923914 0
    outer loop
      vertex 35.1399 4.15384 60
      vertex 35.2994 4.21989 2
      vertex 35.1399 4.15384 2
    endloop
  endfacet
  facet normal 0.233526 -0.97235 0
    outer loop
      vertex 34.4601 6.24616 2
      vertex 34.6279 6.28646 60
      vertex 34.4601 6.24616 60
    endloop
  endfacet
  facet normal 0.233526 -0.97235 0
    outer loop
      vertex 34.6279 6.28646 60
      vertex 34.4601 6.24616 2
      vertex 34.6279 6.28646 2
    endloop
  endfacet
  facet normal -0.233526 -0.97235 0
    outer loop
      vertex 34.9721 6.28646 2
      vertex 35.1399 6.24616 60
      vertex 34.9721 6.28646 60
    endloop
  endfacet
  facet normal -0.233526 -0.97235 -0
    outer loop
      vertex 35.1399 6.24616 60
      vertex 34.9721 6.28646 2
      vertex 35.1399 6.24616 2
    endloop
  endfacet
  facet normal 0.852604 0.522558 0
    outer loop
      vertex 33.9101 4.55344 60
      vertex 33.8199 4.70061 2
      vertex 33.8199 4.70061 60
    endloop
  endfacet
  facet normal 0.852604 0.522558 0
    outer loop
      vertex 33.8199 4.70061 2
      vertex 33.9101 4.55344 60
      vertex 33.9101 4.55344 2
    endloop
  endfacet
  facet normal -0.996937 0.0782116 0
    outer loop
      vertex 35.8865 5.02792 2
      vertex 35.9 5.2 60
      vertex 35.9 5.2 2
    endloop
  endfacet
  facet normal -0.996937 0.0782116 0
    outer loop
      vertex 35.9 5.2 60
      vertex 35.8865 5.02792 2
      vertex 35.8865 5.02792 60
    endloop
  endfacet
  facet normal 0.649598 0.760278 -0
    outer loop
      vertex 34.1534 4.31008 2
      vertex 34.0222 4.42218 60
      vertex 34.1534 4.31008 60
    endloop
  endfacet
  facet normal 0.649598 0.760278 0
    outer loop
      vertex 34.0222 4.42218 60
      vertex 34.1534 4.31008 2
      vertex 34.0222 4.42218 2
    endloop
  endfacet
  facet normal 0.972363 0.233474 0
    outer loop
      vertex 33.7538 4.86008 60
      vertex 33.7135 5.02792 2
      vertex 33.7135 5.02792 60
    endloop
  endfacet
  facet normal 0.972363 0.233474 0
    outer loop
      vertex 33.7135 5.02792 2
      vertex 33.7538 4.86008 60
      vertex 33.7538 4.86008 2
    endloop
  endfacet
  facet normal 0.760425 -0.649426 0
    outer loop
      vertex 33.9101 5.84656 60
      vertex 34.0222 5.97782 2
      vertex 34.0222 5.97782 60
    endloop
  endfacet
  facet normal 0.760425 -0.649426 0
    outer loop
      vertex 34.0222 5.97782 2
      vertex 33.9101 5.84656 60
      vertex 33.9101 5.84656 2
    endloop
  endfacet
  facet normal -0.649598 0.760278 0
    outer loop
      vertex 35.5778 4.42218 2
      vertex 35.4466 4.31008 60
      vertex 35.5778 4.42218 60
    endloop
  endfacet
  facet normal -0.649598 0.760278 0
    outer loop
      vertex 35.4466 4.31008 60
      vertex 35.5778 4.42218 2
      vertex 35.4466 4.31008 2
    endloop
  endfacet
  facet normal -0.923787 0.382908 0
    outer loop
      vertex 35.7801 4.70061 2
      vertex 35.8462 4.86008 60
      vertex 35.8462 4.86008 2
    endloop
  endfacet
  facet normal -0.923787 0.382908 0
    outer loop
      vertex 35.8462 4.86008 60
      vertex 35.7801 4.70061 2
      vertex 35.7801 4.70061 60
    endloop
  endfacet
  facet normal 0.760425 0.649426 0
    outer loop
      vertex 34.0222 4.42218 60
      vertex 33.9101 4.55344 2
      vertex 33.9101 4.55344 60
    endloop
  endfacet
  facet normal 0.760425 0.649426 0
    outer loop
      vertex 33.9101 4.55344 2
      vertex 34.0222 4.42218 60
      vertex 34.0222 4.42218 2
    endloop
  endfacet
  facet normal 0.649598 -0.760278 0
    outer loop
      vertex 34.0222 5.97782 2
      vertex 34.1534 6.08992 60
      vertex 34.0222 5.97782 60
    endloop
  endfacet
  facet normal 0.649598 -0.760278 0
    outer loop
      vertex 34.1534 6.08992 60
      vertex 34.0222 5.97782 2
      vertex 34.1534 6.08992 2
    endloop
  endfacet
  facet normal -0.852604 0.522558 0
    outer loop
      vertex 35.6899 4.55344 2
      vertex 35.7801 4.70061 60
      vertex 35.7801 4.70061 2
    endloop
  endfacet
  facet normal -0.852604 0.522558 0
    outer loop
      vertex 35.7801 4.70061 60
      vertex 35.6899 4.55344 2
      vertex 35.6899 4.55344 60
    endloop
  endfacet
  facet normal -0.760425 -0.649426 0
    outer loop
      vertex 35.6899 5.84656 2
      vertex 35.5778 5.97782 60
      vertex 35.5778 5.97782 2
    endloop
  endfacet
  facet normal -0.760425 -0.649426 0
    outer loop
      vertex 35.5778 5.97782 60
      vertex 35.6899 5.84656 2
      vertex 35.6899 5.84656 60
    endloop
  endfacet
  facet normal -0.233526 0.97235 0
    outer loop
      vertex 35.1399 4.15384 2
      vertex 34.9721 4.11354 60
      vertex 35.1399 4.15384 60
    endloop
  endfacet
  facet normal -0.233526 0.97235 0
    outer loop
      vertex 34.9721 4.11354 60
      vertex 35.1399 4.15384 2
      vertex 34.9721 4.11354 2
    endloop
  endfacet
  facet normal 0.852604 -0.522558 0
    outer loop
      vertex 33.8199 5.69939 60
      vertex 33.9101 5.84656 2
      vertex 33.9101 5.84656 60
    endloop
  endfacet
  facet normal 0.852604 -0.522558 0
    outer loop
      vertex 33.9101 5.84656 2
      vertex 33.8199 5.69939 60
      vertex 33.8199 5.69939 2
    endloop
  endfacet
  facet normal -0.972363 0.233474 0
    outer loop
      vertex 35.8462 4.86008 2
      vertex 35.8865 5.02792 60
      vertex 35.8865 5.02792 2
    endloop
  endfacet
  facet normal -0.972363 0.233474 0
    outer loop
      vertex 35.8865 5.02792 60
      vertex 35.8462 4.86008 2
      vertex 35.8462 4.86008 60
    endloop
  endfacet
  facet normal -0.382599 -0.923914 0
    outer loop
      vertex 35.1399 6.24616 2
      vertex 35.2994 6.18011 60
      vertex 35.1399 6.24616 60
    endloop
  endfacet
  facet normal -0.382599 -0.923914 -0
    outer loop
      vertex 35.2994 6.18011 60
      vertex 35.1399 6.24616 2
      vertex 35.2994 6.18011 2
    endloop
  endfacet
  facet normal -0.649598 -0.760278 0
    outer loop
      vertex 35.4466 6.08992 2
      vertex 35.5778 5.97782 60
      vertex 35.4466 6.08992 60
    endloop
  endfacet
  facet normal -0.649598 -0.760278 -0
    outer loop
      vertex 35.5778 5.97782 60
      vertex 35.4466 6.08992 2
      vertex 35.5778 5.97782 2
    endloop
  endfacet
  facet normal 0.923787 -0.382908 0
    outer loop
      vertex 33.7538 5.53992 60
      vertex 33.8199 5.69939 2
      vertex 33.8199 5.69939 60
    endloop
  endfacet
  facet normal 0.923787 -0.382908 0
    outer loop
      vertex 33.8199 5.69939 2
      vertex 33.7538 5.53992 60
      vertex 33.7538 5.53992 2
    endloop
  endfacet
  facet normal -0.522438 -0.852677 0
    outer loop
      vertex 35.2994 6.18011 2
      vertex 35.4466 6.08992 60
      vertex 35.2994 6.18011 60
    endloop
  endfacet
  facet normal -0.522438 -0.852677 -0
    outer loop
      vertex 35.4466 6.08992 60
      vertex 35.2994 6.18011 2
      vertex 35.4466 6.08992 2
    endloop
  endfacet
  facet normal -0.0784328 0.996919 0
    outer loop
      vertex 34.9721 4.11354 2
      vertex 34.8 4.1 60
      vertex 34.9721 4.11354 60
    endloop
  endfacet
  facet normal -0.0784328 0.996919 0
    outer loop
      vertex 34.8 4.1 60
      vertex 34.9721 4.11354 2
      vertex 34.8 4.1 2
    endloop
  endfacet
  facet normal 0.0784328 -0.996919 0
    outer loop
      vertex 34.6279 6.28646 2
      vertex 34.8 6.3 60
      vertex 34.6279 6.28646 60
    endloop
  endfacet
  facet normal 0.0784328 -0.996919 0
    outer loop
      vertex 34.8 6.3 60
      vertex 34.6279 6.28646 2
      vertex 34.8 6.3 2
    endloop
  endfacet
  facet normal -0.852604 -0.522558 0
    outer loop
      vertex 35.7801 5.69939 2
      vertex 35.6899 5.84656 60
      vertex 35.6899 5.84656 2
    endloop
  endfacet
  facet normal -0.852604 -0.522558 0
    outer loop
      vertex 35.6899 5.84656 60
      vertex 35.7801 5.69939 2
      vertex 35.7801 5.69939 60
    endloop
  endfacet
  facet normal 0.996937 -0.0782116 0
    outer loop
      vertex 33.7 5.2 60
      vertex 33.7135 5.37208 2
      vertex 33.7135 5.37208 60
    endloop
  endfacet
  facet normal 0.996937 -0.0782116 0
    outer loop
      vertex 33.7135 5.37208 2
      vertex 33.7 5.2 60
      vertex 33.7 5.2 2
    endloop
  endfacet
  facet normal 0.996937 0.0782116 0
    outer loop
      vertex 33.7135 5.02792 60
      vertex 33.7 5.2 2
      vertex 33.7 5.2 60
    endloop
  endfacet
  facet normal 0.996937 0.0782116 0
    outer loop
      vertex 33.7 5.2 2
      vertex 33.7135 5.02792 60
      vertex 33.7135 5.02792 2
    endloop
  endfacet
  facet normal -0.760425 0.649426 0
    outer loop
      vertex 35.5778 4.42218 2
      vertex 35.6899 4.55344 60
      vertex 35.6899 4.55344 2
    endloop
  endfacet
  facet normal -0.760425 0.649426 0
    outer loop
      vertex 35.6899 4.55344 60
      vertex 35.5778 4.42218 2
      vertex 35.5778 4.42218 60
    endloop
  endfacet
  facet normal -0.0784328 -0.996919 0
    outer loop
      vertex 34.8 6.3 2
      vertex 34.9721 6.28646 60
      vertex 34.8 6.3 60
    endloop
  endfacet
  facet normal -0.0784328 -0.996919 -0
    outer loop
      vertex 34.9721 6.28646 60
      vertex 34.8 6.3 2
      vertex 34.9721 6.28646 2
    endloop
  endfacet
  facet normal -0.923787 -0.382908 0
    outer loop
      vertex 35.8462 5.53992 2
      vertex 35.7801 5.69939 60
      vertex 35.7801 5.69939 2
    endloop
  endfacet
  facet normal -0.923787 -0.382908 0
    outer loop
      vertex 35.7801 5.69939 60
      vertex 35.8462 5.53992 2
      vertex 35.8462 5.53992 60
    endloop
  endfacet
  facet normal 0.522438 -0.852677 0
    outer loop
      vertex 34.1534 6.08992 2
      vertex 34.3006 6.18011 60
      vertex 34.1534 6.08992 60
    endloop
  endfacet
  facet normal 0.522438 -0.852677 0
    outer loop
      vertex 34.3006 6.18011 60
      vertex 34.1534 6.08992 2
      vertex 34.3006 6.18011 2
    endloop
  endfacet
  facet normal 0.923787 0.382908 0
    outer loop
      vertex 33.8199 4.70061 60
      vertex 33.7538 4.86008 2
      vertex 33.7538 4.86008 60
    endloop
  endfacet
  facet normal 0.923787 0.382908 0
    outer loop
      vertex 33.7538 4.86008 2
      vertex 33.8199 4.70061 60
      vertex 33.8199 4.70061 2
    endloop
  endfacet
  facet normal 0.522438 0.852677 -0
    outer loop
      vertex 34.3006 4.21989 2
      vertex 34.1534 4.31008 60
      vertex 34.3006 4.21989 60
    endloop
  endfacet
  facet normal 0.522438 0.852677 0
    outer loop
      vertex 34.1534 4.31008 60
      vertex 34.3006 4.21989 2
      vertex 34.1534 4.31008 2
    endloop
  endfacet
  facet normal 0.972368 0.233455 0
    outer loop
      vertex 8.40999 75.3084 60
      vertex 8.29093 75.8043 2
      vertex 8.29093 75.8043 60
    endloop
  endfacet
  facet normal 0.972368 0.233455 0
    outer loop
      vertex 8.29093 75.8043 2
      vertex 8.40999 75.3084 60
      vertex 8.40999 75.3084 2
    endloop
  endfacet
  facet normal 0.649434 0.760418 -0
    outer loop
      vertex 7.4981 77.0981 2
      vertex 7.1103 77.4293 60
      vertex 7.4981 77.0981 60
    endloop
  endfacet
  facet normal 0.649434 0.760418 0
    outer loop
      vertex 7.1103 77.4293 60
      vertex 7.4981 77.0981 2
      vertex 7.1103 77.4293 2
    endloop
  endfacet
  facet normal 0.0784343 -0.996919 0
    outer loop
      vertex 5.2 71.55 2
      vertex 5.70841 71.59 60
      vertex 5.2 71.55 60
    endloop
  endfacet
  facet normal 0.0784343 -0.996919 0
    outer loop
      vertex 5.70841 71.59 60
      vertex 5.2 71.55 2
      vertex 5.70841 71.59 2
    endloop
  endfacet
  facet normal -0.972369 0.23345 0
    outer loop
      vertex 2 75.35 2
      vertex 2.10907 75.8043 60
      vertex 2.10907 75.8043 2
    endloop
  endfacet
  facet normal -0.972369 0.23345 0
    outer loop
      vertex 2.10907 75.8043 60
      vertex 2 75.35 2
      vertex 2 75.35 60
    endloop
  endfacet
  facet normal 0.996918 0.0784553 0
    outer loop
      vertex 8.45 74.8 60
      vertex 8.40999 75.3084 2
      vertex 8.40999 75.3084 60
    endloop
  endfacet
  facet normal 0.996918 0.0784553 0
    outer loop
      vertex 8.40999 75.3084 2
      vertex 8.45 74.8 60
      vertex 8.45 74.8 2
    endloop
  endfacet
  facet normal -0.52255 0.852609 0
    outer loop
      vertex 3.72453 77.6958 2
      vertex 3.2897 77.4293 60
      vertex 3.72453 77.6958 60
    endloop
  endfacet
  facet normal -0.52255 0.852609 0
    outer loop
      vertex 3.2897 77.4293 60
      vertex 3.72453 77.6958 2
      vertex 3.2897 77.4293 2
    endloop
  endfacet
  facet normal -0.972369 -0.23345 0
    outer loop
      vertex 2.10907 73.7957 2
      vertex 2 74.25 60
      vertex 2 74.25 2
    endloop
  endfacet
  facet normal -0.972369 -0.23345 0
    outer loop
      vertex 2 74.25 60
      vertex 2.10907 73.7957 2
      vertex 2.10907 73.7957 60
    endloop
  endfacet
  facet normal 0.649434 -0.760418 0
    outer loop
      vertex 7.1103 72.1707 2
      vertex 7.4981 72.5019 60
      vertex 7.1103 72.1707 60
    endloop
  endfacet
  facet normal 0.649434 -0.760418 0
    outer loop
      vertex 7.4981 72.5019 60
      vertex 7.1103 72.1707 2
      vertex 7.4981 72.5019 2
    endloop
  endfacet
  facet normal 0.852619 -0.522533 0
    outer loop
      vertex 7.8293 72.8897 60
      vertex 8.09577 73.3245 2
      vertex 8.09577 73.3245 60
    endloop
  endfacet
  facet normal 0.852619 -0.522533 0
    outer loop
      vertex 8.09577 73.3245 2
      vertex 7.8293 72.8897 60
      vertex 7.8293 72.8897 2
    endloop
  endfacet
  facet normal 0.923892 0.382654 0
    outer loop
      vertex 8.29093 75.8043 60
      vertex 8.09577 76.2755 2
      vertex 8.09577 76.2755 60
    endloop
  endfacet
  facet normal 0.923892 0.382654 0
    outer loop
      vertex 8.09577 76.2755 2
      vertex 8.29093 75.8043 60
      vertex 8.29093 75.8043 2
    endloop
  endfacet
  facet normal -0.52255 -0.852609 0
    outer loop
      vertex 3.2897 72.1707 2
      vertex 3.72453 71.9042 60
      vertex 3.2897 72.1707 60
    endloop
  endfacet
  facet normal -0.52255 -0.852609 -0
    outer loop
      vertex 3.72453 71.9042 60
      vertex 3.2897 72.1707 2
      vertex 3.72453 71.9042 2
    endloop
  endfacet
  facet normal -0.233511 0.972354 0
    outer loop
      vertex 4.64999 78 2
      vertex 4.19569 77.8909 60
      vertex 4.64999 78 60
    endloop
  endfacet
  facet normal -0.233511 0.972354 0
    outer loop
      vertex 4.19569 77.8909 60
      vertex 4.64999 78 2
      vertex 4.19569 77.8909 2
    endloop
  endfacet
  facet normal -0.649434 0.760418 0
    outer loop
      vertex 3.2897 77.4293 2
      vertex 2.9019 77.0981 60
      vertex 3.2897 77.4293 60
    endloop
  endfacet
  facet normal -0.649434 0.760418 0
    outer loop
      vertex 2.9019 77.0981 60
      vertex 3.2897 77.4293 2
      vertex 2.9019 77.0981 2
    endloop
  endfacet
  facet normal -0.923892 0.382654 0
    outer loop
      vertex 2.10907 75.8043 2
      vertex 2.30423 76.2755 60
      vertex 2.30423 76.2755 2
    endloop
  endfacet
  facet normal -0.923892 0.382654 0
    outer loop
      vertex 2.30423 76.2755 60
      vertex 2.10907 75.8043 2
      vertex 2.10907 75.8043 60
    endloop
  endfacet
  facet normal 0.382575 -0.923925 0
    outer loop
      vertex 6.2043 71.7091 2
      vertex 6.67547 71.9042 60
      vertex 6.2043 71.7091 60
    endloop
  endfacet
  facet normal 0.382575 -0.923925 0
    outer loop
      vertex 6.67547 71.9042 60
      vertex 6.2043 71.7091 2
      vertex 6.67547 71.9042 2
    endloop
  endfacet
  facet normal 0.760418 0.649434 0
    outer loop
      vertex 7.8293 76.7103 60
      vertex 7.4981 77.0981 2
      vertex 7.4981 77.0981 60
    endloop
  endfacet
  facet normal 0.760418 0.649434 0
    outer loop
      vertex 7.4981 77.0981 2
      vertex 7.8293 76.7103 60
      vertex 7.8293 76.7103 2
    endloop
  endfacet
  facet normal 0.996918 -0.0784553 0
    outer loop
      vertex 8.40999 74.2916 60
      vertex 8.45 74.8 2
      vertex 8.45 74.8 60
    endloop
  endfacet
  facet normal 0.996918 -0.0784553 0
    outer loop
      vertex 8.45 74.8 2
      vertex 8.40999 74.2916 60
      vertex 8.40999 74.2916 2
    endloop
  endfacet
  facet normal 0.52255 -0.852609 0
    outer loop
      vertex 6.67547 71.9042 2
      vertex 7.1103 72.1707 60
      vertex 6.67547 71.9042 60
    endloop
  endfacet
  facet normal 0.52255 -0.852609 0
    outer loop
      vertex 7.1103 72.1707 60
      vertex 6.67547 71.9042 2
      vertex 7.1103 72.1707 2
    endloop
  endfacet
  facet normal -0.382582 0.923922 0
    outer loop
      vertex 4.19569 77.8909 2
      vertex 3.72453 77.6958 60
      vertex 4.19569 77.8909 60
    endloop
  endfacet
  facet normal -0.382582 0.923922 0
    outer loop
      vertex 3.72453 77.6958 60
      vertex 4.19569 77.8909 2
      vertex 3.72453 77.6958 2
    endloop
  endfacet
  facet normal 0.852619 0.522533 0
    outer loop
      vertex 8.09577 76.2755 60
      vertex 7.8293 76.7103 2
      vertex 7.8293 76.7103 60
    endloop
  endfacet
  facet normal 0.852619 0.522533 0
    outer loop
      vertex 7.8293 76.7103 2
      vertex 8.09577 76.2755 60
      vertex 8.09577 76.2755 2
    endloop
  endfacet
  facet normal 0.233533 -0.972349 0
    outer loop
      vertex 5.70841 71.59 2
      vertex 6.2043 71.7091 60
      vertex 5.70841 71.59 60
    endloop
  endfacet
  facet normal 0.233533 -0.972349 0
    outer loop
      vertex 6.2043 71.7091 60
      vertex 5.70841 71.59 2
      vertex 6.2043 71.7091 2
    endloop
  endfacet
  facet normal 0.52255 0.852609 -0
    outer loop
      vertex 7.1103 77.4293 2
      vertex 6.67547 77.6958 60
      vertex 7.1103 77.4293 60
    endloop
  endfacet
  facet normal 0.52255 0.852609 0
    outer loop
      vertex 6.67547 77.6958 60
      vertex 7.1103 77.4293 2
      vertex 6.67547 77.6958 2
    endloop
  endfacet
  facet normal -0.233529 -0.97235 0
    outer loop
      vertex 4.19569 71.7091 2
      vertex 4.69159 71.59 60
      vertex 4.19569 71.7091 60
    endloop
  endfacet
  facet normal -0.233529 -0.97235 -0
    outer loop
      vertex 4.69159 71.59 60
      vertex 4.19569 71.7091 2
      vertex 4.69159 71.59 2
    endloop
  endfacet
  facet normal -0.760418 0.649434 0
    outer loop
      vertex 2.5707 76.7103 2
      vertex 2.9019 77.0981 60
      vertex 2.9019 77.0981 2
    endloop
  endfacet
  facet normal -0.760418 0.649434 0
    outer loop
      vertex 2.9019 77.0981 60
      vertex 2.5707 76.7103 2
      vertex 2.5707 76.7103 60
    endloop
  endfacet
  facet normal 0.760418 -0.649434 0
    outer loop
      vertex 7.4981 72.5019 60
      vertex 7.8293 72.8897 2
      vertex 7.8293 72.8897 60
    endloop
  endfacet
  facet normal 0.760418 -0.649434 0
    outer loop
      vertex 7.8293 72.8897 2
      vertex 7.4981 72.5019 60
      vertex 7.4981 72.5019 2
    endloop
  endfacet
  facet normal -0.852619 -0.522533 0
    outer loop
      vertex 2.5707 72.8897 2
      vertex 2.30423 73.3245 60
      vertex 2.30423 73.3245 2
    endloop
  endfacet
  facet normal -0.852619 -0.522533 0
    outer loop
      vertex 2.30423 73.3245 60
      vertex 2.5707 72.8897 2
      vertex 2.5707 72.8897 60
    endloop
  endfacet
  facet normal -0.760418 -0.649434 0
    outer loop
      vertex 2.9019 72.5019 2
      vertex 2.5707 72.8897 60
      vertex 2.5707 72.8897 2
    endloop
  endfacet
  facet normal -0.760418 -0.649434 0
    outer loop
      vertex 2.5707 72.8897 60
      vertex 2.9019 72.5019 2
      vertex 2.9019 72.5019 60
    endloop
  endfacet
  facet normal 0.972368 -0.233455 0
    outer loop
      vertex 8.29093 73.7957 60
      vertex 8.40999 74.2916 2
      vertex 8.40999 74.2916 60
    endloop
  endfacet
  facet normal 0.972368 -0.233455 0
    outer loop
      vertex 8.40999 74.2916 2
      vertex 8.29093 73.7957 60
      vertex 8.29093 73.7957 2
    endloop
  endfacet
  facet normal -0.852619 0.522533 0
    outer loop
      vertex 2.30423 76.2755 2
      vertex 2.5707 76.7103 60
      vertex 2.5707 76.7103 2
    endloop
  endfacet
  facet normal -0.852619 0.522533 0
    outer loop
      vertex 2.5707 76.7103 60
      vertex 2.30423 76.2755 2
      vertex 2.30423 76.2755 60
    endloop
  endfacet
  facet normal 0.233515 0.972353 -0
    outer loop
      vertex 6.2043 77.8909 2
      vertex 5.75001 78 60
      vertex 6.2043 77.8909 60
    endloop
  endfacet
  facet normal 0.233515 0.972353 0
    outer loop
      vertex 5.75001 78 60
      vertex 6.2043 77.8909 2
      vertex 5.75001 78 2
    endloop
  endfacet
  facet normal -0.0784343 -0.996919 0
    outer loop
      vertex 4.69159 71.59 2
      vertex 5.2 71.55 60
      vertex 4.69159 71.59 60
    endloop
  endfacet
  facet normal -0.0784343 -0.996919 -0
    outer loop
      vertex 5.2 71.55 60
      vertex 4.69159 71.59 2
      vertex 5.2 71.55 2
    endloop
  endfacet
  facet normal -0.382582 -0.923922 0
    outer loop
      vertex 3.72453 71.9042 2
      vertex 4.19569 71.7091 60
      vertex 3.72453 71.9042 60
    endloop
  endfacet
  facet normal -0.382582 -0.923922 -0
    outer loop
      vertex 4.19569 71.7091 60
      vertex 3.72453 71.9042 2
      vertex 4.19569 71.7091 2
    endloop
  endfacet
  facet normal -0.923892 -0.382654 0
    outer loop
      vertex 2.30423 73.3245 2
      vertex 2.10907 73.7957 60
      vertex 2.10907 73.7957 2
    endloop
  endfacet
  facet normal -0.923892 -0.382654 0
    outer loop
      vertex 2.10907 73.7957 60
      vertex 2.30423 73.3245 2
      vertex 2.30423 73.3245 60
    endloop
  endfacet
  facet normal 0.923892 -0.382654 0
    outer loop
      vertex 8.09577 73.3245 60
      vertex 8.29093 73.7957 2
      vertex 8.29093 73.7957 60
    endloop
  endfacet
  facet normal 0.923892 -0.382654 0
    outer loop
      vertex 8.29093 73.7957 2
      vertex 8.09577 73.3245 60
      vertex 8.09577 73.3245 2
    endloop
  endfacet
  facet normal 0.382575 0.923925 -0
    outer loop
      vertex 6.67547 77.6958 2
      vertex 6.2043 77.8909 60
      vertex 6.67547 77.6958 60
    endloop
  endfacet
  facet normal 0.382575 0.923925 0
    outer loop
      vertex 6.2043 77.8909 60
      vertex 6.67547 77.6958 2
      vertex 6.2043 77.8909 2
    endloop
  endfacet
  facet normal -0.649434 -0.760418 0
    outer loop
      vertex 2.9019 72.5019 2
      vertex 3.2897 72.1707 60
      vertex 2.9019 72.5019 60
    endloop
  endfacet
  facet normal -0.649434 -0.760418 -0
    outer loop
      vertex 3.2897 72.1707 60
      vertex 2.9019 72.5019 2
      vertex 3.2897 72.1707 2
    endloop
  endfacet
  facet normal 0.97235 -0.233526 0
    outer loop
      vertex 4.11354 74.9721 60
      vertex 4.15384 75.1399 2
      vertex 4.15384 75.1399 60
    endloop
  endfacet
  facet normal 0.97235 -0.233526 0
    outer loop
      vertex 4.15384 75.1399 2
      vertex 4.11354 74.9721 60
      vertex 4.11354 74.9721 2
    endloop
  endfacet
  facet normal -0.97235 -0.233526 0
    outer loop
      vertex 6.28646 74.9721 2
      vertex 6.24616 75.1399 60
      vertex 6.24616 75.1399 2
    endloop
  endfacet
  facet normal -0.97235 -0.233526 0
    outer loop
      vertex 6.24616 75.1399 60
      vertex 6.28646 74.9721 2
      vertex 6.28646 74.9721 60
    endloop
  endfacet
  facet normal -0.996919 -0.0784328 0
    outer loop
      vertex 6.3 74.8 2
      vertex 6.28646 74.9721 60
      vertex 6.28646 74.9721 2
    endloop
  endfacet
  facet normal -0.996919 -0.0784328 0
    outer loop
      vertex 6.28646 74.9721 60
      vertex 6.3 74.8 2
      vertex 6.3 74.8 60
    endloop
  endfacet
  facet normal 0.382908 -0.923787 0
    outer loop
      vertex 4.70061 75.7801 2
      vertex 4.86008 75.8462 60
      vertex 4.70061 75.7801 60
    endloop
  endfacet
  facet normal 0.382908 -0.923787 0
    outer loop
      vertex 4.86008 75.8462 60
      vertex 4.70061 75.7801 2
      vertex 4.86008 75.8462 2
    endloop
  endfacet
  facet normal -0.522558 0.852604 0
    outer loop
      vertex 5.84656 73.9101 2
      vertex 5.69939 73.8199 60
      vertex 5.84656 73.9101 60
    endloop
  endfacet
  facet normal -0.522558 0.852604 0
    outer loop
      vertex 5.69939 73.8199 60
      vertex 5.84656 73.9101 2
      vertex 5.69939 73.8199 2
    endloop
  endfacet
  facet normal 0.233474 0.972363 -0
    outer loop
      vertex 5.02792 73.7135 2
      vertex 4.86008 73.7538 60
      vertex 5.02792 73.7135 60
    endloop
  endfacet
  facet normal 0.233474 0.972363 0
    outer loop
      vertex 4.86008 73.7538 60
      vertex 5.02792 73.7135 2
      vertex 4.86008 73.7538 2
    endloop
  endfacet
  facet normal 0.0782116 0.996937 -0
    outer loop
      vertex 5.2 73.7 2
      vertex 5.02792 73.7135 60
      vertex 5.2 73.7 60
    endloop
  endfacet
  facet normal 0.0782116 0.996937 0
    outer loop
      vertex 5.02792 73.7135 60
      vertex 5.2 73.7 2
      vertex 5.02792 73.7135 2
    endloop
  endfacet
  facet normal 0.382908 0.923787 -0
    outer loop
      vertex 4.86008 73.7538 2
      vertex 4.70061 73.8199 60
      vertex 4.86008 73.7538 60
    endloop
  endfacet
  facet normal 0.382908 0.923787 0
    outer loop
      vertex 4.70061 73.8199 60
      vertex 4.86008 73.7538 2
      vertex 4.70061 73.8199 2
    endloop
  endfacet
  facet normal -0.382908 0.923787 0
    outer loop
      vertex 5.69939 73.8199 2
      vertex 5.53992 73.7538 60
      vertex 5.69939 73.8199 60
    endloop
  endfacet
  facet normal -0.382908 0.923787 0
    outer loop
      vertex 5.53992 73.7538 60
      vertex 5.69939 73.8199 2
      vertex 5.53992 73.7538 2
    endloop
  endfacet
  facet normal 0.233474 -0.972363 0
    outer loop
      vertex 4.86008 75.8462 2
      vertex 5.02792 75.8865 60
      vertex 4.86008 75.8462 60
    endloop
  endfacet
  facet normal 0.233474 -0.972363 0
    outer loop
      vertex 5.02792 75.8865 60
      vertex 4.86008 75.8462 2
      vertex 5.02792 75.8865 2
    endloop
  endfacet
  facet normal -0.233474 -0.972363 0
    outer loop
      vertex 5.37208 75.8865 2
      vertex 5.53992 75.8462 60
      vertex 5.37208 75.8865 60
    endloop
  endfacet
  facet normal -0.233474 -0.972363 -0
    outer loop
      vertex 5.53992 75.8462 60
      vertex 5.37208 75.8865 2
      vertex 5.53992 75.8462 2
    endloop
  endfacet
  facet normal 0.852677 0.522438 0
    outer loop
      vertex 4.31008 74.1534 60
      vertex 4.21989 74.3006 2
      vertex 4.21989 74.3006 60
    endloop
  endfacet
  facet normal 0.852677 0.522438 0
    outer loop
      vertex 4.21989 74.3006 2
      vertex 4.31008 74.1534 60
      vertex 4.31008 74.1534 2
    endloop
  endfacet
  facet normal -0.996919 0.0784328 0
    outer loop
      vertex 6.28646 74.6279 2
      vertex 6.3 74.8 60
      vertex 6.3 74.8 2
    endloop
  endfacet
  facet normal -0.996919 0.0784328 0
    outer loop
      vertex 6.3 74.8 60
      vertex 6.28646 74.6279 2
      vertex 6.28646 74.6279 60
    endloop
  endfacet
  facet normal 0.649426 0.760425 -0
    outer loop
      vertex 4.55344 73.9101 2
      vertex 4.42218 74.0222 60
      vertex 4.55344 73.9101 60
    endloop
  endfacet
  facet normal 0.649426 0.760425 0
    outer loop
      vertex 4.42218 74.0222 60
      vertex 4.55344 73.9101 2
      vertex 4.42218 74.0222 2
    endloop
  endfacet
  facet normal 0.97235 0.233526 0
    outer loop
      vertex 4.15384 74.4601 60
      vertex 4.11354 74.6279 2
      vertex 4.11354 74.6279 60
    endloop
  endfacet
  facet normal 0.97235 0.233526 0
    outer loop
      vertex 4.11354 74.6279 2
      vertex 4.15384 74.4601 60
      vertex 4.15384 74.4601 2
    endloop
  endfacet
  facet normal 0.760278 -0.649598 0
    outer loop
      vertex 4.31008 75.4466 60
      vertex 4.42218 75.5778 2
      vertex 4.42218 75.5778 60
    endloop
  endfacet
  facet normal 0.760278 -0.649598 0
    outer loop
      vertex 4.42218 75.5778 2
      vertex 4.31008 75.4466 60
      vertex 4.31008 75.4466 2
    endloop
  endfacet
  facet normal -0.649426 0.760425 0
    outer loop
      vertex 5.97782 74.0222 2
      vertex 5.84656 73.9101 60
      vertex 5.97782 74.0222 60
    endloop
  endfacet
  facet normal -0.649426 0.760425 0
    outer loop
      vertex 5.84656 73.9101 60
      vertex 5.97782 74.0222 2
      vertex 5.84656 73.9101 2
    endloop
  endfacet
  facet normal -0.923914 0.382599 0
    outer loop
      vertex 6.18011 74.3006 2
      vertex 6.24616 74.4601 60
      vertex 6.24616 74.4601 2
    endloop
  endfacet
  facet normal -0.923914 0.382599 0
    outer loop
      vertex 6.24616 74.4601 60
      vertex 6.18011 74.3006 2
      vertex 6.18011 74.3006 60
    endloop
  endfacet
  facet normal 0.760278 0.649598 0
    outer loop
      vertex 4.42218 74.0222 60
      vertex 4.31008 74.1534 2
      vertex 4.31008 74.1534 60
    endloop
  endfacet
  facet normal 0.760278 0.649598 0
    outer loop
      vertex 4.31008 74.1534 2
      vertex 4.42218 74.0222 60
      vertex 4.42218 74.0222 2
    endloop
  endfacet
  facet normal 0.649426 -0.760425 0
    outer loop
      vertex 4.42218 75.5778 2
      vertex 4.55344 75.6899 60
      vertex 4.42218 75.5778 60
    endloop
  endfacet
  facet normal 0.649426 -0.760425 0
    outer loop
      vertex 4.55344 75.6899 60
      vertex 4.42218 75.5778 2
      vertex 4.55344 75.6899 2
    endloop
  endfacet
  facet normal -0.852677 0.522438 0
    outer loop
      vertex 6.08992 74.1534 2
      vertex 6.18011 74.3006 60
      vertex 6.18011 74.3006 2
    endloop
  endfacet
  facet normal -0.852677 0.522438 0
    outer loop
      vertex 6.18011 74.3006 60
      vertex 6.08992 74.1534 2
      vertex 6.08992 74.1534 60
    endloop
  endfacet
  facet normal -0.760278 -0.649598 0
    outer loop
      vertex 6.08992 75.4466 2
      vertex 5.97782 75.5778 60
      vertex 5.97782 75.5778 2
    endloop
  endfacet
  facet normal -0.760278 -0.649598 0
    outer loop
      vertex 5.97782 75.5778 60
      vertex 6.08992 75.4466 2
      vertex 6.08992 75.4466 60
    endloop
  endfacet
  facet normal -0.233474 0.972363 0
    outer loop
      vertex 5.53992 73.7538 2
      vertex 5.37208 73.7135 60
      vertex 5.53992 73.7538 60
    endloop
  endfacet
  facet normal -0.233474 0.972363 0
    outer loop
      vertex 5.37208 73.7135 60
      vertex 5.53992 73.7538 2
      vertex 5.37208 73.7135 2
    endloop
  endfacet
  facet normal 0.852677 -0.522438 0
    outer loop
      vertex 4.21989 75.2994 60
      vertex 4.31008 75.4466 2
      vertex 4.31008 75.4466 60
    endloop
  endfacet
  facet normal 0.852677 -0.522438 0
    outer loop
      vertex 4.31008 75.4466 2
      vertex 4.21989 75.2994 60
      vertex 4.21989 75.2994 2
    endloop
  endfacet
  facet normal -0.97235 0.233526 0
    outer loop
      vertex 6.24616 74.4601 2
      vertex 6.28646 74.6279 60
      vertex 6.28646 74.6279 2
    endloop
  endfacet
  facet normal -0.97235 0.233526 0
    outer loop
      vertex 6.28646 74.6279 60
      vertex 6.24616 74.4601 2
      vertex 6.24616 74.4601 60
    endloop
  endfacet
  facet normal -0.382908 -0.923787 0
    outer loop
      vertex 5.53992 75.8462 2
      vertex 5.69939 75.7801 60
      vertex 5.53992 75.8462 60
    endloop
  endfacet
  facet normal -0.382908 -0.923787 -0
    outer loop
      vertex 5.69939 75.7801 60
      vertex 5.53992 75.8462 2
      vertex 5.69939 75.7801 2
    endloop
  endfacet
  facet normal -0.649426 -0.760425 0
    outer loop
      vertex 5.84656 75.6899 2
      vertex 5.97782 75.5778 60
      vertex 5.84656 75.6899 60
    endloop
  endfacet
  facet normal -0.649426 -0.760425 -0
    outer loop
      vertex 5.97782 75.5778 60
      vertex 5.84656 75.6899 2
      vertex 5.97782 75.5778 2
    endloop
  endfacet
  facet normal 0.923914 -0.382599 0
    outer loop
      vertex 4.15384 75.1399 60
      vertex 4.21989 75.2994 2
      vertex 4.21989 75.2994 60
    endloop
  endfacet
  facet normal 0.923914 -0.382599 0
    outer loop
      vertex 4.21989 75.2994 2
      vertex 4.15384 75.1399 60
      vertex 4.15384 75.1399 2
    endloop
  endfacet
  facet normal -0.522558 -0.852604 0
    outer loop
      vertex 5.69939 75.7801 2
      vertex 5.84656 75.6899 60
      vertex 5.69939 75.7801 60
    endloop
  endfacet
  facet normal -0.522558 -0.852604 -0
    outer loop
      vertex 5.84656 75.6899 60
      vertex 5.69939 75.7801 2
      vertex 5.84656 75.6899 2
    endloop
  endfacet
  facet normal -0.0782116 0.996937 0
    outer loop
      vertex 5.37208 73.7135 2
      vertex 5.2 73.7 60
      vertex 5.37208 73.7135 60
    endloop
  endfacet
  facet normal -0.0782116 0.996937 0
    outer loop
      vertex 5.2 73.7 60
      vertex 5.37208 73.7135 2
      vertex 5.2 73.7 2
    endloop
  endfacet
  facet normal 0.0782116 -0.996937 0
    outer loop
      vertex 5.02792 75.8865 2
      vertex 5.2 75.9 60
      vertex 5.02792 75.8865 60
    endloop
  endfacet
  facet normal 0.0782116 -0.996937 0
    outer loop
      vertex 5.2 75.9 60
      vertex 5.02792 75.8865 2
      vertex 5.2 75.9 2
    endloop
  endfacet
  facet normal -0.852677 -0.522438 0
    outer loop
      vertex 6.18011 75.2994 2
      vertex 6.08992 75.4466 60
      vertex 6.08992 75.4466 2
    endloop
  endfacet
  facet normal -0.852677 -0.522438 0
    outer loop
      vertex 6.08992 75.4466 60
      vertex 6.18011 75.2994 2
      vertex 6.18011 75.2994 60
    endloop
  endfacet
  facet normal 0.996919 -0.0784328 0
    outer loop
      vertex 4.1 74.8 60
      vertex 4.11354 74.9721 2
      vertex 4.11354 74.9721 60
    endloop
  endfacet
  facet normal 0.996919 -0.0784328 0
    outer loop
      vertex 4.11354 74.9721 2
      vertex 4.1 74.8 60
      vertex 4.1 74.8 2
    endloop
  endfacet
  facet normal 0.996919 0.0784328 0
    outer loop
      vertex 4.11354 74.6279 60
      vertex 4.1 74.8 2
      vertex 4.1 74.8 60
    endloop
  endfacet
  facet normal 0.996919 0.0784328 0
    outer loop
      vertex 4.1 74.8 2
      vertex 4.11354 74.6279 60
      vertex 4.11354 74.6279 2
    endloop
  endfacet
  facet normal -0.760278 0.649598 0
    outer loop
      vertex 5.97782 74.0222 2
      vertex 6.08992 74.1534 60
      vertex 6.08992 74.1534 2
    endloop
  endfacet
  facet normal -0.760278 0.649598 0
    outer loop
      vertex 6.08992 74.1534 60
      vertex 5.97782 74.0222 2
      vertex 5.97782 74.0222 60
    endloop
  endfacet
  facet normal -0.0782116 -0.996937 0
    outer loop
      vertex 5.2 75.9 2
      vertex 5.37208 75.8865 60
      vertex 5.2 75.9 60
    endloop
  endfacet
  facet normal -0.0782116 -0.996937 -0
    outer loop
      vertex 5.37208 75.8865 60
      vertex 5.2 75.9 2
      vertex 5.37208 75.8865 2
    endloop
  endfacet
  facet normal -0.923914 -0.382599 0
    outer loop
      vertex 6.24616 75.1399 2
      vertex 6.18011 75.2994 60
      vertex 6.18011 75.2994 2
    endloop
  endfacet
  facet normal -0.923914 -0.382599 0
    outer loop
      vertex 6.18011 75.2994 60
      vertex 6.24616 75.1399 2
      vertex 6.24616 75.1399 60
    endloop
  endfacet
  facet normal 0.522558 -0.852604 0
    outer loop
      vertex 4.55344 75.6899 2
      vertex 4.70061 75.7801 60
      vertex 4.55344 75.6899 60
    endloop
  endfacet
  facet normal 0.522558 -0.852604 0
    outer loop
      vertex 4.70061 75.7801 60
      vertex 4.55344 75.6899 2
      vertex 4.70061 75.7801 2
    endloop
  endfacet
  facet normal 0.923914 0.382599 0
    outer loop
      vertex 4.21989 74.3006 60
      vertex 4.15384 74.4601 2
      vertex 4.15384 74.4601 60
    endloop
  endfacet
  facet normal 0.923914 0.382599 0
    outer loop
      vertex 4.15384 74.4601 2
      vertex 4.21989 74.3006 60
      vertex 4.21989 74.3006 2
    endloop
  endfacet
  facet normal 0.522558 0.852604 -0
    outer loop
      vertex 4.70061 73.8199 2
      vertex 4.55344 73.9101 60
      vertex 4.70061 73.8199 60
    endloop
  endfacet
  facet normal 0.522558 0.852604 0
    outer loop
      vertex 4.55344 73.9101 60
      vertex 4.70061 73.8199 2
      vertex 4.55344 73.9101 2
    endloop
  endfacet
  facet normal 0.972354 0.233511 0
    outer loop
      vertex 38 75.35 60
      vertex 37.8909 75.8043 2
      vertex 37.8909 75.8043 60
    endloop
  endfacet
  facet normal 0.972354 0.233511 0
    outer loop
      vertex 37.8909 75.8043 2
      vertex 38 75.35 60
      vertex 38 75.35 2
    endloop
  endfacet
  facet normal 0.649434 0.760418 -0
    outer loop
      vertex 37.0981 77.0981 2
      vertex 36.7103 77.4293 60
      vertex 37.0981 77.0981 60
    endloop
  endfacet
  facet normal 0.649434 0.760418 0
    outer loop
      vertex 36.7103 77.4293 60
      vertex 37.0981 77.0981 2
      vertex 36.7103 77.4293 2
    endloop
  endfacet
  facet normal 0.0784358 -0.996919 0
    outer loop
      vertex 34.8 71.55 2
      vertex 35.3084 71.59 60
      vertex 34.8 71.55 60
    endloop
  endfacet
  facet normal 0.0784358 -0.996919 0
    outer loop
      vertex 35.3084 71.59 60
      vertex 34.8 71.55 2
      vertex 35.3084 71.59 2
    endloop
  endfacet
  facet normal -0.97235 0.233529 0
    outer loop
      vertex 31.59 75.3084 2
      vertex 31.7091 75.8043 60
      vertex 31.7091 75.8043 2
    endloop
  endfacet
  facet normal -0.97235 0.233529 0
    outer loop
      vertex 31.7091 75.8043 60
      vertex 31.59 75.3084 2
      vertex 31.59 75.3084 60
    endloop
  endfacet
  facet normal -0.522576 0.852593 0
    outer loop
      vertex 33.3245 77.6958 2
      vertex 32.8897 77.4293 60
      vertex 33.3245 77.6958 60
    endloop
  endfacet
  facet normal -0.522576 0.852593 0
    outer loop
      vertex 32.8897 77.4293 60
      vertex 33.3245 77.6958 2
      vertex 32.8897 77.4293 2
    endloop
  endfacet
  facet normal -0.97235 -0.233529 0
    outer loop
      vertex 31.7091 73.7957 2
      vertex 31.59 74.2916 60
      vertex 31.59 74.2916 2
    endloop
  endfacet
  facet normal -0.97235 -0.233529 0
    outer loop
      vertex 31.59 74.2916 60
      vertex 31.7091 73.7957 2
      vertex 31.7091 73.7957 60
    endloop
  endfacet
  facet normal 0.649434 -0.760418 0
    outer loop
      vertex 36.7103 72.1707 2
      vertex 37.0981 72.5019 60
      vertex 36.7103 72.1707 60
    endloop
  endfacet
  facet normal 0.649434 -0.760418 0
    outer loop
      vertex 37.0981 72.5019 60
      vertex 36.7103 72.1707 2
      vertex 37.0981 72.5019 2
    endloop
  endfacet
  facet normal 0.852593 -0.522576 0
    outer loop
      vertex 37.4293 72.8897 60
      vertex 37.6958 73.3245 2
      vertex 37.6958 73.3245 60
    endloop
  endfacet
  facet normal 0.852593 -0.522576 0
    outer loop
      vertex 37.6958 73.3245 2
      vertex 37.4293 72.8897 60
      vertex 37.4293 72.8897 2
    endloop
  endfacet
  facet normal 0.923933 0.382554 0
    outer loop
      vertex 37.8909 75.8043 60
      vertex 37.6958 76.2755 2
      vertex 37.6958 76.2755 60
    endloop
  endfacet
  facet normal 0.923933 0.382554 0
    outer loop
      vertex 37.6958 76.2755 2
      vertex 37.8909 75.8043 60
      vertex 37.8909 75.8043 2
    endloop
  endfacet
  facet normal -0.522576 -0.852593 0
    outer loop
      vertex 32.8897 72.1707 2
      vertex 33.3245 71.9042 60
      vertex 32.8897 72.1707 60
    endloop
  endfacet
  facet normal -0.522576 -0.852593 -0
    outer loop
      vertex 33.3245 71.9042 60
      vertex 32.8897 72.1707 2
      vertex 33.3245 71.9042 2
    endloop
  endfacet
  facet normal -0.233511 0.972354 0
    outer loop
      vertex 34.25 78 2
      vertex 33.7957 77.8909 60
      vertex 34.25 78 60
    endloop
  endfacet
  facet normal -0.233511 0.972354 0
    outer loop
      vertex 33.7957 77.8909 60
      vertex 34.25 78 2
      vertex 33.7957 77.8909 2
    endloop
  endfacet
  facet normal -0.649434 0.760418 0
    outer loop
      vertex 32.8897 77.4293 2
      vertex 32.5019 77.0981 60
      vertex 32.8897 77.4293 60
    endloop
  endfacet
  facet normal -0.649434 0.760418 0
    outer loop
      vertex 32.5019 77.0981 60
      vertex 32.8897 77.4293 2
      vertex 32.5019 77.0981 2
    endloop
  endfacet
  facet normal -0.923933 0.382554 0
    outer loop
      vertex 31.7091 75.8043 2
      vertex 31.9042 76.2755 60
      vertex 31.9042 76.2755 2
    endloop
  endfacet
  facet normal -0.923933 0.382554 0
    outer loop
      vertex 31.9042 76.2755 60
      vertex 31.7091 75.8043 2
      vertex 31.7091 75.8043 60
    endloop
  endfacet
  facet normal 0.382554 -0.923933 0
    outer loop
      vertex 35.8043 71.7091 2
      vertex 36.2755 71.9042 60
      vertex 35.8043 71.7091 60
    endloop
  endfacet
  facet normal 0.382554 -0.923933 0
    outer loop
      vertex 36.2755 71.9042 60
      vertex 35.8043 71.7091 2
      vertex 36.2755 71.9042 2
    endloop
  endfacet
  facet normal 0.760418 0.649434 0
    outer loop
      vertex 37.4293 76.7103 60
      vertex 37.0981 77.0981 2
      vertex 37.0981 77.0981 60
    endloop
  endfacet
  facet normal 0.760418 0.649434 0
    outer loop
      vertex 37.0981 77.0981 2
      vertex 37.4293 76.7103 60
      vertex 37.4293 76.7103 2
    endloop
  endfacet
  facet normal 0.522576 -0.852593 0
    outer loop
      vertex 36.2755 71.9042 2
      vertex 36.7103 72.1707 60
      vertex 36.2755 71.9042 60
    endloop
  endfacet
  facet normal 0.522576 -0.852593 0
    outer loop
      vertex 36.7103 72.1707 60
      vertex 36.2755 71.9042 2
      vertex 36.7103 72.1707 2
    endloop
  endfacet
  facet normal -0.382554 0.923933 0
    outer loop
      vertex 33.7957 77.8909 2
      vertex 33.3245 77.6958 60
      vertex 33.7957 77.8909 60
    endloop
  endfacet
  facet normal -0.382554 0.923933 0
    outer loop
      vertex 33.3245 77.6958 60
      vertex 33.7957 77.8909 2
      vertex 33.3245 77.6958 2
    endloop
  endfacet
  facet normal 0.852593 0.522576 0
    outer loop
      vertex 37.6958 76.2755 60
      vertex 37.4293 76.7103 2
      vertex 37.4293 76.7103 60
    endloop
  endfacet
  facet normal 0.852593 0.522576 0
    outer loop
      vertex 37.4293 76.7103 2
      vertex 37.6958 76.2755 60
      vertex 37.6958 76.2755 2
    endloop
  endfacet
  facet normal 0.233529 -0.97235 0
    outer loop
      vertex 35.3084 71.59 2
      vertex 35.8043 71.7091 60
      vertex 35.3084 71.59 60
    endloop
  endfacet
  facet normal 0.233529 -0.97235 0
    outer loop
      vertex 35.8043 71.7091 60
      vertex 35.3084 71.59 2
      vertex 35.8043 71.7091 2
    endloop
  endfacet
  facet normal 0.522576 0.852593 -0
    outer loop
      vertex 36.7103 77.4293 2
      vertex 36.2755 77.6958 60
      vertex 36.7103 77.4293 60
    endloop
  endfacet
  facet normal 0.522576 0.852593 0
    outer loop
      vertex 36.2755 77.6958 60
      vertex 36.7103 77.4293 2
      vertex 36.2755 77.6958 2
    endloop
  endfacet
  facet normal -0.233529 -0.97235 0
    outer loop
      vertex 33.7957 71.7091 2
      vertex 34.2916 71.59 60
      vertex 33.7957 71.7091 60
    endloop
  endfacet
  facet normal -0.233529 -0.97235 -0
    outer loop
      vertex 34.2916 71.59 60
      vertex 33.7957 71.7091 2
      vertex 34.2916 71.59 2
    endloop
  endfacet
  facet normal -0.760418 0.649434 0
    outer loop
      vertex 32.1707 76.7103 2
      vertex 32.5019 77.0981 60
      vertex 32.5019 77.0981 2
    endloop
  endfacet
  facet normal -0.760418 0.649434 0
    outer loop
      vertex 32.5019 77.0981 60
      vertex 32.1707 76.7103 2
      vertex 32.1707 76.7103 60
    endloop
  endfacet
  facet normal 0.760418 -0.649434 0
    outer loop
      vertex 37.0981 72.5019 60
      vertex 37.4293 72.8897 2
      vertex 37.4293 72.8897 60
    endloop
  endfacet
  facet normal 0.760418 -0.649434 0
    outer loop
      vertex 37.4293 72.8897 2
      vertex 37.0981 72.5019 60
      vertex 37.0981 72.5019 2
    endloop
  endfacet
  facet normal -0.852593 -0.522576 0
    outer loop
      vertex 32.1707 72.8897 2
      vertex 31.9042 73.3245 60
      vertex 31.9042 73.3245 2
    endloop
  endfacet
  facet normal -0.852593 -0.522576 0
    outer loop
      vertex 31.9042 73.3245 60
      vertex 32.1707 72.8897 2
      vertex 32.1707 72.8897 60
    endloop
  endfacet
  facet normal -0.760418 -0.649434 0
    outer loop
      vertex 32.5019 72.5019 2
      vertex 32.1707 72.8897 60
      vertex 32.1707 72.8897 2
    endloop
  endfacet
  facet normal -0.760418 -0.649434 0
    outer loop
      vertex 32.1707 72.8897 60
      vertex 32.5019 72.5019 2
      vertex 32.5019 72.5019 60
    endloop
  endfacet
  facet normal -0.996919 0.0784358 0
    outer loop
      vertex 31.55 74.8 2
      vertex 31.59 75.3084 60
      vertex 31.59 75.3084 2
    endloop
  endfacet
  facet normal -0.996919 0.0784358 0
    outer loop
      vertex 31.59 75.3084 60
      vertex 31.55 74.8 2
      vertex 31.55 74.8 60
    endloop
  endfacet
  facet normal 0.972354 -0.233511 0
    outer loop
      vertex 37.8909 73.7957 60
      vertex 38 74.25 2
      vertex 38 74.25 60
    endloop
  endfacet
  facet normal 0.972354 -0.233511 0
    outer loop
      vertex 38 74.25 2
      vertex 37.8909 73.7957 60
      vertex 37.8909 73.7957 2
    endloop
  endfacet
  facet normal -0.996919 -0.0784358 0
    outer loop
      vertex 31.59 74.2916 2
      vertex 31.55 74.8 60
      vertex 31.55 74.8 2
    endloop
  endfacet
  facet normal -0.996919 -0.0784358 0
    outer loop
      vertex 31.55 74.8 60
      vertex 31.59 74.2916 2
      vertex 31.59 74.2916 60
    endloop
  endfacet
  facet normal -0.852593 0.522576 0
    outer loop
      vertex 31.9042 76.2755 2
      vertex 32.1707 76.7103 60
      vertex 32.1707 76.7103 2
    endloop
  endfacet
  facet normal -0.852593 0.522576 0
    outer loop
      vertex 32.1707 76.7103 60
      vertex 31.9042 76.2755 2
      vertex 31.9042 76.2755 60
    endloop
  endfacet
  facet normal 0.233511 0.972354 -0
    outer loop
      vertex 35.8043 77.8909 2
      vertex 35.35 78 60
      vertex 35.8043 77.8909 60
    endloop
  endfacet
  facet normal 0.233511 0.972354 0
    outer loop
      vertex 35.35 78 60
      vertex 35.8043 77.8909 2
      vertex 35.35 78 2
    endloop
  endfacet
  facet normal -0.0784358 -0.996919 0
    outer loop
      vertex 34.2916 71.59 2
      vertex 34.8 71.55 60
      vertex 34.2916 71.59 60
    endloop
  endfacet
  facet normal -0.0784358 -0.996919 -0
    outer loop
      vertex 34.8 71.55 60
      vertex 34.2916 71.59 2
      vertex 34.8 71.55 2
    endloop
  endfacet
  facet normal -0.382554 -0.923933 0
    outer loop
      vertex 33.3245 71.9042 2
      vertex 33.7957 71.7091 60
      vertex 33.3245 71.9042 60
    endloop
  endfacet
  facet normal -0.382554 -0.923933 -0
    outer loop
      vertex 33.7957 71.7091 60
      vertex 33.3245 71.9042 2
      vertex 33.7957 71.7091 2
    endloop
  endfacet
  facet normal -0.923933 -0.382554 0
    outer loop
      vertex 31.9042 73.3245 2
      vertex 31.7091 73.7957 60
      vertex 31.7091 73.7957 2
    endloop
  endfacet
  facet normal -0.923933 -0.382554 0
    outer loop
      vertex 31.7091 73.7957 60
      vertex 31.9042 73.3245 2
      vertex 31.9042 73.3245 60
    endloop
  endfacet
  facet normal 0.923933 -0.382554 0
    outer loop
      vertex 37.6958 73.3245 60
      vertex 37.8909 73.7957 2
      vertex 37.8909 73.7957 60
    endloop
  endfacet
  facet normal 0.923933 -0.382554 0
    outer loop
      vertex 37.8909 73.7957 2
      vertex 37.6958 73.3245 60
      vertex 37.6958 73.3245 2
    endloop
  endfacet
  facet normal 0.382554 0.923933 -0
    outer loop
      vertex 36.2755 77.6958 2
      vertex 35.8043 77.8909 60
      vertex 36.2755 77.6958 60
    endloop
  endfacet
  facet normal 0.382554 0.923933 0
    outer loop
      vertex 35.8043 77.8909 60
      vertex 36.2755 77.6958 2
      vertex 35.8043 77.8909 2
    endloop
  endfacet
  facet normal -0.649434 -0.760418 0
    outer loop
      vertex 32.5019 72.5019 2
      vertex 32.8897 72.1707 60
      vertex 32.5019 72.5019 60
    endloop
  endfacet
  facet normal -0.649434 -0.760418 -0
    outer loop
      vertex 32.8897 72.1707 60
      vertex 32.5019 72.5019 2
      vertex 32.8897 72.1707 2
    endloop
  endfacet
  facet normal 0.97235 -0.233526 0
    outer loop
      vertex 33.7135 74.9721 60
      vertex 33.7538 75.1399 2
      vertex 33.7538 75.1399 60
    endloop
  endfacet
  facet normal 0.97235 -0.233526 0
    outer loop
      vertex 33.7538 75.1399 2
      vertex 33.7135 74.9721 60
      vertex 33.7135 74.9721 2
    endloop
  endfacet
  facet normal -0.97235 -0.233526 0
    outer loop
      vertex 35.8865 74.9721 2
      vertex 35.8462 75.1399 60
      vertex 35.8462 75.1399 2
    endloop
  endfacet
  facet normal -0.97235 -0.233526 0
    outer loop
      vertex 35.8462 75.1399 60
      vertex 35.8865 74.9721 2
      vertex 35.8865 74.9721 60
    endloop
  endfacet
  facet normal -0.996937 -0.0782025 0
    outer loop
      vertex 35.9 74.8 2
      vertex 35.8865 74.9721 60
      vertex 35.8865 74.9721 2
    endloop
  endfacet
  facet normal -0.996937 -0.0782025 0
    outer loop
      vertex 35.8865 74.9721 60
      vertex 35.9 74.8 2
      vertex 35.9 74.8 60
    endloop
  endfacet
  facet normal 0.382846 -0.923812 0
    outer loop
      vertex 34.3006 75.7801 2
      vertex 34.4601 75.8462 60
      vertex 34.3006 75.7801 60
    endloop
  endfacet
  facet normal 0.382846 -0.923812 0
    outer loop
      vertex 34.4601 75.8462 60
      vertex 34.3006 75.7801 2
      vertex 34.4601 75.8462 2
    endloop
  endfacet
  facet normal -0.522481 0.852651 0
    outer loop
      vertex 35.4466 73.9101 2
      vertex 35.2994 73.8199 60
      vertex 35.4466 73.9101 60
    endloop
  endfacet
  facet normal -0.522481 0.852651 0
    outer loop
      vertex 35.2994 73.8199 60
      vertex 35.4466 73.9101 2
      vertex 35.2994 73.8199 2
    endloop
  endfacet
  facet normal 0.233526 0.97235 -0
    outer loop
      vertex 34.6279 73.7135 2
      vertex 34.4601 73.7538 60
      vertex 34.6279 73.7135 60
    endloop
  endfacet
  facet normal 0.233526 0.97235 0
    outer loop
      vertex 34.4601 73.7538 60
      vertex 34.6279 73.7135 2
      vertex 34.4601 73.7538 2
    endloop
  endfacet
  facet normal 0.0782025 0.996937 -0
    outer loop
      vertex 34.8 73.7 2
      vertex 34.6279 73.7135 60
      vertex 34.8 73.7 60
    endloop
  endfacet
  facet normal 0.0782025 0.996937 0
    outer loop
      vertex 34.6279 73.7135 60
      vertex 34.8 73.7 2
      vertex 34.6279 73.7135 2
    endloop
  endfacet
  facet normal 0.382846 0.923812 -0
    outer loop
      vertex 34.4601 73.7538 2
      vertex 34.3006 73.8199 60
      vertex 34.4601 73.7538 60
    endloop
  endfacet
  facet normal 0.382846 0.923812 0
    outer loop
      vertex 34.3006 73.8199 60
      vertex 34.4601 73.7538 2
      vertex 34.3006 73.8199 2
    endloop
  endfacet
  facet normal -0.382846 0.923812 0
    outer loop
      vertex 35.2994 73.8199 2
      vertex 35.1399 73.7538 60
      vertex 35.2994 73.8199 60
    endloop
  endfacet
  facet normal -0.382846 0.923812 0
    outer loop
      vertex 35.1399 73.7538 60
      vertex 35.2994 73.8199 2
      vertex 35.1399 73.7538 2
    endloop
  endfacet
  facet normal 0.233526 -0.97235 0
    outer loop
      vertex 34.4601 75.8462 2
      vertex 34.6279 75.8865 60
      vertex 34.4601 75.8462 60
    endloop
  endfacet
  facet normal 0.233526 -0.97235 0
    outer loop
      vertex 34.6279 75.8865 60
      vertex 34.4601 75.8462 2
      vertex 34.6279 75.8865 2
    endloop
  endfacet
  facet normal -0.233526 -0.97235 0
    outer loop
      vertex 34.9721 75.8865 2
      vertex 35.1399 75.8462 60
      vertex 34.9721 75.8865 60
    endloop
  endfacet
  facet normal -0.233526 -0.97235 -0
    outer loop
      vertex 35.1399 75.8462 60
      vertex 34.9721 75.8865 2
      vertex 35.1399 75.8462 2
    endloop
  endfacet
  facet normal 0.852651 0.522481 0
    outer loop
      vertex 33.9101 74.1534 60
      vertex 33.8199 74.3006 2
      vertex 33.8199 74.3006 60
    endloop
  endfacet
  facet normal 0.852651 0.522481 0
    outer loop
      vertex 33.8199 74.3006 2
      vertex 33.9101 74.1534 60
      vertex 33.9101 74.1534 2
    endloop
  endfacet
  facet normal -0.996937 0.0782025 0
    outer loop
      vertex 35.8865 74.6279 2
      vertex 35.9 74.8 60
      vertex 35.9 74.8 2
    endloop
  endfacet
  facet normal -0.996937 0.0782025 0
    outer loop
      vertex 35.9 74.8 60
      vertex 35.8865 74.6279 2
      vertex 35.8865 74.6279 60
    endloop
  endfacet
  facet normal 0.649598 0.760278 -0
    outer loop
      vertex 34.1534 73.9101 2
      vertex 34.0222 74.0222 60
      vertex 34.1534 73.9101 60
    endloop
  endfacet
  facet normal 0.649598 0.760278 0
    outer loop
      vertex 34.0222 74.0222 60
      vertex 34.1534 73.9101 2
      vertex 34.0222 74.0222 2
    endloop
  endfacet
  facet normal 0.97235 0.233526 0
    outer loop
      vertex 33.7538 74.4601 60
      vertex 33.7135 74.6279 2
      vertex 33.7135 74.6279 60
    endloop
  endfacet
  facet normal 0.97235 0.233526 0
    outer loop
      vertex 33.7135 74.6279 2
      vertex 33.7538 74.4601 60
      vertex 33.7538 74.4601 2
    endloop
  endfacet
  facet normal 0.760278 -0.649598 0
    outer loop
      vertex 33.9101 75.4466 60
      vertex 34.0222 75.5778 2
      vertex 34.0222 75.5778 60
    endloop
  endfacet
  facet normal 0.760278 -0.649598 0
    outer loop
      vertex 34.0222 75.5778 2
      vertex 33.9101 75.4466 60
      vertex 33.9101 75.4466 2
    endloop
  endfacet
  facet normal -0.649598 0.760278 0
    outer loop
      vertex 35.5778 74.0222 2
      vertex 35.4466 73.9101 60
      vertex 35.5778 74.0222 60
    endloop
  endfacet
  facet normal -0.649598 0.760278 0
    outer loop
      vertex 35.4466 73.9101 60
      vertex 35.5778 74.0222 2
      vertex 35.4466 73.9101 2
    endloop
  endfacet
  facet normal -0.923812 0.382846 0
    outer loop
      vertex 35.7801 74.3006 2
      vertex 35.8462 74.4601 60
      vertex 35.8462 74.4601 2
    endloop
  endfacet
  facet normal -0.923812 0.382846 0
    outer loop
      vertex 35.8462 74.4601 60
      vertex 35.7801 74.3006 2
      vertex 35.7801 74.3006 60
    endloop
  endfacet
  facet normal 0.760278 0.649598 0
    outer loop
      vertex 34.0222 74.0222 60
      vertex 33.9101 74.1534 2
      vertex 33.9101 74.1534 60
    endloop
  endfacet
  facet normal 0.760278 0.649598 0
    outer loop
      vertex 33.9101 74.1534 2
      vertex 34.0222 74.0222 60
      vertex 34.0222 74.0222 2
    endloop
  endfacet
  facet normal 0.649598 -0.760278 0
    outer loop
      vertex 34.0222 75.5778 2
      vertex 34.1534 75.6899 60
      vertex 34.0222 75.5778 60
    endloop
  endfacet
  facet normal 0.649598 -0.760278 0
    outer loop
      vertex 34.1534 75.6899 60
      vertex 34.0222 75.5778 2
      vertex 34.1534 75.6899 2
    endloop
  endfacet
  facet normal -0.852651 0.522481 0
    outer loop
      vertex 35.6899 74.1534 2
      vertex 35.7801 74.3006 60
      vertex 35.7801 74.3006 2
    endloop
  endfacet
  facet normal -0.852651 0.522481 0
    outer loop
      vertex 35.7801 74.3006 60
      vertex 35.6899 74.1534 2
      vertex 35.6899 74.1534 60
    endloop
  endfacet
  facet normal -0.760278 -0.649598 0
    outer loop
      vertex 35.6899 75.4466 2
      vertex 35.5778 75.5778 60
      vertex 35.5778 75.5778 2
    endloop
  endfacet
  facet normal -0.760278 -0.649598 0
    outer loop
      vertex 35.5778 75.5778 60
      vertex 35.6899 75.4466 2
      vertex 35.6899 75.4466 60
    endloop
  endfacet
  facet normal -0.233526 0.97235 0
    outer loop
      vertex 35.1399 73.7538 2
      vertex 34.9721 73.7135 60
      vertex 35.1399 73.7538 60
    endloop
  endfacet
  facet normal -0.233526 0.97235 0
    outer loop
      vertex 34.9721 73.7135 60
      vertex 35.1399 73.7538 2
      vertex 34.9721 73.7135 2
    endloop
  endfacet
  facet normal 0.852651 -0.522481 0
    outer loop
      vertex 33.8199 75.2994 60
      vertex 33.9101 75.4466 2
      vertex 33.9101 75.4466 60
    endloop
  endfacet
  facet normal 0.852651 -0.522481 0
    outer loop
      vertex 33.9101 75.4466 2
      vertex 33.8199 75.2994 60
      vertex 33.8199 75.2994 2
    endloop
  endfacet
  facet normal -0.97235 0.233526 0
    outer loop
      vertex 35.8462 74.4601 2
      vertex 35.8865 74.6279 60
      vertex 35.8865 74.6279 2
    endloop
  endfacet
  facet normal -0.97235 0.233526 0
    outer loop
      vertex 35.8865 74.6279 60
      vertex 35.8462 74.4601 2
      vertex 35.8462 74.4601 60
    endloop
  endfacet
  facet normal -0.382846 -0.923812 0
    outer loop
      vertex 35.1399 75.8462 2
      vertex 35.2994 75.7801 60
      vertex 35.1399 75.8462 60
    endloop
  endfacet
  facet normal -0.382846 -0.923812 -0
    outer loop
      vertex 35.2994 75.7801 60
      vertex 35.1399 75.8462 2
      vertex 35.2994 75.7801 2
    endloop
  endfacet
  facet normal -0.649598 -0.760278 0
    outer loop
      vertex 35.4466 75.6899 2
      vertex 35.5778 75.5778 60
      vertex 35.4466 75.6899 60
    endloop
  endfacet
  facet normal -0.649598 -0.760278 -0
    outer loop
      vertex 35.5778 75.5778 60
      vertex 35.4466 75.6899 2
      vertex 35.5778 75.5778 2
    endloop
  endfacet
  facet normal 0.923812 -0.382846 0
    outer loop
      vertex 33.7538 75.1399 60
      vertex 33.8199 75.2994 2
      vertex 33.8199 75.2994 60
    endloop
  endfacet
  facet normal 0.923812 -0.382846 0
    outer loop
      vertex 33.8199 75.2994 2
      vertex 33.7538 75.1399 60
      vertex 33.7538 75.1399 2
    endloop
  endfacet
  facet normal -0.522481 -0.852651 0
    outer loop
      vertex 35.2994 75.7801 2
      vertex 35.4466 75.6899 60
      vertex 35.2994 75.7801 60
    endloop
  endfacet
  facet normal -0.522481 -0.852651 -0
    outer loop
      vertex 35.4466 75.6899 60
      vertex 35.2994 75.7801 2
      vertex 35.4466 75.6899 2
    endloop
  endfacet
  facet normal -0.0782025 0.996937 0
    outer loop
      vertex 34.9721 73.7135 2
      vertex 34.8 73.7 60
      vertex 34.9721 73.7135 60
    endloop
  endfacet
  facet normal -0.0782025 0.996937 0
    outer loop
      vertex 34.8 73.7 60
      vertex 34.9721 73.7135 2
      vertex 34.8 73.7 2
    endloop
  endfacet
  facet normal 0.0782025 -0.996937 0
    outer loop
      vertex 34.6279 75.8865 2
      vertex 34.8 75.9 60
      vertex 34.6279 75.8865 60
    endloop
  endfacet
  facet normal 0.0782025 -0.996937 0
    outer loop
      vertex 34.8 75.9 60
      vertex 34.6279 75.8865 2
      vertex 34.8 75.9 2
    endloop
  endfacet
  facet normal -0.852651 -0.522481 0
    outer loop
      vertex 35.7801 75.2994 2
      vertex 35.6899 75.4466 60
      vertex 35.6899 75.4466 2
    endloop
  endfacet
  facet normal -0.852651 -0.522481 0
    outer loop
      vertex 35.6899 75.4466 60
      vertex 35.7801 75.2994 2
      vertex 35.7801 75.2994 60
    endloop
  endfacet
  facet normal 0.996937 -0.0782025 0
    outer loop
      vertex 33.7 74.8 60
      vertex 33.7135 74.9721 2
      vertex 33.7135 74.9721 60
    endloop
  endfacet
  facet normal 0.996937 -0.0782025 0
    outer loop
      vertex 33.7135 74.9721 2
      vertex 33.7 74.8 60
      vertex 33.7 74.8 2
    endloop
  endfacet
  facet normal 0.996937 0.0782025 0
    outer loop
      vertex 33.7135 74.6279 60
      vertex 33.7 74.8 2
      vertex 33.7 74.8 60
    endloop
  endfacet
  facet normal 0.996937 0.0782025 0
    outer loop
      vertex 33.7 74.8 2
      vertex 33.7135 74.6279 60
      vertex 33.7135 74.6279 2
    endloop
  endfacet
  facet normal -0.760278 0.649598 0
    outer loop
      vertex 35.5778 74.0222 2
      vertex 35.6899 74.1534 60
      vertex 35.6899 74.1534 2
    endloop
  endfacet
  facet normal -0.760278 0.649598 0
    outer loop
      vertex 35.6899 74.1534 60
      vertex 35.5778 74.0222 2
      vertex 35.5778 74.0222 60
    endloop
  endfacet
  facet normal -0.0782025 -0.996937 0
    outer loop
      vertex 34.8 75.9 2
      vertex 34.9721 75.8865 60
      vertex 34.8 75.9 60
    endloop
  endfacet
  facet normal -0.0782025 -0.996937 -0
    outer loop
      vertex 34.9721 75.8865 60
      vertex 34.8 75.9 2
      vertex 34.9721 75.8865 2
    endloop
  endfacet
  facet normal -0.923812 -0.382846 0
    outer loop
      vertex 35.8462 75.1399 2
      vertex 35.7801 75.2994 60
      vertex 35.7801 75.2994 2
    endloop
  endfacet
  facet normal -0.923812 -0.382846 0
    outer loop
      vertex 35.7801 75.2994 60
      vertex 35.8462 75.1399 2
      vertex 35.8462 75.1399 60
    endloop
  endfacet
  facet normal 0.522481 -0.852651 0
    outer loop
      vertex 34.1534 75.6899 2
      vertex 34.3006 75.7801 60
      vertex 34.1534 75.6899 60
    endloop
  endfacet
  facet normal 0.522481 -0.852651 0
    outer loop
      vertex 34.3006 75.7801 60
      vertex 34.1534 75.6899 2
      vertex 34.3006 75.7801 2
    endloop
  endfacet
  facet normal 0.923812 0.382846 0
    outer loop
      vertex 33.8199 74.3006 60
      vertex 33.7538 74.4601 2
      vertex 33.7538 74.4601 60
    endloop
  endfacet
  facet normal 0.923812 0.382846 0
    outer loop
      vertex 33.7538 74.4601 2
      vertex 33.8199 74.3006 60
      vertex 33.8199 74.3006 2
    endloop
  endfacet
  facet normal 0.522481 0.852651 -0
    outer loop
      vertex 34.3006 73.8199 2
      vertex 34.1534 73.9101 60
      vertex 34.3006 73.8199 60
    endloop
  endfacet
  facet normal 0.522481 0.852651 0
    outer loop
      vertex 34.1534 73.9101 60
      vertex 34.3006 73.8199 2
      vertex 34.1534 73.9101 2
    endloop
  endfacet
  facet normal -0.996916 0.0784733 0
    outer loop
      vertex 8.6 18 2
      vertex 8.62955 18.3754 6
      vertex 8.62955 18.3754 2
    endloop
  endfacet
  facet normal -0.996916 0.0784733 0
    outer loop
      vertex 8.62955 18.3754 6
      vertex 8.6 18 2
      vertex 8.6 18 6
    endloop
  endfacet
  facet normal 0.996927 -0.0783413 0
    outer loop
      vertex 13.3705 17.6246 6
      vertex 13.4 18 2
      vertex 13.4 18 6
    endloop
  endfacet
  facet normal 0.996927 -0.0783413 0
    outer loop
      vertex 13.4 18 2
      vertex 13.3705 17.6246 6
      vertex 13.3705 17.6246 2
    endloop
  endfacet
  facet normal 0.97232 0.233654 0
    outer loop
      vertex 13.3705 18.3754 6
      vertex 13.2825 18.7416 2
      vertex 13.2825 18.7416 6
    endloop
  endfacet
  facet normal 0.97232 0.233654 0
    outer loop
      vertex 13.2825 18.7416 2
      vertex 13.3705 18.3754 6
      vertex 13.3705 18.3754 2
    endloop
  endfacet
  facet normal 0.996927 0.0783413 0
    outer loop
      vertex 13.4 18 6
      vertex 13.3705 18.3754 2
      vertex 13.3705 18.3754 6
    endloop
  endfacet
  facet normal 0.996927 0.0783413 0
    outer loop
      vertex 13.3705 18.3754 2
      vertex 13.4 18 6
      vertex 13.4 18 2
    endloop
  endfacet
  facet normal 0.923923 0.382578 0
    outer loop
      vertex 13.2825 18.7416 6
      vertex 13.1384 19.0896 2
      vertex 13.1384 19.0896 6
    endloop
  endfacet
  facet normal 0.923923 0.382578 0
    outer loop
      vertex 13.1384 19.0896 2
      vertex 13.2825 18.7416 6
      vertex 13.2825 18.7416 2
    endloop
  endfacet
  facet normal 0.97232 -0.233654 0
    outer loop
      vertex 13.2825 17.2584 6
      vertex 13.3705 17.6246 2
      vertex 13.3705 17.6246 6
    endloop
  endfacet
  facet normal 0.97232 -0.233654 0
    outer loop
      vertex 13.3705 17.6246 2
      vertex 13.2825 17.2584 6
      vertex 13.2825 17.2584 2
    endloop
  endfacet
  facet normal -0.649307 -0.760526 0
    outer loop
      vertex 9.30294 16.3029 2
      vertex 9.58932 16.0584 6
      vertex 9.30294 16.3029 6
    endloop
  endfacet
  facet normal -0.649307 -0.760526 -0
    outer loop
      vertex 9.58932 16.0584 6
      vertex 9.30294 16.3029 2
      vertex 9.58932 16.0584 2
    endloop
  endfacet
  facet normal -0.522556 -0.852605 0
    outer loop
      vertex 9.58932 16.0584 2
      vertex 9.91042 15.8616 6
      vertex 9.58932 16.0584 6
    endloop
  endfacet
  facet normal -0.522556 -0.852605 -0
    outer loop
      vertex 9.91042 15.8616 6
      vertex 9.58932 16.0584 2
      vertex 9.91042 15.8616 2
    endloop
  endfacet
  facet normal -0.382597 -0.923915 0
    outer loop
      vertex 9.91042 15.8616 2
      vertex 10.2584 15.7175 6
      vertex 9.91042 15.8616 6
    endloop
  endfacet
  facet normal -0.382597 -0.923915 -0
    outer loop
      vertex 10.2584 15.7175 6
      vertex 9.91042 15.8616 2
      vertex 10.2584 15.7175 2
    endloop
  endfacet
  facet normal 0.852605 -0.522556 0
    outer loop
      vertex 12.9416 16.5893 6
      vertex 13.1384 16.9104 2
      vertex 13.1384 16.9104 6
    endloop
  endfacet
  facet normal 0.852605 -0.522556 0
    outer loop
      vertex 13.1384 16.9104 2
      vertex 12.9416 16.5893 6
      vertex 12.9416 16.5893 2
    endloop
  endfacet
  facet normal 0.382578 -0.923923 0
    outer loop
      vertex 11.7416 15.7175 2
      vertex 12.0896 15.8616 6
      vertex 11.7416 15.7175 6
    endloop
  endfacet
  facet normal 0.382578 -0.923923 0
    outer loop
      vertex 12.0896 15.8616 6
      vertex 11.7416 15.7175 2
      vertex 12.0896 15.8616 2
    endloop
  endfacet
  facet normal 0.923923 -0.382578 0
    outer loop
      vertex 13.1384 16.9104 6
      vertex 13.2825 17.2584 2
      vertex 13.2825 17.2584 6
    endloop
  endfacet
  facet normal 0.923923 -0.382578 0
    outer loop
      vertex 13.2825 17.2584 2
      vertex 13.1384 16.9104 6
      vertex 13.1384 16.9104 2
    endloop
  endfacet
  facet normal 0.649281 0.760549 -0
    outer loop
      vertex 12.6971 19.6971 2
      vertex 12.4107 19.9416 6
      vertex 12.6971 19.6971 6
    endloop
  endfacet
  facet normal 0.649281 0.760549 0
    outer loop
      vertex 12.4107 19.9416 6
      vertex 12.6971 19.6971 2
      vertex 12.4107 19.9416 2
    endloop
  endfacet
  facet normal 0.382578 0.923923 -0
    outer loop
      vertex 12.0896 20.1384 2
      vertex 11.7416 20.2825 6
      vertex 12.0896 20.1384 6
    endloop
  endfacet
  facet normal 0.382578 0.923923 0
    outer loop
      vertex 11.7416 20.2825 6
      vertex 12.0896 20.1384 2
      vertex 11.7416 20.2825 2
    endloop
  endfacet
  facet normal 0.852605 0.522556 0
    outer loop
      vertex 13.1384 19.0896 6
      vertex 12.9416 19.4107 2
      vertex 12.9416 19.4107 6
    endloop
  endfacet
  facet normal 0.852605 0.522556 0
    outer loop
      vertex 12.9416 19.4107 2
      vertex 13.1384 19.0896 6
      vertex 13.1384 19.0896 2
    endloop
  endfacet
  facet normal -0.0783413 0.996927 0
    outer loop
      vertex 11 20.4 2
      vertex 10.6246 20.3705 6
      vertex 11 20.4 6
    endloop
  endfacet
  facet normal -0.0783413 0.996927 0
    outer loop
      vertex 10.6246 20.3705 6
      vertex 11 20.4 2
      vertex 10.6246 20.3705 2
    endloop
  endfacet
  facet normal -0.649307 0.760526 0
    outer loop
      vertex 9.58932 19.9416 2
      vertex 9.30294 19.6971 6
      vertex 9.58932 19.9416 6
    endloop
  endfacet
  facet normal -0.649307 0.760526 0
    outer loop
      vertex 9.30294 19.6971 6
      vertex 9.58932 19.9416 2
      vertex 9.30294 19.6971 2
    endloop
  endfacet
  facet normal -0.522556 0.852605 0
    outer loop
      vertex 9.91042 20.1384 2
      vertex 9.58932 19.9416 6
      vertex 9.91042 20.1384 6
    endloop
  endfacet
  facet normal -0.522556 0.852605 0
    outer loop
      vertex 9.58932 19.9416 6
      vertex 9.91042 20.1384 2
      vertex 9.58932 19.9416 2
    endloop
  endfacet
  facet normal -0.0783413 -0.996927 0
    outer loop
      vertex 10.6246 15.6295 2
      vertex 11 15.6 6
      vertex 10.6246 15.6295 6
    endloop
  endfacet
  facet normal -0.0783413 -0.996927 -0
    outer loop
      vertex 11 15.6 6
      vertex 10.6246 15.6295 2
      vertex 11 15.6 2
    endloop
  endfacet
  facet normal 0.649281 -0.760549 0
    outer loop
      vertex 12.4107 16.0584 2
      vertex 12.6971 16.3029 6
      vertex 12.4107 16.0584 6
    endloop
  endfacet
  facet normal 0.649281 -0.760549 0
    outer loop
      vertex 12.6971 16.3029 6
      vertex 12.4107 16.0584 2
      vertex 12.6971 16.3029 2
    endloop
  endfacet
  facet normal -0.233654 -0.97232 0
    outer loop
      vertex 10.2584 15.7175 2
      vertex 10.6246 15.6295 6
      vertex 10.2584 15.7175 6
    endloop
  endfacet
  facet normal -0.233654 -0.97232 -0
    outer loop
      vertex 10.6246 15.6295 6
      vertex 10.2584 15.7175 2
      vertex 10.6246 15.6295 2
    endloop
  endfacet
  facet normal 0.0783413 0.996927 -0
    outer loop
      vertex 11.3754 20.3705 2
      vertex 11 20.4 6
      vertex 11.3754 20.3705 6
    endloop
  endfacet
  facet normal 0.0783413 0.996927 0
    outer loop
      vertex 11 20.4 6
      vertex 11.3754 20.3705 2
      vertex 11 20.4 2
    endloop
  endfacet
  facet normal 0.760549 -0.649281 0
    outer loop
      vertex 12.6971 16.3029 6
      vertex 12.9416 16.5893 2
      vertex 12.9416 16.5893 6
    endloop
  endfacet
  facet normal 0.760549 -0.649281 0
    outer loop
      vertex 12.9416 16.5893 2
      vertex 12.6971 16.3029 6
      vertex 12.6971 16.3029 2
    endloop
  endfacet
  facet normal -0.923904 -0.382624 0
    outer loop
      vertex 8.86158 16.9104 2
      vertex 8.71746 17.2584 6
      vertex 8.71746 17.2584 2
    endloop
  endfacet
  facet normal -0.923904 -0.382624 0
    outer loop
      vertex 8.71746 17.2584 6
      vertex 8.86158 16.9104 2
      vertex 8.86158 16.9104 6
    endloop
  endfacet
  facet normal 0.522556 0.852605 -0
    outer loop
      vertex 12.4107 19.9416 2
      vertex 12.0896 20.1384 6
      vertex 12.4107 19.9416 6
    endloop
  endfacet
  facet normal 0.522556 0.852605 0
    outer loop
      vertex 12.0896 20.1384 6
      vertex 12.4107 19.9416 2
      vertex 12.0896 20.1384 2
    endloop
  endfacet
  facet normal 0.233654 -0.97232 0
    outer loop
      vertex 11.3754 15.6295 2
      vertex 11.7416 15.7175 6
      vertex 11.3754 15.6295 6
    endloop
  endfacet
  facet normal 0.233654 -0.97232 0
    outer loop
      vertex 11.7416 15.7175 6
      vertex 11.3754 15.6295 2
      vertex 11.7416 15.7175 2
    endloop
  endfacet
  facet normal -0.382597 0.923915 0
    outer loop
      vertex 10.2584 20.2825 2
      vertex 9.91042 20.1384 6
      vertex 10.2584 20.2825 6
    endloop
  endfacet
  facet normal -0.382597 0.923915 0
    outer loop
      vertex 9.91042 20.1384 6
      vertex 10.2584 20.2825 2
      vertex 9.91042 20.1384 2
    endloop
  endfacet
  facet normal -0.760444 0.649404 0
    outer loop
      vertex 9.05836 19.4107 2
      vertex 9.30294 19.6971 6
      vertex 9.30294 19.6971 2
    endloop
  endfacet
  facet normal -0.760444 0.649404 0
    outer loop
      vertex 9.30294 19.6971 6
      vertex 9.05836 19.4107 2
      vertex 9.05836 19.4107 6
    endloop
  endfacet
  facet normal -0.233654 0.97232 0
    outer loop
      vertex 10.6246 20.3705 2
      vertex 10.2584 20.2825 6
      vertex 10.6246 20.3705 6
    endloop
  endfacet
  facet normal -0.233654 0.97232 0
    outer loop
      vertex 10.2584 20.2825 6
      vertex 10.6246 20.3705 2
      vertex 10.2584 20.2825 2
    endloop
  endfacet
  facet normal 0.760549 0.649281 0
    outer loop
      vertex 12.9416 19.4107 6
      vertex 12.6971 19.6971 2
      vertex 12.6971 19.6971 6
    endloop
  endfacet
  facet normal 0.760549 0.649281 0
    outer loop
      vertex 12.6971 19.6971 2
      vertex 12.9416 19.4107 6
      vertex 12.9416 19.4107 2
    endloop
  endfacet
  facet normal -0.972374 -0.233428 0
    outer loop
      vertex 8.71746 17.2584 2
      vertex 8.62955 17.6246 6
      vertex 8.62955 17.6246 2
    endloop
  endfacet
  facet normal -0.972374 -0.233428 0
    outer loop
      vertex 8.62955 17.6246 6
      vertex 8.71746 17.2584 2
      vertex 8.71746 17.2584 6
    endloop
  endfacet
  facet normal 0.233654 0.97232 -0
    outer loop
      vertex 11.7416 20.2825 2
      vertex 11.3754 20.3705 6
      vertex 11.7416 20.2825 6
    endloop
  endfacet
  facet normal 0.233654 0.97232 0
    outer loop
      vertex 11.3754 20.3705 6
      vertex 11.7416 20.2825 2
      vertex 11.3754 20.3705 2
    endloop
  endfacet
  facet normal 0.522556 -0.852605 0
    outer loop
      vertex 12.0896 15.8616 2
      vertex 12.4107 16.0584 6
      vertex 12.0896 15.8616 6
    endloop
  endfacet
  facet normal 0.522556 -0.852605 0
    outer loop
      vertex 12.4107 16.0584 6
      vertex 12.0896 15.8616 2
      vertex 12.4107 16.0584 2
    endloop
  endfacet
  facet normal -0.972374 0.233428 0
    outer loop
      vertex 8.62955 18.3754 2
      vertex 8.71746 18.7416 6
      vertex 8.71746 18.7416 2
    endloop
  endfacet
  facet normal -0.972374 0.233428 0
    outer loop
      vertex 8.71746 18.7416 6
      vertex 8.62955 18.3754 2
      vertex 8.62955 18.3754 6
    endloop
  endfacet
  facet normal -0.996916 -0.0784733 0
    outer loop
      vertex 8.62955 17.6246 2
      vertex 8.6 18 6
      vertex 8.6 18 2
    endloop
  endfacet
  facet normal -0.996916 -0.0784733 0
    outer loop
      vertex 8.6 18 6
      vertex 8.62955 17.6246 2
      vertex 8.62955 17.6246 6
    endloop
  endfacet
  facet normal -0.760444 -0.649404 0
    outer loop
      vertex 9.30294 16.3029 2
      vertex 9.05836 16.5893 6
      vertex 9.05836 16.5893 2
    endloop
  endfacet
  facet normal -0.760444 -0.649404 0
    outer loop
      vertex 9.05836 16.5893 6
      vertex 9.30294 16.3029 2
      vertex 9.30294 16.3029 6
    endloop
  endfacet
  facet normal -0.852629 0.522517 0
    outer loop
      vertex 8.86158 19.0896 2
      vertex 9.05836 19.4107 6
      vertex 9.05836 19.4107 2
    endloop
  endfacet
  facet normal -0.852629 0.522517 0
    outer loop
      vertex 9.05836 19.4107 6
      vertex 8.86158 19.0896 2
      vertex 8.86158 19.0896 6
    endloop
  endfacet
  facet normal 0.0783413 -0.996927 0
    outer loop
      vertex 11 15.6 2
      vertex 11.3754 15.6295 6
      vertex 11 15.6 6
    endloop
  endfacet
  facet normal 0.0783413 -0.996927 0
    outer loop
      vertex 11.3754 15.6295 6
      vertex 11 15.6 2
      vertex 11.3754 15.6295 2
    endloop
  endfacet
  facet normal 0 0 1
    outer loop
      vertex 11.9 18 6
      vertex 13.4 18 6
      vertex 13.3705 18.3754 6
    endloop
  endfacet
  facet normal 0 0 1
    outer loop
      vertex 11.8889 18.1408 6
      vertex 13.3705 18.3754 6
      vertex 13.2825 18.7416 6
    endloop
  endfacet
  facet normal 0 0 1
    outer loop
      vertex 13.4 18 6
      vertex 11.9 18 6
      vertex 13.3705 17.6246 6
    endloop
  endfacet
  facet normal 0 0 1
    outer loop
      vertex 11.856 18.2781 6
      vertex 13.2825 18.7416 6
      vertex 13.1384 19.0896 6
    endloop
  endfacet
  facet normal -0 0 1
    outer loop
      vertex 11.8889 17.8592 6
      vertex 13.3705 17.6246 6
      vertex 11.9 18 6
    endloop
  endfacet
  facet normal 0 0 1
    outer loop
      vertex 11.8019 18.4086 6
      vertex 13.1384 19.0896 6
      vertex 12.9416 19.4107 6
    endloop
  endfacet
  facet normal 0 0 1
    outer loop
      vertex 13.3705 17.6246 6
      vertex 11.8889 17.8592 6
      vertex 13.2825 17.2584 6
    endloop
  endfacet
  facet normal 0 0 1
    outer loop
      vertex 11.7281 18.529 6
      vertex 12.9416 19.4107 6
      vertex 12.6971 19.6971 6
    endloop
  endfacet
  facet normal -0 0 1
    outer loop
      vertex 11.856 17.7219 6
      vertex 13.2825 17.2584 6
      vertex 11.8889 17.8592 6
    endloop
  endfacet
  facet normal 0 0 1
    outer loop
      vertex 11.6364 18.6364 6
      vertex 12.6971 19.6971 6
      vertex 12.4107 19.9416 6
    endloop
  endfacet
  facet normal 0 0 1
    outer loop
      vertex 13.2825 17.2584 6
      vertex 11.856 17.7219 6
      vertex 13.1384 16.9104 6
    endloop
  endfacet
  facet normal 0 0 1
    outer loop
      vertex 11.529 18.7281 6
      vertex 12.4107 19.9416 6
      vertex 12.0896 20.1384 6
    endloop
  endfacet
  facet normal -0 0 1
    outer loop
      vertex 11.8019 17.5914 6
      vertex 13.1384 16.9104 6
      vertex 11.856 17.7219 6
    endloop
  endfacet
  facet normal 0 0 1
    outer loop
      vertex 13.1384 16.9104 6
      vertex 11.8019 17.5914 6
      vertex 12.9416 16.5893 6
    endloop
  endfacet
  facet normal 0 0 1
    outer loop
      vertex 13.3705 18.3754 6
      vertex 11.8889 18.1408 6
      vertex 11.9 18 6
    endloop
  endfacet
  facet normal 0 0 1
    outer loop
      vertex 13.2825 18.7416 6
      vertex 11.856 18.2781 6
      vertex 11.8889 18.1408 6
    endloop
  endfacet
  facet normal 0 0 1
    outer loop
      vertex 13.1384 19.0896 6
      vertex 11.8019 18.4086 6
      vertex 11.856 18.2781 6
    endloop
  endfacet
  facet normal 0 0 1
    outer loop
      vertex 11.4086 18.8019 6
      vertex 12.0896 20.1384 6
      vertex 11.7416 20.2825 6
    endloop
  endfacet
  facet normal 0 0 1
    outer loop
      vertex 12.9416 19.4107 6
      vertex 11.7281 18.529 6
      vertex 11.8019 18.4086 6
    endloop
  endfacet
  facet normal 0 0 1
    outer loop
      vertex 12.6971 19.6971 6
      vertex 11.6364 18.6364 6
      vertex 11.7281 18.529 6
    endloop
  endfacet
  facet normal 0 0 1
    outer loop
      vertex 12.4107 19.9416 6
      vertex 11.529 18.7281 6
      vertex 11.6364 18.6364 6
    endloop
  endfacet
  facet normal 0 0 1
    outer loop
      vertex 12.0896 20.1384 6
      vertex 11.4086 18.8019 6
      vertex 11.529 18.7281 6
    endloop
  endfacet
  facet normal 0 0 1
    outer loop
      vertex 11.2781 18.8559 6
      vertex 11.7416 20.2825 6
      vertex 11.3754 20.3705 6
    endloop
  endfacet
  facet normal 0 0 1
    outer loop
      vertex 11.7416 20.2825 6
      vertex 11.2781 18.8559 6
      vertex 11.4086 18.8019 6
    endloop
  endfacet
  facet normal 0 0 1
    outer loop
      vertex 11.3754 20.3705 6
      vertex 11.1408 18.8889 6
      vertex 11.2781 18.8559 6
    endloop
  endfacet
  facet normal 0 0 1
    outer loop
      vertex 11 20.4 6
      vertex 11.1408 18.8889 6
      vertex 11.3754 20.3705 6
    endloop
  endfacet
  facet normal 0 0 1
    outer loop
      vertex 11 20.4 6
      vertex 11 18.9 6
      vertex 11.1408 18.8889 6
    endloop
  endfacet
  facet normal 0 0 1
    outer loop
      vertex 11 20.4 6
      vertex 10.8592 18.8889 6
      vertex 11 18.9 6
    endloop
  endfacet
  facet normal -0 0 1
    outer loop
      vertex 10.6246 20.3705 6
      vertex 10.8592 18.8889 6
      vertex 11 20.4 6
    endloop
  endfacet
  facet normal 0 0 1
    outer loop
      vertex 10.8592 18.8889 6
      vertex 10.6246 20.3705 6
      vertex 10.7219 18.8559 6
    endloop
  endfacet
  facet normal -0 0 1
    outer loop
      vertex 10.2584 20.2825 6
      vertex 10.7219 18.8559 6
      vertex 10.6246 20.3705 6
    endloop
  endfacet
  facet normal 0 0 1
    outer loop
      vertex 10.7219 18.8559 6
      vertex 10.2584 20.2825 6
      vertex 10.5914 18.8019 6
    endloop
  endfacet
  facet normal -0 0 1
    outer loop
      vertex 9.91042 20.1384 6
      vertex 10.5914 18.8019 6
      vertex 10.2584 20.2825 6
    endloop
  endfacet
  facet normal 0 0 1
    outer loop
      vertex 10.5914 18.8019 6
      vertex 9.91042 20.1384 6
      vertex 10.471 18.7281 6
    endloop
  endfacet
  facet normal -0 0 1
    outer loop
      vertex 9.58932 19.9416 6
      vertex 10.471 18.7281 6
      vertex 9.91042 20.1384 6
    endloop
  endfacet
  facet normal 0 0 1
    outer loop
      vertex 10.471 18.7281 6
      vertex 9.58932 19.9416 6
      vertex 10.3636 18.6364 6
    endloop
  endfacet
  facet normal -0 0 1
    outer loop
      vertex 9.30294 19.6971 6
      vertex 10.3636 18.6364 6
      vertex 9.58932 19.9416 6
    endloop
  endfacet
  facet normal 0 0 1
    outer loop
      vertex 10.3636 18.6364 6
      vertex 9.30294 19.6971 6
      vertex 10.2719 18.529 6
    endloop
  endfacet
  facet normal -0 0 1
    outer loop
      vertex 9.05836 19.4107 6
      vertex 10.2719 18.529 6
      vertex 9.30294 19.6971 6
    endloop
  endfacet
  facet normal 0 0 1
    outer loop
      vertex 10.2719 18.529 6
      vertex 9.05836 19.4107 6
      vertex 10.1981 18.4086 6
    endloop
  endfacet
  facet normal -0 0 1
    outer loop
      vertex 11.7281 17.471 6
      vertex 12.9416 16.5893 6
      vertex 11.8019 17.5914 6
    endloop
  endfacet
  facet normal 0 0 1
    outer loop
      vertex 12.9416 16.5893 6
      vertex 11.7281 17.471 6
      vertex 12.6971 16.3029 6
    endloop
  endfacet
  facet normal -0 0 1
    outer loop
      vertex 11.6364 17.3636 6
      vertex 12.6971 16.3029 6
      vertex 11.7281 17.471 6
    endloop
  endfacet
  facet normal 0 0 1
    outer loop
      vertex 12.6971 16.3029 6
      vertex 11.6364 17.3636 6
      vertex 12.4107 16.0584 6
    endloop
  endfacet
  facet normal -0 0 1
    outer loop
      vertex 11.529 17.2719 6
      vertex 12.4107 16.0584 6
      vertex 11.6364 17.3636 6
    endloop
  endfacet
  facet normal 0 0 1
    outer loop
      vertex 12.4107 16.0584 6
      vertex 11.529 17.2719 6
      vertex 12.0896 15.8616 6
    endloop
  endfacet
  facet normal -0 0 1
    outer loop
      vertex 11.4086 17.1981 6
      vertex 12.0896 15.8616 6
      vertex 11.529 17.2719 6
    endloop
  endfacet
  facet normal 0 0 1
    outer loop
      vertex 12.0896 15.8616 6
      vertex 11.4086 17.1981 6
      vertex 11.7416 15.7175 6
    endloop
  endfacet
  facet normal -0 0 1
    outer loop
      vertex 11.2781 17.1441 6
      vertex 11.7416 15.7175 6
      vertex 11.4086 17.1981 6
    endloop
  endfacet
  facet normal 0 0 1
    outer loop
      vertex 11.7416 15.7175 6
      vertex 11.2781 17.1441 6
      vertex 11.3754 15.6295 6
    endloop
  endfacet
  facet normal -0 0 1
    outer loop
      vertex 11.1408 17.1111 6
      vertex 11.3754 15.6295 6
      vertex 11.2781 17.1441 6
    endloop
  endfacet
  facet normal -0 0 1
    outer loop
      vertex 11 17.1 6
      vertex 11.3754 15.6295 6
      vertex 11.1408 17.1111 6
    endloop
  endfacet
  facet normal 0 0 1
    outer loop
      vertex 11 17.1 6
      vertex 11 15.6 6
      vertex 11.3754 15.6295 6
    endloop
  endfacet
  facet normal 0 0 1
    outer loop
      vertex 10.8592 17.1111 6
      vertex 11 15.6 6
      vertex 11 17.1 6
    endloop
  endfacet
  facet normal 0 0 1
    outer loop
      vertex 10.6246 15.6295 6
      vertex 10.8592 17.1111 6
      vertex 10.7219 17.1441 6
    endloop
  endfacet
  facet normal 0 0 1
    outer loop
      vertex 10.8592 17.1111 6
      vertex 10.6246 15.6295 6
      vertex 11 15.6 6
    endloop
  endfacet
  facet normal 0 0 1
    outer loop
      vertex 10.2584 15.7175 6
      vertex 10.7219 17.1441 6
      vertex 10.5914 17.1981 6
    endloop
  endfacet
  facet normal 0 0 1
    outer loop
      vertex 9.91042 15.8616 6
      vertex 10.5914 17.1981 6
      vertex 10.471 17.2719 6
    endloop
  endfacet
  facet normal 0 0 1
    outer loop
      vertex 9.58932 16.0584 6
      vertex 10.471 17.2719 6
      vertex 10.3636 17.3636 6
    endloop
  endfacet
  facet normal 0 0 1
    outer loop
      vertex 9.30294 16.3029 6
      vertex 10.3636 17.3636 6
      vertex 10.2719 17.471 6
    endloop
  endfacet
  facet normal 0 0 1
    outer loop
      vertex 10.7219 17.1441 6
      vertex 10.2584 15.7175 6
      vertex 10.6246 15.6295 6
    endloop
  endfacet
  facet normal 0 0 1
    outer loop
      vertex 9.05836 16.5893 6
      vertex 10.2719 17.471 6
      vertex 10.1981 17.5914 6
    endloop
  endfacet
  facet normal 0 0 1
    outer loop
      vertex 8.86158 16.9104 6
      vertex 10.1981 17.5914 6
      vertex 10.144 17.7219 6
    endloop
  endfacet
  facet normal 0 0 1
    outer loop
      vertex 8.71746 17.2584 6
      vertex 10.144 17.7219 6
      vertex 10.1111 17.8592 6
    endloop
  endfacet
  facet normal 0 0 1
    outer loop
      vertex 8.62955 17.6246 6
      vertex 10.1111 17.8592 6
      vertex 10.1 18 6
    endloop
  endfacet
  facet normal -0 0 1
    outer loop
      vertex 8.86158 19.0896 6
      vertex 10.1981 18.4086 6
      vertex 9.05836 19.4107 6
    endloop
  endfacet
  facet normal 0 0 1
    outer loop
      vertex 10.5914 17.1981 6
      vertex 9.91042 15.8616 6
      vertex 10.2584 15.7175 6
    endloop
  endfacet
  facet normal 0 0 1
    outer loop
      vertex 10.1981 18.4086 6
      vertex 8.86158 19.0896 6
      vertex 10.144 18.2781 6
    endloop
  endfacet
  facet normal 0 0 1
    outer loop
      vertex 10.471 17.2719 6
      vertex 9.58932 16.0584 6
      vertex 9.91042 15.8616 6
    endloop
  endfacet
  facet normal -0 0 1
    outer loop
      vertex 8.71746 18.7416 6
      vertex 10.144 18.2781 6
      vertex 8.86158 19.0896 6
    endloop
  endfacet
  facet normal 0 0 1
    outer loop
      vertex 10.3636 17.3636 6
      vertex 9.30294 16.3029 6
      vertex 9.58932 16.0584 6
    endloop
  endfacet
  facet normal 0 0 1
    outer loop
      vertex 10.144 18.2781 6
      vertex 8.71746 18.7416 6
      vertex 10.1111 18.1408 6
    endloop
  endfacet
  facet normal 0 0 1
    outer loop
      vertex 10.2719 17.471 6
      vertex 9.05836 16.5893 6
      vertex 9.30294 16.3029 6
    endloop
  endfacet
  facet normal -0 0 1
    outer loop
      vertex 8.62955 18.3754 6
      vertex 10.1111 18.1408 6
      vertex 8.71746 18.7416 6
    endloop
  endfacet
  facet normal 0 0 1
    outer loop
      vertex 10.1981 17.5914 6
      vertex 8.86158 16.9104 6
      vertex 9.05836 16.5893 6
    endloop
  endfacet
  facet normal 0 0 1
    outer loop
      vertex 10.1111 18.1408 6
      vertex 8.62955 18.3754 6
      vertex 10.1 18 6
    endloop
  endfacet
  facet normal 0 0 1
    outer loop
      vertex 10.144 17.7219 6
      vertex 8.71746 17.2584 6
      vertex 8.86158 16.9104 6
    endloop
  endfacet
  facet normal 0 0 1
    outer loop
      vertex 8.6 18 6
      vertex 10.1 18 6
      vertex 8.62955 18.3754 6
    endloop
  endfacet
  facet normal 0 0 1
    outer loop
      vertex 10.1111 17.8592 6
      vertex 8.62955 17.6246 6
      vertex 8.71746 17.2584 6
    endloop
  endfacet
  facet normal 0 0 1
    outer loop
      vertex 10.1 18 6
      vertex 8.6 18 6
      vertex 8.62955 17.6246 6
    endloop
  endfacet
  facet normal -0.852629 -0.522517 0
    outer loop
      vertex 9.05836 16.5893 2
      vertex 8.86158 16.9104 6
      vertex 8.86158 16.9104 2
    endloop
  endfacet
  facet normal -0.852629 -0.522517 0
    outer loop
      vertex 8.86158 16.9104 6
      vertex 9.05836 16.5893 2
      vertex 9.05836 16.5893 6
    endloop
  endfacet
  facet normal -0.923904 0.382624 0
    outer loop
      vertex 8.71746 18.7416 2
      vertex 8.86158 19.0896 6
      vertex 8.86158 19.0896 2
    endloop
  endfacet
  facet normal -0.923904 0.382624 0
    outer loop
      vertex 8.86158 19.0896 6
      vertex 8.71746 18.7416 2
      vertex 8.71746 18.7416 6
    endloop
  endfacet
  facet normal 0.923767 -0.382956 0
    outer loop
      vertex 10.144 18.2781 6
      vertex 10.1981 18.4086 2
      vertex 10.1981 18.4086 6
    endloop
  endfacet
  facet normal 0.923767 -0.382956 0
    outer loop
      vertex 10.1981 18.4086 2
      vertex 10.144 18.2781 6
      vertex 10.144 18.2781 2
    endloop
  endfacet
  facet normal -0.972471 -0.233025 0
    outer loop
      vertex 11.8889 18.1408 2
      vertex 11.856 18.2781 6
      vertex 11.856 18.2781 2
    endloop
  endfacet
  facet normal -0.972471 -0.233025 0
    outer loop
      vertex 11.856 18.2781 6
      vertex 11.8889 18.1408 2
      vertex 11.8889 18.1408 6
    endloop
  endfacet
  facet normal -0.996907 -0.0785914 0
    outer loop
      vertex 11.9 18 2
      vertex 11.8889 18.1408 6
      vertex 11.8889 18.1408 2
    endloop
  endfacet
  facet normal -0.996907 -0.0785914 0
    outer loop
      vertex 11.8889 18.1408 6
      vertex 11.9 18 2
      vertex 11.9 18 6
    endloop
  endfacet
  facet normal -0.923767 -0.382956 0
    outer loop
      vertex 11.856 18.2781 2
      vertex 11.8019 18.4086 6
      vertex 11.8019 18.4086 2
    endloop
  endfacet
  facet normal -0.923767 -0.382956 0
    outer loop
      vertex 11.8019 18.4086 6
      vertex 11.856 18.2781 2
      vertex 11.856 18.2781 6
    endloop
  endfacet
  facet normal -0.522595 0.852581 0
    outer loop
      vertex 11.529 17.2719 2
      vertex 11.4086 17.1981 6
      vertex 11.529 17.2719 6
    endloop
  endfacet
  facet normal -0.522595 0.852581 0
    outer loop
      vertex 11.4086 17.1981 6
      vertex 11.529 17.2719 2
      vertex 11.4086 17.1981 2
    endloop
  endfacet
  facet normal -0.972471 0.233025 0
    outer loop
      vertex 11.856 17.7219 2
      vertex 11.8889 17.8592 6
      vertex 11.8889 17.8592 2
    endloop
  endfacet
  facet normal -0.972471 0.233025 0
    outer loop
      vertex 11.8889 17.8592 6
      vertex 11.856 17.7219 2
      vertex 11.856 17.7219 6
    endloop
  endfacet
  facet normal -0.382352 0.924017 0
    outer loop
      vertex 11.4086 17.1981 2
      vertex 11.2781 17.1441 6
      vertex 11.4086 17.1981 6
    endloop
  endfacet
  facet normal -0.382352 0.924017 0
    outer loop
      vertex 11.2781 17.1441 6
      vertex 11.4086 17.1981 2
      vertex 11.2781 17.1441 2
    endloop
  endfacet
  facet normal 0.382352 -0.924017 0
    outer loop
      vertex 10.5914 18.8019 2
      vertex 10.7219 18.8559 6
      vertex 10.5914 18.8019 6
    endloop
  endfacet
  facet normal 0.382352 -0.924017 0
    outer loop
      vertex 10.7219 18.8559 6
      vertex 10.5914 18.8019 2
      vertex 10.7219 18.8559 2
    endloop
  endfacet
  facet normal 0.522595 -0.852581 0
    outer loop
      vertex 10.471 18.7281 2
      vertex 10.5914 18.8019 6
      vertex 10.471 18.7281 6
    endloop
  endfacet
  facet normal 0.522595 -0.852581 0
    outer loop
      vertex 10.5914 18.8019 6
      vertex 10.471 18.7281 2
      vertex 10.5914 18.8019 2
    endloop
  endfacet
  facet normal -0.649332 -0.760505 0
    outer loop
      vertex 11.529 18.7281 2
      vertex 11.6364 18.6364 6
      vertex 11.529 18.7281 6
    endloop
  endfacet
  facet normal -0.649332 -0.760505 -0
    outer loop
      vertex 11.6364 18.6364 6
      vertex 11.529 18.7281 2
      vertex 11.6364 18.6364 2
    endloop
  endfacet
  facet normal 0.233694 -0.97231 0
    outer loop
      vertex 10.7219 18.8559 2
      vertex 10.8592 18.8889 6
      vertex 10.7219 18.8559 6
    endloop
  endfacet
  facet normal 0.233694 -0.97231 0
    outer loop
      vertex 10.8592 18.8889 6
      vertex 10.7219 18.8559 2
      vertex 10.8592 18.8889 2
    endloop
  endfacet
  facet normal 0.923767 0.382956 0
    outer loop
      vertex 10.1981 17.5914 6
      vertex 10.144 17.7219 2
      vertex 10.144 17.7219 6
    endloop
  endfacet
  facet normal 0.923767 0.382956 0
    outer loop
      vertex 10.144 17.7219 2
      vertex 10.1981 17.5914 6
      vertex 10.1981 17.5914 2
    endloop
  endfacet
  facet normal 0.0785914 -0.996907 0
    outer loop
      vertex 10.8592 18.8889 2
      vertex 11 18.9 6
      vertex 10.8592 18.8889 6
    endloop
  endfacet
  facet normal 0.0785914 -0.996907 0
    outer loop
      vertex 11 18.9 6
      vertex 10.8592 18.8889 2
      vertex 11 18.9 2
    endloop
  endfacet
  facet normal 0.233694 0.97231 -0
    outer loop
      vertex 10.8592 17.1111 2
      vertex 10.7219 17.1441 6
      vertex 10.8592 17.1111 6
    endloop
  endfacet
  facet normal 0.233694 0.97231 0
    outer loop
      vertex 10.7219 17.1441 6
      vertex 10.8592 17.1111 2
      vertex 10.7219 17.1441 2
    endloop
  endfacet
  facet normal -0.923767 0.382956 0
    outer loop
      vertex 11.8019 17.5914 2
      vertex 11.856 17.7219 6
      vertex 11.856 17.7219 2
    endloop
  endfacet
  facet normal -0.923767 0.382956 0
    outer loop
      vertex 11.856 17.7219 6
      vertex 11.8019 17.5914 2
      vertex 11.8019 17.5914 6
    endloop
  endfacet
  facet normal 0.760505 0.649332 0
    outer loop
      vertex 10.3636 17.3636 6
      vertex 10.2719 17.471 2
      vertex 10.2719 17.471 6
    endloop
  endfacet
  facet normal 0.760505 0.649332 0
    outer loop
      vertex 10.2719 17.471 2
      vertex 10.3636 17.3636 6
      vertex 10.3636 17.3636 2
    endloop
  endfacet
  facet normal 0.649332 -0.760505 0
    outer loop
      vertex 10.3636 18.6364 2
      vertex 10.471 18.7281 6
      vertex 10.3636 18.6364 6
    endloop
  endfacet
  facet normal 0.649332 -0.760505 0
    outer loop
      vertex 10.471 18.7281 6
      vertex 10.3636 18.6364 2
      vertex 10.471 18.7281 2
    endloop
  endfacet
  facet normal -0.0785914 0.996907 0
    outer loop
      vertex 11.1408 17.1111 2
      vertex 11 17.1 6
      vertex 11.1408 17.1111 6
    endloop
  endfacet
  facet normal -0.0785914 0.996907 0
    outer loop
      vertex 11 17.1 6
      vertex 11.1408 17.1111 2
      vertex 11 17.1 2
    endloop
  endfacet
  facet normal 0.649332 0.760505 -0
    outer loop
      vertex 10.471 17.2719 2
      vertex 10.3636 17.3636 6
      vertex 10.471 17.2719 6
    endloop
  endfacet
  facet normal 0.649332 0.760505 0
    outer loop
      vertex 10.3636 17.3636 6
      vertex 10.471 17.2719 2
      vertex 10.3636 17.3636 2
    endloop
  endfacet
  facet normal -0.852581 0.522595 0
    outer loop
      vertex 11.7281 17.471 2
      vertex 11.8019 17.5914 6
      vertex 11.8019 17.5914 2
    endloop
  endfacet
  facet normal -0.852581 0.522595 0
    outer loop
      vertex 11.8019 17.5914 6
      vertex 11.7281 17.471 2
      vertex 11.7281 17.471 6
    endloop
  endfacet
  facet normal -0.852581 -0.522595 0
    outer loop
      vertex 11.8019 18.4086 2
      vertex 11.7281 18.529 6
      vertex 11.7281 18.529 2
    endloop
  endfacet
  facet normal -0.852581 -0.522595 0
    outer loop
      vertex 11.7281 18.529 6
      vertex 11.8019 18.4086 2
      vertex 11.8019 18.4086 6
    endloop
  endfacet
  facet normal -0.760505 -0.649332 0
    outer loop
      vertex 11.7281 18.529 2
      vertex 11.6364 18.6364 6
      vertex 11.6364 18.6364 2
    endloop
  endfacet
  facet normal -0.760505 -0.649332 0
    outer loop
      vertex 11.6364 18.6364 6
      vertex 11.7281 18.529 2
      vertex 11.7281 18.529 6
    endloop
  endfacet
  facet normal 0.760505 -0.649332 0
    outer loop
      vertex 10.2719 18.529 6
      vertex 10.3636 18.6364 2
      vertex 10.3636 18.6364 6
    endloop
  endfacet
  facet normal 0.760505 -0.649332 0
    outer loop
      vertex 10.3636 18.6364 2
      vertex 10.2719 18.529 6
      vertex 10.2719 18.529 2
    endloop
  endfacet
  facet normal -0.0785914 -0.996907 0
    outer loop
      vertex 11 18.9 2
      vertex 11.1408 18.8889 6
      vertex 11 18.9 6
    endloop
  endfacet
  facet normal -0.0785914 -0.996907 -0
    outer loop
      vertex 11.1408 18.8889 6
      vertex 11 18.9 2
      vertex 11.1408 18.8889 2
    endloop
  endfacet
  facet normal -0.382352 -0.924017 0
    outer loop
      vertex 11.2781 18.8559 2
      vertex 11.4086 18.8019 6
      vertex 11.2781 18.8559 6
    endloop
  endfacet
  facet normal -0.382352 -0.924017 -0
    outer loop
      vertex 11.4086 18.8019 6
      vertex 11.2781 18.8559 2
      vertex 11.4086 18.8019 2
    endloop
  endfacet
  facet normal 0.972471 -0.233025 0
    outer loop
      vertex 10.1111 18.1408 6
      vertex 10.144 18.2781 2
      vertex 10.144 18.2781 6
    endloop
  endfacet
  facet normal 0.972471 -0.233025 0
    outer loop
      vertex 10.144 18.2781 2
      vertex 10.1111 18.1408 6
      vertex 10.1111 18.1408 2
    endloop
  endfacet
  facet normal 0.972471 0.233025 0
    outer loop
      vertex 10.144 17.7219 6
      vertex 10.1111 17.8592 2
      vertex 10.1111 17.8592 6
    endloop
  endfacet
  facet normal 0.972471 0.233025 0
    outer loop
      vertex 10.1111 17.8592 2
      vertex 10.144 17.7219 6
      vertex 10.144 17.7219 2
    endloop
  endfacet
  facet normal -0.522595 -0.852581 0
    outer loop
      vertex 11.4086 18.8019 2
      vertex 11.529 18.7281 6
      vertex 11.4086 18.8019 6
    endloop
  endfacet
  facet normal -0.522595 -0.852581 -0
    outer loop
      vertex 11.529 18.7281 6
      vertex 11.4086 18.8019 2
      vertex 11.529 18.7281 2
    endloop
  endfacet
  facet normal -0.233694 0.97231 0
    outer loop
      vertex 11.2781 17.1441 2
      vertex 11.1408 17.1111 6
      vertex 11.2781 17.1441 6
    endloop
  endfacet
  facet normal -0.233694 0.97231 0
    outer loop
      vertex 11.1408 17.1111 6
      vertex 11.2781 17.1441 2
      vertex 11.1408 17.1111 2
    endloop
  endfacet
  facet normal -0.996907 0.0785914 0
    outer loop
      vertex 11.8889 17.8592 2
      vertex 11.9 18 6
      vertex 11.9 18 2
    endloop
  endfacet
  facet normal -0.996907 0.0785914 0
    outer loop
      vertex 11.9 18 6
      vertex 11.8889 17.8592 2
      vertex 11.8889 17.8592 6
    endloop
  endfacet
  facet normal -0.760505 0.649332 0
    outer loop
      vertex 11.6364 17.3636 2
      vertex 11.7281 17.471 6
      vertex 11.7281 17.471 2
    endloop
  endfacet
  facet normal -0.760505 0.649332 0
    outer loop
      vertex 11.7281 17.471 6
      vertex 11.6364 17.3636 2
      vertex 11.6364 17.3636 6
    endloop
  endfacet
  facet normal 0.852581 0.522595 0
    outer loop
      vertex 10.2719 17.471 6
      vertex 10.1981 17.5914 2
      vertex 10.1981 17.5914 6
    endloop
  endfacet
  facet normal 0.852581 0.522595 0
    outer loop
      vertex 10.1981 17.5914 2
      vertex 10.2719 17.471 6
      vertex 10.2719 17.471 2
    endloop
  endfacet
  facet normal 0.996907 0.0785914 0
    outer loop
      vertex 10.1111 17.8592 6
      vertex 10.1 18 2
      vertex 10.1 18 6
    endloop
  endfacet
  facet normal 0.996907 0.0785914 0
    outer loop
      vertex 10.1 18 2
      vertex 10.1111 17.8592 6
      vertex 10.1111 17.8592 2
    endloop
  endfacet
  facet normal 0.0785914 0.996907 -0
    outer loop
      vertex 11 17.1 2
      vertex 10.8592 17.1111 6
      vertex 11 17.1 6
    endloop
  endfacet
  facet normal 0.0785914 0.996907 0
    outer loop
      vertex 10.8592 17.1111 6
      vertex 11 17.1 2
      vertex 10.8592 17.1111 2
    endloop
  endfacet
  facet normal -0.233694 -0.97231 0
    outer loop
      vertex 11.1408 18.8889 2
      vertex 11.2781 18.8559 6
      vertex 11.1408 18.8889 6
    endloop
  endfacet
  facet normal -0.233694 -0.97231 -0
    outer loop
      vertex 11.2781 18.8559 6
      vertex 11.1408 18.8889 2
      vertex 11.2781 18.8559 2
    endloop
  endfacet
  facet normal 0.522595 0.852581 -0
    outer loop
      vertex 10.5914 17.1981 2
      vertex 10.471 17.2719 6
      vertex 10.5914 17.1981 6
    endloop
  endfacet
  facet normal 0.522595 0.852581 0
    outer loop
      vertex 10.471 17.2719 6
      vertex 10.5914 17.1981 2
      vertex 10.471 17.2719 2
    endloop
  endfacet
  facet normal 0.382352 0.924017 -0
    outer loop
      vertex 10.7219 17.1441 2
      vertex 10.5914 17.1981 6
      vertex 10.7219 17.1441 6
    endloop
  endfacet
  facet normal 0.382352 0.924017 0
    outer loop
      vertex 10.5914 17.1981 6
      vertex 10.7219 17.1441 2
      vertex 10.5914 17.1981 2
    endloop
  endfacet
  facet normal 0.996907 -0.0785914 0
    outer loop
      vertex 10.1 18 6
      vertex 10.1111 18.1408 2
      vertex 10.1111 18.1408 6
    endloop
  endfacet
  facet normal 0.996907 -0.0785914 0
    outer loop
      vertex 10.1111 18.1408 2
      vertex 10.1 18 6
      vertex 10.1 18 2
    endloop
  endfacet
  facet normal 0.852581 -0.522595 0
    outer loop
      vertex 10.1981 18.4086 6
      vertex 10.2719 18.529 2
      vertex 10.2719 18.529 6
    endloop
  endfacet
  facet normal 0.852581 -0.522595 0
    outer loop
      vertex 10.2719 18.529 2
      vertex 10.1981 18.4086 6
      vertex 10.1981 18.4086 2
    endloop
  endfacet
  facet normal -0.649332 0.760505 0
    outer loop
      vertex 11.6364 17.3636 2
      vertex 11.529 17.2719 6
      vertex 11.6364 17.3636 6
    endloop
  endfacet
  facet normal -0.649332 0.760505 0
    outer loop
      vertex 11.529 17.2719 6
      vertex 11.6364 17.3636 2
      vertex 11.529 17.2719 2
    endloop
  endfacet
  facet normal -0.996927 0.0783413 0
    outer loop
      vertex 26.6 18 2
      vertex 26.6295 18.3754 6
      vertex 26.6295 18.3754 2
    endloop
  endfacet
  facet normal -0.996927 0.0783413 0
    outer loop
      vertex 26.6295 18.3754 6
      vertex 26.6 18 2
      vertex 26.6 18 6
    endloop
  endfacet
  facet normal 0.996927 -0.0783413 0
    outer loop
      vertex 31.3705 17.6246 6
      vertex 31.4 18 2
      vertex 31.4 18 6
    endloop
  endfacet
  facet normal 0.996927 -0.0783413 0
    outer loop
      vertex 31.4 18 2
      vertex 31.3705 17.6246 6
      vertex 31.3705 17.6246 2
    endloop
  endfacet
  facet normal 0.97232 0.233654 0
    outer loop
      vertex 31.3705 18.3754 6
      vertex 31.2825 18.7416 2
      vertex 31.2825 18.7416 6
    endloop
  endfacet
  facet normal 0.97232 0.233654 0
    outer loop
      vertex 31.2825 18.7416 2
      vertex 31.3705 18.3754 6
      vertex 31.3705 18.3754 2
    endloop
  endfacet
  facet normal 0.996927 0.0783413 0
    outer loop
      vertex 31.4 18 6
      vertex 31.3705 18.3754 2
      vertex 31.3705 18.3754 6
    endloop
  endfacet
  facet normal 0.996927 0.0783413 0
    outer loop
      vertex 31.3705 18.3754 2
      vertex 31.4 18 6
      vertex 31.4 18 2
    endloop
  endfacet
  facet normal 0.923923 0.382578 0
    outer loop
      vertex 31.2825 18.7416 6
      vertex 31.1384 19.0896 2
      vertex 31.1384 19.0896 6
    endloop
  endfacet
  facet normal 0.923923 0.382578 0
    outer loop
      vertex 31.1384 19.0896 2
      vertex 31.2825 18.7416 6
      vertex 31.2825 18.7416 2
    endloop
  endfacet
  facet normal 0.97232 -0.233654 0
    outer loop
      vertex 31.2825 17.2584 6
      vertex 31.3705 17.6246 2
      vertex 31.3705 17.6246 6
    endloop
  endfacet
  facet normal 0.97232 -0.233654 0
    outer loop
      vertex 31.3705 17.6246 2
      vertex 31.2825 17.2584 6
      vertex 31.2825 17.2584 2
    endloop
  endfacet
  facet normal -0.649281 -0.760549 0
    outer loop
      vertex 27.3029 16.3029 2
      vertex 27.5893 16.0584 6
      vertex 27.3029 16.3029 6
    endloop
  endfacet
  facet normal -0.649281 -0.760549 -0
    outer loop
      vertex 27.5893 16.0584 6
      vertex 27.3029 16.3029 2
      vertex 27.5893 16.0584 2
    endloop
  endfacet
  facet normal -0.522556 -0.852605 0
    outer loop
      vertex 27.5893 16.0584 2
      vertex 27.9104 15.8616 6
      vertex 27.5893 16.0584 6
    endloop
  endfacet
  facet normal -0.522556 -0.852605 -0
    outer loop
      vertex 27.9104 15.8616 6
      vertex 27.5893 16.0584 2
      vertex 27.9104 15.8616 2
    endloop
  endfacet
  facet normal -0.382578 -0.923923 0
    outer loop
      vertex 27.9104 15.8616 2
      vertex 28.2584 15.7175 6
      vertex 27.9104 15.8616 6
    endloop
  endfacet
  facet normal -0.382578 -0.923923 -0
    outer loop
      vertex 28.2584 15.7175 6
      vertex 27.9104 15.8616 2
      vertex 28.2584 15.7175 2
    endloop
  endfacet
  facet normal 0.852605 -0.522556 0
    outer loop
      vertex 30.9416 16.5893 6
      vertex 31.1384 16.9104 2
      vertex 31.1384 16.9104 6
    endloop
  endfacet
  facet normal 0.852605 -0.522556 0
    outer loop
      vertex 31.1384 16.9104 2
      vertex 30.9416 16.5893 6
      vertex 30.9416 16.5893 2
    endloop
  endfacet
  facet normal 0.382578 -0.923923 0
    outer loop
      vertex 29.7416 15.7175 2
      vertex 30.0896 15.8616 6
      vertex 29.7416 15.7175 6
    endloop
  endfacet
  facet normal 0.382578 -0.923923 0
    outer loop
      vertex 30.0896 15.8616 6
      vertex 29.7416 15.7175 2
      vertex 30.0896 15.8616 2
    endloop
  endfacet
  facet normal 0.923923 -0.382578 0
    outer loop
      vertex 31.1384 16.9104 6
      vertex 31.2825 17.2584 2
      vertex 31.2825 17.2584 6
    endloop
  endfacet
  facet normal 0.923923 -0.382578 0
    outer loop
      vertex 31.2825 17.2584 2
      vertex 31.1384 16.9104 6
      vertex 31.1384 16.9104 2
    endloop
  endfacet
  facet normal 0.649281 0.760549 -0
    outer loop
      vertex 30.6971 19.6971 2
      vertex 30.4107 19.9416 6
      vertex 30.6971 19.6971 6
    endloop
  endfacet
  facet normal 0.649281 0.760549 0
    outer loop
      vertex 30.4107 19.9416 6
      vertex 30.6971 19.6971 2
      vertex 30.4107 19.9416 2
    endloop
  endfacet
  facet normal 0.382578 0.923923 -0
    outer loop
      vertex 30.0896 20.1384 2
      vertex 29.7416 20.2825 6
      vertex 30.0896 20.1384 6
    endloop
  endfacet
  facet normal 0.382578 0.923923 0
    outer loop
      vertex 29.7416 20.2825 6
      vertex 30.0896 20.1384 2
      vertex 29.7416 20.2825 2
    endloop
  endfacet
  facet normal 0.852605 0.522556 0
    outer loop
      vertex 31.1384 19.0896 6
      vertex 30.9416 19.4107 2
      vertex 30.9416 19.4107 6
    endloop
  endfacet
  facet normal 0.852605 0.522556 0
    outer loop
      vertex 30.9416 19.4107 2
      vertex 31.1384 19.0896 6
      vertex 31.1384 19.0896 2
    endloop
  endfacet
  facet normal -0.0783413 0.996927 0
    outer loop
      vertex 29 20.4 2
      vertex 28.6246 20.3705 6
      vertex 29 20.4 6
    endloop
  endfacet
  facet normal -0.0783413 0.996927 0
    outer loop
      vertex 28.6246 20.3705 6
      vertex 29 20.4 2
      vertex 28.6246 20.3705 2
    endloop
  endfacet
  facet normal -0.649281 0.760549 0
    outer loop
      vertex 27.5893 19.9416 2
      vertex 27.3029 19.6971 6
      vertex 27.5893 19.9416 6
    endloop
  endfacet
  facet normal -0.649281 0.760549 0
    outer loop
      vertex 27.3029 19.6971 6
      vertex 27.5893 19.9416 2
      vertex 27.3029 19.6971 2
    endloop
  endfacet
  facet normal -0.522556 0.852605 0
    outer loop
      vertex 27.9104 20.1384 2
      vertex 27.5893 19.9416 6
      vertex 27.9104 20.1384 6
    endloop
  endfacet
  facet normal -0.522556 0.852605 0
    outer loop
      vertex 27.5893 19.9416 6
      vertex 27.9104 20.1384 2
      vertex 27.5893 19.9416 2
    endloop
  endfacet
  facet normal -0.0783413 -0.996927 0
    outer loop
      vertex 28.6246 15.6295 2
      vertex 29 15.6 6
      vertex 28.6246 15.6295 6
    endloop
  endfacet
  facet normal -0.0783413 -0.996927 -0
    outer loop
      vertex 29 15.6 6
      vertex 28.6246 15.6295 2
      vertex 29 15.6 2
    endloop
  endfacet
  facet normal 0.649281 -0.760549 0
    outer loop
      vertex 30.4107 16.0584 2
      vertex 30.6971 16.3029 6
      vertex 30.4107 16.0584 6
    endloop
  endfacet
  facet normal 0.649281 -0.760549 0
    outer loop
      vertex 30.6971 16.3029 6
      vertex 30.4107 16.0584 2
      vertex 30.6971 16.3029 2
    endloop
  endfacet
  facet normal -0.233654 -0.97232 0
    outer loop
      vertex 28.2584 15.7175 2
      vertex 28.6246 15.6295 6
      vertex 28.2584 15.7175 6
    endloop
  endfacet
  facet normal -0.233654 -0.97232 -0
    outer loop
      vertex 28.6246 15.6295 6
      vertex 28.2584 15.7175 2
      vertex 28.6246 15.6295 2
    endloop
  endfacet
  facet normal 0.0783413 0.996927 -0
    outer loop
      vertex 29.3754 20.3705 2
      vertex 29 20.4 6
      vertex 29.3754 20.3705 6
    endloop
  endfacet
  facet normal 0.0783413 0.996927 0
    outer loop
      vertex 29 20.4 6
      vertex 29.3754 20.3705 2
      vertex 29 20.4 2
    endloop
  endfacet
  facet normal 0.760549 -0.649281 0
    outer loop
      vertex 30.6971 16.3029 6
      vertex 30.9416 16.5893 2
      vertex 30.9416 16.5893 6
    endloop
  endfacet
  facet normal 0.760549 -0.649281 0
    outer loop
      vertex 30.9416 16.5893 2
      vertex 30.6971 16.3029 6
      vertex 30.6971 16.3029 2
    endloop
  endfacet
  facet normal -0.923923 -0.382578 0
    outer loop
      vertex 26.8616 16.9104 2
      vertex 26.7175 17.2584 6
      vertex 26.7175 17.2584 2
    endloop
  endfacet
  facet normal -0.923923 -0.382578 0
    outer loop
      vertex 26.7175 17.2584 6
      vertex 26.8616 16.9104 2
      vertex 26.8616 16.9104 6
    endloop
  endfacet
  facet normal 0.522556 0.852605 -0
    outer loop
      vertex 30.4107 19.9416 2
      vertex 30.0896 20.1384 6
      vertex 30.4107 19.9416 6
    endloop
  endfacet
  facet normal 0.522556 0.852605 0
    outer loop
      vertex 30.0896 20.1384 6
      vertex 30.4107 19.9416 2
      vertex 30.0896 20.1384 2
    endloop
  endfacet
  facet normal 0.233654 -0.97232 0
    outer loop
      vertex 29.3754 15.6295 2
      vertex 29.7416 15.7175 6
      vertex 29.3754 15.6295 6
    endloop
  endfacet
  facet normal 0.233654 -0.97232 0
    outer loop
      vertex 29.7416 15.7175 6
      vertex 29.3754 15.6295 2
      vertex 29.7416 15.7175 2
    endloop
  endfacet
  facet normal -0.382578 0.923923 0
    outer loop
      vertex 28.2584 20.2825 2
      vertex 27.9104 20.1384 6
      vertex 28.2584 20.2825 6
    endloop
  endfacet
  facet normal -0.382578 0.923923 0
    outer loop
      vertex 27.9104 20.1384 6
      vertex 28.2584 20.2825 2
      vertex 27.9104 20.1384 2
    endloop
  endfacet
  facet normal -0.760549 0.649281 0
    outer loop
      vertex 27.0584 19.4107 2
      vertex 27.3029 19.6971 6
      vertex 27.3029 19.6971 2
    endloop
  endfacet
  facet normal -0.760549 0.649281 0
    outer loop
      vertex 27.3029 19.6971 6
      vertex 27.0584 19.4107 2
      vertex 27.0584 19.4107 6
    endloop
  endfacet
  facet normal -0.233654 0.97232 0
    outer loop
      vertex 28.6246 20.3705 2
      vertex 28.2584 20.2825 6
      vertex 28.6246 20.3705 6
    endloop
  endfacet
  facet normal -0.233654 0.97232 0
    outer loop
      vertex 28.2584 20.2825 6
      vertex 28.6246 20.3705 2
      vertex 28.2584 20.2825 2
    endloop
  endfacet
  facet normal 0.760549 0.649281 0
    outer loop
      vertex 30.9416 19.4107 6
      vertex 30.6971 19.6971 2
      vertex 30.6971 19.6971 6
    endloop
  endfacet
  facet normal 0.760549 0.649281 0
    outer loop
      vertex 30.6971 19.6971 2
      vertex 30.9416 19.4107 6
      vertex 30.9416 19.4107 2
    endloop
  endfacet
  facet normal -0.97232 -0.233654 0
    outer loop
      vertex 26.7175 17.2584 2
      vertex 26.6295 17.6246 6
      vertex 26.6295 17.6246 2
    endloop
  endfacet
  facet normal -0.97232 -0.233654 0
    outer loop
      vertex 26.6295 17.6246 6
      vertex 26.7175 17.2584 2
      vertex 26.7175 17.2584 6
    endloop
  endfacet
  facet normal 0.233654 0.97232 -0
    outer loop
      vertex 29.7416 20.2825 2
      vertex 29.3754 20.3705 6
      vertex 29.7416 20.2825 6
    endloop
  endfacet
  facet normal 0.233654 0.97232 0
    outer loop
      vertex 29.3754 20.3705 6
      vertex 29.7416 20.2825 2
      vertex 29.3754 20.3705 2
    endloop
  endfacet
  facet normal 0.522556 -0.852605 0
    outer loop
      vertex 30.0896 15.8616 2
      vertex 30.4107 16.0584 6
      vertex 30.0896 15.8616 6
    endloop
  endfacet
  facet normal 0.522556 -0.852605 0
    outer loop
      vertex 30.4107 16.0584 6
      vertex 30.0896 15.8616 2
      vertex 30.4107 16.0584 2
    endloop
  endfacet
  facet normal -0.97232 0.233654 0
    outer loop
      vertex 26.6295 18.3754 2
      vertex 26.7175 18.7416 6
      vertex 26.7175 18.7416 2
    endloop
  endfacet
  facet normal -0.97232 0.233654 0
    outer loop
      vertex 26.7175 18.7416 6
      vertex 26.6295 18.3754 2
      vertex 26.6295 18.3754 6
    endloop
  endfacet
  facet normal -0.996927 -0.0783413 0
    outer loop
      vertex 26.6295 17.6246 2
      vertex 26.6 18 6
      vertex 26.6 18 2
    endloop
  endfacet
  facet normal -0.996927 -0.0783413 0
    outer loop
      vertex 26.6 18 6
      vertex 26.6295 17.6246 2
      vertex 26.6295 17.6246 6
    endloop
  endfacet
  facet normal -0.760549 -0.649281 0
    outer loop
      vertex 27.3029 16.3029 2
      vertex 27.0584 16.5893 6
      vertex 27.0584 16.5893 2
    endloop
  endfacet
  facet normal -0.760549 -0.649281 0
    outer loop
      vertex 27.0584 16.5893 6
      vertex 27.3029 16.3029 2
      vertex 27.3029 16.3029 6
    endloop
  endfacet
  facet normal -0.852605 0.522556 0
    outer loop
      vertex 26.8616 19.0896 2
      vertex 27.0584 19.4107 6
      vertex 27.0584 19.4107 2
    endloop
  endfacet
  facet normal -0.852605 0.522556 0
    outer loop
      vertex 27.0584 19.4107 6
      vertex 26.8616 19.0896 2
      vertex 26.8616 19.0896 6
    endloop
  endfacet
  facet normal 0.0783413 -0.996927 0
    outer loop
      vertex 29 15.6 2
      vertex 29.3754 15.6295 6
      vertex 29 15.6 6
    endloop
  endfacet
  facet normal 0.0783413 -0.996927 0
    outer loop
      vertex 29.3754 15.6295 6
      vertex 29 15.6 2
      vertex 29.3754 15.6295 2
    endloop
  endfacet
  facet normal 0 0 1
    outer loop
      vertex 29.9 18 6
      vertex 31.4 18 6
      vertex 31.3705 18.3754 6
    endloop
  endfacet
  facet normal 0 0 1
    outer loop
      vertex 29.8889 18.1408 6
      vertex 31.3705 18.3754 6
      vertex 31.2825 18.7416 6
    endloop
  endfacet
  facet normal 0 0 1
    outer loop
      vertex 31.4 18 6
      vertex 29.9 18 6
      vertex 31.3705 17.6246 6
    endloop
  endfacet
  facet normal 0 0 1
    outer loop
      vertex 29.8559 18.2781 6
      vertex 31.2825 18.7416 6
      vertex 31.1384 19.0896 6
    endloop
  endfacet
  facet normal -0 0 1
    outer loop
      vertex 29.8889 17.8592 6
      vertex 31.3705 17.6246 6
      vertex 29.9 18 6
    endloop
  endfacet
  facet normal 0 0 1
    outer loop
      vertex 29.8019 18.4086 6
      vertex 31.1384 19.0896 6
      vertex 30.9416 19.4107 6
    endloop
  endfacet
  facet normal 0 0 1
    outer loop
      vertex 31.3705 17.6246 6
      vertex 29.8889 17.8592 6
      vertex 31.2825 17.2584 6
    endloop
  endfacet
  facet normal 0 0 1
    outer loop
      vertex 29.7281 18.529 6
      vertex 30.9416 19.4107 6
      vertex 30.6971 19.6971 6
    endloop
  endfacet
  facet normal -0 0 1
    outer loop
      vertex 29.8559 17.7219 6
      vertex 31.2825 17.2584 6
      vertex 29.8889 17.8592 6
    endloop
  endfacet
  facet normal 0 0 1
    outer loop
      vertex 29.6364 18.6364 6
      vertex 30.6971 19.6971 6
      vertex 30.4107 19.9416 6
    endloop
  endfacet
  facet normal 0 0 1
    outer loop
      vertex 31.2825 17.2584 6
      vertex 29.8559 17.7219 6
      vertex 31.1384 16.9104 6
    endloop
  endfacet
  facet normal 0 0 1
    outer loop
      vertex 29.529 18.7281 6
      vertex 30.4107 19.9416 6
      vertex 30.0896 20.1384 6
    endloop
  endfacet
  facet normal -0 0 1
    outer loop
      vertex 29.8019 17.5914 6
      vertex 31.1384 16.9104 6
      vertex 29.8559 17.7219 6
    endloop
  endfacet
  facet normal 0 0 1
    outer loop
      vertex 31.1384 16.9104 6
      vertex 29.8019 17.5914 6
      vertex 30.9416 16.5893 6
    endloop
  endfacet
  facet normal 0 0 1
    outer loop
      vertex 31.3705 18.3754 6
      vertex 29.8889 18.1408 6
      vertex 29.9 18 6
    endloop
  endfacet
  facet normal 0 0 1
    outer loop
      vertex 31.2825 18.7416 6
      vertex 29.8559 18.2781 6
      vertex 29.8889 18.1408 6
    endloop
  endfacet
  facet normal 0 0 1
    outer loop
      vertex 31.1384 19.0896 6
      vertex 29.8019 18.4086 6
      vertex 29.8559 18.2781 6
    endloop
  endfacet
  facet normal 0 0 1
    outer loop
      vertex 29.4086 18.8019 6
      vertex 30.0896 20.1384 6
      vertex 29.7416 20.2825 6
    endloop
  endfacet
  facet normal 0 0 1
    outer loop
      vertex 30.9416 19.4107 6
      vertex 29.7281 18.529 6
      vertex 29.8019 18.4086 6
    endloop
  endfacet
  facet normal 0 0 1
    outer loop
      vertex 30.6971 19.6971 6
      vertex 29.6364 18.6364 6
      vertex 29.7281 18.529 6
    endloop
  endfacet
  facet normal 0 0 1
    outer loop
      vertex 30.4107 19.9416 6
      vertex 29.529 18.7281 6
      vertex 29.6364 18.6364 6
    endloop
  endfacet
  facet normal 0 0 1
    outer loop
      vertex 30.0896 20.1384 6
      vertex 29.4086 18.8019 6
      vertex 29.529 18.7281 6
    endloop
  endfacet
  facet normal 0 0 1
    outer loop
      vertex 29.2781 18.8559 6
      vertex 29.7416 20.2825 6
      vertex 29.3754 20.3705 6
    endloop
  endfacet
  facet normal 0 0 1
    outer loop
      vertex 29.7416 20.2825 6
      vertex 29.2781 18.8559 6
      vertex 29.4086 18.8019 6
    endloop
  endfacet
  facet normal 0 0 1
    outer loop
      vertex 29.3754 20.3705 6
      vertex 29.1408 18.8889 6
      vertex 29.2781 18.8559 6
    endloop
  endfacet
  facet normal 0 0 1
    outer loop
      vertex 29 20.4 6
      vertex 29.1408 18.8889 6
      vertex 29.3754 20.3705 6
    endloop
  endfacet
  facet normal 0 0 1
    outer loop
      vertex 29 20.4 6
      vertex 29 18.9 6
      vertex 29.1408 18.8889 6
    endloop
  endfacet
  facet normal 0 0 1
    outer loop
      vertex 29 20.4 6
      vertex 28.8592 18.8889 6
      vertex 29 18.9 6
    endloop
  endfacet
  facet normal -0 0 1
    outer loop
      vertex 28.6246 20.3705 6
      vertex 28.8592 18.8889 6
      vertex 29 20.4 6
    endloop
  endfacet
  facet normal 0 0 1
    outer loop
      vertex 28.8592 18.8889 6
      vertex 28.6246 20.3705 6
      vertex 28.7219 18.8559 6
    endloop
  endfacet
  facet normal -0 0 1
    outer loop
      vertex 28.2584 20.2825 6
      vertex 28.7219 18.8559 6
      vertex 28.6246 20.3705 6
    endloop
  endfacet
  facet normal 0 0 1
    outer loop
      vertex 28.7219 18.8559 6
      vertex 28.2584 20.2825 6
      vertex 28.5914 18.8019 6
    endloop
  endfacet
  facet normal -0 0 1
    outer loop
      vertex 27.9104 20.1384 6
      vertex 28.5914 18.8019 6
      vertex 28.2584 20.2825 6
    endloop
  endfacet
  facet normal 0 0 1
    outer loop
      vertex 28.5914 18.8019 6
      vertex 27.9104 20.1384 6
      vertex 28.471 18.7281 6
    endloop
  endfacet
  facet normal -0 0 1
    outer loop
      vertex 27.5893 19.9416 6
      vertex 28.471 18.7281 6
      vertex 27.9104 20.1384 6
    endloop
  endfacet
  facet normal 0 0 1
    outer loop
      vertex 28.471 18.7281 6
      vertex 27.5893 19.9416 6
      vertex 28.3636 18.6364 6
    endloop
  endfacet
  facet normal -0 0 1
    outer loop
      vertex 27.3029 19.6971 6
      vertex 28.3636 18.6364 6
      vertex 27.5893 19.9416 6
    endloop
  endfacet
  facet normal 0 0 1
    outer loop
      vertex 28.3636 18.6364 6
      vertex 27.3029 19.6971 6
      vertex 28.2719 18.529 6
    endloop
  endfacet
  facet normal -0 0 1
    outer loop
      vertex 27.0584 19.4107 6
      vertex 28.2719 18.529 6
      vertex 27.3029 19.6971 6
    endloop
  endfacet
  facet normal 0 0 1
    outer loop
      vertex 28.2719 18.529 6
      vertex 27.0584 19.4107 6
      vertex 28.1981 18.4086 6
    endloop
  endfacet
  facet normal -0 0 1
    outer loop
      vertex 29.7281 17.471 6
      vertex 30.9416 16.5893 6
      vertex 29.8019 17.5914 6
    endloop
  endfacet
  facet normal 0 0 1
    outer loop
      vertex 30.9416 16.5893 6
      vertex 29.7281 17.471 6
      vertex 30.6971 16.3029 6
    endloop
  endfacet
  facet normal -0 0 1
    outer loop
      vertex 29.6364 17.3636 6
      vertex 30.6971 16.3029 6
      vertex 29.7281 17.471 6
    endloop
  endfacet
  facet normal 0 0 1
    outer loop
      vertex 30.6971 16.3029 6
      vertex 29.6364 17.3636 6
      vertex 30.4107 16.0584 6
    endloop
  endfacet
  facet normal -0 0 1
    outer loop
      vertex 29.529 17.2719 6
      vertex 30.4107 16.0584 6
      vertex 29.6364 17.3636 6
    endloop
  endfacet
  facet normal 0 0 1
    outer loop
      vertex 30.4107 16.0584 6
      vertex 29.529 17.2719 6
      vertex 30.0896 15.8616 6
    endloop
  endfacet
  facet normal -0 0 1
    outer loop
      vertex 29.4086 17.1981 6
      vertex 30.0896 15.8616 6
      vertex 29.529 17.2719 6
    endloop
  endfacet
  facet normal 0 0 1
    outer loop
      vertex 30.0896 15.8616 6
      vertex 29.4086 17.1981 6
      vertex 29.7416 15.7175 6
    endloop
  endfacet
  facet normal -0 0 1
    outer loop
      vertex 29.2781 17.1441 6
      vertex 29.7416 15.7175 6
      vertex 29.4086 17.1981 6
    endloop
  endfacet
  facet normal 0 0 1
    outer loop
      vertex 29.7416 15.7175 6
      vertex 29.2781 17.1441 6
      vertex 29.3754 15.6295 6
    endloop
  endfacet
  facet normal -0 0 1
    outer loop
      vertex 29.1408 17.1111 6
      vertex 29.3754 15.6295 6
      vertex 29.2781 17.1441 6
    endloop
  endfacet
  facet normal -0 0 1
    outer loop
      vertex 29 17.1 6
      vertex 29.3754 15.6295 6
      vertex 29.1408 17.1111 6
    endloop
  endfacet
  facet normal 0 0 1
    outer loop
      vertex 29 17.1 6
      vertex 29 15.6 6
      vertex 29.3754 15.6295 6
    endloop
  endfacet
  facet normal 0 0 1
    outer loop
      vertex 28.8592 17.1111 6
      vertex 29 15.6 6
      vertex 29 17.1 6
    endloop
  endfacet
  facet normal 0 0 1
    outer loop
      vertex 28.6246 15.6295 6
      vertex 28.8592 17.1111 6
      vertex 28.7219 17.1441 6
    endloop
  endfacet
  facet normal 0 0 1
    outer loop
      vertex 28.8592 17.1111 6
      vertex 28.6246 15.6295 6
      vertex 29 15.6 6
    endloop
  endfacet
  facet normal 0 0 1
    outer loop
      vertex 28.2584 15.7175 6
      vertex 28.7219 17.1441 6
      vertex 28.5914 17.1981 6
    endloop
  endfacet
  facet normal 0 0 1
    outer loop
      vertex 27.9104 15.8616 6
      vertex 28.5914 17.1981 6
      vertex 28.471 17.2719 6
    endloop
  endfacet
  facet normal 0 0 1
    outer loop
      vertex 27.5893 16.0584 6
      vertex 28.471 17.2719 6
      vertex 28.3636 17.3636 6
    endloop
  endfacet
  facet normal 0 0 1
    outer loop
      vertex 27.3029 16.3029 6
      vertex 28.3636 17.3636 6
      vertex 28.2719 17.471 6
    endloop
  endfacet
  facet normal 0 0 1
    outer loop
      vertex 28.7219 17.1441 6
      vertex 28.2584 15.7175 6
      vertex 28.6246 15.6295 6
    endloop
  endfacet
  facet normal 0 0 1
    outer loop
      vertex 27.0584 16.5893 6
      vertex 28.2719 17.471 6
      vertex 28.1981 17.5914 6
    endloop
  endfacet
  facet normal 0 0 1
    outer loop
      vertex 26.8616 16.9104 6
      vertex 28.1981 17.5914 6
      vertex 28.1441 17.7219 6
    endloop
  endfacet
  facet normal 0 0 1
    outer loop
      vertex 26.7175 17.2584 6
      vertex 28.1441 17.7219 6
      vertex 28.1111 17.8592 6
    endloop
  endfacet
  facet normal 0 0 1
    outer loop
      vertex 26.6295 17.6246 6
      vertex 28.1111 17.8592 6
      vertex 28.1 18 6
    endloop
  endfacet
  facet normal -0 0 1
    outer loop
      vertex 26.8616 19.0896 6
      vertex 28.1981 18.4086 6
      vertex 27.0584 19.4107 6
    endloop
  endfacet
  facet normal 0 0 1
    outer loop
      vertex 28.5914 17.1981 6
      vertex 27.9104 15.8616 6
      vertex 28.2584 15.7175 6
    endloop
  endfacet
  facet normal 0 0 1
    outer loop
      vertex 28.1981 18.4086 6
      vertex 26.8616 19.0896 6
      vertex 28.1441 18.2781 6
    endloop
  endfacet
  facet normal 0 0 1
    outer loop
      vertex 28.471 17.2719 6
      vertex 27.5893 16.0584 6
      vertex 27.9104 15.8616 6
    endloop
  endfacet
  facet normal -0 0 1
    outer loop
      vertex 26.7175 18.7416 6
      vertex 28.1441 18.2781 6
      vertex 26.8616 19.0896 6
    endloop
  endfacet
  facet normal 0 0 1
    outer loop
      vertex 28.3636 17.3636 6
      vertex 27.3029 16.3029 6
      vertex 27.5893 16.0584 6
    endloop
  endfacet
  facet normal 0 0 1
    outer loop
      vertex 28.1441 18.2781 6
      vertex 26.7175 18.7416 6
      vertex 28.1111 18.1408 6
    endloop
  endfacet
  facet normal 0 0 1
    outer loop
      vertex 28.2719 17.471 6
      vertex 27.0584 16.5893 6
      vertex 27.3029 16.3029 6
    endloop
  endfacet
  facet normal -0 0 1
    outer loop
      vertex 26.6295 18.3754 6
      vertex 28.1111 18.1408 6
      vertex 26.7175 18.7416 6
    endloop
  endfacet
  facet normal 0 0 1
    outer loop
      vertex 28.1981 17.5914 6
      vertex 26.8616 16.9104 6
      vertex 27.0584 16.5893 6
    endloop
  endfacet
  facet normal 0 0 1
    outer loop
      vertex 28.1111 18.1408 6
      vertex 26.6295 18.3754 6
      vertex 28.1 18 6
    endloop
  endfacet
  facet normal 0 0 1
    outer loop
      vertex 28.1441 17.7219 6
      vertex 26.7175 17.2584 6
      vertex 26.8616 16.9104 6
    endloop
  endfacet
  facet normal 0 0 1
    outer loop
      vertex 26.6 18 6
      vertex 28.1 18 6
      vertex 26.6295 18.3754 6
    endloop
  endfacet
  facet normal 0 0 1
    outer loop
      vertex 28.1111 17.8592 6
      vertex 26.6295 17.6246 6
      vertex 26.7175 17.2584 6
    endloop
  endfacet
  facet normal 0 0 1
    outer loop
      vertex 28.1 18 6
      vertex 26.6 18 6
      vertex 26.6295 17.6246 6
    endloop
  endfacet
  facet normal -0.852605 -0.522556 0
    outer loop
      vertex 27.0584 16.5893 2
      vertex 26.8616 16.9104 6
      vertex 26.8616 16.9104 2
    endloop
  endfacet
  facet normal -0.852605 -0.522556 0
    outer loop
      vertex 26.8616 16.9104 6
      vertex 27.0584 16.5893 2
      vertex 27.0584 16.5893 6
    endloop
  endfacet
  facet normal -0.923923 0.382578 0
    outer loop
      vertex 26.7175 18.7416 2
      vertex 26.8616 19.0896 6
      vertex 26.8616 19.0896 2
    endloop
  endfacet
  facet normal -0.923923 0.382578 0
    outer loop
      vertex 26.8616 19.0896 6
      vertex 26.7175 18.7416 2
      vertex 26.7175 18.7416 6
    endloop
  endfacet
  facet normal 0.924017 -0.382352 0
    outer loop
      vertex 28.1441 18.2781 6
      vertex 28.1981 18.4086 2
      vertex 28.1981 18.4086 6
    endloop
  endfacet
  facet normal 0.924017 -0.382352 0
    outer loop
      vertex 28.1981 18.4086 2
      vertex 28.1441 18.2781 6
      vertex 28.1441 18.2781 2
    endloop
  endfacet
  facet normal -0.97231 -0.233694 0
    outer loop
      vertex 29.8889 18.1408 2
      vertex 29.8559 18.2781 6
      vertex 29.8559 18.2781 2
    endloop
  endfacet
  facet normal -0.97231 -0.233694 0
    outer loop
      vertex 29.8559 18.2781 6
      vertex 29.8889 18.1408 2
      vertex 29.8889 18.1408 6
    endloop
  endfacet
  facet normal -0.996907 -0.0785914 0
    outer loop
      vertex 29.9 18 2
      vertex 29.8889 18.1408 6
      vertex 29.8889 18.1408 2
    endloop
  endfacet
  facet normal -0.996907 -0.0785914 0
    outer loop
      vertex 29.8889 18.1408 6
      vertex 29.9 18 2
      vertex 29.9 18 6
    endloop
  endfacet
  facet normal -0.924017 -0.382352 0
    outer loop
      vertex 29.8559 18.2781 2
      vertex 29.8019 18.4086 6
      vertex 29.8019 18.4086 2
    endloop
  endfacet
  facet normal -0.924017 -0.382352 0
    outer loop
      vertex 29.8019 18.4086 6
      vertex 29.8559 18.2781 2
      vertex 29.8559 18.2781 6
    endloop
  endfacet
  facet normal -0.522595 0.852581 0
    outer loop
      vertex 29.529 17.2719 2
      vertex 29.4086 17.1981 6
      vertex 29.529 17.2719 6
    endloop
  endfacet
  facet normal -0.522595 0.852581 0
    outer loop
      vertex 29.4086 17.1981 6
      vertex 29.529 17.2719 2
      vertex 29.4086 17.1981 2
    endloop
  endfacet
  facet normal -0.97231 0.233694 0
    outer loop
      vertex 29.8559 17.7219 2
      vertex 29.8889 17.8592 6
      vertex 29.8889 17.8592 2
    endloop
  endfacet
  facet normal -0.97231 0.233694 0
    outer loop
      vertex 29.8889 17.8592 6
      vertex 29.8559 17.7219 2
      vertex 29.8559 17.7219 6
    endloop
  endfacet
  facet normal -0.382352 0.924017 0
    outer loop
      vertex 29.4086 17.1981 2
      vertex 29.2781 17.1441 6
      vertex 29.4086 17.1981 6
    endloop
  endfacet
  facet normal -0.382352 0.924017 0
    outer loop
      vertex 29.2781 17.1441 6
      vertex 29.4086 17.1981 2
      vertex 29.2781 17.1441 2
    endloop
  endfacet
  facet normal 0.382352 -0.924017 0
    outer loop
      vertex 28.5914 18.8019 2
      vertex 28.7219 18.8559 6
      vertex 28.5914 18.8019 6
    endloop
  endfacet
  facet normal 0.382352 -0.924017 0
    outer loop
      vertex 28.7219 18.8559 6
      vertex 28.5914 18.8019 2
      vertex 28.7219 18.8559 2
    endloop
  endfacet
  facet normal 0.522595 -0.852581 0
    outer loop
      vertex 28.471 18.7281 2
      vertex 28.5914 18.8019 6
      vertex 28.471 18.7281 6
    endloop
  endfacet
  facet normal 0.522595 -0.852581 0
    outer loop
      vertex 28.5914 18.8019 6
      vertex 28.471 18.7281 2
      vertex 28.5914 18.8019 2
    endloop
  endfacet
  facet normal -0.649332 -0.760505 0
    outer loop
      vertex 29.529 18.7281 2
      vertex 29.6364 18.6364 6
      vertex 29.529 18.7281 6
    endloop
  endfacet
  facet normal -0.649332 -0.760505 -0
    outer loop
      vertex 29.6364 18.6364 6
      vertex 29.529 18.7281 2
      vertex 29.6364 18.6364 2
    endloop
  endfacet
  facet normal 0.233694 -0.97231 0
    outer loop
      vertex 28.7219 18.8559 2
      vertex 28.8592 18.8889 6
      vertex 28.7219 18.8559 6
    endloop
  endfacet
  facet normal 0.233694 -0.97231 0
    outer loop
      vertex 28.8592 18.8889 6
      vertex 28.7219 18.8559 2
      vertex 28.8592 18.8889 2
    endloop
  endfacet
  facet normal 0.924017 0.382352 0
    outer loop
      vertex 28.1981 17.5914 6
      vertex 28.1441 17.7219 2
      vertex 28.1441 17.7219 6
    endloop
  endfacet
  facet normal 0.924017 0.382352 0
    outer loop
      vertex 28.1441 17.7219 2
      vertex 28.1981 17.5914 6
      vertex 28.1981 17.5914 2
    endloop
  endfacet
  facet normal 0.0785914 -0.996907 0
    outer loop
      vertex 28.8592 18.8889 2
      vertex 29 18.9 6
      vertex 28.8592 18.8889 6
    endloop
  endfacet
  facet normal 0.0785914 -0.996907 0
    outer loop
      vertex 29 18.9 6
      vertex 28.8592 18.8889 2
      vertex 29 18.9 2
    endloop
  endfacet
  facet normal 0.233694 0.97231 -0
    outer loop
      vertex 28.8592 17.1111 2
      vertex 28.7219 17.1441 6
      vertex 28.8592 17.1111 6
    endloop
  endfacet
  facet normal 0.233694 0.97231 0
    outer loop
      vertex 28.7219 17.1441 6
      vertex 28.8592 17.1111 2
      vertex 28.7219 17.1441 2
    endloop
  endfacet
  facet normal -0.924017 0.382352 0
    outer loop
      vertex 29.8019 17.5914 2
      vertex 29.8559 17.7219 6
      vertex 29.8559 17.7219 2
    endloop
  endfacet
  facet normal -0.924017 0.382352 0
    outer loop
      vertex 29.8559 17.7219 6
      vertex 29.8019 17.5914 2
      vertex 29.8019 17.5914 6
    endloop
  endfacet
  facet normal 0.760505 0.649332 0
    outer loop
      vertex 28.3636 17.3636 6
      vertex 28.2719 17.471 2
      vertex 28.2719 17.471 6
    endloop
  endfacet
  facet normal 0.760505 0.649332 0
    outer loop
      vertex 28.2719 17.471 2
      vertex 28.3636 17.3636 6
      vertex 28.3636 17.3636 2
    endloop
  endfacet
  facet normal 0.649332 -0.760505 0
    outer loop
      vertex 28.3636 18.6364 2
      vertex 28.471 18.7281 6
      vertex 28.3636 18.6364 6
    endloop
  endfacet
  facet normal 0.649332 -0.760505 0
    outer loop
      vertex 28.471 18.7281 6
      vertex 28.3636 18.6364 2
      vertex 28.471 18.7281 2
    endloop
  endfacet
  facet normal -0.0785914 0.996907 0
    outer loop
      vertex 29.1408 17.1111 2
      vertex 29 17.1 6
      vertex 29.1408 17.1111 6
    endloop
  endfacet
  facet normal -0.0785914 0.996907 0
    outer loop
      vertex 29 17.1 6
      vertex 29.1408 17.1111 2
      vertex 29 17.1 2
    endloop
  endfacet
  facet normal 0.649332 0.760505 -0
    outer loop
      vertex 28.471 17.2719 2
      vertex 28.3636 17.3636 6
      vertex 28.471 17.2719 6
    endloop
  endfacet
  facet normal 0.649332 0.760505 0
    outer loop
      vertex 28.3636 17.3636 6
      vertex 28.471 17.2719 2
      vertex 28.3636 17.3636 2
    endloop
  endfacet
  facet normal -0.852581 0.522595 0
    outer loop
      vertex 29.7281 17.471 2
      vertex 29.8019 17.5914 6
      vertex 29.8019 17.5914 2
    endloop
  endfacet
  facet normal -0.852581 0.522595 0
    outer loop
      vertex 29.8019 17.5914 6
      vertex 29.7281 17.471 2
      vertex 29.7281 17.471 6
    endloop
  endfacet
  facet normal -0.852581 -0.522595 0
    outer loop
      vertex 29.8019 18.4086 2
      vertex 29.7281 18.529 6
      vertex 29.7281 18.529 2
    endloop
  endfacet
  facet normal -0.852581 -0.522595 0
    outer loop
      vertex 29.7281 18.529 6
      vertex 29.8019 18.4086 2
      vertex 29.8019 18.4086 6
    endloop
  endfacet
  facet normal -0.760505 -0.649332 0
    outer loop
      vertex 29.7281 18.529 2
      vertex 29.6364 18.6364 6
      vertex 29.6364 18.6364 2
    endloop
  endfacet
  facet normal -0.760505 -0.649332 0
    outer loop
      vertex 29.6364 18.6364 6
      vertex 29.7281 18.529 2
      vertex 29.7281 18.529 6
    endloop
  endfacet
  facet normal 0.760505 -0.649332 0
    outer loop
      vertex 28.2719 18.529 6
      vertex 28.3636 18.6364 2
      vertex 28.3636 18.6364 6
    endloop
  endfacet
  facet normal 0.760505 -0.649332 0
    outer loop
      vertex 28.3636 18.6364 2
      vertex 28.2719 18.529 6
      vertex 28.2719 18.529 2
    endloop
  endfacet
  facet normal -0.0785914 -0.996907 0
    outer loop
      vertex 29 18.9 2
      vertex 29.1408 18.8889 6
      vertex 29 18.9 6
    endloop
  endfacet
  facet normal -0.0785914 -0.996907 -0
    outer loop
      vertex 29.1408 18.8889 6
      vertex 29 18.9 2
      vertex 29.1408 18.8889 2
    endloop
  endfacet
  facet normal -0.382352 -0.924017 0
    outer loop
      vertex 29.2781 18.8559 2
      vertex 29.4086 18.8019 6
      vertex 29.2781 18.8559 6
    endloop
  endfacet
  facet normal -0.382352 -0.924017 -0
    outer loop
      vertex 29.4086 18.8019 6
      vertex 29.2781 18.8559 2
      vertex 29.4086 18.8019 2
    endloop
  endfacet
  facet normal 0.97231 -0.233694 0
    outer loop
      vertex 28.1111 18.1408 6
      vertex 28.1441 18.2781 2
      vertex 28.1441 18.2781 6
    endloop
  endfacet
  facet normal 0.97231 -0.233694 0
    outer loop
      vertex 28.1441 18.2781 2
      vertex 28.1111 18.1408 6
      vertex 28.1111 18.1408 2
    endloop
  endfacet
  facet normal 0.97231 0.233694 0
    outer loop
      vertex 28.1441 17.7219 6
      vertex 28.1111 17.8592 2
      vertex 28.1111 17.8592 6
    endloop
  endfacet
  facet normal 0.97231 0.233694 0
    outer loop
      vertex 28.1111 17.8592 2
      vertex 28.1441 17.7219 6
      vertex 28.1441 17.7219 2
    endloop
  endfacet
  facet normal -0.522595 -0.852581 0
    outer loop
      vertex 29.4086 18.8019 2
      vertex 29.529 18.7281 6
      vertex 29.4086 18.8019 6
    endloop
  endfacet
  facet normal -0.522595 -0.852581 -0
    outer loop
      vertex 29.529 18.7281 6
      vertex 29.4086 18.8019 2
      vertex 29.529 18.7281 2
    endloop
  endfacet
  facet normal -0.233694 0.97231 0
    outer loop
      vertex 29.2781 17.1441 2
      vertex 29.1408 17.1111 6
      vertex 29.2781 17.1441 6
    endloop
  endfacet
  facet normal -0.233694 0.97231 0
    outer loop
      vertex 29.1408 17.1111 6
      vertex 29.2781 17.1441 2
      vertex 29.1408 17.1111 2
    endloop
  endfacet
  facet normal -0.996907 0.0785914 0
    outer loop
      vertex 29.8889 17.8592 2
      vertex 29.9 18 6
      vertex 29.9 18 2
    endloop
  endfacet
  facet normal -0.996907 0.0785914 0
    outer loop
      vertex 29.9 18 6
      vertex 29.8889 17.8592 2
      vertex 29.8889 17.8592 6
    endloop
  endfacet
  facet normal -0.760505 0.649332 0
    outer loop
      vertex 29.6364 17.3636 2
      vertex 29.7281 17.471 6
      vertex 29.7281 17.471 2
    endloop
  endfacet
  facet normal -0.760505 0.649332 0
    outer loop
      vertex 29.7281 17.471 6
      vertex 29.6364 17.3636 2
      vertex 29.6364 17.3636 6
    endloop
  endfacet
  facet normal 0.852581 0.522595 0
    outer loop
      vertex 28.2719 17.471 6
      vertex 28.1981 17.5914 2
      vertex 28.1981 17.5914 6
    endloop
  endfacet
  facet normal 0.852581 0.522595 0
    outer loop
      vertex 28.1981 17.5914 2
      vertex 28.2719 17.471 6
      vertex 28.2719 17.471 2
    endloop
  endfacet
  facet normal 0.996907 0.0785914 0
    outer loop
      vertex 28.1111 17.8592 6
      vertex 28.1 18 2
      vertex 28.1 18 6
    endloop
  endfacet
  facet normal 0.996907 0.0785914 0
    outer loop
      vertex 28.1 18 2
      vertex 28.1111 17.8592 6
      vertex 28.1111 17.8592 2
    endloop
  endfacet
  facet normal 0.0785914 0.996907 -0
    outer loop
      vertex 29 17.1 2
      vertex 28.8592 17.1111 6
      vertex 29 17.1 6
    endloop
  endfacet
  facet normal 0.0785914 0.996907 0
    outer loop
      vertex 28.8592 17.1111 6
      vertex 29 17.1 2
      vertex 28.8592 17.1111 2
    endloop
  endfacet
  facet normal -0.233694 -0.97231 0
    outer loop
      vertex 29.1408 18.8889 2
      vertex 29.2781 18.8559 6
      vertex 29.1408 18.8889 6
    endloop
  endfacet
  facet normal -0.233694 -0.97231 -0
    outer loop
      vertex 29.2781 18.8559 6
      vertex 29.1408 18.8889 2
      vertex 29.2781 18.8559 2
    endloop
  endfacet
  facet normal 0.522595 0.852581 -0
    outer loop
      vertex 28.5914 17.1981 2
      vertex 28.471 17.2719 6
      vertex 28.5914 17.1981 6
    endloop
  endfacet
  facet normal 0.522595 0.852581 0
    outer loop
      vertex 28.471 17.2719 6
      vertex 28.5914 17.1981 2
      vertex 28.471 17.2719 2
    endloop
  endfacet
  facet normal 0.382352 0.924017 -0
    outer loop
      vertex 28.7219 17.1441 2
      vertex 28.5914 17.1981 6
      vertex 28.7219 17.1441 6
    endloop
  endfacet
  facet normal 0.382352 0.924017 0
    outer loop
      vertex 28.5914 17.1981 6
      vertex 28.7219 17.1441 2
      vertex 28.5914 17.1981 2
    endloop
  endfacet
  facet normal 0.996907 -0.0785914 0
    outer loop
      vertex 28.1 18 6
      vertex 28.1111 18.1408 2
      vertex 28.1111 18.1408 6
    endloop
  endfacet
  facet normal 0.996907 -0.0785914 0
    outer loop
      vertex 28.1111 18.1408 2
      vertex 28.1 18 6
      vertex 28.1 18 2
    endloop
  endfacet
  facet normal 0.852581 -0.522595 0
    outer loop
      vertex 28.1981 18.4086 6
      vertex 28.2719 18.529 2
      vertex 28.2719 18.529 6
    endloop
  endfacet
  facet normal 0.852581 -0.522595 0
    outer loop
      vertex 28.2719 18.529 2
      vertex 28.1981 18.4086 6
      vertex 28.1981 18.4086 2
    endloop
  endfacet
  facet normal -0.649332 0.760505 0
    outer loop
      vertex 29.6364 17.3636 2
      vertex 29.529 17.2719 6
      vertex 29.6364 17.3636 6
    endloop
  endfacet
  facet normal -0.649332 0.760505 0
    outer loop
      vertex 29.529 17.2719 6
      vertex 29.6364 17.3636 2
      vertex 29.529 17.2719 2
    endloop
  endfacet
  facet normal -0.996916 0.0784733 0
    outer loop
      vertex 8.6 56 2
      vertex 8.62955 56.3754 6
      vertex 8.62955 56.3754 2
    endloop
  endfacet
  facet normal -0.996916 0.0784733 0
    outer loop
      vertex 8.62955 56.3754 6
      vertex 8.6 56 2
      vertex 8.6 56 6
    endloop
  endfacet
  facet normal 0.996927 -0.0783413 0
    outer loop
      vertex 13.3705 55.6246 6
      vertex 13.4 56 2
      vertex 13.4 56 6
    endloop
  endfacet
  facet normal 0.996927 -0.0783413 0
    outer loop
      vertex 13.4 56 2
      vertex 13.3705 55.6246 6
      vertex 13.3705 55.6246 2
    endloop
  endfacet
  facet normal 0.97232 0.233654 0
    outer loop
      vertex 13.3705 56.3754 6
      vertex 13.2825 56.7416 2
      vertex 13.2825 56.7416 6
    endloop
  endfacet
  facet normal 0.97232 0.233654 0
    outer loop
      vertex 13.2825 56.7416 2
      vertex 13.3705 56.3754 6
      vertex 13.3705 56.3754 2
    endloop
  endfacet
  facet normal 0.996927 0.0783413 0
    outer loop
      vertex 13.4 56 6
      vertex 13.3705 56.3754 2
      vertex 13.3705 56.3754 6
    endloop
  endfacet
  facet normal 0.996927 0.0783413 0
    outer loop
      vertex 13.3705 56.3754 2
      vertex 13.4 56 6
      vertex 13.4 56 2
    endloop
  endfacet
  facet normal 0.923923 0.382578 0
    outer loop
      vertex 13.2825 56.7416 6
      vertex 13.1384 57.0896 2
      vertex 13.1384 57.0896 6
    endloop
  endfacet
  facet normal 0.923923 0.382578 0
    outer loop
      vertex 13.1384 57.0896 2
      vertex 13.2825 56.7416 6
      vertex 13.2825 56.7416 2
    endloop
  endfacet
  facet normal 0.97232 -0.233654 0
    outer loop
      vertex 13.2825 55.2584 6
      vertex 13.3705 55.6246 2
      vertex 13.3705 55.6246 6
    endloop
  endfacet
  facet normal 0.97232 -0.233654 0
    outer loop
      vertex 13.3705 55.6246 2
      vertex 13.2825 55.2584 6
      vertex 13.2825 55.2584 2
    endloop
  endfacet
  facet normal -0.649307 -0.760526 0
    outer loop
      vertex 9.30294 54.3029 2
      vertex 9.58932 54.0584 6
      vertex 9.30294 54.3029 6
    endloop
  endfacet
  facet normal -0.649307 -0.760526 -0
    outer loop
      vertex 9.58932 54.0584 6
      vertex 9.30294 54.3029 2
      vertex 9.58932 54.0584 2
    endloop
  endfacet
  facet normal -0.522556 -0.852605 0
    outer loop
      vertex 9.58932 54.0584 2
      vertex 9.91042 53.8616 6
      vertex 9.58932 54.0584 6
    endloop
  endfacet
  facet normal -0.522556 -0.852605 -0
    outer loop
      vertex 9.91042 53.8616 6
      vertex 9.58932 54.0584 2
      vertex 9.91042 53.8616 2
    endloop
  endfacet
  facet normal -0.382597 -0.923915 0
    outer loop
      vertex 9.91042 53.8616 2
      vertex 10.2584 53.7175 6
      vertex 9.91042 53.8616 6
    endloop
  endfacet
  facet normal -0.382597 -0.923915 -0
    outer loop
      vertex 10.2584 53.7175 6
      vertex 9.91042 53.8616 2
      vertex 10.2584 53.7175 2
    endloop
  endfacet
  facet normal 0.852605 -0.522556 0
    outer loop
      vertex 12.9416 54.5893 6
      vertex 13.1384 54.9104 2
      vertex 13.1384 54.9104 6
    endloop
  endfacet
  facet normal 0.852605 -0.522556 0
    outer loop
      vertex 13.1384 54.9104 2
      vertex 12.9416 54.5893 6
      vertex 12.9416 54.5893 2
    endloop
  endfacet
  facet normal 0.382578 -0.923923 0
    outer loop
      vertex 11.7416 53.7175 2
      vertex 12.0896 53.8616 6
      vertex 11.7416 53.7175 6
    endloop
  endfacet
  facet normal 0.382578 -0.923923 0
    outer loop
      vertex 12.0896 53.8616 6
      vertex 11.7416 53.7175 2
      vertex 12.0896 53.8616 2
    endloop
  endfacet
  facet normal 0.923923 -0.382578 0
    outer loop
      vertex 13.1384 54.9104 6
      vertex 13.2825 55.2584 2
      vertex 13.2825 55.2584 6
    endloop
  endfacet
  facet normal 0.923923 -0.382578 0
    outer loop
      vertex 13.2825 55.2584 2
      vertex 13.1384 54.9104 6
      vertex 13.1384 54.9104 2
    endloop
  endfacet
  facet normal 0.649281 0.760549 -0
    outer loop
      vertex 12.6971 57.6971 2
      vertex 12.4107 57.9416 6
      vertex 12.6971 57.6971 6
    endloop
  endfacet
  facet normal 0.649281 0.760549 0
    outer loop
      vertex 12.4107 57.9416 6
      vertex 12.6971 57.6971 2
      vertex 12.4107 57.9416 2
    endloop
  endfacet
  facet normal 0.382578 0.923923 -0
    outer loop
      vertex 12.0896 58.1384 2
      vertex 11.7416 58.2825 6
      vertex 12.0896 58.1384 6
    endloop
  endfacet
  facet normal 0.382578 0.923923 0
    outer loop
      vertex 11.7416 58.2825 6
      vertex 12.0896 58.1384 2
      vertex 11.7416 58.2825 2
    endloop
  endfacet
  facet normal 0.852605 0.522556 0
    outer loop
      vertex 13.1384 57.0896 6
      vertex 12.9416 57.4107 2
      vertex 12.9416 57.4107 6
    endloop
  endfacet
  facet normal 0.852605 0.522556 0
    outer loop
      vertex 12.9416 57.4107 2
      vertex 13.1384 57.0896 6
      vertex 13.1384 57.0896 2
    endloop
  endfacet
  facet normal -0.0783413 0.996927 0
    outer loop
      vertex 11 58.4 2
      vertex 10.6246 58.3705 6
      vertex 11 58.4 6
    endloop
  endfacet
  facet normal -0.0783413 0.996927 0
    outer loop
      vertex 10.6246 58.3705 6
      vertex 11 58.4 2
      vertex 10.6246 58.3705 2
    endloop
  endfacet
  facet normal -0.649307 0.760526 0
    outer loop
      vertex 9.58932 57.9416 2
      vertex 9.30294 57.6971 6
      vertex 9.58932 57.9416 6
    endloop
  endfacet
  facet normal -0.649307 0.760526 0
    outer loop
      vertex 9.30294 57.6971 6
      vertex 9.58932 57.9416 2
      vertex 9.30294 57.6971 2
    endloop
  endfacet
  facet normal -0.522556 0.852605 0
    outer loop
      vertex 9.91042 58.1384 2
      vertex 9.58932 57.9416 6
      vertex 9.91042 58.1384 6
    endloop
  endfacet
  facet normal -0.522556 0.852605 0
    outer loop
      vertex 9.58932 57.9416 6
      vertex 9.91042 58.1384 2
      vertex 9.58932 57.9416 2
    endloop
  endfacet
  facet normal -0.0783413 -0.996927 0
    outer loop
      vertex 10.6246 53.6295 2
      vertex 11 53.6 6
      vertex 10.6246 53.6295 6
    endloop
  endfacet
  facet normal -0.0783413 -0.996927 -0
    outer loop
      vertex 11 53.6 6
      vertex 10.6246 53.6295 2
      vertex 11 53.6 2
    endloop
  endfacet
  facet normal 0.649281 -0.760549 0
    outer loop
      vertex 12.4107 54.0584 2
      vertex 12.6971 54.3029 6
      vertex 12.4107 54.0584 6
    endloop
  endfacet
  facet normal 0.649281 -0.760549 0
    outer loop
      vertex 12.6971 54.3029 6
      vertex 12.4107 54.0584 2
      vertex 12.6971 54.3029 2
    endloop
  endfacet
  facet normal -0.233654 -0.97232 0
    outer loop
      vertex 10.2584 53.7175 2
      vertex 10.6246 53.6295 6
      vertex 10.2584 53.7175 6
    endloop
  endfacet
  facet normal -0.233654 -0.97232 -0
    outer loop
      vertex 10.6246 53.6295 6
      vertex 10.2584 53.7175 2
      vertex 10.6246 53.6295 2
    endloop
  endfacet
  facet normal 0.0783413 0.996927 -0
    outer loop
      vertex 11.3754 58.3705 2
      vertex 11 58.4 6
      vertex 11.3754 58.3705 6
    endloop
  endfacet
  facet normal 0.0783413 0.996927 0
    outer loop
      vertex 11 58.4 6
      vertex 11.3754 58.3705 2
      vertex 11 58.4 2
    endloop
  endfacet
  facet normal 0.760549 -0.649281 0
    outer loop
      vertex 12.6971 54.3029 6
      vertex 12.9416 54.5893 2
      vertex 12.9416 54.5893 6
    endloop
  endfacet
  facet normal 0.760549 -0.649281 0
    outer loop
      vertex 12.9416 54.5893 2
      vertex 12.6971 54.3029 6
      vertex 12.6971 54.3029 2
    endloop
  endfacet
  facet normal -0.923904 -0.382624 0
    outer loop
      vertex 8.86158 54.9104 2
      vertex 8.71746 55.2584 6
      vertex 8.71746 55.2584 2
    endloop
  endfacet
  facet normal -0.923904 -0.382624 0
    outer loop
      vertex 8.71746 55.2584 6
      vertex 8.86158 54.9104 2
      vertex 8.86158 54.9104 6
    endloop
  endfacet
  facet normal 0.522556 0.852605 -0
    outer loop
      vertex 12.4107 57.9416 2
      vertex 12.0896 58.1384 6
      vertex 12.4107 57.9416 6
    endloop
  endfacet
  facet normal 0.522556 0.852605 0
    outer loop
      vertex 12.0896 58.1384 6
      vertex 12.4107 57.9416 2
      vertex 12.0896 58.1384 2
    endloop
  endfacet
  facet normal 0.233654 -0.97232 0
    outer loop
      vertex 11.3754 53.6295 2
      vertex 11.7416 53.7175 6
      vertex 11.3754 53.6295 6
    endloop
  endfacet
  facet normal 0.233654 -0.97232 0
    outer loop
      vertex 11.7416 53.7175 6
      vertex 11.3754 53.6295 2
      vertex 11.7416 53.7175 2
    endloop
  endfacet
  facet normal -0.382597 0.923915 0
    outer loop
      vertex 10.2584 58.2825 2
      vertex 9.91042 58.1384 6
      vertex 10.2584 58.2825 6
    endloop
  endfacet
  facet normal -0.382597 0.923915 0
    outer loop
      vertex 9.91042 58.1384 6
      vertex 10.2584 58.2825 2
      vertex 9.91042 58.1384 2
    endloop
  endfacet
  facet normal -0.760444 0.649404 0
    outer loop
      vertex 9.05836 57.4107 2
      vertex 9.30294 57.6971 6
      vertex 9.30294 57.6971 2
    endloop
  endfacet
  facet normal -0.760444 0.649404 0
    outer loop
      vertex 9.30294 57.6971 6
      vertex 9.05836 57.4107 2
      vertex 9.05836 57.4107 6
    endloop
  endfacet
  facet normal -0.233654 0.97232 0
    outer loop
      vertex 10.6246 58.3705 2
      vertex 10.2584 58.2825 6
      vertex 10.6246 58.3705 6
    endloop
  endfacet
  facet normal -0.233654 0.97232 0
    outer loop
      vertex 10.2584 58.2825 6
      vertex 10.6246 58.3705 2
      vertex 10.2584 58.2825 2
    endloop
  endfacet
  facet normal 0.760549 0.649281 0
    outer loop
      vertex 12.9416 57.4107 6
      vertex 12.6971 57.6971 2
      vertex 12.6971 57.6971 6
    endloop
  endfacet
  facet normal 0.760549 0.649281 0
    outer loop
      vertex 12.6971 57.6971 2
      vertex 12.9416 57.4107 6
      vertex 12.9416 57.4107 2
    endloop
  endfacet
  facet normal -0.972374 -0.233428 0
    outer loop
      vertex 8.71746 55.2584 2
      vertex 8.62955 55.6246 6
      vertex 8.62955 55.6246 2
    endloop
  endfacet
  facet normal -0.972374 -0.233428 0
    outer loop
      vertex 8.62955 55.6246 6
      vertex 8.71746 55.2584 2
      vertex 8.71746 55.2584 6
    endloop
  endfacet
  facet normal 0.233654 0.97232 -0
    outer loop
      vertex 11.7416 58.2825 2
      vertex 11.3754 58.3705 6
      vertex 11.7416 58.2825 6
    endloop
  endfacet
  facet normal 0.233654 0.97232 0
    outer loop
      vertex 11.3754 58.3705 6
      vertex 11.7416 58.2825 2
      vertex 11.3754 58.3705 2
    endloop
  endfacet
  facet normal 0.522556 -0.852605 0
    outer loop
      vertex 12.0896 53.8616 2
      vertex 12.4107 54.0584 6
      vertex 12.0896 53.8616 6
    endloop
  endfacet
  facet normal 0.522556 -0.852605 0
    outer loop
      vertex 12.4107 54.0584 6
      vertex 12.0896 53.8616 2
      vertex 12.4107 54.0584 2
    endloop
  endfacet
  facet normal -0.972374 0.233428 0
    outer loop
      vertex 8.62955 56.3754 2
      vertex 8.71746 56.7416 6
      vertex 8.71746 56.7416 2
    endloop
  endfacet
  facet normal -0.972374 0.233428 0
    outer loop
      vertex 8.71746 56.7416 6
      vertex 8.62955 56.3754 2
      vertex 8.62955 56.3754 6
    endloop
  endfacet
  facet normal -0.996916 -0.0784733 0
    outer loop
      vertex 8.62955 55.6246 2
      vertex 8.6 56 6
      vertex 8.6 56 2
    endloop
  endfacet
  facet normal -0.996916 -0.0784733 0
    outer loop
      vertex 8.6 56 6
      vertex 8.62955 55.6246 2
      vertex 8.62955 55.6246 6
    endloop
  endfacet
  facet normal -0.760444 -0.649404 0
    outer loop
      vertex 9.30294 54.3029 2
      vertex 9.05836 54.5893 6
      vertex 9.05836 54.5893 2
    endloop
  endfacet
  facet normal -0.760444 -0.649404 0
    outer loop
      vertex 9.05836 54.5893 6
      vertex 9.30294 54.3029 2
      vertex 9.30294 54.3029 6
    endloop
  endfacet
  facet normal -0.852629 0.522517 0
    outer loop
      vertex 8.86158 57.0896 2
      vertex 9.05836 57.4107 6
      vertex 9.05836 57.4107 2
    endloop
  endfacet
  facet normal -0.852629 0.522517 0
    outer loop
      vertex 9.05836 57.4107 6
      vertex 8.86158 57.0896 2
      vertex 8.86158 57.0896 6
    endloop
  endfacet
  facet normal 0.0783413 -0.996927 0
    outer loop
      vertex 11 53.6 2
      vertex 11.3754 53.6295 6
      vertex 11 53.6 6
    endloop
  endfacet
  facet normal 0.0783413 -0.996927 0
    outer loop
      vertex 11.3754 53.6295 6
      vertex 11 53.6 2
      vertex 11.3754 53.6295 2
    endloop
  endfacet
  facet normal 0 0 1
    outer loop
      vertex 11.9 56 6
      vertex 13.4 56 6
      vertex 13.3705 56.3754 6
    endloop
  endfacet
  facet normal 0 0 1
    outer loop
      vertex 11.8889 56.1408 6
      vertex 13.3705 56.3754 6
      vertex 13.2825 56.7416 6
    endloop
  endfacet
  facet normal 0 0 1
    outer loop
      vertex 13.4 56 6
      vertex 11.9 56 6
      vertex 13.3705 55.6246 6
    endloop
  endfacet
  facet normal 0 0 1
    outer loop
      vertex 11.856 56.2781 6
      vertex 13.2825 56.7416 6
      vertex 13.1384 57.0896 6
    endloop
  endfacet
  facet normal -0 0 1
    outer loop
      vertex 11.8889 55.8592 6
      vertex 13.3705 55.6246 6
      vertex 11.9 56 6
    endloop
  endfacet
  facet normal 0 0 1
    outer loop
      vertex 11.8019 56.4086 6
      vertex 13.1384 57.0896 6
      vertex 12.9416 57.4107 6
    endloop
  endfacet
  facet normal 0 0 1
    outer loop
      vertex 13.3705 55.6246 6
      vertex 11.8889 55.8592 6
      vertex 13.2825 55.2584 6
    endloop
  endfacet
  facet normal 0 0 1
    outer loop
      vertex 11.7281 56.529 6
      vertex 12.9416 57.4107 6
      vertex 12.6971 57.6971 6
    endloop
  endfacet
  facet normal -0 0 1
    outer loop
      vertex 11.856 55.7219 6
      vertex 13.2825 55.2584 6
      vertex 11.8889 55.8592 6
    endloop
  endfacet
  facet normal 0 0 1
    outer loop
      vertex 11.6364 56.6364 6
      vertex 12.6971 57.6971 6
      vertex 12.4107 57.9416 6
    endloop
  endfacet
  facet normal 0 0 1
    outer loop
      vertex 13.2825 55.2584 6
      vertex 11.856 55.7219 6
      vertex 13.1384 54.9104 6
    endloop
  endfacet
  facet normal 0 0 1
    outer loop
      vertex 11.529 56.7281 6
      vertex 12.4107 57.9416 6
      vertex 12.0896 58.1384 6
    endloop
  endfacet
  facet normal -0 0 1
    outer loop
      vertex 11.8019 55.5914 6
      vertex 13.1384 54.9104 6
      vertex 11.856 55.7219 6
    endloop
  endfacet
  facet normal 0 0 1
    outer loop
      vertex 13.1384 54.9104 6
      vertex 11.8019 55.5914 6
      vertex 12.9416 54.5893 6
    endloop
  endfacet
  facet normal 0 0 1
    outer loop
      vertex 13.3705 56.3754 6
      vertex 11.8889 56.1408 6
      vertex 11.9 56 6
    endloop
  endfacet
  facet normal 0 0 1
    outer loop
      vertex 13.2825 56.7416 6
      vertex 11.856 56.2781 6
      vertex 11.8889 56.1408 6
    endloop
  endfacet
  facet normal 0 0 1
    outer loop
      vertex 13.1384 57.0896 6
      vertex 11.8019 56.4086 6
      vertex 11.856 56.2781 6
    endloop
  endfacet
  facet normal 0 0 1
    outer loop
      vertex 11.4086 56.8019 6
      vertex 12.0896 58.1384 6
      vertex 11.7416 58.2825 6
    endloop
  endfacet
  facet normal 0 0 1
    outer loop
      vertex 12.9416 57.4107 6
      vertex 11.7281 56.529 6
      vertex 11.8019 56.4086 6
    endloop
  endfacet
  facet normal 0 0 1
    outer loop
      vertex 12.6971 57.6971 6
      vertex 11.6364 56.6364 6
      vertex 11.7281 56.529 6
    endloop
  endfacet
  facet normal 0 0 1
    outer loop
      vertex 12.4107 57.9416 6
      vertex 11.529 56.7281 6
      vertex 11.6364 56.6364 6
    endloop
  endfacet
  facet normal 0 0 1
    outer loop
      vertex 12.0896 58.1384 6
      vertex 11.4086 56.8019 6
      vertex 11.529 56.7281 6
    endloop
  endfacet
  facet normal 0 0 1
    outer loop
      vertex 11.2781 56.8559 6
      vertex 11.7416 58.2825 6
      vertex 11.3754 58.3705 6
    endloop
  endfacet
  facet normal 0 0 1
    outer loop
      vertex 11.7416 58.2825 6
      vertex 11.2781 56.8559 6
      vertex 11.4086 56.8019 6
    endloop
  endfacet
  facet normal 0 0 1
    outer loop
      vertex 11.3754 58.3705 6
      vertex 11.1408 56.8889 6
      vertex 11.2781 56.8559 6
    endloop
  endfacet
  facet normal 0 0 1
    outer loop
      vertex 11 58.4 6
      vertex 11.1408 56.8889 6
      vertex 11.3754 58.3705 6
    endloop
  endfacet
  facet normal 0 0 1
    outer loop
      vertex 11 58.4 6
      vertex 11 56.9 6
      vertex 11.1408 56.8889 6
    endloop
  endfacet
  facet normal 0 0 1
    outer loop
      vertex 11 58.4 6
      vertex 10.8592 56.8889 6
      vertex 11 56.9 6
    endloop
  endfacet
  facet normal -0 0 1
    outer loop
      vertex 10.6246 58.3705 6
      vertex 10.8592 56.8889 6
      vertex 11 58.4 6
    endloop
  endfacet
  facet normal 0 0 1
    outer loop
      vertex 10.8592 56.8889 6
      vertex 10.6246 58.3705 6
      vertex 10.7219 56.8559 6
    endloop
  endfacet
  facet normal -0 0 1
    outer loop
      vertex 10.2584 58.2825 6
      vertex 10.7219 56.8559 6
      vertex 10.6246 58.3705 6
    endloop
  endfacet
  facet normal 0 0 1
    outer loop
      vertex 10.7219 56.8559 6
      vertex 10.2584 58.2825 6
      vertex 10.5914 56.8019 6
    endloop
  endfacet
  facet normal -0 0 1
    outer loop
      vertex 9.91042 58.1384 6
      vertex 10.5914 56.8019 6
      vertex 10.2584 58.2825 6
    endloop
  endfacet
  facet normal 0 0 1
    outer loop
      vertex 10.5914 56.8019 6
      vertex 9.91042 58.1384 6
      vertex 10.471 56.7281 6
    endloop
  endfacet
  facet normal -0 0 1
    outer loop
      vertex 9.58932 57.9416 6
      vertex 10.471 56.7281 6
      vertex 9.91042 58.1384 6
    endloop
  endfacet
  facet normal 0 0 1
    outer loop
      vertex 10.471 56.7281 6
      vertex 9.58932 57.9416 6
      vertex 10.3636 56.6364 6
    endloop
  endfacet
  facet normal -0 0 1
    outer loop
      vertex 9.30294 57.6971 6
      vertex 10.3636 56.6364 6
      vertex 9.58932 57.9416 6
    endloop
  endfacet
  facet normal 0 0 1
    outer loop
      vertex 10.3636 56.6364 6
      vertex 9.30294 57.6971 6
      vertex 10.2719 56.529 6
    endloop
  endfacet
  facet normal -0 0 1
    outer loop
      vertex 9.05836 57.4107 6
      vertex 10.2719 56.529 6
      vertex 9.30294 57.6971 6
    endloop
  endfacet
  facet normal 0 0 1
    outer loop
      vertex 10.2719 56.529 6
      vertex 9.05836 57.4107 6
      vertex 10.1981 56.4086 6
    endloop
  endfacet
  facet normal -0 0 1
    outer loop
      vertex 11.7281 55.471 6
      vertex 12.9416 54.5893 6
      vertex 11.8019 55.5914 6
    endloop
  endfacet
  facet normal 0 0 1
    outer loop
      vertex 12.9416 54.5893 6
      vertex 11.7281 55.471 6
      vertex 12.6971 54.3029 6
    endloop
  endfacet
  facet normal -0 0 1
    outer loop
      vertex 11.6364 55.3636 6
      vertex 12.6971 54.3029 6
      vertex 11.7281 55.471 6
    endloop
  endfacet
  facet normal 0 0 1
    outer loop
      vertex 12.6971 54.3029 6
      vertex 11.6364 55.3636 6
      vertex 12.4107 54.0584 6
    endloop
  endfacet
  facet normal -0 0 1
    outer loop
      vertex 11.529 55.2719 6
      vertex 12.4107 54.0584 6
      vertex 11.6364 55.3636 6
    endloop
  endfacet
  facet normal 0 0 1
    outer loop
      vertex 12.4107 54.0584 6
      vertex 11.529 55.2719 6
      vertex 12.0896 53.8616 6
    endloop
  endfacet
  facet normal -0 0 1
    outer loop
      vertex 11.4086 55.1981 6
      vertex 12.0896 53.8616 6
      vertex 11.529 55.2719 6
    endloop
  endfacet
  facet normal 0 0 1
    outer loop
      vertex 12.0896 53.8616 6
      vertex 11.4086 55.1981 6
      vertex 11.7416 53.7175 6
    endloop
  endfacet
  facet normal -0 0 1
    outer loop
      vertex 11.2781 55.1441 6
      vertex 11.7416 53.7175 6
      vertex 11.4086 55.1981 6
    endloop
  endfacet
  facet normal 0 0 1
    outer loop
      vertex 11.7416 53.7175 6
      vertex 11.2781 55.1441 6
      vertex 11.3754 53.6295 6
    endloop
  endfacet
  facet normal -0 0 1
    outer loop
      vertex 11.1408 55.1111 6
      vertex 11.3754 53.6295 6
      vertex 11.2781 55.1441 6
    endloop
  endfacet
  facet normal -0 0 1
    outer loop
      vertex 11 55.1 6
      vertex 11.3754 53.6295 6
      vertex 11.1408 55.1111 6
    endloop
  endfacet
  facet normal 0 0 1
    outer loop
      vertex 11 55.1 6
      vertex 11 53.6 6
      vertex 11.3754 53.6295 6
    endloop
  endfacet
  facet normal 0 0 1
    outer loop
      vertex 10.8592 55.1111 6
      vertex 11 53.6 6
      vertex 11 55.1 6
    endloop
  endfacet
  facet normal 0 0 1
    outer loop
      vertex 10.6246 53.6295 6
      vertex 10.8592 55.1111 6
      vertex 10.7219 55.1441 6
    endloop
  endfacet
  facet normal 0 0 1
    outer loop
      vertex 10.8592 55.1111 6
      vertex 10.6246 53.6295 6
      vertex 11 53.6 6
    endloop
  endfacet
  facet normal 0 0 1
    outer loop
      vertex 10.2584 53.7175 6
      vertex 10.7219 55.1441 6
      vertex 10.5914 55.1981 6
    endloop
  endfacet
  facet normal 0 0 1
    outer loop
      vertex 9.91042 53.8616 6
      vertex 10.5914 55.1981 6
      vertex 10.471 55.2719 6
    endloop
  endfacet
  facet normal 0 0 1
    outer loop
      vertex 9.58932 54.0584 6
      vertex 10.471 55.2719 6
      vertex 10.3636 55.3636 6
    endloop
  endfacet
  facet normal 0 0 1
    outer loop
      vertex 9.30294 54.3029 6
      vertex 10.3636 55.3636 6
      vertex 10.2719 55.471 6
    endloop
  endfacet
  facet normal 0 0 1
    outer loop
      vertex 10.7219 55.1441 6
      vertex 10.2584 53.7175 6
      vertex 10.6246 53.6295 6
    endloop
  endfacet
  facet normal 0 0 1
    outer loop
      vertex 9.05836 54.5893 6
      vertex 10.2719 55.471 6
      vertex 10.1981 55.5914 6
    endloop
  endfacet
  facet normal 0 0 1
    outer loop
      vertex 8.86158 54.9104 6
      vertex 10.1981 55.5914 6
      vertex 10.144 55.7219 6
    endloop
  endfacet
  facet normal 0 0 1
    outer loop
      vertex 8.71746 55.2584 6
      vertex 10.144 55.7219 6
      vertex 10.1111 55.8592 6
    endloop
  endfacet
  facet normal 0 0 1
    outer loop
      vertex 8.62955 55.6246 6
      vertex 10.1111 55.8592 6
      vertex 10.1 56 6
    endloop
  endfacet
  facet normal -0 0 1
    outer loop
      vertex 8.86158 57.0896 6
      vertex 10.1981 56.4086 6
      vertex 9.05836 57.4107 6
    endloop
  endfacet
  facet normal 0 0 1
    outer loop
      vertex 10.5914 55.1981 6
      vertex 9.91042 53.8616 6
      vertex 10.2584 53.7175 6
    endloop
  endfacet
  facet normal 0 0 1
    outer loop
      vertex 10.1981 56.4086 6
      vertex 8.86158 57.0896 6
      vertex 10.144 56.2781 6
    endloop
  endfacet
  facet normal 0 0 1
    outer loop
      vertex 10.471 55.2719 6
      vertex 9.58932 54.0584 6
      vertex 9.91042 53.8616 6
    endloop
  endfacet
  facet normal -0 0 1
    outer loop
      vertex 8.71746 56.7416 6
      vertex 10.144 56.2781 6
      vertex 8.86158 57.0896 6
    endloop
  endfacet
  facet normal 0 0 1
    outer loop
      vertex 10.3636 55.3636 6
      vertex 9.30294 54.3029 6
      vertex 9.58932 54.0584 6
    endloop
  endfacet
  facet normal 0 0 1
    outer loop
      vertex 10.144 56.2781 6
      vertex 8.71746 56.7416 6
      vertex 10.1111 56.1408 6
    endloop
  endfacet
  facet normal 0 0 1
    outer loop
      vertex 10.2719 55.471 6
      vertex 9.05836 54.5893 6
      vertex 9.30294 54.3029 6
    endloop
  endfacet
  facet normal -0 0 1
    outer loop
      vertex 8.62955 56.3754 6
      vertex 10.1111 56.1408 6
      vertex 8.71746 56.7416 6
    endloop
  endfacet
  facet normal 0 0 1
    outer loop
      vertex 10.1981 55.5914 6
      vertex 8.86158 54.9104 6
      vertex 9.05836 54.5893 6
    endloop
  endfacet
  facet normal 0 0 1
    outer loop
      vertex 10.1111 56.1408 6
      vertex 8.62955 56.3754 6
      vertex 10.1 56 6
    endloop
  endfacet
  facet normal 0 0 1
    outer loop
      vertex 10.144 55.7219 6
      vertex 8.71746 55.2584 6
      vertex 8.86158 54.9104 6
    endloop
  endfacet
  facet normal 0 0 1
    outer loop
      vertex 8.6 56 6
      vertex 10.1 56 6
      vertex 8.62955 56.3754 6
    endloop
  endfacet
  facet normal 0 0 1
    outer loop
      vertex 10.1111 55.8592 6
      vertex 8.62955 55.6246 6
      vertex 8.71746 55.2584 6
    endloop
  endfacet
  facet normal 0 0 1
    outer loop
      vertex 10.1 56 6
      vertex 8.6 56 6
      vertex 8.62955 55.6246 6
    endloop
  endfacet
  facet normal -0.852629 -0.522517 0
    outer loop
      vertex 9.05836 54.5893 2
      vertex 8.86158 54.9104 6
      vertex 8.86158 54.9104 2
    endloop
  endfacet
  facet normal -0.852629 -0.522517 0
    outer loop
      vertex 8.86158 54.9104 6
      vertex 9.05836 54.5893 2
      vertex 9.05836 54.5893 6
    endloop
  endfacet
  facet normal -0.923904 0.382624 0
    outer loop
      vertex 8.71746 56.7416 2
      vertex 8.86158 57.0896 6
      vertex 8.86158 57.0896 2
    endloop
  endfacet
  facet normal -0.923904 0.382624 0
    outer loop
      vertex 8.86158 57.0896 6
      vertex 8.71746 56.7416 2
      vertex 8.71746 56.7416 6
    endloop
  endfacet
  facet normal 0.923767 -0.382956 0
    outer loop
      vertex 10.144 56.2781 6
      vertex 10.1981 56.4086 2
      vertex 10.1981 56.4086 6
    endloop
  endfacet
  facet normal 0.923767 -0.382956 0
    outer loop
      vertex 10.1981 56.4086 2
      vertex 10.144 56.2781 6
      vertex 10.144 56.2781 2
    endloop
  endfacet
  facet normal -0.972471 -0.233025 0
    outer loop
      vertex 11.8889 56.1408 2
      vertex 11.856 56.2781 6
      vertex 11.856 56.2781 2
    endloop
  endfacet
  facet normal -0.972471 -0.233025 0
    outer loop
      vertex 11.856 56.2781 6
      vertex 11.8889 56.1408 2
      vertex 11.8889 56.1408 6
    endloop
  endfacet
  facet normal -0.996907 -0.0785914 0
    outer loop
      vertex 11.9 56 2
      vertex 11.8889 56.1408 6
      vertex 11.8889 56.1408 2
    endloop
  endfacet
  facet normal -0.996907 -0.0785914 0
    outer loop
      vertex 11.8889 56.1408 6
      vertex 11.9 56 2
      vertex 11.9 56 6
    endloop
  endfacet
  facet normal -0.923767 -0.382956 0
    outer loop
      vertex 11.856 56.2781 2
      vertex 11.8019 56.4086 6
      vertex 11.8019 56.4086 2
    endloop
  endfacet
  facet normal -0.923767 -0.382956 0
    outer loop
      vertex 11.8019 56.4086 6
      vertex 11.856 56.2781 2
      vertex 11.856 56.2781 6
    endloop
  endfacet
  facet normal -0.522595 0.852581 0
    outer loop
      vertex 11.529 55.2719 2
      vertex 11.4086 55.1981 6
      vertex 11.529 55.2719 6
    endloop
  endfacet
  facet normal -0.522595 0.852581 0
    outer loop
      vertex 11.4086 55.1981 6
      vertex 11.529 55.2719 2
      vertex 11.4086 55.1981 2
    endloop
  endfacet
  facet normal -0.972471 0.233025 0
    outer loop
      vertex 11.856 55.7219 2
      vertex 11.8889 55.8592 6
      vertex 11.8889 55.8592 2
    endloop
  endfacet
  facet normal -0.972471 0.233025 0
    outer loop
      vertex 11.8889 55.8592 6
      vertex 11.856 55.7219 2
      vertex 11.856 55.7219 6
    endloop
  endfacet
  facet normal -0.382352 0.924017 0
    outer loop
      vertex 11.4086 55.1981 2
      vertex 11.2781 55.1441 6
      vertex 11.4086 55.1981 6
    endloop
  endfacet
  facet normal -0.382352 0.924017 0
    outer loop
      vertex 11.2781 55.1441 6
      vertex 11.4086 55.1981 2
      vertex 11.2781 55.1441 2
    endloop
  endfacet
  facet normal 0.382352 -0.924017 0
    outer loop
      vertex 10.5914 56.8019 2
      vertex 10.7219 56.8559 6
      vertex 10.5914 56.8019 6
    endloop
  endfacet
  facet normal 0.382352 -0.924017 0
    outer loop
      vertex 10.7219 56.8559 6
      vertex 10.5914 56.8019 2
      vertex 10.7219 56.8559 2
    endloop
  endfacet
  facet normal 0.522595 -0.852581 0
    outer loop
      vertex 10.471 56.7281 2
      vertex 10.5914 56.8019 6
      vertex 10.471 56.7281 6
    endloop
  endfacet
  facet normal 0.522595 -0.852581 0
    outer loop
      vertex 10.5914 56.8019 6
      vertex 10.471 56.7281 2
      vertex 10.5914 56.8019 2
    endloop
  endfacet
  facet normal -0.649332 -0.760505 0
    outer loop
      vertex 11.529 56.7281 2
      vertex 11.6364 56.6364 6
      vertex 11.529 56.7281 6
    endloop
  endfacet
  facet normal -0.649332 -0.760505 -0
    outer loop
      vertex 11.6364 56.6364 6
      vertex 11.529 56.7281 2
      vertex 11.6364 56.6364 2
    endloop
  endfacet
  facet normal 0.233694 -0.97231 0
    outer loop
      vertex 10.7219 56.8559 2
      vertex 10.8592 56.8889 6
      vertex 10.7219 56.8559 6
    endloop
  endfacet
  facet normal 0.233694 -0.97231 0
    outer loop
      vertex 10.8592 56.8889 6
      vertex 10.7219 56.8559 2
      vertex 10.8592 56.8889 2
    endloop
  endfacet
  facet normal 0.923767 0.382956 0
    outer loop
      vertex 10.1981 55.5914 6
      vertex 10.144 55.7219 2
      vertex 10.144 55.7219 6
    endloop
  endfacet
  facet normal 0.923767 0.382956 0
    outer loop
      vertex 10.144 55.7219 2
      vertex 10.1981 55.5914 6
      vertex 10.1981 55.5914 2
    endloop
  endfacet
  facet normal 0.0785914 -0.996907 0
    outer loop
      vertex 10.8592 56.8889 2
      vertex 11 56.9 6
      vertex 10.8592 56.8889 6
    endloop
  endfacet
  facet normal 0.0785914 -0.996907 0
    outer loop
      vertex 11 56.9 6
      vertex 10.8592 56.8889 2
      vertex 11 56.9 2
    endloop
  endfacet
  facet normal 0.233694 0.97231 -0
    outer loop
      vertex 10.8592 55.1111 2
      vertex 10.7219 55.1441 6
      vertex 10.8592 55.1111 6
    endloop
  endfacet
  facet normal 0.233694 0.97231 0
    outer loop
      vertex 10.7219 55.1441 6
      vertex 10.8592 55.1111 2
      vertex 10.7219 55.1441 2
    endloop
  endfacet
  facet normal -0.923767 0.382956 0
    outer loop
      vertex 11.8019 55.5914 2
      vertex 11.856 55.7219 6
      vertex 11.856 55.7219 2
    endloop
  endfacet
  facet normal -0.923767 0.382956 0
    outer loop
      vertex 11.856 55.7219 6
      vertex 11.8019 55.5914 2
      vertex 11.8019 55.5914 6
    endloop
  endfacet
  facet normal 0.760505 0.649332 0
    outer loop
      vertex 10.3636 55.3636 6
      vertex 10.2719 55.471 2
      vertex 10.2719 55.471 6
    endloop
  endfacet
  facet normal 0.760505 0.649332 0
    outer loop
      vertex 10.2719 55.471 2
      vertex 10.3636 55.3636 6
      vertex 10.3636 55.3636 2
    endloop
  endfacet
  facet normal 0.649332 -0.760505 0
    outer loop
      vertex 10.3636 56.6364 2
      vertex 10.471 56.7281 6
      vertex 10.3636 56.6364 6
    endloop
  endfacet
  facet normal 0.649332 -0.760505 0
    outer loop
      vertex 10.471 56.7281 6
      vertex 10.3636 56.6364 2
      vertex 10.471 56.7281 2
    endloop
  endfacet
  facet normal -0.0785914 0.996907 0
    outer loop
      vertex 11.1408 55.1111 2
      vertex 11 55.1 6
      vertex 11.1408 55.1111 6
    endloop
  endfacet
  facet normal -0.0785914 0.996907 0
    outer loop
      vertex 11 55.1 6
      vertex 11.1408 55.1111 2
      vertex 11 55.1 2
    endloop
  endfacet
  facet normal 0.649332 0.760505 -0
    outer loop
      vertex 10.471 55.2719 2
      vertex 10.3636 55.3636 6
      vertex 10.471 55.2719 6
    endloop
  endfacet
  facet normal 0.649332 0.760505 0
    outer loop
      vertex 10.3636 55.3636 6
      vertex 10.471 55.2719 2
      vertex 10.3636 55.3636 2
    endloop
  endfacet
  facet normal -0.852581 0.522595 0
    outer loop
      vertex 11.7281 55.471 2
      vertex 11.8019 55.5914 6
      vertex 11.8019 55.5914 2
    endloop
  endfacet
  facet normal -0.852581 0.522595 0
    outer loop
      vertex 11.8019 55.5914 6
      vertex 11.7281 55.471 2
      vertex 11.7281 55.471 6
    endloop
  endfacet
  facet normal -0.852581 -0.522595 0
    outer loop
      vertex 11.8019 56.4086 2
      vertex 11.7281 56.529 6
      vertex 11.7281 56.529 2
    endloop
  endfacet
  facet normal -0.852581 -0.522595 0
    outer loop
      vertex 11.7281 56.529 6
      vertex 11.8019 56.4086 2
      vertex 11.8019 56.4086 6
    endloop
  endfacet
  facet normal -0.760505 -0.649332 0
    outer loop
      vertex 11.7281 56.529 2
      vertex 11.6364 56.6364 6
      vertex 11.6364 56.6364 2
    endloop
  endfacet
  facet normal -0.760505 -0.649332 0
    outer loop
      vertex 11.6364 56.6364 6
      vertex 11.7281 56.529 2
      vertex 11.7281 56.529 6
    endloop
  endfacet
  facet normal 0.760505 -0.649332 0
    outer loop
      vertex 10.2719 56.529 6
      vertex 10.3636 56.6364 2
      vertex 10.3636 56.6364 6
    endloop
  endfacet
  facet normal 0.760505 -0.649332 0
    outer loop
      vertex 10.3636 56.6364 2
      vertex 10.2719 56.529 6
      vertex 10.2719 56.529 2
    endloop
  endfacet
  facet normal -0.0785914 -0.996907 0
    outer loop
      vertex 11 56.9 2
      vertex 11.1408 56.8889 6
      vertex 11 56.9 6
    endloop
  endfacet
  facet normal -0.0785914 -0.996907 -0
    outer loop
      vertex 11.1408 56.8889 6
      vertex 11 56.9 2
      vertex 11.1408 56.8889 2
    endloop
  endfacet
  facet normal -0.382352 -0.924017 0
    outer loop
      vertex 11.2781 56.8559 2
      vertex 11.4086 56.8019 6
      vertex 11.2781 56.8559 6
    endloop
  endfacet
  facet normal -0.382352 -0.924017 -0
    outer loop
      vertex 11.4086 56.8019 6
      vertex 11.2781 56.8559 2
      vertex 11.4086 56.8019 2
    endloop
  endfacet
  facet normal 0.972471 -0.233025 0
    outer loop
      vertex 10.1111 56.1408 6
      vertex 10.144 56.2781 2
      vertex 10.144 56.2781 6
    endloop
  endfacet
  facet normal 0.972471 -0.233025 0
    outer loop
      vertex 10.144 56.2781 2
      vertex 10.1111 56.1408 6
      vertex 10.1111 56.1408 2
    endloop
  endfacet
  facet normal 0.972471 0.233025 0
    outer loop
      vertex 10.144 55.7219 6
      vertex 10.1111 55.8592 2
      vertex 10.1111 55.8592 6
    endloop
  endfacet
  facet normal 0.972471 0.233025 0
    outer loop
      vertex 10.1111 55.8592 2
      vertex 10.144 55.7219 6
      vertex 10.144 55.7219 2
    endloop
  endfacet
  facet normal -0.522595 -0.852581 0
    outer loop
      vertex 11.4086 56.8019 2
      vertex 11.529 56.7281 6
      vertex 11.4086 56.8019 6
    endloop
  endfacet
  facet normal -0.522595 -0.852581 -0
    outer loop
      vertex 11.529 56.7281 6
      vertex 11.4086 56.8019 2
      vertex 11.529 56.7281 2
    endloop
  endfacet
  facet normal -0.233694 0.97231 0
    outer loop
      vertex 11.2781 55.1441 2
      vertex 11.1408 55.1111 6
      vertex 11.2781 55.1441 6
    endloop
  endfacet
  facet normal -0.233694 0.97231 0
    outer loop
      vertex 11.1408 55.1111 6
      vertex 11.2781 55.1441 2
      vertex 11.1408 55.1111 2
    endloop
  endfacet
  facet normal -0.996907 0.0785914 0
    outer loop
      vertex 11.8889 55.8592 2
      vertex 11.9 56 6
      vertex 11.9 56 2
    endloop
  endfacet
  facet normal -0.996907 0.0785914 0
    outer loop
      vertex 11.9 56 6
      vertex 11.8889 55.8592 2
      vertex 11.8889 55.8592 6
    endloop
  endfacet
  facet normal -0.760505 0.649332 0
    outer loop
      vertex 11.6364 55.3636 2
      vertex 11.7281 55.471 6
      vertex 11.7281 55.471 2
    endloop
  endfacet
  facet normal -0.760505 0.649332 0
    outer loop
      vertex 11.7281 55.471 6
      vertex 11.6364 55.3636 2
      vertex 11.6364 55.3636 6
    endloop
  endfacet
  facet normal 0.852581 0.522595 0
    outer loop
      vertex 10.2719 55.471 6
      vertex 10.1981 55.5914 2
      vertex 10.1981 55.5914 6
    endloop
  endfacet
  facet normal 0.852581 0.522595 0
    outer loop
      vertex 10.1981 55.5914 2
      vertex 10.2719 55.471 6
      vertex 10.2719 55.471 2
    endloop
  endfacet
  facet normal 0.996907 0.0785914 0
    outer loop
      vertex 10.1111 55.8592 6
      vertex 10.1 56 2
      vertex 10.1 56 6
    endloop
  endfacet
  facet normal 0.996907 0.0785914 0
    outer loop
      vertex 10.1 56 2
      vertex 10.1111 55.8592 6
      vertex 10.1111 55.8592 2
    endloop
  endfacet
  facet normal 0.0785914 0.996907 -0
    outer loop
      vertex 11 55.1 2
      vertex 10.8592 55.1111 6
      vertex 11 55.1 6
    endloop
  endfacet
  facet normal 0.0785914 0.996907 0
    outer loop
      vertex 10.8592 55.1111 6
      vertex 11 55.1 2
      vertex 10.8592 55.1111 2
    endloop
  endfacet
  facet normal -0.233694 -0.97231 0
    outer loop
      vertex 11.1408 56.8889 2
      vertex 11.2781 56.8559 6
      vertex 11.1408 56.8889 6
    endloop
  endfacet
  facet normal -0.233694 -0.97231 -0
    outer loop
      vertex 11.2781 56.8559 6
      vertex 11.1408 56.8889 2
      vertex 11.2781 56.8559 2
    endloop
  endfacet
  facet normal 0.522595 0.852581 -0
    outer loop
      vertex 10.5914 55.1981 2
      vertex 10.471 55.2719 6
      vertex 10.5914 55.1981 6
    endloop
  endfacet
  facet normal 0.522595 0.852581 0
    outer loop
      vertex 10.471 55.2719 6
      vertex 10.5914 55.1981 2
      vertex 10.471 55.2719 2
    endloop
  endfacet
  facet normal 0.382352 0.924017 -0
    outer loop
      vertex 10.7219 55.1441 2
      vertex 10.5914 55.1981 6
      vertex 10.7219 55.1441 6
    endloop
  endfacet
  facet normal 0.382352 0.924017 0
    outer loop
      vertex 10.5914 55.1981 6
      vertex 10.7219 55.1441 2
      vertex 10.5914 55.1981 2
    endloop
  endfacet
  facet normal 0.996907 -0.0785914 0
    outer loop
      vertex 10.1 56 6
      vertex 10.1111 56.1408 2
      vertex 10.1111 56.1408 6
    endloop
  endfacet
  facet normal 0.996907 -0.0785914 0
    outer loop
      vertex 10.1111 56.1408 2
      vertex 10.1 56 6
      vertex 10.1 56 2
    endloop
  endfacet
  facet normal 0.852581 -0.522595 0
    outer loop
      vertex 10.1981 56.4086 6
      vertex 10.2719 56.529 2
      vertex 10.2719 56.529 6
    endloop
  endfacet
  facet normal 0.852581 -0.522595 0
    outer loop
      vertex 10.2719 56.529 2
      vertex 10.1981 56.4086 6
      vertex 10.1981 56.4086 2
    endloop
  endfacet
  facet normal -0.649332 0.760505 0
    outer loop
      vertex 11.6364 55.3636 2
      vertex 11.529 55.2719 6
      vertex 11.6364 55.3636 6
    endloop
  endfacet
  facet normal -0.649332 0.760505 0
    outer loop
      vertex 11.529 55.2719 6
      vertex 11.6364 55.3636 2
      vertex 11.529 55.2719 2
    endloop
  endfacet
  facet normal -0.996927 0.0783413 0
    outer loop
      vertex 26.6 56 2
      vertex 26.6295 56.3754 6
      vertex 26.6295 56.3754 2
    endloop
  endfacet
  facet normal -0.996927 0.0783413 0
    outer loop
      vertex 26.6295 56.3754 6
      vertex 26.6 56 2
      vertex 26.6 56 6
    endloop
  endfacet
  facet normal 0.996927 -0.0783413 0
    outer loop
      vertex 31.3705 55.6246 6
      vertex 31.4 56 2
      vertex 31.4 56 6
    endloop
  endfacet
  facet normal 0.996927 -0.0783413 0
    outer loop
      vertex 31.4 56 2
      vertex 31.3705 55.6246 6
      vertex 31.3705 55.6246 2
    endloop
  endfacet
  facet normal 0.97232 0.233654 0
    outer loop
      vertex 31.3705 56.3754 6
      vertex 31.2825 56.7416 2
      vertex 31.2825 56.7416 6
    endloop
  endfacet
  facet normal 0.97232 0.233654 0
    outer loop
      vertex 31.2825 56.7416 2
      vertex 31.3705 56.3754 6
      vertex 31.3705 56.3754 2
    endloop
  endfacet
  facet normal 0.996927 0.0783413 0
    outer loop
      vertex 31.4 56 6
      vertex 31.3705 56.3754 2
      vertex 31.3705 56.3754 6
    endloop
  endfacet
  facet normal 0.996927 0.0783413 0
    outer loop
      vertex 31.3705 56.3754 2
      vertex 31.4 56 6
      vertex 31.4 56 2
    endloop
  endfacet
  facet normal 0.923923 0.382578 0
    outer loop
      vertex 31.2825 56.7416 6
      vertex 31.1384 57.0896 2
      vertex 31.1384 57.0896 6
    endloop
  endfacet
  facet normal 0.923923 0.382578 0
    outer loop
      vertex 31.1384 57.0896 2
      vertex 31.2825 56.7416 6
      vertex 31.2825 56.7416 2
    endloop
  endfacet
  facet normal 0.97232 -0.233654 0
    outer loop
      vertex 31.2825 55.2584 6
      vertex 31.3705 55.6246 2
      vertex 31.3705 55.6246 6
    endloop
  endfacet
  facet normal 0.97232 -0.233654 0
    outer loop
      vertex 31.3705 55.6246 2
      vertex 31.2825 55.2584 6
      vertex 31.2825 55.2584 2
    endloop
  endfacet
  facet normal -0.649281 -0.760549 0
    outer loop
      vertex 27.3029 54.3029 2
      vertex 27.5893 54.0584 6
      vertex 27.3029 54.3029 6
    endloop
  endfacet
  facet normal -0.649281 -0.760549 -0
    outer loop
      vertex 27.5893 54.0584 6
      vertex 27.3029 54.3029 2
      vertex 27.5893 54.0584 2
    endloop
  endfacet
  facet normal -0.522556 -0.852605 0
    outer loop
      vertex 27.5893 54.0584 2
      vertex 27.9104 53.8616 6
      vertex 27.5893 54.0584 6
    endloop
  endfacet
  facet normal -0.522556 -0.852605 -0
    outer loop
      vertex 27.9104 53.8616 6
      vertex 27.5893 54.0584 2
      vertex 27.9104 53.8616 2
    endloop
  endfacet
  facet normal -0.382578 -0.923923 0
    outer loop
      vertex 27.9104 53.8616 2
      vertex 28.2584 53.7175 6
      vertex 27.9104 53.8616 6
    endloop
  endfacet
  facet normal -0.382578 -0.923923 -0
    outer loop
      vertex 28.2584 53.7175 6
      vertex 27.9104 53.8616 2
      vertex 28.2584 53.7175 2
    endloop
  endfacet
  facet normal 0.852605 -0.522556 0
    outer loop
      vertex 30.9416 54.5893 6
      vertex 31.1384 54.9104 2
      vertex 31.1384 54.9104 6
    endloop
  endfacet
  facet normal 0.852605 -0.522556 0
    outer loop
      vertex 31.1384 54.9104 2
      vertex 30.9416 54.5893 6
      vertex 30.9416 54.5893 2
    endloop
  endfacet
  facet normal 0.382578 -0.923923 0
    outer loop
      vertex 29.7416 53.7175 2
      vertex 30.0896 53.8616 6
      vertex 29.7416 53.7175 6
    endloop
  endfacet
  facet normal 0.382578 -0.923923 0
    outer loop
      vertex 30.0896 53.8616 6
      vertex 29.7416 53.7175 2
      vertex 30.0896 53.8616 2
    endloop
  endfacet
  facet normal 0.923923 -0.382578 0
    outer loop
      vertex 31.1384 54.9104 6
      vertex 31.2825 55.2584 2
      vertex 31.2825 55.2584 6
    endloop
  endfacet
  facet normal 0.923923 -0.382578 0
    outer loop
      vertex 31.2825 55.2584 2
      vertex 31.1384 54.9104 6
      vertex 31.1384 54.9104 2
    endloop
  endfacet
  facet normal 0.649281 0.760549 -0
    outer loop
      vertex 30.6971 57.6971 2
      vertex 30.4107 57.9416 6
      vertex 30.6971 57.6971 6
    endloop
  endfacet
  facet normal 0.649281 0.760549 0
    outer loop
      vertex 30.4107 57.9416 6
      vertex 30.6971 57.6971 2
      vertex 30.4107 57.9416 2
    endloop
  endfacet
  facet normal 0.382578 0.923923 -0
    outer loop
      vertex 30.0896 58.1384 2
      vertex 29.7416 58.2825 6
      vertex 30.0896 58.1384 6
    endloop
  endfacet
  facet normal 0.382578 0.923923 0
    outer loop
      vertex 29.7416 58.2825 6
      vertex 30.0896 58.1384 2
      vertex 29.7416 58.2825 2
    endloop
  endfacet
  facet normal 0.852605 0.522556 0
    outer loop
      vertex 31.1384 57.0896 6
      vertex 30.9416 57.4107 2
      vertex 30.9416 57.4107 6
    endloop
  endfacet
  facet normal 0.852605 0.522556 0
    outer loop
      vertex 30.9416 57.4107 2
      vertex 31.1384 57.0896 6
      vertex 31.1384 57.0896 2
    endloop
  endfacet
  facet normal -0.0783413 0.996927 0
    outer loop
      vertex 29 58.4 2
      vertex 28.6246 58.3705 6
      vertex 29 58.4 6
    endloop
  endfacet
  facet normal -0.0783413 0.996927 0
    outer loop
      vertex 28.6246 58.3705 6
      vertex 29 58.4 2
      vertex 28.6246 58.3705 2
    endloop
  endfacet
  facet normal -0.649281 0.760549 0
    outer loop
      vertex 27.5893 57.9416 2
      vertex 27.3029 57.6971 6
      vertex 27.5893 57.9416 6
    endloop
  endfacet
  facet normal -0.649281 0.760549 0
    outer loop
      vertex 27.3029 57.6971 6
      vertex 27.5893 57.9416 2
      vertex 27.3029 57.6971 2
    endloop
  endfacet
  facet normal -0.522556 0.852605 0
    outer loop
      vertex 27.9104 58.1384 2
      vertex 27.5893 57.9416 6
      vertex 27.9104 58.1384 6
    endloop
  endfacet
  facet normal -0.522556 0.852605 0
    outer loop
      vertex 27.5893 57.9416 6
      vertex 27.9104 58.1384 2
      vertex 27.5893 57.9416 2
    endloop
  endfacet
  facet normal -0.0783413 -0.996927 0
    outer loop
      vertex 28.6246 53.6295 2
      vertex 29 53.6 6
      vertex 28.6246 53.6295 6
    endloop
  endfacet
  facet normal -0.0783413 -0.996927 -0
    outer loop
      vertex 29 53.6 6
      vertex 28.6246 53.6295 2
      vertex 29 53.6 2
    endloop
  endfacet
  facet normal 0.649281 -0.760549 0
    outer loop
      vertex 30.4107 54.0584 2
      vertex 30.6971 54.3029 6
      vertex 30.4107 54.0584 6
    endloop
  endfacet
  facet normal 0.649281 -0.760549 0
    outer loop
      vertex 30.6971 54.3029 6
      vertex 30.4107 54.0584 2
      vertex 30.6971 54.3029 2
    endloop
  endfacet
  facet normal -0.233654 -0.97232 0
    outer loop
      vertex 28.2584 53.7175 2
      vertex 28.6246 53.6295 6
      vertex 28.2584 53.7175 6
    endloop
  endfacet
  facet normal -0.233654 -0.97232 -0
    outer loop
      vertex 28.6246 53.6295 6
      vertex 28.2584 53.7175 2
      vertex 28.6246 53.6295 2
    endloop
  endfacet
  facet normal 0.0783413 0.996927 -0
    outer loop
      vertex 29.3754 58.3705 2
      vertex 29 58.4 6
      vertex 29.3754 58.3705 6
    endloop
  endfacet
  facet normal 0.0783413 0.996927 0
    outer loop
      vertex 29 58.4 6
      vertex 29.3754 58.3705 2
      vertex 29 58.4 2
    endloop
  endfacet
  facet normal 0.760549 -0.649281 0
    outer loop
      vertex 30.6971 54.3029 6
      vertex 30.9416 54.5893 2
      vertex 30.9416 54.5893 6
    endloop
  endfacet
  facet normal 0.760549 -0.649281 0
    outer loop
      vertex 30.9416 54.5893 2
      vertex 30.6971 54.3029 6
      vertex 30.6971 54.3029 2
    endloop
  endfacet
  facet normal -0.923923 -0.382578 0
    outer loop
      vertex 26.8616 54.9104 2
      vertex 26.7175 55.2584 6
      vertex 26.7175 55.2584 2
    endloop
  endfacet
  facet normal -0.923923 -0.382578 0
    outer loop
      vertex 26.7175 55.2584 6
      vertex 26.8616 54.9104 2
      vertex 26.8616 54.9104 6
    endloop
  endfacet
  facet normal 0.522556 0.852605 -0
    outer loop
      vertex 30.4107 57.9416 2
      vertex 30.0896 58.1384 6
      vertex 30.4107 57.9416 6
    endloop
  endfacet
  facet normal 0.522556 0.852605 0
    outer loop
      vertex 30.0896 58.1384 6
      vertex 30.4107 57.9416 2
      vertex 30.0896 58.1384 2
    endloop
  endfacet
  facet normal 0.233654 -0.97232 0
    outer loop
      vertex 29.3754 53.6295 2
      vertex 29.7416 53.7175 6
      vertex 29.3754 53.6295 6
    endloop
  endfacet
  facet normal 0.233654 -0.97232 0
    outer loop
      vertex 29.7416 53.7175 6
      vertex 29.3754 53.6295 2
      vertex 29.7416 53.7175 2
    endloop
  endfacet
  facet normal -0.382578 0.923923 0
    outer loop
      vertex 28.2584 58.2825 2
      vertex 27.9104 58.1384 6
      vertex 28.2584 58.2825 6
    endloop
  endfacet
  facet normal -0.382578 0.923923 0
    outer loop
      vertex 27.9104 58.1384 6
      vertex 28.2584 58.2825 2
      vertex 27.9104 58.1384 2
    endloop
  endfacet
  facet normal -0.760549 0.649281 0
    outer loop
      vertex 27.0584 57.4107 2
      vertex 27.3029 57.6971 6
      vertex 27.3029 57.6971 2
    endloop
  endfacet
  facet normal -0.760549 0.649281 0
    outer loop
      vertex 27.3029 57.6971 6
      vertex 27.0584 57.4107 2
      vertex 27.0584 57.4107 6
    endloop
  endfacet
  facet normal -0.233654 0.97232 0
    outer loop
      vertex 28.6246 58.3705 2
      vertex 28.2584 58.2825 6
      vertex 28.6246 58.3705 6
    endloop
  endfacet
  facet normal -0.233654 0.97232 0
    outer loop
      vertex 28.2584 58.2825 6
      vertex 28.6246 58.3705 2
      vertex 28.2584 58.2825 2
    endloop
  endfacet
  facet normal 0.760549 0.649281 0
    outer loop
      vertex 30.9416 57.4107 6
      vertex 30.6971 57.6971 2
      vertex 30.6971 57.6971 6
    endloop
  endfacet
  facet normal 0.760549 0.649281 0
    outer loop
      vertex 30.6971 57.6971 2
      vertex 30.9416 57.4107 6
      vertex 30.9416 57.4107 2
    endloop
  endfacet
  facet normal -0.97232 -0.233654 0
    outer loop
      vertex 26.7175 55.2584 2
      vertex 26.6295 55.6246 6
      vertex 26.6295 55.6246 2
    endloop
  endfacet
  facet normal -0.97232 -0.233654 0
    outer loop
      vertex 26.6295 55.6246 6
      vertex 26.7175 55.2584 2
      vertex 26.7175 55.2584 6
    endloop
  endfacet
  facet normal 0.233654 0.97232 -0
    outer loop
      vertex 29.7416 58.2825 2
      vertex 29.3754 58.3705 6
      vertex 29.7416 58.2825 6
    endloop
  endfacet
  facet normal 0.233654 0.97232 0
    outer loop
      vertex 29.3754 58.3705 6
      vertex 29.7416 58.2825 2
      vertex 29.3754 58.3705 2
    endloop
  endfacet
  facet normal 0.522556 -0.852605 0
    outer loop
      vertex 30.0896 53.8616 2
      vertex 30.4107 54.0584 6
      vertex 30.0896 53.8616 6
    endloop
  endfacet
  facet normal 0.522556 -0.852605 0
    outer loop
      vertex 30.4107 54.0584 6
      vertex 30.0896 53.8616 2
      vertex 30.4107 54.0584 2
    endloop
  endfacet
  facet normal -0.97232 0.233654 0
    outer loop
      vertex 26.6295 56.3754 2
      vertex 26.7175 56.7416 6
      vertex 26.7175 56.7416 2
    endloop
  endfacet
  facet normal -0.97232 0.233654 0
    outer loop
      vertex 26.7175 56.7416 6
      vertex 26.6295 56.3754 2
      vertex 26.6295 56.3754 6
    endloop
  endfacet
  facet normal -0.996927 -0.0783413 0
    outer loop
      vertex 26.6295 55.6246 2
      vertex 26.6 56 6
      vertex 26.6 56 2
    endloop
  endfacet
  facet normal -0.996927 -0.0783413 0
    outer loop
      vertex 26.6 56 6
      vertex 26.6295 55.6246 2
      vertex 26.6295 55.6246 6
    endloop
  endfacet
  facet normal -0.760549 -0.649281 0
    outer loop
      vertex 27.3029 54.3029 2
      vertex 27.0584 54.5893 6
      vertex 27.0584 54.5893 2
    endloop
  endfacet
  facet normal -0.760549 -0.649281 0
    outer loop
      vertex 27.0584 54.5893 6
      vertex 27.3029 54.3029 2
      vertex 27.3029 54.3029 6
    endloop
  endfacet
  facet normal -0.852605 0.522556 0
    outer loop
      vertex 26.8616 57.0896 2
      vertex 27.0584 57.4107 6
      vertex 27.0584 57.4107 2
    endloop
  endfacet
  facet normal -0.852605 0.522556 0
    outer loop
      vertex 27.0584 57.4107 6
      vertex 26.8616 57.0896 2
      vertex 26.8616 57.0896 6
    endloop
  endfacet
  facet normal 0.0783413 -0.996927 0
    outer loop
      vertex 29 53.6 2
      vertex 29.3754 53.6295 6
      vertex 29 53.6 6
    endloop
  endfacet
  facet normal 0.0783413 -0.996927 0
    outer loop
      vertex 29.3754 53.6295 6
      vertex 29 53.6 2
      vertex 29.3754 53.6295 2
    endloop
  endfacet
  facet normal 0 0 1
    outer loop
      vertex 29.9 56 6
      vertex 31.4 56 6
      vertex 31.3705 56.3754 6
    endloop
  endfacet
  facet normal 0 0 1
    outer loop
      vertex 29.8889 56.1408 6
      vertex 31.3705 56.3754 6
      vertex 31.2825 56.7416 6
    endloop
  endfacet
  facet normal 0 0 1
    outer loop
      vertex 31.4 56 6
      vertex 29.9 56 6
      vertex 31.3705 55.6246 6
    endloop
  endfacet
  facet normal 0 0 1
    outer loop
      vertex 29.8559 56.2781 6
      vertex 31.2825 56.7416 6
      vertex 31.1384 57.0896 6
    endloop
  endfacet
  facet normal -0 0 1
    outer loop
      vertex 29.8889 55.8592 6
      vertex 31.3705 55.6246 6
      vertex 29.9 56 6
    endloop
  endfacet
  facet normal 0 0 1
    outer loop
      vertex 29.8019 56.4086 6
      vertex 31.1384 57.0896 6
      vertex 30.9416 57.4107 6
    endloop
  endfacet
  facet normal 0 0 1
    outer loop
      vertex 31.3705 55.6246 6
      vertex 29.8889 55.8592 6
      vertex 31.2825 55.2584 6
    endloop
  endfacet
  facet normal 0 0 1
    outer loop
      vertex 29.7281 56.529 6
      vertex 30.9416 57.4107 6
      vertex 30.6971 57.6971 6
    endloop
  endfacet
  facet normal -0 0 1
    outer loop
      vertex 29.8559 55.7219 6
      vertex 31.2825 55.2584 6
      vertex 29.8889 55.8592 6
    endloop
  endfacet
  facet normal 0 0 1
    outer loop
      vertex 29.6364 56.6364 6
      vertex 30.6971 57.6971 6
      vertex 30.4107 57.9416 6
    endloop
  endfacet
  facet normal 0 0 1
    outer loop
      vertex 31.2825 55.2584 6
      vertex 29.8559 55.7219 6
      vertex 31.1384 54.9104 6
    endloop
  endfacet
  facet normal 0 0 1
    outer loop
      vertex 29.529 56.7281 6
      vertex 30.4107 57.9416 6
      vertex 30.0896 58.1384 6
    endloop
  endfacet
  facet normal -0 0 1
    outer loop
      vertex 29.8019 55.5914 6
      vertex 31.1384 54.9104 6
      vertex 29.8559 55.7219 6
    endloop
  endfacet
  facet normal 0 0 1
    outer loop
      vertex 31.1384 54.9104 6
      vertex 29.8019 55.5914 6
      vertex 30.9416 54.5893 6
    endloop
  endfacet
  facet normal 0 0 1
    outer loop
      vertex 31.3705 56.3754 6
      vertex 29.8889 56.1408 6
      vertex 29.9 56 6
    endloop
  endfacet
  facet normal 0 0 1
    outer loop
      vertex 31.2825 56.7416 6
      vertex 29.8559 56.2781 6
      vertex 29.8889 56.1408 6
    endloop
  endfacet
  facet normal 0 0 1
    outer loop
      vertex 31.1384 57.0896 6
      vertex 29.8019 56.4086 6
      vertex 29.8559 56.2781 6
    endloop
  endfacet
  facet normal 0 0 1
    outer loop
      vertex 29.4086 56.8019 6
      vertex 30.0896 58.1384 6
      vertex 29.7416 58.2825 6
    endloop
  endfacet
  facet normal 0 0 1
    outer loop
      vertex 30.9416 57.4107 6
      vertex 29.7281 56.529 6
      vertex 29.8019 56.4086 6
    endloop
  endfacet
  facet normal 0 0 1
    outer loop
      vertex 30.6971 57.6971 6
      vertex 29.6364 56.6364 6
      vertex 29.7281 56.529 6
    endloop
  endfacet
  facet normal 0 0 1
    outer loop
      vertex 30.4107 57.9416 6
      vertex 29.529 56.7281 6
      vertex 29.6364 56.6364 6
    endloop
  endfacet
  facet normal 0 0 1
    outer loop
      vertex 30.0896 58.1384 6
      vertex 29.4086 56.8019 6
      vertex 29.529 56.7281 6
    endloop
  endfacet
  facet normal 0 0 1
    outer loop
      vertex 29.2781 56.8559 6
      vertex 29.7416 58.2825 6
      vertex 29.3754 58.3705 6
    endloop
  endfacet
  facet normal 0 0 1
    outer loop
      vertex 29.7416 58.2825 6
      vertex 29.2781 56.8559 6
      vertex 29.4086 56.8019 6
    endloop
  endfacet
  facet normal 0 0 1
    outer loop
      vertex 29.3754 58.3705 6
      vertex 29.1408 56.8889 6
      vertex 29.2781 56.8559 6
    endloop
  endfacet
  facet normal 0 0 1
    outer loop
      vertex 29 58.4 6
      vertex 29.1408 56.8889 6
      vertex 29.3754 58.3705 6
    endloop
  endfacet
  facet normal 0 0 1
    outer loop
      vertex 29 58.4 6
      vertex 29 56.9 6
      vertex 29.1408 56.8889 6
    endloop
  endfacet
  facet normal 0 0 1
    outer loop
      vertex 29 58.4 6
      vertex 28.8592 56.8889 6
      vertex 29 56.9 6
    endloop
  endfacet
  facet normal -0 0 1
    outer loop
      vertex 28.6246 58.3705 6
      vertex 28.8592 56.8889 6
      vertex 29 58.4 6
    endloop
  endfacet
  facet normal 0 0 1
    outer loop
      vertex 28.8592 56.8889 6
      vertex 28.6246 58.3705 6
      vertex 28.7219 56.8559 6
    endloop
  endfacet
  facet normal -0 0 1
    outer loop
      vertex 28.2584 58.2825 6
      vertex 28.7219 56.8559 6
      vertex 28.6246 58.3705 6
    endloop
  endfacet
  facet normal 0 0 1
    outer loop
      vertex 28.7219 56.8559 6
      vertex 28.2584 58.2825 6
      vertex 28.5914 56.8019 6
    endloop
  endfacet
  facet normal -0 0 1
    outer loop
      vertex 27.9104 58.1384 6
      vertex 28.5914 56.8019 6
      vertex 28.2584 58.2825 6
    endloop
  endfacet
  facet normal 0 0 1
    outer loop
      vertex 28.5914 56.8019 6
      vertex 27.9104 58.1384 6
      vertex 28.471 56.7281 6
    endloop
  endfacet
  facet normal -0 0 1
    outer loop
      vertex 27.5893 57.9416 6
      vertex 28.471 56.7281 6
      vertex 27.9104 58.1384 6
    endloop
  endfacet
  facet normal 0 0 1
    outer loop
      vertex 28.471 56.7281 6
      vertex 27.5893 57.9416 6
      vertex 28.3636 56.6364 6
    endloop
  endfacet
  facet normal -0 0 1
    outer loop
      vertex 27.3029 57.6971 6
      vertex 28.3636 56.6364 6
      vertex 27.5893 57.9416 6
    endloop
  endfacet
  facet normal 0 0 1
    outer loop
      vertex 28.3636 56.6364 6
      vertex 27.3029 57.6971 6
      vertex 28.2719 56.529 6
    endloop
  endfacet
  facet normal -0 0 1
    outer loop
      vertex 27.0584 57.4107 6
      vertex 28.2719 56.529 6
      vertex 27.3029 57.6971 6
    endloop
  endfacet
  facet normal 0 0 1
    outer loop
      vertex 28.2719 56.529 6
      vertex 27.0584 57.4107 6
      vertex 28.1981 56.4086 6
    endloop
  endfacet
  facet normal -0 0 1
    outer loop
      vertex 29.7281 55.471 6
      vertex 30.9416 54.5893 6
      vertex 29.8019 55.5914 6
    endloop
  endfacet
  facet normal 0 0 1
    outer loop
      vertex 30.9416 54.5893 6
      vertex 29.7281 55.471 6
      vertex 30.6971 54.3029 6
    endloop
  endfacet
  facet normal -0 0 1
    outer loop
      vertex 29.6364 55.3636 6
      vertex 30.6971 54.3029 6
      vertex 29.7281 55.471 6
    endloop
  endfacet
  facet normal 0 0 1
    outer loop
      vertex 30.6971 54.3029 6
      vertex 29.6364 55.3636 6
      vertex 30.4107 54.0584 6
    endloop
  endfacet
  facet normal -0 0 1
    outer loop
      vertex 29.529 55.2719 6
      vertex 30.4107 54.0584 6
      vertex 29.6364 55.3636 6
    endloop
  endfacet
  facet normal 0 0 1
    outer loop
      vertex 30.4107 54.0584 6
      vertex 29.529 55.2719 6
      vertex 30.0896 53.8616 6
    endloop
  endfacet
  facet normal -0 0 1
    outer loop
      vertex 29.4086 55.1981 6
      vertex 30.0896 53.8616 6
      vertex 29.529 55.2719 6
    endloop
  endfacet
  facet normal 0 0 1
    outer loop
      vertex 30.0896 53.8616 6
      vertex 29.4086 55.1981 6
      vertex 29.7416 53.7175 6
    endloop
  endfacet
  facet normal -0 0 1
    outer loop
      vertex 29.2781 55.1441 6
      vertex 29.7416 53.7175 6
      vertex 29.4086 55.1981 6
    endloop
  endfacet
  facet normal 0 0 1
    outer loop
      vertex 29.7416 53.7175 6
      vertex 29.2781 55.1441 6
      vertex 29.3754 53.6295 6
    endloop
  endfacet
  facet normal -0 0 1
    outer loop
      vertex 29.1408 55.1111 6
      vertex 29.3754 53.6295 6
      vertex 29.2781 55.1441 6
    endloop
  endfacet
  facet normal -0 0 1
    outer loop
      vertex 29 55.1 6
      vertex 29.3754 53.6295 6
      vertex 29.1408 55.1111 6
    endloop
  endfacet
  facet normal 0 0 1
    outer loop
      vertex 29 55.1 6
      vertex 29 53.6 6
      vertex 29.3754 53.6295 6
    endloop
  endfacet
  facet normal 0 0 1
    outer loop
      vertex 28.8592 55.1111 6
      vertex 29 53.6 6
      vertex 29 55.1 6
    endloop
  endfacet
  facet normal 0 0 1
    outer loop
      vertex 28.6246 53.6295 6
      vertex 28.8592 55.1111 6
      vertex 28.7219 55.1441 6
    endloop
  endfacet
  facet normal 0 0 1
    outer loop
      vertex 28.8592 55.1111 6
      vertex 28.6246 53.6295 6
      vertex 29 53.6 6
    endloop
  endfacet
  facet normal 0 0 1
    outer loop
      vertex 28.2584 53.7175 6
      vertex 28.7219 55.1441 6
      vertex 28.5914 55.1981 6
    endloop
  endfacet
  facet normal 0 0 1
    outer loop
      vertex 27.9104 53.8616 6
      vertex 28.5914 55.1981 6
      vertex 28.471 55.2719 6
    endloop
  endfacet
  facet normal 0 0 1
    outer loop
      vertex 27.5893 54.0584 6
      vertex 28.471 55.2719 6
      vertex 28.3636 55.3636 6
    endloop
  endfacet
  facet normal 0 0 1
    outer loop
      vertex 27.3029 54.3029 6
      vertex 28.3636 55.3636 6
      vertex 28.2719 55.471 6
    endloop
  endfacet
  facet normal 0 0 1
    outer loop
      vertex 28.7219 55.1441 6
      vertex 28.2584 53.7175 6
      vertex 28.6246 53.6295 6
    endloop
  endfacet
  facet normal 0 0 1
    outer loop
      vertex 27.0584 54.5893 6
      vertex 28.2719 55.471 6
      vertex 28.1981 55.5914 6
    endloop
  endfacet
  facet normal 0 0 1
    outer loop
      vertex 26.8616 54.9104 6
      vertex 28.1981 55.5914 6
      vertex 28.1441 55.7219 6
    endloop
  endfacet
  facet normal 0 0 1
    outer loop
      vertex 26.7175 55.2584 6
      vertex 28.1441 55.7219 6
      vertex 28.1111 55.8592 6
    endloop
  endfacet
  facet normal 0 0 1
    outer loop
      vertex 26.6295 55.6246 6
      vertex 28.1111 55.8592 6
      vertex 28.1 56 6
    endloop
  endfacet
  facet normal -0 0 1
    outer loop
      vertex 26.8616 57.0896 6
      vertex 28.1981 56.4086 6
      vertex 27.0584 57.4107 6
    endloop
  endfacet
  facet normal 0 0 1
    outer loop
      vertex 28.5914 55.1981 6
      vertex 27.9104 53.8616 6
      vertex 28.2584 53.7175 6
    endloop
  endfacet
  facet normal 0 0 1
    outer loop
      vertex 28.1981 56.4086 6
      vertex 26.8616 57.0896 6
      vertex 28.1441 56.2781 6
    endloop
  endfacet
  facet normal 0 0 1
    outer loop
      vertex 28.471 55.2719 6
      vertex 27.5893 54.0584 6
      vertex 27.9104 53.8616 6
    endloop
  endfacet
  facet normal -0 0 1
    outer loop
      vertex 26.7175 56.7416 6
      vertex 28.1441 56.2781 6
      vertex 26.8616 57.0896 6
    endloop
  endfacet
  facet normal 0 0 1
    outer loop
      vertex 28.3636 55.3636 6
      vertex 27.3029 54.3029 6
      vertex 27.5893 54.0584 6
    endloop
  endfacet
  facet normal 0 0 1
    outer loop
      vertex 28.1441 56.2781 6
      vertex 26.7175 56.7416 6
      vertex 28.1111 56.1408 6
    endloop
  endfacet
  facet normal 0 0 1
    outer loop
      vertex 28.2719 55.471 6
      vertex 27.0584 54.5893 6
      vertex 27.3029 54.3029 6
    endloop
  endfacet
  facet normal -0 0 1
    outer loop
      vertex 26.6295 56.3754 6
      vertex 28.1111 56.1408 6
      vertex 26.7175 56.7416 6
    endloop
  endfacet
  facet normal 0 0 1
    outer loop
      vertex 28.1981 55.5914 6
      vertex 26.8616 54.9104 6
      vertex 27.0584 54.5893 6
    endloop
  endfacet
  facet normal 0 0 1
    outer loop
      vertex 28.1111 56.1408 6
      vertex 26.6295 56.3754 6
      vertex 28.1 56 6
    endloop
  endfacet
  facet normal 0 0 1
    outer loop
      vertex 28.1441 55.7219 6
      vertex 26.7175 55.2584 6
      vertex 26.8616 54.9104 6
    endloop
  endfacet
  facet normal 0 0 1
    outer loop
      vertex 26.6 56 6
      vertex 28.1 56 6
      vertex 26.6295 56.3754 6
    endloop
  endfacet
  facet normal 0 0 1
    outer loop
      vertex 28.1111 55.8592 6
      vertex 26.6295 55.6246 6
      vertex 26.7175 55.2584 6
    endloop
  endfacet
  facet normal 0 0 1
    outer loop
      vertex 28.1 56 6
      vertex 26.6 56 6
      vertex 26.6295 55.6246 6
    endloop
  endfacet
  facet normal -0.852605 -0.522556 0
    outer loop
      vertex 27.0584 54.5893 2
      vertex 26.8616 54.9104 6
      vertex 26.8616 54.9104 2
    endloop
  endfacet
  facet normal -0.852605 -0.522556 0
    outer loop
      vertex 26.8616 54.9104 6
      vertex 27.0584 54.5893 2
      vertex 27.0584 54.5893 6
    endloop
  endfacet
  facet normal -0.923923 0.382578 0
    outer loop
      vertex 26.7175 56.7416 2
      vertex 26.8616 57.0896 6
      vertex 26.8616 57.0896 2
    endloop
  endfacet
  facet normal -0.923923 0.382578 0
    outer loop
      vertex 26.8616 57.0896 6
      vertex 26.7175 56.7416 2
      vertex 26.7175 56.7416 6
    endloop
  endfacet
  facet normal 0.924017 -0.382352 0
    outer loop
      vertex 28.1441 56.2781 6
      vertex 28.1981 56.4086 2
      vertex 28.1981 56.4086 6
    endloop
  endfacet
  facet normal 0.924017 -0.382352 0
    outer loop
      vertex 28.1981 56.4086 2
      vertex 28.1441 56.2781 6
      vertex 28.1441 56.2781 2
    endloop
  endfacet
  facet normal -0.97231 -0.233694 0
    outer loop
      vertex 29.8889 56.1408 2
      vertex 29.8559 56.2781 6
      vertex 29.8559 56.2781 2
    endloop
  endfacet
  facet normal -0.97231 -0.233694 0
    outer loop
      vertex 29.8559 56.2781 6
      vertex 29.8889 56.1408 2
      vertex 29.8889 56.1408 6
    endloop
  endfacet
  facet normal -0.996907 -0.0785914 0
    outer loop
      vertex 29.9 56 2
      vertex 29.8889 56.1408 6
      vertex 29.8889 56.1408 2
    endloop
  endfacet
  facet normal -0.996907 -0.0785914 0
    outer loop
      vertex 29.8889 56.1408 6
      vertex 29.9 56 2
      vertex 29.9 56 6
    endloop
  endfacet
  facet normal -0.924017 -0.382352 0
    outer loop
      vertex 29.8559 56.2781 2
      vertex 29.8019 56.4086 6
      vertex 29.8019 56.4086 2
    endloop
  endfacet
  facet normal -0.924017 -0.382352 0
    outer loop
      vertex 29.8019 56.4086 6
      vertex 29.8559 56.2781 2
      vertex 29.8559 56.2781 6
    endloop
  endfacet
  facet normal -0.522595 0.852581 0
    outer loop
      vertex 29.529 55.2719 2
      vertex 29.4086 55.1981 6
      vertex 29.529 55.2719 6
    endloop
  endfacet
  facet normal -0.522595 0.852581 0
    outer loop
      vertex 29.4086 55.1981 6
      vertex 29.529 55.2719 2
      vertex 29.4086 55.1981 2
    endloop
  endfacet
  facet normal -0.97231 0.233694 0
    outer loop
      vertex 29.8559 55.7219 2
      vertex 29.8889 55.8592 6
      vertex 29.8889 55.8592 2
    endloop
  endfacet
  facet normal -0.97231 0.233694 0
    outer loop
      vertex 29.8889 55.8592 6
      vertex 29.8559 55.7219 2
      vertex 29.8559 55.7219 6
    endloop
  endfacet
  facet normal -0.382352 0.924017 0
    outer loop
      vertex 29.4086 55.1981 2
      vertex 29.2781 55.1441 6
      vertex 29.4086 55.1981 6
    endloop
  endfacet
  facet normal -0.382352 0.924017 0
    outer loop
      vertex 29.2781 55.1441 6
      vertex 29.4086 55.1981 2
      vertex 29.2781 55.1441 2
    endloop
  endfacet
  facet normal 0.382352 -0.924017 0
    outer loop
      vertex 28.5914 56.8019 2
      vertex 28.7219 56.8559 6
      vertex 28.5914 56.8019 6
    endloop
  endfacet
  facet normal 0.382352 -0.924017 0
    outer loop
      vertex 28.7219 56.8559 6
      vertex 28.5914 56.8019 2
      vertex 28.7219 56.8559 2
    endloop
  endfacet
  facet normal 0.522595 -0.852581 0
    outer loop
      vertex 28.471 56.7281 2
      vertex 28.5914 56.8019 6
      vertex 28.471 56.7281 6
    endloop
  endfacet
  facet normal 0.522595 -0.852581 0
    outer loop
      vertex 28.5914 56.8019 6
      vertex 28.471 56.7281 2
      vertex 28.5914 56.8019 2
    endloop
  endfacet
  facet normal -0.649332 -0.760505 0
    outer loop
      vertex 29.529 56.7281 2
      vertex 29.6364 56.6364 6
      vertex 29.529 56.7281 6
    endloop
  endfacet
  facet normal -0.649332 -0.760505 -0
    outer loop
      vertex 29.6364 56.6364 6
      vertex 29.529 56.7281 2
      vertex 29.6364 56.6364 2
    endloop
  endfacet
  facet normal 0.233694 -0.97231 0
    outer loop
      vertex 28.7219 56.8559 2
      vertex 28.8592 56.8889 6
      vertex 28.7219 56.8559 6
    endloop
  endfacet
  facet normal 0.233694 -0.97231 0
    outer loop
      vertex 28.8592 56.8889 6
      vertex 28.7219 56.8559 2
      vertex 28.8592 56.8889 2
    endloop
  endfacet
  facet normal 0.924017 0.382352 0
    outer loop
      vertex 28.1981 55.5914 6
      vertex 28.1441 55.7219 2
      vertex 28.1441 55.7219 6
    endloop
  endfacet
  facet normal 0.924017 0.382352 0
    outer loop
      vertex 28.1441 55.7219 2
      vertex 28.1981 55.5914 6
      vertex 28.1981 55.5914 2
    endloop
  endfacet
  facet normal 0.0785914 -0.996907 0
    outer loop
      vertex 28.8592 56.8889 2
      vertex 29 56.9 6
      vertex 28.8592 56.8889 6
    endloop
  endfacet
  facet normal 0.0785914 -0.996907 0
    outer loop
      vertex 29 56.9 6
      vertex 28.8592 56.8889 2
      vertex 29 56.9 2
    endloop
  endfacet
  facet normal 0.233694 0.97231 -0
    outer loop
      vertex 28.8592 55.1111 2
      vertex 28.7219 55.1441 6
      vertex 28.8592 55.1111 6
    endloop
  endfacet
  facet normal 0.233694 0.97231 0
    outer loop
      vertex 28.7219 55.1441 6
      vertex 28.8592 55.1111 2
      vertex 28.7219 55.1441 2
    endloop
  endfacet
  facet normal -0.924017 0.382352 0
    outer loop
      vertex 29.8019 55.5914 2
      vertex 29.8559 55.7219 6
      vertex 29.8559 55.7219 2
    endloop
  endfacet
  facet normal -0.924017 0.382352 0
    outer loop
      vertex 29.8559 55.7219 6
      vertex 29.8019 55.5914 2
      vertex 29.8019 55.5914 6
    endloop
  endfacet
  facet normal 0.760505 0.649332 0
    outer loop
      vertex 28.3636 55.3636 6
      vertex 28.2719 55.471 2
      vertex 28.2719 55.471 6
    endloop
  endfacet
  facet normal 0.760505 0.649332 0
    outer loop
      vertex 28.2719 55.471 2
      vertex 28.3636 55.3636 6
      vertex 28.3636 55.3636 2
    endloop
  endfacet
  facet normal 0.649332 -0.760505 0
    outer loop
      vertex 28.3636 56.6364 2
      vertex 28.471 56.7281 6
      vertex 28.3636 56.6364 6
    endloop
  endfacet
  facet normal 0.649332 -0.760505 0
    outer loop
      vertex 28.471 56.7281 6
      vertex 28.3636 56.6364 2
      vertex 28.471 56.7281 2
    endloop
  endfacet
  facet normal -0.0785914 0.996907 0
    outer loop
      vertex 29.1408 55.1111 2
      vertex 29 55.1 6
      vertex 29.1408 55.1111 6
    endloop
  endfacet
  facet normal -0.0785914 0.996907 0
    outer loop
      vertex 29 55.1 6
      vertex 29.1408 55.1111 2
      vertex 29 55.1 2
    endloop
  endfacet
  facet normal 0.649332 0.760505 -0
    outer loop
      vertex 28.471 55.2719 2
      vertex 28.3636 55.3636 6
      vertex 28.471 55.2719 6
    endloop
  endfacet
  facet normal 0.649332 0.760505 0
    outer loop
      vertex 28.3636 55.3636 6
      vertex 28.471 55.2719 2
      vertex 28.3636 55.3636 2
    endloop
  endfacet
  facet normal -0.852581 0.522595 0
    outer loop
      vertex 29.7281 55.471 2
      vertex 29.8019 55.5914 6
      vertex 29.8019 55.5914 2
    endloop
  endfacet
  facet normal -0.852581 0.522595 0
    outer loop
      vertex 29.8019 55.5914 6
      vertex 29.7281 55.471 2
      vertex 29.7281 55.471 6
    endloop
  endfacet
  facet normal -0.852581 -0.522595 0
    outer loop
      vertex 29.8019 56.4086 2
      vertex 29.7281 56.529 6
      vertex 29.7281 56.529 2
    endloop
  endfacet
  facet normal -0.852581 -0.522595 0
    outer loop
      vertex 29.7281 56.529 6
      vertex 29.8019 56.4086 2
      vertex 29.8019 56.4086 6
    endloop
  endfacet
  facet normal -0.760505 -0.649332 0
    outer loop
      vertex 29.7281 56.529 2
      vertex 29.6364 56.6364 6
      vertex 29.6364 56.6364 2
    endloop
  endfacet
  facet normal -0.760505 -0.649332 0
    outer loop
      vertex 29.6364 56.6364 6
      vertex 29.7281 56.529 2
      vertex 29.7281 56.529 6
    endloop
  endfacet
  facet normal 0.760505 -0.649332 0
    outer loop
      vertex 28.2719 56.529 6
      vertex 28.3636 56.6364 2
      vertex 28.3636 56.6364 6
    endloop
  endfacet
  facet normal 0.760505 -0.649332 0
    outer loop
      vertex 28.3636 56.6364 2
      vertex 28.2719 56.529 6
      vertex 28.2719 56.529 2
    endloop
  endfacet
  facet normal -0.0785914 -0.996907 0
    outer loop
      vertex 29 56.9 2
      vertex 29.1408 56.8889 6
      vertex 29 56.9 6
    endloop
  endfacet
  facet normal -0.0785914 -0.996907 -0
    outer loop
      vertex 29.1408 56.8889 6
      vertex 29 56.9 2
      vertex 29.1408 56.8889 2
    endloop
  endfacet
  facet normal -0.382352 -0.924017 0
    outer loop
      vertex 29.2781 56.8559 2
      vertex 29.4086 56.8019 6
      vertex 29.2781 56.8559 6
    endloop
  endfacet
  facet normal -0.382352 -0.924017 -0
    outer loop
      vertex 29.4086 56.8019 6
      vertex 29.2781 56.8559 2
      vertex 29.4086 56.8019 2
    endloop
  endfacet
  facet normal 0.97231 -0.233694 0
    outer loop
      vertex 28.1111 56.1408 6
      vertex 28.1441 56.2781 2
      vertex 28.1441 56.2781 6
    endloop
  endfacet
  facet normal 0.97231 -0.233694 0
    outer loop
      vertex 28.1441 56.2781 2
      vertex 28.1111 56.1408 6
      vertex 28.1111 56.1408 2
    endloop
  endfacet
  facet normal 0.97231 0.233694 0
    outer loop
      vertex 28.1441 55.7219 6
      vertex 28.1111 55.8592 2
      vertex 28.1111 55.8592 6
    endloop
  endfacet
  facet normal 0.97231 0.233694 0
    outer loop
      vertex 28.1111 55.8592 2
      vertex 28.1441 55.7219 6
      vertex 28.1441 55.7219 2
    endloop
  endfacet
  facet normal -0.522595 -0.852581 0
    outer loop
      vertex 29.4086 56.8019 2
      vertex 29.529 56.7281 6
      vertex 29.4086 56.8019 6
    endloop
  endfacet
  facet normal -0.522595 -0.852581 -0
    outer loop
      vertex 29.529 56.7281 6
      vertex 29.4086 56.8019 2
      vertex 29.529 56.7281 2
    endloop
  endfacet
  facet normal -0.233694 0.97231 0
    outer loop
      vertex 29.2781 55.1441 2
      vertex 29.1408 55.1111 6
      vertex 29.2781 55.1441 6
    endloop
  endfacet
  facet normal -0.233694 0.97231 0
    outer loop
      vertex 29.1408 55.1111 6
      vertex 29.2781 55.1441 2
      vertex 29.1408 55.1111 2
    endloop
  endfacet
  facet normal -0.996907 0.0785914 0
    outer loop
      vertex 29.8889 55.8592 2
      vertex 29.9 56 6
      vertex 29.9 56 2
    endloop
  endfacet
  facet normal -0.996907 0.0785914 0
    outer loop
      vertex 29.9 56 6
      vertex 29.8889 55.8592 2
      vertex 29.8889 55.8592 6
    endloop
  endfacet
  facet normal -0.760505 0.649332 0
    outer loop
      vertex 29.6364 55.3636 2
      vertex 29.7281 55.471 6
      vertex 29.7281 55.471 2
    endloop
  endfacet
  facet normal -0.760505 0.649332 0
    outer loop
      vertex 29.7281 55.471 6
      vertex 29.6364 55.3636 2
      vertex 29.6364 55.3636 6
    endloop
  endfacet
  facet normal 0.852581 0.522595 0
    outer loop
      vertex 28.2719 55.471 6
      vertex 28.1981 55.5914 2
      vertex 28.1981 55.5914 6
    endloop
  endfacet
  facet normal 0.852581 0.522595 0
    outer loop
      vertex 28.1981 55.5914 2
      vertex 28.2719 55.471 6
      vertex 28.2719 55.471 2
    endloop
  endfacet
  facet normal 0.996907 0.0785914 0
    outer loop
      vertex 28.1111 55.8592 6
      vertex 28.1 56 2
      vertex 28.1 56 6
    endloop
  endfacet
  facet normal 0.996907 0.0785914 0
    outer loop
      vertex 28.1 56 2
      vertex 28.1111 55.8592 6
      vertex 28.1111 55.8592 2
    endloop
  endfacet
  facet normal 0.0785914 0.996907 -0
    outer loop
      vertex 29 55.1 2
      vertex 28.8592 55.1111 6
      vertex 29 55.1 6
    endloop
  endfacet
  facet normal 0.0785914 0.996907 0
    outer loop
      vertex 28.8592 55.1111 6
      vertex 29 55.1 2
      vertex 28.8592 55.1111 2
    endloop
  endfacet
  facet normal -0.233694 -0.97231 0
    outer loop
      vertex 29.1408 56.8889 2
      vertex 29.2781 56.8559 6
      vertex 29.1408 56.8889 6
    endloop
  endfacet
  facet normal -0.233694 -0.97231 -0
    outer loop
      vertex 29.2781 56.8559 6
      vertex 29.1408 56.8889 2
      vertex 29.2781 56.8559 2
    endloop
  endfacet
  facet normal 0.522595 0.852581 -0
    outer loop
      vertex 28.5914 55.1981 2
      vertex 28.471 55.2719 6
      vertex 28.5914 55.1981 6
    endloop
  endfacet
  facet normal 0.522595 0.852581 0
    outer loop
      vertex 28.471 55.2719 6
      vertex 28.5914 55.1981 2
      vertex 28.471 55.2719 2
    endloop
  endfacet
  facet normal 0.382352 0.924017 -0
    outer loop
      vertex 28.7219 55.1441 2
      vertex 28.5914 55.1981 6
      vertex 28.7219 55.1441 6
    endloop
  endfacet
  facet normal 0.382352 0.924017 0
    outer loop
      vertex 28.5914 55.1981 6
      vertex 28.7219 55.1441 2
      vertex 28.5914 55.1981 2
    endloop
  endfacet
  facet normal 0.996907 -0.0785914 0
    outer loop
      vertex 28.1 56 6
      vertex 28.1111 56.1408 2
      vertex 28.1111 56.1408 6
    endloop
  endfacet
  facet normal 0.996907 -0.0785914 0
    outer loop
      vertex 28.1111 56.1408 2
      vertex 28.1 56 6
      vertex 28.1 56 2
    endloop
  endfacet
  facet normal 0.852581 -0.522595 0
    outer loop
      vertex 28.1981 56.4086 6
      vertex 28.2719 56.529 2
      vertex 28.2719 56.529 6
    endloop
  endfacet
  facet normal 0.852581 -0.522595 0
    outer loop
      vertex 28.2719 56.529 2
      vertex 28.1981 56.4086 6
      vertex 28.1981 56.4086 2
    endloop
  endfacet
  facet normal -0.649332 0.760505 0
    outer loop
      vertex 29.6364 55.3636 2
      vertex 29.529 55.2719 6
      vertex 29.6364 55.3636 6
    endloop
  endfacet
  facet normal -0.649332 0.760505 0
    outer loop
      vertex 29.529 55.2719 6
      vertex 29.6364 55.3636 2
      vertex 29.529 55.2719 2
    endloop
  endfacet
  facet normal 1 0 0
    outer loop
      vertex 29.5 47.5 36
      vertex 29.5 45 32
      vertex 29.5 47.5 6
    endloop
  endfacet
  facet normal 1 0 0
    outer loop
      vertex 29.5 47.5 36
      vertex 29.5 35 32
      vertex 29.5 45 32
    endloop
  endfacet
  facet normal 1 0 0
    outer loop
      vertex 29.5 35 32
      vertex 29.5 32.5 36
      vertex 29.5 35 10
    endloop
  endfacet
  facet normal 1 -0 0
    outer loop
      vertex 29.5 32.5 36
      vertex 29.5 35 32
      vertex 29.5 47.5 36
    endloop
  endfacet
  facet normal 1 -0 0
    outer loop
      vertex 29.5 45 10
      vertex 29.5 47.5 6
      vertex 29.5 45 32
    endloop
  endfacet
  facet normal 1 -0 0
    outer loop
      vertex 29.5 35 10
      vertex 29.5 47.5 6
      vertex 29.5 45 10
    endloop
  endfacet
  facet normal 1 0 0
    outer loop
      vertex 29.5 35 10
      vertex 29.5 32.5 6
      vertex 29.5 47.5 6
    endloop
  endfacet
  facet normal 1 0 0
    outer loop
      vertex 29.5 32.5 6
      vertex 29.5 35 10
      vertex 29.5 32.5 36
    endloop
  endfacet
  facet normal 0 0 1
    outer loop
      vertex 29.5 47.5 36
      vertex 28 46 36
      vertex 29.5 32.5 36
    endloop
  endfacet
  facet normal 0 0 1
    outer loop
      vertex 29.5 47.5 36
      vertex 12 46 36
      vertex 28 46 36
    endloop
  endfacet
  facet normal 0 0 1
    outer loop
      vertex 12 46 36
      vertex 10.5 47.5 36
      vertex 12 34 36
    endloop
  endfacet
  facet normal -0 0 1
    outer loop
      vertex 10.5 47.5 36
      vertex 12 46 36
      vertex 29.5 47.5 36
    endloop
  endfacet
  facet normal -0 0 1
    outer loop
      vertex 28 34 36
      vertex 29.5 32.5 36
      vertex 28 46 36
    endloop
  endfacet
  facet normal -0 0 1
    outer loop
      vertex 12 34 36
      vertex 29.5 32.5 36
      vertex 28 34 36
    endloop
  endfacet
  facet normal 0 0 1
    outer loop
      vertex 12 34 36
      vertex 10.5 32.5 36
      vertex 29.5 32.5 36
    endloop
  endfacet
  facet normal 0 0 1
    outer loop
      vertex 10.5 32.5 36
      vertex 12 34 36
      vertex 10.5 47.5 36
    endloop
  endfacet
  facet normal 0 0 -1
    outer loop
      vertex 29.5 32.5 6
      vertex 28 34 6
      vertex 29.5 47.5 6
    endloop
  endfacet
  facet normal 0 0 -1
    outer loop
      vertex 29.5 32.5 6
      vertex 12 34 6
      vertex 28 34 6
    endloop
  endfacet
  facet normal -0 0 -1
    outer loop
      vertex 12 34 6
      vertex 10.5 32.5 6
      vertex 12 46 6
    endloop
  endfacet
  facet normal 0 0 -1
    outer loop
      vertex 10.5 32.5 6
      vertex 12 34 6
      vertex 29.5 32.5 6
    endloop
  endfacet
  facet normal 0 0 -1
    outer loop
      vertex 28 46 6
      vertex 29.5 47.5 6
      vertex 28 34 6
    endloop
  endfacet
  facet normal 0 0 -1
    outer loop
      vertex 12 46 6
      vertex 29.5 47.5 6
      vertex 28 46 6
    endloop
  endfacet
  facet normal 0 0 -1
    outer loop
      vertex 12 46 6
      vertex 10.5 47.5 6
      vertex 29.5 47.5 6
    endloop
  endfacet
  facet normal 0 0 -1
    outer loop
      vertex 10.5 47.5 6
      vertex 12 46 6
      vertex 10.5 32.5 6
    endloop
  endfacet
  facet normal -1 0 0
    outer loop
      vertex 10.5 47.5 6
      vertex 10.5 45 10
      vertex 10.5 47.5 36
    endloop
  endfacet
  facet normal -1 0 0
    outer loop
      vertex 10.5 47.5 6
      vertex 10.5 35 10
      vertex 10.5 45 10
    endloop
  endfacet
  facet normal -1 -0 0
    outer loop
      vertex 10.5 35 10
      vertex 10.5 32.5 6
      vertex 10.5 35 32
    endloop
  endfacet
  facet normal -1 0 0
    outer loop
      vertex 10.5 32.5 6
      vertex 10.5 35 10
      vertex 10.5 47.5 6
    endloop
  endfacet
  facet normal -1 0 0
    outer loop
      vertex 10.5 45 32
      vertex 10.5 47.5 36
      vertex 10.5 45 10
    endloop
  endfacet
  facet normal -1 0 0
    outer loop
      vertex 10.5 35 32
      vertex 10.5 47.5 36
      vertex 10.5 45 32
    endloop
  endfacet
  facet normal -1 0 0
    outer loop
      vertex 10.5 35 32
      vertex 10.5 32.5 36
      vertex 10.5 47.5 36
    endloop
  endfacet
  facet normal -1 0 0
    outer loop
      vertex 10.5 32.5 36
      vertex 10.5 35 32
      vertex 10.5 32.5 6
    endloop
  endfacet
  facet normal 0 1 -0
    outer loop
      vertex 29.5 47.5 6
      vertex 10.5 47.5 36
      vertex 29.5 47.5 36
    endloop
  endfacet
  facet normal 0 1 0
    outer loop
      vertex 10.5 47.5 36
      vertex 29.5 47.5 6
      vertex 10.5 47.5 6
    endloop
  endfacet
  facet normal 0 -1 0
    outer loop
      vertex 10.5 32.5 6
      vertex 29.5 32.5 36
      vertex 10.5 32.5 36
    endloop
  endfacet
  facet normal 0 -1 -0
    outer loop
      vertex 29.5 32.5 36
      vertex 10.5 32.5 6
      vertex 29.5 32.5 6
    endloop
  endfacet
  facet normal -1 0 0
    outer loop
      vertex 28 46 6
      vertex 28 45 10
      vertex 28 46 36
    endloop
  endfacet
  facet normal -1 0 0
    outer loop
      vertex 28 46 6
      vertex 28 35 10
      vertex 28 45 10
    endloop
  endfacet
  facet normal -1 -0 0
    outer loop
      vertex 28 35 10
      vertex 28 34 6
      vertex 28 35 32
    endloop
  endfacet
  facet normal -1 0 0
    outer loop
      vertex 28 34 6
      vertex 28 35 10
      vertex 28 46 6
    endloop
  endfacet
  facet normal -1 0 0
    outer loop
      vertex 28 45 32
      vertex 28 46 36
      vertex 28 45 10
    endloop
  endfacet
  facet normal -1 0 0
    outer loop
      vertex 28 35 32
      vertex 28 46 36
      vertex 28 45 32
    endloop
  endfacet
  facet normal -1 0 0
    outer loop
      vertex 28 35 32
      vertex 28 34 36
      vertex 28 46 36
    endloop
  endfacet
  facet normal -1 0 0
    outer loop
      vertex 28 34 36
      vertex 28 35 32
      vertex 28 34 6
    endloop
  endfacet
  facet normal 1 0 0
    outer loop
      vertex 12 46 36
      vertex 12 45 32
      vertex 12 46 6
    endloop
  endfacet
  facet normal 1 0 0
    outer loop
      vertex 12 46 36
      vertex 12 35 32
      vertex 12 45 32
    endloop
  endfacet
  facet normal 1 0 0
    outer loop
      vertex 12 35 32
      vertex 12 34 36
      vertex 12 35 10
    endloop
  endfacet
  facet normal 1 -0 0
    outer loop
      vertex 12 34 36
      vertex 12 35 32
      vertex 12 46 36
    endloop
  endfacet
  facet normal 1 -0 0
    outer loop
      vertex 12 45 10
      vertex 12 46 6
      vertex 12 45 32
    endloop
  endfacet
  facet normal 1 -0 0
    outer loop
      vertex 12 35 10
      vertex 12 46 6
      vertex 12 45 10
    endloop
  endfacet
  facet normal 1 0 0
    outer loop
      vertex 12 35 10
      vertex 12 34 6
      vertex 12 46 6
    endloop
  endfacet
  facet normal 1 0 0
    outer loop
      vertex 12 34 6
      vertex 12 35 10
      vertex 12 34 36
    endloop
  endfacet
  facet normal 0 -1 0
    outer loop
      vertex 12 46 6
      vertex 28 46 36
      vertex 12 46 36
    endloop
  endfacet
  facet normal 0 -1 -0
    outer loop
      vertex 28 46 36
      vertex 12 46 6
      vertex 28 46 6
    endloop
  endfacet
  facet normal 0 1 -0
    outer loop
      vertex 28 34 6
      vertex 12 34 36
      vertex 28 34 36
    endloop
  endfacet
  facet normal 0 1 0
    outer loop
      vertex 12 34 36
      vertex 28 34 6
      vertex 12 34 6
    endloop
  endfacet
  facet normal 0 0 -1
    outer loop
      vertex 10.5 35 32
      vertex 12 45 32
      vertex 12 35 32
    endloop
  endfacet
  facet normal -0 0 -1
    outer loop
      vertex 12 45 32
      vertex 10.5 35 32
      vertex 10.5 45 32
    endloop
  endfacet
  facet normal 0 0 -1
    outer loop
      vertex 28 35 32
      vertex 29.5 45 32
      vertex 29.5 35 32
    endloop
  endfacet
  facet normal -0 0 -1
    outer loop
      vertex 29.5 45 32
      vertex 28 35 32
      vertex 28 45 32
    endloop
  endfacet
  facet normal -0 0 1
    outer loop
      vertex 10.5 45 10
      vertex 12 35 10
      vertex 12 45 10
    endloop
  endfacet
  facet normal 0 0 1
    outer loop
      vertex 12 35 10
      vertex 10.5 45 10
      vertex 10.5 35 10
    endloop
  endfacet
  facet normal -0 0 1
    outer loop
      vertex 28 45 10
      vertex 29.5 35 10
      vertex 29.5 45 10
    endloop
  endfacet
  facet normal 0 0 1
    outer loop
      vertex 29.5 35 10
      vertex 28 45 10
      vertex 28 35 10
    endloop
  endfacet
  facet normal 0 -1 0
    outer loop
      vertex 10.5 45 10
      vertex 12 45 32
      vertex 10.5 45 32
    endloop
  endfacet
  facet normal 0 -1 -0
    outer loop
      vertex 12 45 32
      vertex 10.5 45 10
      vertex 12 45 10
    endloop
  endfacet
  facet normal 0 -1 0
    outer loop
      vertex 28 45 10
      vertex 29.5 45 32
      vertex 28 45 32
    endloop
  endfacet
  facet normal 0 -1 -0
    outer loop
      vertex 29.5 45 32
      vertex 28 45 10
      vertex 29.5 45 10
    endloop
  endfacet
  facet normal 0 1 -0
    outer loop
      vertex 12 35 10
      vertex 10.5 35 32
      vertex 12 35 32
    endloop
  endfacet
  facet normal 0 1 0
    outer loop
      vertex 10.5 35 32
      vertex 12 35 10
      vertex 10.5 35 10
    endloop
  endfacet
  facet normal 0 1 -0
    outer loop
      vertex 29.5 35 10
      vertex 28 35 32
      vertex 29.5 35 32
    endloop
  endfacet
  facet normal 0 1 0
    outer loop
      vertex 28 35 32
      vertex 29.5 35 10
      vertex 28 35 10
    endloop
  endfacet
  facet normal -0.233498 -0.972357 0
    outer loop
      vertex -4.77254 33.6224 0
      vertex -4.39109 33.5308 2
      vertex -4.77254 33.6224 2
    endloop
  endfacet
  facet normal -0.233498 -0.972357 -0
    outer loop
      vertex -4.39109 33.5308 2
      vertex -4.77254 33.6224 0
      vertex -4.39109 33.5308 0
    endloop
  endfacet
  facet normal 0.649342 -0.760497 0
    outer loop
      vertex 45.4695 33.9775 0
      vertex 45.7678 34.2322 2
      vertex 45.4695 33.9775 2
    endloop
  endfacet
  facet normal 0.649342 -0.760497 0
    outer loop
      vertex 45.7678 34.2322 2
      vertex 45.4695 33.9775 0
      vertex 45.7678 34.2322 0
    endloop
  endfacet
  facet normal -0.0785112 -0.996913 0
    outer loop
      vertex -4.39109 33.5308 0
      vertex -4 33.5 2
      vertex -4.39109 33.5308 2
    endloop
  endfacet
  facet normal -0.0785112 -0.996913 -0
    outer loop
      vertex -4 33.5 2
      vertex -4.39109 33.5308 0
      vertex -4 33.5 0
    endloop
  endfacet
  facet normal -0.0785112 0.996913 0
    outer loop
      vertex -4 46.5 0
      vertex -4.39109 46.4692 2
      vertex -4 46.5 2
    endloop
  endfacet
  facet normal -0.0785112 0.996913 0
    outer loop
      vertex -4.39109 46.4692 2
      vertex -4 46.5 0
      vertex -4.39109 46.4692 0
    endloop
  endfacet
  facet normal 0.996913 -0.0785092 0
    outer loop
      vertex 46.4692 35.6089 2
      vertex 46.5 36 0
      vertex 46.5 36 2
    endloop
  endfacet
  facet normal 0.996913 -0.0785092 0
    outer loop
      vertex 46.5 36 0
      vertex 46.4692 35.6089 2
      vertex 46.4692 35.6089 0
    endloop
  endfacet
  facet normal 0 -1 0
    outer loop
      vertex 40 33.5 0
      vertex 44 33.5 2
      vertex 40 33.5 2
    endloop
  endfacet
  facet normal 0 -1 -0
    outer loop
      vertex 44 33.5 2
      vertex 40 33.5 0
      vertex 44 33.5 0
    endloop
  endfacet
  facet normal 0 -1 0
    outer loop
      vertex -4 33.5 0
      vertex 0 33.5 2
      vertex -4 33.5 2
    endloop
  endfacet
  facet normal 0 -1 -0
    outer loop
      vertex 0 33.5 2
      vertex -4 33.5 0
      vertex 0 33.5 0
    endloop
  endfacet
  facet normal 0.760497 -0.649342 0
    outer loop
      vertex 45.7678 34.2322 2
      vertex 46.0225 34.5305 0
      vertex 46.0225 34.5305 2
    endloop
  endfacet
  facet normal 0.760497 -0.649342 0
    outer loop
      vertex 46.0225 34.5305 0
      vertex 45.7678 34.2322 2
      vertex 45.7678 34.2322 0
    endloop
  endfacet
  facet normal 0.97235 -0.233527 0
    outer loop
      vertex 46.3776 35.2275 2
      vertex 46.4692 35.6089 0
      vertex 46.4692 35.6089 2
    endloop
  endfacet
  facet normal 0.97235 -0.233527 0
    outer loop
      vertex 46.4692 35.6089 0
      vertex 46.3776 35.2275 2
      vertex 46.3776 35.2275 0
    endloop
  endfacet
  facet normal 0 1 -0
    outer loop
      vertex 0 46.5 0
      vertex -4 46.5 2
      vertex 0 46.5 2
    endloop
  endfacet
  facet normal 0 1 0
    outer loop
      vertex -4 46.5 2
      vertex 0 46.5 0
      vertex -4 46.5 0
    endloop
  endfacet
  facet normal 0 1 -0
    outer loop
      vertex 44 46.5 0
      vertex 40 46.5 2
      vertex 44 46.5 2
    endloop
  endfacet
  facet normal 0 1 0
    outer loop
      vertex 40 46.5 2
      vertex 44 46.5 0
      vertex 40 46.5 0
    endloop
  endfacet
  facet normal -1 0 0
    outer loop
      vertex -6.5 36 0
      vertex -6.5 44 2
      vertex -6.5 44 0
    endloop
  endfacet
  facet normal -1 -0 0
    outer loop
      vertex -6.5 44 2
      vertex -6.5 36 0
      vertex -6.5 36 2
    endloop
  endfacet
  facet normal -0.649329 -0.760508 0
    outer loop
      vertex -5.76777 34.2322 0
      vertex -5.46946 33.9775 2
      vertex -5.76777 34.2322 2
    endloop
  endfacet
  facet normal -0.649329 -0.760508 -0
    outer loop
      vertex -5.46946 33.9775 2
      vertex -5.76777 34.2322 0
      vertex -5.46946 33.9775 0
    endloop
  endfacet
  facet normal 0.233527 -0.97235 0
    outer loop
      vertex 44.3911 33.5308 0
      vertex 44.7725 33.6224 2
      vertex 44.3911 33.5308 2
    endloop
  endfacet
  facet normal 0.233527 -0.97235 0
    outer loop
      vertex 44.7725 33.6224 2
      vertex 44.3911 33.5308 0
      vertex 44.7725 33.6224 0
    endloop
  endfacet
  facet normal 0.0785092 0.996913 -0
    outer loop
      vertex 44.3911 46.4692 0
      vertex 44 46.5 2
      vertex 44.3911 46.4692 2
    endloop
  endfacet
  facet normal 0.0785092 0.996913 0
    outer loop
      vertex 44 46.5 2
      vertex 44.3911 46.4692 0
      vertex 44 46.5 0
    endloop
  endfacet
  facet normal -0.996917 -0.0784585 0
    outer loop
      vertex -6.46922 35.6089 0
      vertex -6.5 36 2
      vertex -6.5 36 0
    endloop
  endfacet
  facet normal -0.996917 -0.0784585 0
    outer loop
      vertex -6.5 36 2
      vertex -6.46922 35.6089 0
      vertex -6.46922 35.6089 2
    endloop
  endfacet
  facet normal 0.760497 0.649342 0
    outer loop
      vertex 46.0225 45.4695 2
      vertex 45.7678 45.7678 0
      vertex 45.7678 45.7678 2
    endloop
  endfacet
  facet normal 0.760497 0.649342 0
    outer loop
      vertex 45.7678 45.7678 0
      vertex 46.0225 45.4695 2
      vertex 46.0225 45.4695 0
    endloop
  endfacet
  facet normal 0.522532 -0.85262 0
    outer loop
      vertex 45.135 33.7725 0
      vertex 45.4695 33.9775 2
      vertex 45.135 33.7725 2
    endloop
  endfacet
  facet normal 0.522532 -0.85262 0
    outer loop
      vertex 45.4695 33.9775 2
      vertex 45.135 33.7725 0
      vertex 45.4695 33.9775 0
    endloop
  endfacet
  facet normal 0.923927 -0.382569 0
    outer loop
      vertex 46.2275 34.865 2
      vertex 46.3776 35.2275 0
      vertex 46.3776 35.2275 2
    endloop
  endfacet
  facet normal 0.923927 -0.382569 0
    outer loop
      vertex 46.3776 35.2275 0
      vertex 46.2275 34.865 2
      vertex 46.2275 34.865 0
    endloop
  endfacet
  facet normal -0.233498 0.972357 0
    outer loop
      vertex -4.39109 46.4692 0
      vertex -4.77254 46.3776 2
      vertex -4.39109 46.4692 2
    endloop
  endfacet
  facet normal -0.233498 0.972357 0
    outer loop
      vertex -4.77254 46.3776 2
      vertex -4.39109 46.4692 0
      vertex -4.77254 46.3776 0
    endloop
  endfacet
  facet normal 0.97235 0.233527 0
    outer loop
      vertex 46.4692 44.3911 2
      vertex 46.3776 44.7725 0
      vertex 46.3776 44.7725 2
    endloop
  endfacet
  facet normal 0.97235 0.233527 0
    outer loop
      vertex 46.3776 44.7725 0
      vertex 46.4692 44.3911 2
      vertex 46.4692 44.3911 0
    endloop
  endfacet
  facet normal 0.85262 -0.522532 0
    outer loop
      vertex 46.0225 34.5305 2
      vertex 46.2275 34.865 0
      vertex 46.2275 34.865 2
    endloop
  endfacet
  facet normal 0.85262 -0.522532 0
    outer loop
      vertex 46.2275 34.865 0
      vertex 46.0225 34.5305 2
      vertex 46.0225 34.5305 0
    endloop
  endfacet
  facet normal -0.760409 0.649445 0
    outer loop
      vertex -6.02254 45.4695 0
      vertex -5.76777 45.7678 2
      vertex -5.76777 45.7678 0
    endloop
  endfacet
  facet normal -0.760409 0.649445 0
    outer loop
      vertex -5.76777 45.7678 2
      vertex -6.02254 45.4695 0
      vertex -6.02254 45.4695 2
    endloop
  endfacet
  facet normal -0.649329 0.760508 0
    outer loop
      vertex -5.46946 46.0225 0
      vertex -5.76777 45.7678 2
      vertex -5.46946 46.0225 2
    endloop
  endfacet
  facet normal -0.649329 0.760508 0
    outer loop
      vertex -5.76777 45.7678 2
      vertex -5.46946 46.0225 0
      vertex -5.76777 45.7678 0
    endloop
  endfacet
  facet normal 0.996913 0.0785092 0
    outer loop
      vertex 46.5 44 2
      vertex 46.4692 44.3911 0
      vertex 46.4692 44.3911 2
    endloop
  endfacet
  facet normal 0.996913 0.0785092 0
    outer loop
      vertex 46.4692 44.3911 0
      vertex 46.5 44 2
      vertex 46.5 44 0
    endloop
  endfacet
  facet normal -0.382623 0.923904 0
    outer loop
      vertex -4.77254 46.3776 0
      vertex -5.13498 46.2275 2
      vertex -4.77254 46.3776 2
    endloop
  endfacet
  facet normal -0.382623 0.923904 0
    outer loop
      vertex -5.13498 46.2275 2
      vertex -4.77254 46.3776 0
      vertex -5.13498 46.2275 0
    endloop
  endfacet
  facet normal -0.852642 0.522495 0
    outer loop
      vertex -6.22752 45.135 0
      vertex -6.02254 45.4695 2
      vertex -6.02254 45.4695 0
    endloop
  endfacet
  facet normal -0.852642 0.522495 0
    outer loop
      vertex -6.02254 45.4695 2
      vertex -6.22752 45.135 0
      vertex -6.22752 45.135 2
    endloop
  endfacet
  facet normal -0.923909 0.382613 0
    outer loop
      vertex -6.37764 44.7725 0
      vertex -6.22752 45.135 2
      vertex -6.22752 45.135 0
    endloop
  endfacet
  facet normal -0.923909 0.382613 0
    outer loop
      vertex -6.22752 45.135 2
      vertex -6.37764 44.7725 0
      vertex -6.37764 44.7725 2
    endloop
  endfacet
  facet normal 1 -0 0
    outer loop
      vertex 46.5 36 2
      vertex 46.5 44 0
      vertex 46.5 44 2
    endloop
  endfacet
  facet normal 1 0 0
    outer loop
      vertex 46.5 44 0
      vertex 46.5 36 2
      vertex 46.5 36 0
    endloop
  endfacet
  facet normal -0.996917 0.0784585 0
    outer loop
      vertex -6.5 44 0
      vertex -6.46922 44.3911 2
      vertex -6.46922 44.3911 0
    endloop
  endfacet
  facet normal -0.996917 0.0784585 0
    outer loop
      vertex -6.46922 44.3911 2
      vertex -6.5 44 0
      vertex -6.5 44 2
    endloop
  endfacet
  facet normal 0.0785092 -0.996913 0
    outer loop
      vertex 44 33.5 0
      vertex 44.3911 33.5308 2
      vertex 44 33.5 2
    endloop
  endfacet
  facet normal 0.0785092 -0.996913 0
    outer loop
      vertex 44.3911 33.5308 2
      vertex 44 33.5 0
      vertex 44.3911 33.5308 0
    endloop
  endfacet
  facet normal 0.382569 -0.923927 0
    outer loop
      vertex 44.7725 33.6224 0
      vertex 45.135 33.7725 2
      vertex 44.7725 33.6224 2
    endloop
  endfacet
  facet normal 0.382569 -0.923927 0
    outer loop
      vertex 45.135 33.7725 2
      vertex 44.7725 33.6224 0
      vertex 45.135 33.7725 0
    endloop
  endfacet
  facet normal -0.923909 -0.382613 0
    outer loop
      vertex -6.22752 34.865 0
      vertex -6.37764 35.2275 2
      vertex -6.37764 35.2275 0
    endloop
  endfacet
  facet normal -0.923909 -0.382613 0
    outer loop
      vertex -6.37764 35.2275 2
      vertex -6.22752 34.865 0
      vertex -6.22752 34.865 2
    endloop
  endfacet
  facet normal -0.972362 -0.233479 0
    outer loop
      vertex -6.37764 35.2275 0
      vertex -6.46922 35.6089 2
      vertex -6.46922 35.6089 0
    endloop
  endfacet
  facet normal -0.972362 -0.233479 0
    outer loop
      vertex -6.46922 35.6089 2
      vertex -6.37764 35.2275 0
      vertex -6.37764 35.2275 2
    endloop
  endfacet
  facet normal -0.852642 -0.522495 0
    outer loop
      vertex -6.02254 34.5305 0
      vertex -6.22752 34.865 2
      vertex -6.22752 34.865 0
    endloop
  endfacet
  facet normal -0.852642 -0.522495 0
    outer loop
      vertex -6.22752 34.865 2
      vertex -6.02254 34.5305 0
      vertex -6.02254 34.5305 2
    endloop
  endfacet
  facet normal 0.522532 0.85262 -0
    outer loop
      vertex 45.4695 46.0225 0
      vertex 45.135 46.2275 2
      vertex 45.4695 46.0225 2
    endloop
  endfacet
  facet normal 0.522532 0.85262 0
    outer loop
      vertex 45.135 46.2275 2
      vertex 45.4695 46.0225 0
      vertex 45.135 46.2275 0
    endloop
  endfacet
  facet normal -0.522555 0.852606 0
    outer loop
      vertex -5.13498 46.2275 0
      vertex -5.46946 46.0225 2
      vertex -5.13498 46.2275 2
    endloop
  endfacet
  facet normal -0.522555 0.852606 0
    outer loop
      vertex -5.46946 46.0225 2
      vertex -5.13498 46.2275 0
      vertex -5.46946 46.0225 0
    endloop
  endfacet
  facet normal -0.382623 -0.923904 0
    outer loop
      vertex -5.13498 33.7725 0
      vertex -4.77254 33.6224 2
      vertex -5.13498 33.7725 2
    endloop
  endfacet
  facet normal -0.382623 -0.923904 -0
    outer loop
      vertex -4.77254 33.6224 2
      vertex -5.13498 33.7725 0
      vertex -4.77254 33.6224 0
    endloop
  endfacet
  facet normal -0.522555 -0.852606 0
    outer loop
      vertex -5.46946 33.9775 0
      vertex -5.13498 33.7725 2
      vertex -5.46946 33.9775 2
    endloop
  endfacet
  facet normal -0.522555 -0.852606 -0
    outer loop
      vertex -5.13498 33.7725 2
      vertex -5.46946 33.9775 0
      vertex -5.13498 33.7725 0
    endloop
  endfacet
  facet normal 0.649342 0.760497 -0
    outer loop
      vertex 45.7678 45.7678 0
      vertex 45.4695 46.0225 2
      vertex 45.7678 45.7678 2
    endloop
  endfacet
  facet normal 0.649342 0.760497 0
    outer loop
      vertex 45.4695 46.0225 2
      vertex 45.7678 45.7678 0
      vertex 45.4695 46.0225 0
    endloop
  endfacet
  facet normal 0.85262 0.522532 0
    outer loop
      vertex 46.2275 45.135 2
      vertex 46.0225 45.4695 0
      vertex 46.0225 45.4695 2
    endloop
  endfacet
  facet normal 0.85262 0.522532 0
    outer loop
      vertex 46.0225 45.4695 0
      vertex 46.2275 45.135 2
      vertex 46.2275 45.135 0
    endloop
  endfacet
  facet normal 0.923927 0.382569 0
    outer loop
      vertex 46.3776 44.7725 2
      vertex 46.2275 45.135 0
      vertex 46.2275 45.135 2
    endloop
  endfacet
  facet normal 0.923927 0.382569 0
    outer loop
      vertex 46.2275 45.135 0
      vertex 46.3776 44.7725 2
      vertex 46.3776 44.7725 0
    endloop
  endfacet
  facet normal 0.382569 0.923927 -0
    outer loop
      vertex 45.135 46.2275 0
      vertex 44.7725 46.3776 2
      vertex 45.135 46.2275 2
    endloop
  endfacet
  facet normal 0.382569 0.923927 0
    outer loop
      vertex 44.7725 46.3776 2
      vertex 45.135 46.2275 0
      vertex 44.7725 46.3776 0
    endloop
  endfacet
  facet normal 0.233527 0.97235 -0
    outer loop
      vertex 44.7725 46.3776 0
      vertex 44.3911 46.4692 2
      vertex 44.7725 46.3776 2
    endloop
  endfacet
  facet normal 0.233527 0.97235 0
    outer loop
      vertex 44.3911 46.4692 2
      vertex 44.7725 46.3776 0
      vertex 44.3911 46.4692 0
    endloop
  endfacet
  facet normal -0.972362 0.233479 0
    outer loop
      vertex -6.46922 44.3911 0
      vertex -6.37764 44.7725 2
      vertex -6.37764 44.7725 0
    endloop
  endfacet
  facet normal -0.972362 0.233479 0
    outer loop
      vertex -6.37764 44.7725 2
      vertex -6.46922 44.3911 0
      vertex -6.46922 44.3911 2
    endloop
  endfacet
  facet normal -0.760409 -0.649445 0
    outer loop
      vertex -5.76777 34.2322 0
      vertex -6.02254 34.5305 2
      vertex -6.02254 34.5305 0
    endloop
  endfacet
  facet normal -0.760409 -0.649445 0
    outer loop
      vertex -6.02254 34.5305 2
      vertex -5.76777 34.2322 0
      vertex -5.76777 34.2322 2
    endloop
  endfacet
  facet normal -0.972364 0.233471 0
    outer loop
      vertex -1.77831 39.5056 0
      vertex -1.7197 39.7497 2
      vertex -1.7197 39.7497 0
    endloop
  endfacet
  facet normal -0.972364 0.233471 0
    outer loop
      vertex -1.7197 39.7497 2
      vertex -1.77831 39.5056 0
      vertex -1.77831 39.5056 2
    endloop
  endfacet
  facet normal -0.522532 0.85262 0
    outer loop
      vertex -2.35954 38.7056 0
      vertex -2.57362 38.5744 2
      vertex -2.35954 38.7056 2
    endloop
  endfacet
  facet normal -0.522532 0.85262 0
    outer loop
      vertex -2.57362 38.5744 2
      vertex -2.35954 38.7056 0
      vertex -2.57362 38.5744 0
    endloop
  endfacet
  facet normal -0.972364 -0.233471 0
    outer loop
      vertex -1.7197 40.2503 0
      vertex -1.77831 40.4944 2
      vertex -1.77831 40.4944 0
    endloop
  endfacet
  facet normal -0.972364 -0.233471 0
    outer loop
      vertex -1.77831 40.4944 2
      vertex -1.7197 40.2503 0
      vertex -1.7197 40.2503 2
    endloop
  endfacet
  facet normal 0.52255 -0.852609 0
    outer loop
      vertex -4.24046 41.2944 0
      vertex -4.02639 41.4256 2
      vertex -4.24046 41.2944 2
    endloop
  endfacet
  facet normal 0.52255 -0.852609 0
    outer loop
      vertex -4.02639 41.4256 2
      vertex -4.24046 41.2944 0
      vertex -4.02639 41.4256 0
    endloop
  endfacet
  facet normal 0.972364 -0.233471 0
    outer loop
      vertex -4.8803 40.2503 2
      vertex -4.82169 40.4944 0
      vertex -4.82169 40.4944 2
    endloop
  endfacet
  facet normal 0.972364 -0.233471 0
    outer loop
      vertex -4.82169 40.4944 0
      vertex -4.8803 40.2503 2
      vertex -4.8803 40.2503 0
    endloop
  endfacet
  facet normal 0.0784629 -0.996917 0
    outer loop
      vertex -3.5503 41.5803 0
      vertex -3.3 41.6 2
      vertex -3.5503 41.5803 2
    endloop
  endfacet
  facet normal 0.0784629 -0.996917 0
    outer loop
      vertex -3.3 41.6 2
      vertex -3.5503 41.5803 0
      vertex -3.3 41.6 0
    endloop
  endfacet
  facet normal -0.996917 0.0784629 0
    outer loop
      vertex -1.7197 39.7497 0
      vertex -1.7 40 2
      vertex -1.7 40 0
    endloop
  endfacet
  facet normal -0.996917 0.0784629 0
    outer loop
      vertex -1.7 40 2
      vertex -1.7197 39.7497 0
      vertex -1.7197 39.7497 2
    endloop
  endfacet
  facet normal 0.233406 0.972379 -0
    outer loop
      vertex -3.5503 38.4197 0
      vertex -3.79443 38.4783 2
      vertex -3.5503 38.4197 2
    endloop
  endfacet
  facet normal 0.233406 0.972379 0
    outer loop
      vertex -3.79443 38.4783 2
      vertex -3.5503 38.4197 0
      vertex -3.79443 38.4783 0
    endloop
  endfacet
  facet normal 0.382748 -0.923853 0
    outer loop
      vertex -4.02639 41.4256 0
      vertex -3.79443 41.5217 2
      vertex -4.02639 41.4256 2
    endloop
  endfacet
  facet normal 0.382748 -0.923853 0
    outer loop
      vertex -3.79443 41.5217 2
      vertex -4.02639 41.4256 0
      vertex -3.79443 41.5217 0
    endloop
  endfacet
  facet normal 0.382748 0.923853 -0
    outer loop
      vertex -3.79443 38.4783 0
      vertex -4.02639 38.5744 2
      vertex -3.79443 38.4783 2
    endloop
  endfacet
  facet normal 0.382748 0.923853 0
    outer loop
      vertex -4.02639 38.5744 2
      vertex -3.79443 38.4783 0
      vertex -4.02639 38.5744 0
    endloop
  endfacet
  facet normal -0.382762 0.923847 0
    outer loop
      vertex -2.57362 38.5744 0
      vertex -2.80557 38.4783 2
      vertex -2.57362 38.5744 2
    endloop
  endfacet
  facet normal -0.382762 0.923847 0
    outer loop
      vertex -2.80557 38.4783 2
      vertex -2.57362 38.5744 0
      vertex -2.80557 38.4783 0
    endloop
  endfacet
  facet normal 0.233406 -0.972379 0
    outer loop
      vertex -3.79443 41.5217 0
      vertex -3.5503 41.5803 2
      vertex -3.79443 41.5217 2
    endloop
  endfacet
  facet normal 0.233406 -0.972379 0
    outer loop
      vertex -3.5503 41.5803 2
      vertex -3.79443 41.5217 0
      vertex -3.5503 41.5803 0
    endloop
  endfacet
  facet normal -0.923904 -0.382624 0
    outer loop
      vertex -1.77831 40.4944 0
      vertex -1.87439 40.7264 2
      vertex -1.87439 40.7264 0
    endloop
  endfacet
  facet normal -0.923904 -0.382624 0
    outer loop
      vertex -1.87439 40.7264 2
      vertex -1.77831 40.4944 0
      vertex -1.77831 40.4944 2
    endloop
  endfacet
  facet normal -0.852677 0.522439 0
    outer loop
      vertex -2.00557 39.0595 0
      vertex -1.87439 39.2736 2
      vertex -1.87439 39.2736 0
    endloop
  endfacet
  facet normal -0.852677 0.522439 0
    outer loop
      vertex -1.87439 39.2736 2
      vertex -2.00557 39.0595 0
      vertex -2.00557 39.0595 2
    endloop
  endfacet
  facet normal 0.996917 -0.0784629 0
    outer loop
      vertex -4.9 40 2
      vertex -4.8803 40.2503 0
      vertex -4.8803 40.2503 2
    endloop
  endfacet
  facet normal 0.996917 -0.0784629 0
    outer loop
      vertex -4.8803 40.2503 0
      vertex -4.9 40 2
      vertex -4.9 40 0
    endloop
  endfacet
  facet normal 0.972364 0.233471 0
    outer loop
      vertex -4.82169 39.5056 2
      vertex -4.8803 39.7497 0
      vertex -4.8803 39.7497 2
    endloop
  endfacet
  facet normal 0.972364 0.233471 0
    outer loop
      vertex -4.8803 39.7497 0
      vertex -4.82169 39.5056 2
      vertex -4.82169 39.5056 0
    endloop
  endfacet
  facet normal -0.233397 -0.972382 0
    outer loop
      vertex -3.04971 41.5803 0
      vertex -2.80557 41.5217 2
      vertex -3.04971 41.5803 2
    endloop
  endfacet
  facet normal -0.233397 -0.972382 -0
    outer loop
      vertex -2.80557 41.5217 2
      vertex -3.04971 41.5803 0
      vertex -2.80557 41.5217 0
    endloop
  endfacet
  facet normal 0.923904 -0.382624 0
    outer loop
      vertex -4.82169 40.4944 2
      vertex -4.72561 40.7264 0
      vertex -4.72561 40.7264 2
    endloop
  endfacet
  facet normal 0.923904 -0.382624 0
    outer loop
      vertex -4.72561 40.7264 0
      vertex -4.82169 40.4944 2
      vertex -4.82169 40.4944 0
    endloop
  endfacet
  facet normal -0.996917 -0.0784629 0
    outer loop
      vertex -1.7 40 0
      vertex -1.7197 40.2503 2
      vertex -1.7197 40.2503 0
    endloop
  endfacet
  facet normal -0.996917 -0.0784629 0
    outer loop
      vertex -1.7197 40.2503 2
      vertex -1.7 40 0
      vertex -1.7 40 2
    endloop
  endfacet
  facet normal -0.522532 -0.85262 0
    outer loop
      vertex -2.57362 41.4256 0
      vertex -2.35954 41.2944 2
      vertex -2.57362 41.4256 2
    endloop
  endfacet
  facet normal -0.522532 -0.85262 -0
    outer loop
      vertex -2.35954 41.2944 2
      vertex -2.57362 41.4256 0
      vertex -2.35954 41.2944 0
    endloop
  endfacet
  facet normal -0.233397 0.972382 0
    outer loop
      vertex -2.80557 38.4783 0
      vertex -3.04971 38.4197 2
      vertex -2.80557 38.4783 2
    endloop
  endfacet
  facet normal -0.233397 0.972382 0
    outer loop
      vertex -3.04971 38.4197 2
      vertex -2.80557 38.4783 0
      vertex -3.04971 38.4197 0
    endloop
  endfacet
  facet normal -0.852677 -0.522439 0
    outer loop
      vertex -1.87439 40.7264 0
      vertex -2.00557 40.9405 2
      vertex -2.00557 40.9405 0
    endloop
  endfacet
  facet normal -0.852677 -0.522439 0
    outer loop
      vertex -2.00557 40.9405 2
      vertex -1.87439 40.7264 0
      vertex -1.87439 40.7264 2
    endloop
  endfacet
  facet normal 0.649327 0.760509 -0
    outer loop
      vertex -4.24046 38.7056 0
      vertex -4.43137 38.8686 2
      vertex -4.24046 38.7056 2
    endloop
  endfacet
  facet normal 0.649327 0.760509 0
    outer loop
      vertex -4.43137 38.8686 2
      vertex -4.24046 38.7056 0
      vertex -4.43137 38.8686 0
    endloop
  endfacet
  facet normal -0.923904 0.382624 0
    outer loop
      vertex -1.87439 39.2736 0
      vertex -1.77831 39.5056 2
      vertex -1.77831 39.5056 0
    endloop
  endfacet
  facet normal -0.923904 0.382624 0
    outer loop
      vertex -1.77831 39.5056 2
      vertex -1.87439 39.2736 0
      vertex -1.87439 39.2736 2
    endloop
  endfacet
  facet normal 0.760374 -0.649485 0
    outer loop
      vertex -4.59443 40.9405 2
      vertex -4.43137 41.1314 0
      vertex -4.43137 41.1314 2
    endloop
  endfacet
  facet normal 0.760374 -0.649485 0
    outer loop
      vertex -4.43137 41.1314 0
      vertex -4.59443 40.9405 2
      vertex -4.59443 40.9405 0
    endloop
  endfacet
  facet normal -0.382762 -0.923847 0
    outer loop
      vertex -2.80557 41.5217 0
      vertex -2.57362 41.4256 2
      vertex -2.80557 41.5217 2
    endloop
  endfacet
  facet normal -0.382762 -0.923847 -0
    outer loop
      vertex -2.57362 41.4256 2
      vertex -2.80557 41.5217 0
      vertex -2.57362 41.4256 0
    endloop
  endfacet
  facet normal -0.649327 -0.760509 0
    outer loop
      vertex -2.35954 41.2944 0
      vertex -2.16863 41.1314 2
      vertex -2.35954 41.2944 2
    endloop
  endfacet
  facet normal -0.649327 -0.760509 -0
    outer loop
      vertex -2.16863 41.1314 2
      vertex -2.35954 41.2944 0
      vertex -2.16863 41.1314 0
    endloop
  endfacet
  facet normal 0.649327 -0.760509 0
    outer loop
      vertex -4.43137 41.1314 0
      vertex -4.24046 41.2944 2
      vertex -4.43137 41.1314 2
    endloop
  endfacet
  facet normal 0.649327 -0.760509 0
    outer loop
      vertex -4.24046 41.2944 2
      vertex -4.43137 41.1314 0
      vertex -4.24046 41.2944 0
    endloop
  endfacet
  facet normal -0.649327 0.760509 0
    outer loop
      vertex -2.16863 38.8686 0
      vertex -2.35954 38.7056 2
      vertex -2.16863 38.8686 2
    endloop
  endfacet
  facet normal -0.649327 0.760509 0
    outer loop
      vertex -2.35954 38.7056 2
      vertex -2.16863 38.8686 0
      vertex -2.35954 38.7056 0
    endloop
  endfacet
  facet normal 0.760374 0.649485 0
    outer loop
      vertex -4.43137 38.8686 2
      vertex -4.59443 39.0595 0
      vertex -4.59443 39.0595 2
    endloop
  endfacet
  facet normal 0.760374 0.649485 0
    outer loop
      vertex -4.59443 39.0595 0
      vertex -4.43137 38.8686 2
      vertex -4.43137 38.8686 0
    endloop
  endfacet
  facet normal 0.996917 0.0784629 0
    outer loop
      vertex -4.8803 39.7497 2
      vertex -4.9 40 0
      vertex -4.9 40 2
    endloop
  endfacet
  facet normal 0.996917 0.0784629 0
    outer loop
      vertex -4.9 40 0
      vertex -4.8803 39.7497 2
      vertex -4.8803 39.7497 0
    endloop
  endfacet
  facet normal -0.078466 -0.996917 0
    outer loop
      vertex -3.3 41.6 0
      vertex -3.04971 41.5803 2
      vertex -3.3 41.6 2
    endloop
  endfacet
  facet normal -0.078466 -0.996917 -0
    outer loop
      vertex -3.04971 41.5803 2
      vertex -3.3 41.6 0
      vertex -3.04971 41.5803 0
    endloop
  endfacet
  facet normal 0.852677 0.522439 0
    outer loop
      vertex -4.59443 39.0595 2
      vertex -4.72561 39.2736 0
      vertex -4.72561 39.2736 2
    endloop
  endfacet
  facet normal 0.852677 0.522439 0
    outer loop
      vertex -4.72561 39.2736 0
      vertex -4.59443 39.0595 2
      vertex -4.59443 39.0595 0
    endloop
  endfacet
  facet normal 0.923904 0.382624 0
    outer loop
      vertex -4.72561 39.2736 2
      vertex -4.82169 39.5056 0
      vertex -4.82169 39.5056 2
    endloop
  endfacet
  facet normal 0.923904 0.382624 0
    outer loop
      vertex -4.82169 39.5056 0
      vertex -4.72561 39.2736 2
      vertex -4.72561 39.2736 0
    endloop
  endfacet
  facet normal -0.760374 0.649485 0
    outer loop
      vertex -2.16863 38.8686 0
      vertex -2.00557 39.0595 2
      vertex -2.00557 39.0595 0
    endloop
  endfacet
  facet normal -0.760374 0.649485 0
    outer loop
      vertex -2.00557 39.0595 2
      vertex -2.16863 38.8686 0
      vertex -2.16863 38.8686 2
    endloop
  endfacet
  facet normal -0.078466 0.996917 0
    outer loop
      vertex -3.04971 38.4197 0
      vertex -3.3 38.4 2
      vertex -3.04971 38.4197 2
    endloop
  endfacet
  facet normal -0.078466 0.996917 0
    outer loop
      vertex -3.3 38.4 2
      vertex -3.04971 38.4197 0
      vertex -3.3 38.4 0
    endloop
  endfacet
  facet normal -0.760374 -0.649485 0
    outer loop
      vertex -2.00557 40.9405 0
      vertex -2.16863 41.1314 2
      vertex -2.16863 41.1314 0
    endloop
  endfacet
  facet normal -0.760374 -0.649485 0
    outer loop
      vertex -2.16863 41.1314 2
      vertex -2.00557 40.9405 0
      vertex -2.00557 40.9405 2
    endloop
  endfacet
  facet normal 0.0784629 0.996917 -0
    outer loop
      vertex -3.3 38.4 0
      vertex -3.5503 38.4197 2
      vertex -3.3 38.4 2
    endloop
  endfacet
  facet normal 0.0784629 0.996917 0
    outer loop
      vertex -3.5503 38.4197 2
      vertex -3.3 38.4 0
      vertex -3.5503 38.4197 0
    endloop
  endfacet
  facet normal 0.852677 -0.522439 0
    outer loop
      vertex -4.72561 40.7264 2
      vertex -4.59443 40.9405 0
      vertex -4.59443 40.9405 2
    endloop
  endfacet
  facet normal 0.852677 -0.522439 0
    outer loop
      vertex -4.59443 40.9405 0
      vertex -4.72561 40.7264 2
      vertex -4.72561 40.7264 0
    endloop
  endfacet
  facet normal 0.52255 0.852609 -0
    outer loop
      vertex -4.02639 38.5744 0
      vertex -4.24046 38.7056 2
      vertex -4.02639 38.5744 2
    endloop
  endfacet
  facet normal 0.52255 0.852609 0
    outer loop
      vertex -4.24046 38.7056 2
      vertex -4.02639 38.5744 0
      vertex -4.24046 38.7056 0
    endloop
  endfacet
  facet normal -0.972373 -0.233433 0
    outer loop
      vertex 44.8803 40.2503 0
      vertex 44.8217 40.4944 2
      vertex 44.8217 40.4944 0
    endloop
  endfacet
  facet normal -0.972373 -0.233433 0
    outer loop
      vertex 44.8217 40.4944 2
      vertex 44.8803 40.2503 0
      vertex 44.8803 40.2503 2
    endloop
  endfacet
  facet normal -0.996917 -0.0784629 0
    outer loop
      vertex 44.9 40 0
      vertex 44.8803 40.2503 2
      vertex 44.8803 40.2503 0
    endloop
  endfacet
  facet normal -0.996917 -0.0784629 0
    outer loop
      vertex 44.8803 40.2503 2
      vertex 44.9 40 0
      vertex 44.9 40 2
    endloop
  endfacet
  facet normal -0.996917 0.0784629 0
    outer loop
      vertex 44.8803 39.7497 0
      vertex 44.9 40 2
      vertex 44.9 40 0
    endloop
  endfacet
  facet normal -0.996917 0.0784629 0
    outer loop
      vertex 44.9 40 2
      vertex 44.8803 39.7497 0
      vertex 44.8803 39.7497 2
    endloop
  endfacet
  facet normal -0.649347 -0.760493 0
    outer loop
      vertex 44.2405 41.2944 0
      vertex 44.4314 41.1314 2
      vertex 44.2405 41.2944 2
    endloop
  endfacet
  facet normal -0.649347 -0.760493 -0
    outer loop
      vertex 44.4314 41.1314 2
      vertex 44.2405 41.2944 0
      vertex 44.4314 41.1314 0
    endloop
  endfacet
  facet normal 0.522497 -0.852641 0
    outer loop
      vertex 42.3595 41.2944 0
      vertex 42.5736 41.4256 2
      vertex 42.3595 41.2944 2
    endloop
  endfacet
  facet normal 0.522497 -0.852641 0
    outer loop
      vertex 42.5736 41.4256 2
      vertex 42.3595 41.2944 0
      vertex 42.5736 41.4256 0
    endloop
  endfacet
  facet normal 0.382692 -0.923876 0
    outer loop
      vertex 42.5736 41.4256 0
      vertex 42.8056 41.5217 2
      vertex 42.5736 41.4256 2
    endloop
  endfacet
  facet normal 0.382692 -0.923876 0
    outer loop
      vertex 42.8056 41.5217 2
      vertex 42.5736 41.4256 0
      vertex 42.8056 41.5217 0
    endloop
  endfacet
  facet normal 0.233433 0.972373 -0
    outer loop
      vertex 43.0497 38.4197 0
      vertex 42.8056 38.4783 2
      vertex 43.0497 38.4197 2
    endloop
  endfacet
  facet normal 0.233433 0.972373 0
    outer loop
      vertex 42.8056 38.4783 2
      vertex 43.0497 38.4197 0
      vertex 42.8056 38.4783 0
    endloop
  endfacet
  facet normal 0.923876 0.382692 0
    outer loop
      vertex 41.8744 39.2736 2
      vertex 41.7783 39.5056 0
      vertex 41.7783 39.5056 2
    endloop
  endfacet
  facet normal 0.923876 0.382692 0
    outer loop
      vertex 41.7783 39.5056 0
      vertex 41.8744 39.2736 2
      vertex 41.8744 39.2736 0
    endloop
  endfacet
  facet normal 0.852641 -0.522497 0
    outer loop
      vertex 41.8744 40.7264 2
      vertex 42.0056 40.9405 0
      vertex 42.0056 40.9405 2
    endloop
  endfacet
  facet normal 0.852641 -0.522497 0
    outer loop
      vertex 42.0056 40.9405 0
      vertex 41.8744 40.7264 2
      vertex 41.8744 40.7264 0
    endloop
  endfacet
  facet normal 0.522497 0.852641 -0
    outer loop
      vertex 42.5736 38.5744 0
      vertex 42.3595 38.7056 2
      vertex 42.5736 38.5744 2
    endloop
  endfacet
  facet normal 0.522497 0.852641 0
    outer loop
      vertex 42.3595 38.7056 2
      vertex 42.5736 38.5744 0
      vertex 42.3595 38.7056 0
    endloop
  endfacet
  facet normal 0.649347 -0.760493 0
    outer loop
      vertex 42.1686 41.1314 0
      vertex 42.3595 41.2944 2
      vertex 42.1686 41.1314 2
    endloop
  endfacet
  facet normal 0.649347 -0.760493 0
    outer loop
      vertex 42.3595 41.2944 2
      vertex 42.1686 41.1314 0
      vertex 42.3595 41.2944 0
    endloop
  endfacet
  facet normal 0.382692 0.923876 -0
    outer loop
      vertex 42.8056 38.4783 0
      vertex 42.5736 38.5744 2
      vertex 42.8056 38.4783 2
    endloop
  endfacet
  facet normal 0.382692 0.923876 0
    outer loop
      vertex 42.5736 38.5744 2
      vertex 42.8056 38.4783 0
      vertex 42.5736 38.5744 0
    endloop
  endfacet
  facet normal -0.233433 0.972373 0
    outer loop
      vertex 43.7944 38.4783 0
      vertex 43.5503 38.4197 2
      vertex 43.7944 38.4783 2
    endloop
  endfacet
  facet normal -0.233433 0.972373 0
    outer loop
      vertex 43.5503 38.4197 2
      vertex 43.7944 38.4783 0
      vertex 43.5503 38.4197 0
    endloop
  endfacet
  facet normal 0.760493 -0.649347 0
    outer loop
      vertex 42.0056 40.9405 2
      vertex 42.1686 41.1314 0
      vertex 42.1686 41.1314 2
    endloop
  endfacet
  facet normal 0.760493 -0.649347 0
    outer loop
      vertex 42.1686 41.1314 0
      vertex 42.0056 40.9405 2
      vertex 42.0056 40.9405 0
    endloop
  endfacet
  facet normal -0.760493 -0.649347 0
    outer loop
      vertex 44.5944 40.9405 0
      vertex 44.4314 41.1314 2
      vertex 44.4314 41.1314 0
    endloop
  endfacet
  facet normal -0.760493 -0.649347 0
    outer loop
      vertex 44.4314 41.1314 2
      vertex 44.5944 40.9405 0
      vertex 44.5944 40.9405 2
    endloop
  endfacet
  facet normal 0.233433 -0.972373 0
    outer loop
      vertex 42.8056 41.5217 0
      vertex 43.0497 41.5803 2
      vertex 42.8056 41.5217 2
    endloop
  endfacet
  facet normal 0.233433 -0.972373 0
    outer loop
      vertex 43.0497 41.5803 2
      vertex 42.8056 41.5217 0
      vertex 43.0497 41.5803 0
    endloop
  endfacet
  facet normal -0.760493 0.649347 0
    outer loop
      vertex 44.4314 38.8686 0
      vertex 44.5944 39.0595 2
      vertex 44.5944 39.0595 0
    endloop
  endfacet
  facet normal -0.760493 0.649347 0
    outer loop
      vertex 44.5944 39.0595 2
      vertex 44.4314 38.8686 0
      vertex 44.4314 38.8686 2
    endloop
  endfacet
  facet normal -0.382692 0.923876 0
    outer loop
      vertex 44.0264 38.5744 0
      vertex 43.7944 38.4783 2
      vertex 44.0264 38.5744 2
    endloop
  endfacet
  facet normal -0.382692 0.923876 0
    outer loop
      vertex 43.7944 38.4783 2
      vertex 44.0264 38.5744 0
      vertex 43.7944 38.4783 0
    endloop
  endfacet
  facet normal 0.972373 -0.233433 0
    outer loop
      vertex 41.7197 40.2503 2
      vertex 41.7783 40.4944 0
      vertex 41.7783 40.4944 2
    endloop
  endfacet
  facet normal 0.972373 -0.233433 0
    outer loop
      vertex 41.7783 40.4944 0
      vertex 41.7197 40.2503 2
      vertex 41.7197 40.2503 0
    endloop
  endfacet
  facet normal -0.522497 0.852641 0
    outer loop
      vertex 44.2405 38.7056 0
      vertex 44.0264 38.5744 2
      vertex 44.2405 38.7056 2
    endloop
  endfacet
  facet normal -0.522497 0.852641 0
    outer loop
      vertex 44.0264 38.5744 2
      vertex 44.2405 38.7056 0
      vertex 44.0264 38.5744 0
    endloop
  endfacet
  facet normal -0.382692 -0.923876 0
    outer loop
      vertex 43.7944 41.5217 0
      vertex 44.0264 41.4256 2
      vertex 43.7944 41.5217 2
    endloop
  endfacet
  facet normal -0.382692 -0.923876 -0
    outer loop
      vertex 44.0264 41.4256 2
      vertex 43.7944 41.5217 0
      vertex 44.0264 41.4256 0
    endloop
  endfacet
  facet normal 0.972373 0.233433 0
    outer loop
      vertex 41.7783 39.5056 2
      vertex 41.7197 39.7497 0
      vertex 41.7197 39.7497 2
    endloop
  endfacet
  facet normal 0.972373 0.233433 0
    outer loop
      vertex 41.7197 39.7497 0
      vertex 41.7783 39.5056 2
      vertex 41.7783 39.5056 0
    endloop
  endfacet
  facet normal -0.649347 0.760493 0
    outer loop
      vertex 44.4314 38.8686 0
      vertex 44.2405 38.7056 2
      vertex 44.4314 38.8686 2
    endloop
  endfacet
  facet normal -0.649347 0.760493 0
    outer loop
      vertex 44.2405 38.7056 2
      vertex 44.4314 38.8686 0
      vertex 44.2405 38.7056 0
    endloop
  endfacet
  facet normal -0.522497 -0.852641 0
    outer loop
      vertex 44.0264 41.4256 0
      vertex 44.2405 41.2944 2
      vertex 44.0264 41.4256 2
    endloop
  endfacet
  facet normal -0.522497 -0.852641 -0
    outer loop
      vertex 44.2405 41.2944 2
      vertex 44.0264 41.4256 0
      vertex 44.2405 41.2944 0
    endloop
  endfacet
  facet normal 0.0784629 0.996917 -0
    outer loop
      vertex 43.3 38.4 0
      vertex 43.0497 38.4197 2
      vertex 43.3 38.4 2
    endloop
  endfacet
  facet normal 0.0784629 0.996917 0
    outer loop
      vertex 43.0497 38.4197 2
      vertex 43.3 38.4 0
      vertex 43.0497 38.4197 0
    endloop
  endfacet
  facet normal -0.852641 0.522497 0
    outer loop
      vertex 44.5944 39.0595 0
      vertex 44.7256 39.2736 2
      vertex 44.7256 39.2736 0
    endloop
  endfacet
  facet normal -0.852641 0.522497 0
    outer loop
      vertex 44.7256 39.2736 2
      vertex 44.5944 39.0595 0
      vertex 44.5944 39.0595 2
    endloop
  endfacet
  facet normal 0.760493 0.649347 0
    outer loop
      vertex 42.1686 38.8686 2
      vertex 42.0056 39.0595 0
      vertex 42.0056 39.0595 2
    endloop
  endfacet
  facet normal 0.760493 0.649347 0
    outer loop
      vertex 42.0056 39.0595 0
      vertex 42.1686 38.8686 2
      vertex 42.1686 38.8686 0
    endloop
  endfacet
  facet normal 0.852641 0.522497 0
    outer loop
      vertex 42.0056 39.0595 2
      vertex 41.8744 39.2736 0
      vertex 41.8744 39.2736 2
    endloop
  endfacet
  facet normal 0.852641 0.522497 0
    outer loop
      vertex 41.8744 39.2736 0
      vertex 42.0056 39.0595 2
      vertex 42.0056 39.0595 0
    endloop
  endfacet
  facet normal -0.972373 0.233433 0
    outer loop
      vertex 44.8217 39.5056 0
      vertex 44.8803 39.7497 2
      vertex 44.8803 39.7497 0
    endloop
  endfacet
  facet normal -0.972373 0.233433 0
    outer loop
      vertex 44.8803 39.7497 2
      vertex 44.8217 39.5056 0
      vertex 44.8217 39.5056 2
    endloop
  endfacet
  facet normal -0.0784629 -0.996917 0
    outer loop
      vertex 43.3 41.6 0
      vertex 43.5503 41.5803 2
      vertex 43.3 41.6 2
    endloop
  endfacet
  facet normal -0.0784629 -0.996917 -0
    outer loop
      vertex 43.5503 41.5803 2
      vertex 43.3 41.6 0
      vertex 43.5503 41.5803 0
    endloop
  endfacet
  facet normal 0.923876 -0.382692 0
    outer loop
      vertex 41.7783 40.4944 2
      vertex 41.8744 40.7264 0
      vertex 41.8744 40.7264 2
    endloop
  endfacet
  facet normal 0.923876 -0.382692 0
    outer loop
      vertex 41.8744 40.7264 0
      vertex 41.7783 40.4944 2
      vertex 41.7783 40.4944 0
    endloop
  endfacet
  facet normal -0.852641 -0.522497 0
    outer loop
      vertex 44.7256 40.7264 0
      vertex 44.5944 40.9405 2
      vertex 44.5944 40.9405 0
    endloop
  endfacet
  facet normal -0.852641 -0.522497 0
    outer loop
      vertex 44.5944 40.9405 2
      vertex 44.7256 40.7264 0
      vertex 44.7256 40.7264 2
    endloop
  endfacet
  facet normal 0.996917 0.0784629 0
    outer loop
      vertex 41.7197 39.7497 2
      vertex 41.7 40 0
      vertex 41.7 40 2
    endloop
  endfacet
  facet normal 0.996917 0.0784629 0
    outer loop
      vertex 41.7 40 0
      vertex 41.7197 39.7497 2
      vertex 41.7197 39.7497 0
    endloop
  endfacet
  facet normal -0.233433 -0.972373 0
    outer loop
      vertex 43.5503 41.5803 0
      vertex 43.7944 41.5217 2
      vertex 43.5503 41.5803 2
    endloop
  endfacet
  facet normal -0.233433 -0.972373 -0
    outer loop
      vertex 43.7944 41.5217 2
      vertex 43.5503 41.5803 0
      vertex 43.7944 41.5217 0
    endloop
  endfacet
  facet normal -0.923876 0.382692 0
    outer loop
      vertex 44.7256 39.2736 0
      vertex 44.8217 39.5056 2
      vertex 44.8217 39.5056 0
    endloop
  endfacet
  facet normal -0.923876 0.382692 0
    outer loop
      vertex 44.8217 39.5056 2
      vertex 44.7256 39.2736 0
      vertex 44.7256 39.2736 2
    endloop
  endfacet
  facet normal -0.923876 -0.382692 0
    outer loop
      vertex 44.8217 40.4944 0
      vertex 44.7256 40.7264 2
      vertex 44.7256 40.7264 0
    endloop
  endfacet
  facet normal -0.923876 -0.382692 0
    outer loop
      vertex 44.7256 40.7264 2
      vertex 44.8217 40.4944 0
      vertex 44.8217 40.4944 2
    endloop
  endfacet
  facet normal 0.649347 0.760493 -0
    outer loop
      vertex 42.3595 38.7056 0
      vertex 42.1686 38.8686 2
      vertex 42.3595 38.7056 2
    endloop
  endfacet
  facet normal 0.649347 0.760493 0
    outer loop
      vertex 42.1686 38.8686 2
      vertex 42.3595 38.7056 0
      vertex 42.1686 38.8686 0
    endloop
  endfacet
  facet normal 0.0784629 -0.996917 0
    outer loop
      vertex 43.0497 41.5803 0
      vertex 43.3 41.6 2
      vertex 43.0497 41.5803 2
    endloop
  endfacet
  facet normal 0.0784629 -0.996917 0
    outer loop
      vertex 43.3 41.6 2
      vertex 43.0497 41.5803 0
      vertex 43.3 41.6 0
    endloop
  endfacet
  facet normal 0.996917 -0.0784629 0
    outer loop
      vertex 41.7 40 2
      vertex 41.7197 40.2503 0
      vertex 41.7197 40.2503 2
    endloop
  endfacet
  facet normal 0.996917 -0.0784629 0
    outer loop
      vertex 41.7197 40.2503 0
      vertex 41.7 40 2
      vertex 41.7 40 0
    endloop
  endfacet
  facet normal -0.0784629 0.996917 0
    outer loop
      vertex 43.5503 38.4197 0
      vertex 43.3 38.4 2
      vertex 43.5503 38.4197 2
    endloop
  endfacet
  facet normal -0.0784629 0.996917 0
    outer loop
      vertex 43.3 38.4 2
      vertex 43.5503 38.4197 0
      vertex 43.3 38.4 0
    endloop
  endfacet
  facet normal 0 0 -1
    outer loop
      vertex 0 10 12.2
      vertex 2 70 12.2
      vertex 2 10 12.2
    endloop
  endfacet
  facet normal -0 0 -1
    outer loop
      vertex 2 70 12.2
      vertex 0 10 12.2
      vertex 0 70 12.2
    endloop
  endfacet
  facet normal -0 0 1
    outer loop
      vertex 0 70 10
      vertex 2 10 10
      vertex 2 70 10
    endloop
  endfacet
  facet normal 0 0 1
    outer loop
      vertex 2 10 10
      vertex 0 70 10
      vertex 0 10 10
    endloop
  endfacet
  facet normal 0 -1 0
    outer loop
      vertex 0 70 10
      vertex 2 70 12.2
      vertex 0 70 12.2
    endloop
  endfacet
  facet normal 0 -1 -0
    outer loop
      vertex 2 70 12.2
      vertex 0 70 10
      vertex 2 70 10
    endloop
  endfacet
  facet normal 0 1 -0
    outer loop
      vertex 2 10 10
      vertex 0 10 12.2
      vertex 2 10 12.2
    endloop
  endfacet
  facet normal 0 1 0
    outer loop
      vertex 0 10 12.2
      vertex 2 10 10
      vertex 0 10 10
    endloop
  endfacet
  facet normal 0 0 -1
    outer loop
      vertex 38 10 12.2
      vertex 40 70 12.2
      vertex 40 10 12.2
    endloop
  endfacet
  facet normal -0 0 -1
    outer loop
      vertex 40 70 12.2
      vertex 38 10 12.2
      vertex 38 70 12.2
    endloop
  endfacet
  facet normal -0 0 1
    outer loop
      vertex 38 70 10
      vertex 40 10 10
      vertex 40 70 10
    endloop
  endfacet
  facet normal 0 0 1
    outer loop
      vertex 40 10 10
      vertex 38 70 10
      vertex 38 10 10
    endloop
  endfacet
  facet normal 0 -1 0
    outer loop
      vertex 38 70 10
      vertex 40 70 12.2
      vertex 38 70 12.2
    endloop
  endfacet
  facet normal 0 -1 -0
    outer loop
      vertex 40 70 12.2
      vertex 38 70 10
      vertex 40 70 10
    endloop
  endfacet
  facet normal 0 1 -0
    outer loop
      vertex 40 10 10
      vertex 38 10 12.2
      vertex 40 10 12.2
    endloop
  endfacet
  facet normal 0 1 0
    outer loop
      vertex 38 10 12.2
      vertex 40 10 10
      vertex 38 10 10
    endloop
  endfacet
  facet normal -1 0 0
    outer loop
      vertex 32 78 10
      vertex 32 80 12.2
      vertex 32 80 10
    endloop
  endfacet
  facet normal -1 -0 0
    outer loop
      vertex 32 80 12.2
      vertex 32 78 10
      vertex 32 78 12.2
    endloop
  endfacet
  facet normal 0 0 -1
    outer loop
      vertex 8 78 12.2
      vertex 32 80 12.2
      vertex 32 78 12.2
    endloop
  endfacet
  facet normal -0 0 -1
    outer loop
      vertex 32 80 12.2
      vertex 8 78 12.2
      vertex 8 80 12.2
    endloop
  endfacet
  facet normal -0 0 1
    outer loop
      vertex 8 80 10
      vertex 32 78 10
      vertex 32 80 10
    endloop
  endfacet
  facet normal 0 0 1
    outer loop
      vertex 32 78 10
      vertex 8 80 10
      vertex 8 78 10
    endloop
  endfacet
  facet normal 1 -0 0
    outer loop
      vertex 8 78 12.2
      vertex 8 80 10
      vertex 8 80 12.2
    endloop
  endfacet
  facet normal 1 0 0
    outer loop
      vertex 8 80 10
      vertex 8 78 12.2
      vertex 8 78 10
    endloop
  endfacet
  facet normal 0 0 -1
    outer loop
      vertex 0 10 16.7
      vertex 2 70 16.7
      vertex 2 10 16.7
    endloop
  endfacet
  facet normal -0 0 -1
    outer loop
      vertex 2 70 16.7
      vertex 0 10 16.7
      vertex 0 70 16.7
    endloop
  endfacet
  facet normal -0 0 1
    outer loop
      vertex 0 70 14.5
      vertex 2 10 14.5
      vertex 2 70 14.5
    endloop
  endfacet
  facet normal 0 0 1
    outer loop
      vertex 2 10 14.5
      vertex 0 70 14.5
      vertex 0 10 14.5
    endloop
  endfacet
  facet normal 0 -1 0
    outer loop
      vertex 0 70 14.5
      vertex 2 70 16.7
      vertex 0 70 16.7
    endloop
  endfacet
  facet normal 0 -1 -0
    outer loop
      vertex 2 70 16.7
      vertex 0 70 14.5
      vertex 2 70 14.5
    endloop
  endfacet
  facet normal 0 1 -0
    outer loop
      vertex 2 10 14.5
      vertex 0 10 16.7
      vertex 2 10 16.7
    endloop
  endfacet
  facet normal 0 1 0
    outer loop
      vertex 0 10 16.7
      vertex 2 10 14.5
      vertex 0 10 14.5
    endloop
  endfacet
  facet normal 0 0 -1
    outer loop
      vertex 38 10 16.7
      vertex 40 70 16.7
      vertex 40 10 16.7
    endloop
  endfacet
  facet normal -0 0 -1
    outer loop
      vertex 40 70 16.7
      vertex 38 10 16.7
      vertex 38 70 16.7
    endloop
  endfacet
  facet normal -0 0 1
    outer loop
      vertex 38 70 14.5
      vertex 40 10 14.5
      vertex 40 70 14.5
    endloop
  endfacet
  facet normal 0 0 1
    outer loop
      vertex 40 10 14.5
      vertex 38 70 14.5
      vertex 38 10 14.5
    endloop
  endfacet
  facet normal 0 -1 0
    outer loop
      vertex 38 70 14.5
      vertex 40 70 16.7
      vertex 38 70 16.7
    endloop
  endfacet
  facet normal 0 -1 -0
    outer loop
      vertex 40 70 16.7
      vertex 38 70 14.5
      vertex 40 70 14.5
    endloop
  endfacet
  facet normal 0 1 -0
    outer loop
      vertex 40 10 14.5
      vertex 38 10 16.7
      vertex 40 10 16.7
    endloop
  endfacet
  facet normal 0 1 0
    outer loop
      vertex 38 10 16.7
      vertex 40 10 14.5
      vertex 38 10 14.5
    endloop
  endfacet
  facet normal -1 0 0
    outer loop
      vertex 32 78 14.5
      vertex 32 80 16.7
      vertex 32 80 14.5
    endloop
  endfacet
  facet normal -1 -0 0
    outer loop
      vertex 32 80 16.7
      vertex 32 78 14.5
      vertex 32 78 16.7
    endloop
  endfacet
  facet normal 0 0 -1
    outer loop
      vertex 8 78 16.7
      vertex 32 80 16.7
      vertex 32 78 16.7
    endloop
  endfacet
  facet normal -0 0 -1
    outer loop
      vertex 32 80 16.7
      vertex 8 78 16.7
      vertex 8 80 16.7
    endloop
  endfacet
  facet normal -0 0 1
    outer loop
      vertex 8 80 14.5
      vertex 32 78 14.5
      vertex 32 80 14.5
    endloop
  endfacet
  facet normal 0 0 1
    outer loop
      vertex 32 78 14.5
      vertex 8 80 14.5
      vertex 8 78 14.5
    endloop
  endfacet
  facet normal 1 -0 0
    outer loop
      vertex 8 78 16.7
      vertex 8 80 14.5
      vertex 8 80 16.7
    endloop
  endfacet
  facet normal 1 0 0
    outer loop
      vertex 8 80 14.5
      vertex 8 78 16.7
      vertex 8 78 14.5
    endloop
  endfacet
  facet normal 0 0 -1
    outer loop
      vertex 0 10 21.2
      vertex 2 70 21.2
      vertex 2 10 21.2
    endloop
  endfacet
  facet normal -0 0 -1
    outer loop
      vertex 2 70 21.2
      vertex 0 10 21.2
      vertex 0 70 21.2
    endloop
  endfacet
  facet normal -0 0 1
    outer loop
      vertex 0 70 19
      vertex 2 10 19
      vertex 2 70 19
    endloop
  endfacet
  facet normal 0 0 1
    outer loop
      vertex 2 10 19
      vertex 0 70 19
      vertex 0 10 19
    endloop
  endfacet
  facet normal 0 -1 0
    outer loop
      vertex 0 70 19
      vertex 2 70 21.2
      vertex 0 70 21.2
    endloop
  endfacet
  facet normal 0 -1 -0
    outer loop
      vertex 2 70 21.2
      vertex 0 70 19
      vertex 2 70 19
    endloop
  endfacet
  facet normal 0 1 -0
    outer loop
      vertex 2 10 19
      vertex 0 10 21.2
      vertex 2 10 21.2
    endloop
  endfacet
  facet normal 0 1 0
    outer loop
      vertex 0 10 21.2
      vertex 2 10 19
      vertex 0 10 19
    endloop
  endfacet
  facet normal 0 0 -1
    outer loop
      vertex 38 10 21.2
      vertex 40 70 21.2
      vertex 40 10 21.2
    endloop
  endfacet
  facet normal -0 0 -1
    outer loop
      vertex 40 70 21.2
      vertex 38 10 21.2
      vertex 38 70 21.2
    endloop
  endfacet
  facet normal -0 0 1
    outer loop
      vertex 38 70 19
      vertex 40 10 19
      vertex 40 70 19
    endloop
  endfacet
  facet normal 0 0 1
    outer loop
      vertex 40 10 19
      vertex 38 70 19
      vertex 38 10 19
    endloop
  endfacet
  facet normal 0 -1 0
    outer loop
      vertex 38 70 19
      vertex 40 70 21.2
      vertex 38 70 21.2
    endloop
  endfacet
  facet normal 0 -1 -0
    outer loop
      vertex 40 70 21.2
      vertex 38 70 19
      vertex 40 70 19
    endloop
  endfacet
  facet normal 0 1 -0
    outer loop
      vertex 40 10 19
      vertex 38 10 21.2
      vertex 40 10 21.2
    endloop
  endfacet
  facet normal 0 1 0
    outer loop
      vertex 38 10 21.2
      vertex 40 10 19
      vertex 38 10 19
    endloop
  endfacet
  facet normal -1 0 0
    outer loop
      vertex 32 78 19
      vertex 32 80 21.2
      vertex 32 80 19
    endloop
  endfacet
  facet normal -1 -0 0
    outer loop
      vertex 32 80 21.2
      vertex 32 78 19
      vertex 32 78 21.2
    endloop
  endfacet
  facet normal 0 0 -1
    outer loop
      vertex 8 78 21.2
      vertex 32 80 21.2
      vertex 32 78 21.2
    endloop
  endfacet
  facet normal -0 0 -1
    outer loop
      vertex 32 80 21.2
      vertex 8 78 21.2
      vertex 8 80 21.2
    endloop
  endfacet
  facet normal -0 0 1
    outer loop
      vertex 8 80 19
      vertex 32 78 19
      vertex 32 80 19
    endloop
  endfacet
  facet normal 0 0 1
    outer loop
      vertex 32 78 19
      vertex 8 80 19
      vertex 8 78 19
    endloop
  endfacet
  facet normal 1 -0 0
    outer loop
      vertex 8 78 21.2
      vertex 8 80 19
      vertex 8 80 21.2
    endloop
  endfacet
  facet normal 1 0 0
    outer loop
      vertex 8 80 19
      vertex 8 78 21.2
      vertex 8 78 19
    endloop
  endfacet
  facet normal 0 0 -1
    outer loop
      vertex 0 10 25.7
      vertex 2 70 25.7
      vertex 2 10 25.7
    endloop
  endfacet
  facet normal -0 0 -1
    outer loop
      vertex 2 70 25.7
      vertex 0 10 25.7
      vertex 0 70 25.7
    endloop
  endfacet
  facet normal -0 0 1
    outer loop
      vertex 0 70 23.5
      vertex 2 10 23.5
      vertex 2 70 23.5
    endloop
  endfacet
  facet normal 0 0 1
    outer loop
      vertex 2 10 23.5
      vertex 0 70 23.5
      vertex 0 10 23.5
    endloop
  endfacet
  facet normal 0 -1 0
    outer loop
      vertex 0 70 23.5
      vertex 2 70 25.7
      vertex 0 70 25.7
    endloop
  endfacet
  facet normal 0 -1 -0
    outer loop
      vertex 2 70 25.7
      vertex 0 70 23.5
      vertex 2 70 23.5
    endloop
  endfacet
  facet normal 0 1 -0
    outer loop
      vertex 2 10 23.5
      vertex 0 10 25.7
      vertex 2 10 25.7
    endloop
  endfacet
  facet normal 0 1 0
    outer loop
      vertex 0 10 25.7
      vertex 2 10 23.5
      vertex 0 10 23.5
    endloop
  endfacet
  facet normal 0 0 -1
    outer loop
      vertex 38 10 25.7
      vertex 40 70 25.7
      vertex 40 10 25.7
    endloop
  endfacet
  facet normal -0 0 -1
    outer loop
      vertex 40 70 25.7
      vertex 38 10 25.7
      vertex 38 70 25.7
    endloop
  endfacet
  facet normal -0 0 1
    outer loop
      vertex 38 70 23.5
      vertex 40 10 23.5
      vertex 40 70 23.5
    endloop
  endfacet
  facet normal 0 0 1
    outer loop
      vertex 40 10 23.5
      vertex 38 70 23.5
      vertex 38 10 23.5
    endloop
  endfacet
  facet normal 0 -1 0
    outer loop
      vertex 38 70 23.5
      vertex 40 70 25.7
      vertex 38 70 25.7
    endloop
  endfacet
  facet normal 0 -1 -0
    outer loop
      vertex 40 70 25.7
      vertex 38 70 23.5
      vertex 40 70 23.5
    endloop
  endfacet
  facet normal 0 1 -0
    outer loop
      vertex 40 10 23.5
      vertex 38 10 25.7
      vertex 40 10 25.7
    endloop
  endfacet
  facet normal 0 1 0
    outer loop
      vertex 38 10 25.7
      vertex 40 10 23.5
      vertex 38 10 23.5
    endloop
  endfacet
  facet normal -1 0 0
    outer loop
      vertex 32 78 23.5
      vertex 32 80 25.7
      vertex 32 80 23.5
    endloop
  endfacet
  facet normal -1 -0 0
    outer loop
      vertex 32 80 25.7
      vertex 32 78 23.5
      vertex 32 78 25.7
    endloop
  endfacet
  facet normal 0 0 -1
    outer loop
      vertex 8 78 25.7
      vertex 32 80 25.7
      vertex 32 78 25.7
    endloop
  endfacet
  facet normal -0 0 -1
    outer loop
      vertex 32 80 25.7
      vertex 8 78 25.7
      vertex 8 80 25.7
    endloop
  endfacet
  facet normal -0 0 1
    outer loop
      vertex 8 80 23.5
      vertex 32 78 23.5
      vertex 32 80 23.5
    endloop
  endfacet
  facet normal 0 0 1
    outer loop
      vertex 32 78 23.5
      vertex 8 80 23.5
      vertex 8 78 23.5
    endloop
  endfacet
  facet normal 1 -0 0
    outer loop
      vertex 8 78 25.7
      vertex 8 80 23.5
      vertex 8 80 25.7
    endloop
  endfacet
  facet normal 1 0 0
    outer loop
      vertex 8 80 23.5
      vertex 8 78 25.7
      vertex 8 78 23.5
    endloop
  endfacet
  facet normal 0 0 -1
    outer loop
      vertex 0 10 30.2
      vertex 2 70 30.2
      vertex 2 10 30.2
    endloop
  endfacet
  facet normal -0 0 -1
    outer loop
      vertex 2 70 30.2
      vertex 0 10 30.2
      vertex 0 70 30.2
    endloop
  endfacet
  facet normal -0 0 1
    outer loop
      vertex 0 70 28
      vertex 2 10 28
      vertex 2 70 28
    endloop
  endfacet
  facet normal 0 0 1
    outer loop
      vertex 2 10 28
      vertex 0 70 28
      vertex 0 10 28
    endloop
  endfacet
  facet normal 0 -1 0
    outer loop
      vertex 0 70 28
      vertex 2 70 30.2
      vertex 0 70 30.2
    endloop
  endfacet
  facet normal 0 -1 -0
    outer loop
      vertex 2 70 30.2
      vertex 0 70 28
      vertex 2 70 28
    endloop
  endfacet
  facet normal 0 1 -0
    outer loop
      vertex 2 10 28
      vertex 0 10 30.2
      vertex 2 10 30.2
    endloop
  endfacet
  facet normal 0 1 0
    outer loop
      vertex 0 10 30.2
      vertex 2 10 28
      vertex 0 10 28
    endloop
  endfacet
  facet normal 0 0 -1
    outer loop
      vertex 38 10 30.2
      vertex 40 70 30.2
      vertex 40 10 30.2
    endloop
  endfacet
  facet normal -0 0 -1
    outer loop
      vertex 40 70 30.2
      vertex 38 10 30.2
      vertex 38 70 30.2
    endloop
  endfacet
  facet normal -0 0 1
    outer loop
      vertex 38 70 28
      vertex 40 10 28
      vertex 40 70 28
    endloop
  endfacet
  facet normal 0 0 1
    outer loop
      vertex 40 10 28
      vertex 38 70 28
      vertex 38 10 28
    endloop
  endfacet
  facet normal 0 -1 0
    outer loop
      vertex 38 70 28
      vertex 40 70 30.2
      vertex 38 70 30.2
    endloop
  endfacet
  facet normal 0 -1 -0
    outer loop
      vertex 40 70 30.2
      vertex 38 70 28
      vertex 40 70 28
    endloop
  endfacet
  facet normal 0 1 -0
    outer loop
      vertex 40 10 28
      vertex 38 10 30.2
      vertex 40 10 30.2
    endloop
  endfacet
  facet normal 0 1 0
    outer loop
      vertex 38 10 30.2
      vertex 40 10 28
      vertex 38 10 28
    endloop
  endfacet
  facet normal -1 0 0
    outer loop
      vertex 32 78 28
      vertex 32 80 30.2
      vertex 32 80 28
    endloop
  endfacet
  facet normal -1 -0 0
    outer loop
      vertex 32 80 30.2
      vertex 32 78 28
      vertex 32 78 30.2
    endloop
  endfacet
  facet normal 0 0 -1
    outer loop
      vertex 8 78 30.2
      vertex 32 80 30.2
      vertex 32 78 30.2
    endloop
  endfacet
  facet normal -0 0 -1
    outer loop
      vertex 32 80 30.2
      vertex 8 78 30.2
      vertex 8 80 30.2
    endloop
  endfacet
  facet normal -0 0 1
    outer loop
      vertex 8 80 28
      vertex 32 78 28
      vertex 32 80 28
    endloop
  endfacet
  facet normal 0 0 1
    outer loop
      vertex 32 78 28
      vertex 8 80 28
      vertex 8 78 28
    endloop
  endfacet
  facet normal 1 -0 0
    outer loop
      vertex 8 78 30.2
      vertex 8 80 28
      vertex 8 80 30.2
    endloop
  endfacet
  facet normal 1 0 0
    outer loop
      vertex 8 80 28
      vertex 8 78 30.2
      vertex 8 78 28
    endloop
  endfacet
  facet normal 0 0 -1
    outer loop
      vertex 0 10 34.7
      vertex 2 70 34.7
      vertex 2 10 34.7
    endloop
  endfacet
  facet normal -0 0 -1
    outer loop
      vertex 2 70 34.7
      vertex 0 10 34.7
      vertex 0 70 34.7
    endloop
  endfacet
  facet normal -0 0 1
    outer loop
      vertex 0 70 32.5
      vertex 2 10 32.5
      vertex 2 70 32.5
    endloop
  endfacet
  facet normal 0 0 1
    outer loop
      vertex 2 10 32.5
      vertex 0 70 32.5
      vertex 0 10 32.5
    endloop
  endfacet
  facet normal 0 -1 0
    outer loop
      vertex 0 70 32.5
      vertex 2 70 34.7
      vertex 0 70 34.7
    endloop
  endfacet
  facet normal 0 -1 -0
    outer loop
      vertex 2 70 34.7
      vertex 0 70 32.5
      vertex 2 70 32.5
    endloop
  endfacet
  facet normal 0 1 -0
    outer loop
      vertex 2 10 32.5
      vertex 0 10 34.7
      vertex 2 10 34.7
    endloop
  endfacet
  facet normal 0 1 0
    outer loop
      vertex 0 10 34.7
      vertex 2 10 32.5
      vertex 0 10 32.5
    endloop
  endfacet
  facet normal 0 0 -1
    outer loop
      vertex 38 10 34.7
      vertex 40 70 34.7
      vertex 40 10 34.7
    endloop
  endfacet
  facet normal -0 0 -1
    outer loop
      vertex 40 70 34.7
      vertex 38 10 34.7
      vertex 38 70 34.7
    endloop
  endfacet
  facet normal -0 0 1
    outer loop
      vertex 38 70 32.5
      vertex 40 10 32.5
      vertex 40 70 32.5
    endloop
  endfacet
  facet normal 0 0 1
    outer loop
      vertex 40 10 32.5
      vertex 38 70 32.5
      vertex 38 10 32.5
    endloop
  endfacet
  facet normal 0 -1 0
    outer loop
      vertex 38 70 32.5
      vertex 40 70 34.7
      vertex 38 70 34.7
    endloop
  endfacet
  facet normal 0 -1 -0
    outer loop
      vertex 40 70 34.7
      vertex 38 70 32.5
      vertex 40 70 32.5
    endloop
  endfacet
  facet normal 0 1 -0
    outer loop
      vertex 40 10 32.5
      vertex 38 10 34.7
      vertex 40 10 34.7
    endloop
  endfacet
  facet normal 0 1 0
    outer loop
      vertex 38 10 34.7
      vertex 40 10 32.5
      vertex 38 10 32.5
    endloop
  endfacet
  facet normal -1 0 0
    outer loop
      vertex 32 78 32.5
      vertex 32 80 34.7
      vertex 32 80 32.5
    endloop
  endfacet
  facet normal -1 -0 0
    outer loop
      vertex 32 80 34.7
      vertex 32 78 32.5
      vertex 32 78 34.7
    endloop
  endfacet
  facet normal 0 0 -1
    outer loop
      vertex 8 78 34.7
      vertex 32 80 34.7
      vertex 32 78 34.7
    endloop
  endfacet
  facet normal -0 0 -1
    outer loop
      vertex 32 80 34.7
      vertex 8 78 34.7
      vertex 8 80 34.7
    endloop
  endfacet
  facet normal -0 0 1
    outer loop
      vertex 8 80 32.5
      vertex 32 78 32.5
      vertex 32 80 32.5
    endloop
  endfacet
  facet normal 0 0 1
    outer loop
      vertex 32 78 32.5
      vertex 8 80 32.5
      vertex 8 78 32.5
    endloop
  endfacet
  facet normal 1 -0 0
    outer loop
      vertex 8 78 34.7
      vertex 8 80 32.5
      vertex 8 80 34.7
    endloop
  endfacet
  facet normal 1 0 0
    outer loop
      vertex 8 80 32.5
      vertex 8 78 34.7
      vertex 8 78 32.5
    endloop
  endfacet
  facet normal 0 0 -1
    outer loop
      vertex 0 10 39.2
      vertex 2 70 39.2
      vertex 2 10 39.2
    endloop
  endfacet
  facet normal -0 0 -1
    outer loop
      vertex 2 70 39.2
      vertex 0 10 39.2
      vertex 0 70 39.2
    endloop
  endfacet
  facet normal -0 0 1
    outer loop
      vertex 0 70 37
      vertex 2 10 37
      vertex 2 70 37
    endloop
  endfacet
  facet normal 0 0 1
    outer loop
      vertex 2 10 37
      vertex 0 70 37
      vertex 0 10 37
    endloop
  endfacet
  facet normal 0 -1 0
    outer loop
      vertex 0 70 37
      vertex 2 70 39.2
      vertex 0 70 39.2
    endloop
  endfacet
  facet normal 0 -1 -0
    outer loop
      vertex 2 70 39.2
      vertex 0 70 37
      vertex 2 70 37
    endloop
  endfacet
  facet normal 0 1 -0
    outer loop
      vertex 2 10 37
      vertex 0 10 39.2
      vertex 2 10 39.2
    endloop
  endfacet
  facet normal 0 1 0
    outer loop
      vertex 0 10 39.2
      vertex 2 10 37
      vertex 0 10 37
    endloop
  endfacet
  facet normal 0 0 -1
    outer loop
      vertex 38 10 39.2
      vertex 40 70 39.2
      vertex 40 10 39.2
    endloop
  endfacet
  facet normal -0 0 -1
    outer loop
      vertex 40 70 39.2
      vertex 38 10 39.2
      vertex 38 70 39.2
    endloop
  endfacet
  facet normal -0 0 1
    outer loop
      vertex 38 70 37
      vertex 40 10 37
      vertex 40 70 37
    endloop
  endfacet
  facet normal 0 0 1
    outer loop
      vertex 40 10 37
      vertex 38 70 37
      vertex 38 10 37
    endloop
  endfacet
  facet normal 0 -1 0
    outer loop
      vertex 38 70 37
      vertex 40 70 39.2
      vertex 38 70 39.2
    endloop
  endfacet
  facet normal 0 -1 -0
    outer loop
      vertex 40 70 39.2
      vertex 38 70 37
      vertex 40 70 37
    endloop
  endfacet
  facet normal 0 1 -0
    outer loop
      vertex 40 10 37
      vertex 38 10 39.2
      vertex 40 10 39.2
    endloop
  endfacet
  facet normal 0 1 0
    outer loop
      vertex 38 10 39.2
      vertex 40 10 37
      vertex 38 10 37
    endloop
  endfacet
  facet normal -1 0 0
    outer loop
      vertex 32 78 37
      vertex 32 80 39.2
      vertex 32 80 37
    endloop
  endfacet
  facet normal -1 -0 0
    outer loop
      vertex 32 80 39.2
      vertex 32 78 37
      vertex 32 78 39.2
    endloop
  endfacet
  facet normal 0 0 -1
    outer loop
      vertex 8 78 39.2
      vertex 32 80 39.2
      vertex 32 78 39.2
    endloop
  endfacet
  facet normal -0 0 -1
    outer loop
      vertex 32 80 39.2
      vertex 8 78 39.2
      vertex 8 80 39.2
    endloop
  endfacet
  facet normal -0 0 1
    outer loop
      vertex 8 80 37
      vertex 32 78 37
      vertex 32 80 37
    endloop
  endfacet
  facet normal 0 0 1
    outer loop
      vertex 32 78 37
      vertex 8 80 37
      vertex 8 78 37
    endloop
  endfacet
  facet normal 1 -0 0
    outer loop
      vertex 8 78 39.2
      vertex 8 80 37
      vertex 8 80 39.2
    endloop
  endfacet
  facet normal 1 0 0
    outer loop
      vertex 8 80 37
      vertex 8 78 39.2
      vertex 8 78 37
    endloop
  endfacet
  facet normal 0 0 -1
    outer loop
      vertex 0 10 43.7
      vertex 2 70 43.7
      vertex 2 10 43.7
    endloop
  endfacet
  facet normal -0 0 -1
    outer loop
      vertex 2 70 43.7
      vertex 0 10 43.7
      vertex 0 70 43.7
    endloop
  endfacet
  facet normal -0 0 1
    outer loop
      vertex 0 70 41.5
      vertex 2 10 41.5
      vertex 2 70 41.5
    endloop
  endfacet
  facet normal 0 0 1
    outer loop
      vertex 2 10 41.5
      vertex 0 70 41.5
      vertex 0 10 41.5
    endloop
  endfacet
  facet normal 0 -1 0
    outer loop
      vertex 0 70 41.5
      vertex 2 70 43.7
      vertex 0 70 43.7
    endloop
  endfacet
  facet normal 0 -1 -0
    outer loop
      vertex 2 70 43.7
      vertex 0 70 41.5
      vertex 2 70 41.5
    endloop
  endfacet
  facet normal 0 1 -0
    outer loop
      vertex 2 10 41.5
      vertex 0 10 43.7
      vertex 2 10 43.7
    endloop
  endfacet
  facet normal 0 1 0
    outer loop
      vertex 0 10 43.7
      vertex 2 10 41.5
      vertex 0 10 41.5
    endloop
  endfacet
  facet normal 0 0 -1
    outer loop
      vertex 38 10 43.7
      vertex 40 70 43.7
      vertex 40 10 43.7
    endloop
  endfacet
  facet normal -0 0 -1
    outer loop
      vertex 40 70 43.7
      vertex 38 10 43.7
      vertex 38 70 43.7
    endloop
  endfacet
  facet normal -0 0 1
    outer loop
      vertex 38 70 41.5
      vertex 40 10 41.5
      vertex 40 70 41.5
    endloop
  endfacet
  facet normal 0 0 1
    outer loop
      vertex 40 10 41.5
      vertex 38 70 41.5
      vertex 38 10 41.5
    endloop
  endfacet
  facet normal 0 -1 0
    outer loop
      vertex 38 70 41.5
      vertex 40 70 43.7
      vertex 38 70 43.7
    endloop
  endfacet
  facet normal 0 -1 -0
    outer loop
      vertex 40 70 43.7
      vertex 38 70 41.5
      vertex 40 70 41.5
    endloop
  endfacet
  facet normal 0 1 -0
    outer loop
      vertex 40 10 41.5
      vertex 38 10 43.7
      vertex 40 10 43.7
    endloop
  endfacet
  facet normal 0 1 0
    outer loop
      vertex 38 10 43.7
      vertex 40 10 41.5
      vertex 38 10 41.5
    endloop
  endfacet
  facet normal -1 0 0
    outer loop
      vertex 32 78 41.5
      vertex 32 80 43.7
      vertex 32 80 41.5
    endloop
  endfacet
  facet normal -1 -0 0
    outer loop
      vertex 32 80 43.7
      vertex 32 78 41.5
      vertex 32 78 43.7
    endloop
  endfacet
  facet normal 0 0 -1
    outer loop
      vertex 8 78 43.7
      vertex 32 80 43.7
      vertex 32 78 43.7
    endloop
  endfacet
  facet normal -0 0 -1
    outer loop
      vertex 32 80 43.7
      vertex 8 78 43.7
      vertex 8 80 43.7
    endloop
  endfacet
  facet normal -0 0 1
    outer loop
      vertex 8 80 41.5
      vertex 32 78 41.5
      vertex 32 80 41.5
    endloop
  endfacet
  facet normal 0 0 1
    outer loop
      vertex 32 78 41.5
      vertex 8 80 41.5
      vertex 8 78 41.5
    endloop
  endfacet
  facet normal 1 -0 0
    outer loop
      vertex 8 78 43.7
      vertex 8 80 41.5
      vertex 8 80 43.7
    endloop
  endfacet
  facet normal 1 0 0
    outer loop
      vertex 8 80 41.5
      vertex 8 78 43.7
      vertex 8 78 41.5
    endloop
  endfacet
  facet normal 0 0 -1
    outer loop
      vertex 0 10 48.2
      vertex 2 70 48.2
      vertex 2 10 48.2
    endloop
  endfacet
  facet normal -0 0 -1
    outer loop
      vertex 2 70 48.2
      vertex 0 10 48.2
      vertex 0 70 48.2
    endloop
  endfacet
  facet normal -0 0 1
    outer loop
      vertex 0 70 46
      vertex 2 10 46
      vertex 2 70 46
    endloop
  endfacet
  facet normal 0 0 1
    outer loop
      vertex 2 10 46
      vertex 0 70 46
      vertex 0 10 46
    endloop
  endfacet
  facet normal 0 -1 0
    outer loop
      vertex 0 70 46
      vertex 2 70 48.2
      vertex 0 70 48.2
    endloop
  endfacet
  facet normal 0 -1 -0
    outer loop
      vertex 2 70 48.2
      vertex 0 70 46
      vertex 2 70 46
    endloop
  endfacet
  facet normal 0 1 -0
    outer loop
      vertex 2 10 46
      vertex 0 10 48.2
      vertex 2 10 48.2
    endloop
  endfacet
  facet normal 0 1 0
    outer loop
      vertex 0 10 48.2
      vertex 2 10 46
      vertex 0 10 46
    endloop
  endfacet
  facet normal 0 0 -1
    outer loop
      vertex 38 10 48.2
      vertex 40 70 48.2
      vertex 40 10 48.2
    endloop
  endfacet
  facet normal -0 0 -1
    outer loop
      vertex 40 70 48.2
      vertex 38 10 48.2
      vertex 38 70 48.2
    endloop
  endfacet
  facet normal -0 0 1
    outer loop
      vertex 38 70 46
      vertex 40 10 46
      vertex 40 70 46
    endloop
  endfacet
  facet normal 0 0 1
    outer loop
      vertex 40 10 46
      vertex 38 70 46
      vertex 38 10 46
    endloop
  endfacet
  facet normal 0 -1 0
    outer loop
      vertex 38 70 46
      vertex 40 70 48.2
      vertex 38 70 48.2
    endloop
  endfacet
  facet normal 0 -1 -0
    outer loop
      vertex 40 70 48.2
      vertex 38 70 46
      vertex 40 70 46
    endloop
  endfacet
  facet normal 0 1 -0
    outer loop
      vertex 40 10 46
      vertex 38 10 48.2
      vertex 40 10 48.2
    endloop
  endfacet
  facet normal 0 1 0
    outer loop
      vertex 38 10 48.2
      vertex 40 10 46
      vertex 38 10 46
    endloop
  endfacet
  facet normal -1 0 0
    outer loop
      vertex 32 78 46
      vertex 32 80 48.2
      vertex 32 80 46
    endloop
  endfacet
  facet normal -1 -0 0
    outer loop
      vertex 32 80 48.2
      vertex 32 78 46
      vertex 32 78 48.2
    endloop
  endfacet
  facet normal 0 0 -1
    outer loop
      vertex 8 78 48.2
      vertex 32 80 48.2
      vertex 32 78 48.2
    endloop
  endfacet
  facet normal -0 0 -1
    outer loop
      vertex 32 80 48.2
      vertex 8 78 48.2
      vertex 8 80 48.2
    endloop
  endfacet
  facet normal -0 0 1
    outer loop
      vertex 8 80 46
      vertex 32 78 46
      vertex 32 80 46
    endloop
  endfacet
  facet normal 0 0 1
    outer loop
      vertex 32 78 46
      vertex 8 80 46
      vertex 8 78 46
    endloop
  endfacet
  facet normal 1 -0 0
    outer loop
      vertex 8 78 48.2
      vertex 8 80 46
      vertex 8 80 48.2
    endloop
  endfacet
  facet normal 1 0 0
    outer loop
      vertex 8 80 46
      vertex 8 78 48.2
      vertex 8 78 46
    endloop
  endfacet
  facet normal 0 0 -1
    outer loop
      vertex 0 10 52.7
      vertex 2 70 52.7
      vertex 2 10 52.7
    endloop
  endfacet
  facet normal -0 0 -1
    outer loop
      vertex 2 70 52.7
      vertex 0 10 52.7
      vertex 0 70 52.7
    endloop
  endfacet
  facet normal -0 0 1
    outer loop
      vertex 0 70 50.5
      vertex 2 10 50.5
      vertex 2 70 50.5
    endloop
  endfacet
  facet normal 0 0 1
    outer loop
      vertex 2 10 50.5
      vertex 0 70 50.5
      vertex 0 10 50.5
    endloop
  endfacet
  facet normal 0 -1 0
    outer loop
      vertex 0 70 50.5
      vertex 2 70 52.7
      vertex 0 70 52.7
    endloop
  endfacet
  facet normal 0 -1 -0
    outer loop
      vertex 2 70 52.7
      vertex 0 70 50.5
      vertex 2 70 50.5
    endloop
  endfacet
  facet normal 0 1 -0
    outer loop
      vertex 2 10 50.5
      vertex 0 10 52.7
      vertex 2 10 52.7
    endloop
  endfacet
  facet normal 0 1 0
    outer loop
      vertex 0 10 52.7
      vertex 2 10 50.5
      vertex 0 10 50.5
    endloop
  endfacet
  facet normal 0 0 -1
    outer loop
      vertex 38 10 52.7
      vertex 40 70 52.7
      vertex 40 10 52.7
    endloop
  endfacet
  facet normal -0 0 -1
    outer loop
      vertex 40 70 52.7
      vertex 38 10 52.7
      vertex 38 70 52.7
    endloop
  endfacet
  facet normal -0 0 1
    outer loop
      vertex 38 70 50.5
      vertex 40 10 50.5
      vertex 40 70 50.5
    endloop
  endfacet
  facet normal 0 0 1
    outer loop
      vertex 40 10 50.5
      vertex 38 70 50.5
      vertex 38 10 50.5
    endloop
  endfacet
  facet normal 0 -1 0
    outer loop
      vertex 38 70 50.5
      vertex 40 70 52.7
      vertex 38 70 52.7
    endloop
  endfacet
  facet normal 0 -1 -0
    outer loop
      vertex 40 70 52.7
      vertex 38 70 50.5
      vertex 40 70 50.5
    endloop
  endfacet
  facet normal 0 1 -0
    outer loop
      vertex 40 10 50.5
      vertex 38 10 52.7
      vertex 40 10 52.7
    endloop
  endfacet
  facet normal 0 1 0
    outer loop
      vertex 38 10 52.7
      vertex 40 10 50.5
      vertex 38 10 50.5
    endloop
  endfacet
  facet normal -1 0 0
    outer loop
      vertex 32 78 50.5
      vertex 32 80 52.7
      vertex 32 80 50.5
    endloop
  endfacet
  facet normal -1 -0 0
    outer loop
      vertex 32 80 52.7
      vertex 32 78 50.5
      vertex 32 78 52.7
    endloop
  endfacet
  facet normal 0 0 -1
    outer loop
      vertex 8 78 52.7
      vertex 32 80 52.7
      vertex 32 78 52.7
    endloop
  endfacet
  facet normal -0 0 -1
    outer loop
      vertex 32 80 52.7
      vertex 8 78 52.7
      vertex 8 80 52.7
    endloop
  endfacet
  facet normal -0 0 1
    outer loop
      vertex 8 80 50.5
      vertex 32 78 50.5
      vertex 32 80 50.5
    endloop
  endfacet
  facet normal 0 0 1
    outer loop
      vertex 32 78 50.5
      vertex 8 80 50.5
      vertex 8 78 50.5
    endloop
  endfacet
  facet normal 1 -0 0
    outer loop
      vertex 8 78 52.7
      vertex 8 80 50.5
      vertex 8 80 52.7
    endloop
  endfacet
  facet normal 1 0 0
    outer loop
      vertex 8 80 50.5
      vertex 8 78 52.7
      vertex 8 78 50.5
    endloop
  endfacet
  facet normal -1 0 0
    outer loop
      vertex 23.5 0 6
      vertex 23.5 2 11
      vertex 23.5 2 6
    endloop
  endfacet
  facet normal -1 -0 0
    outer loop
      vertex 23.5 2 11
      vertex 23.5 0 6
      vertex 23.5 0 11
    endloop
  endfacet
  facet normal 0 0 -1
    outer loop
      vertex 16.5 0 11
      vertex 23.5 2 11
      vertex 23.5 0 11
    endloop
  endfacet
  facet normal -0 0 -1
    outer loop
      vertex 23.5 2 11
      vertex 16.5 0 11
      vertex 16.5 2 11
    endloop
  endfacet
  facet normal -0 0 1
    outer loop
      vertex 16.5 2 6
      vertex 23.5 0 6
      vertex 23.5 2 6
    endloop
  endfacet
  facet normal 0 0 1
    outer loop
      vertex 23.5 0 6
      vertex 16.5 2 6
      vertex 16.5 0 6
    endloop
  endfacet
  facet normal 1 -0 0
    outer loop
      vertex 16.5 0 11
      vertex 16.5 2 6
      vertex 16.5 2 11
    endloop
  endfacet
  facet normal 1 0 0
    outer loop
      vertex 16.5 2 6
      vertex 16.5 0 11
      vertex 16.5 0 6
    endloop
  endfacet
endsolid OpenSCAD_Model
