solid OpenSCAD_Model
  facet normal -0.649447 -0.760407 0
    outer loop
      vertex 1.31802 1.31802 0
      vertex 1.85497 0.859423 80
      vertex 1.31802 1.31802 80
    endloop
  endfacet
  facet normal -0.649447 -0.760407 -0
    outer loop
      vertex 1.85497 0.859423 80
      vertex 1.31802 1.31802 0
      vertex 1.85497 0.859423 0
    endloop
  endfacet
  facet normal 0.233266 0.972413 -0
    outer loop
      vertex 106.891 79.7798 0
      vertex 106.204 79.9446 80
      vertex 106.891 79.7798 80
    endloop
  endfacet
  facet normal 0.233266 0.972413 0
    outer loop
      vertex 106.204 79.9446 80
      vertex 106.891 79.7798 0
      vertex 106.204 79.9446 0
    endloop
  endfacet
  facet normal -0.382775 0.923842 0
    outer loop
      vertex 3.10942 79.7798 0
      vertex 2.45704 79.5095 80
      vertex 3.10942 79.7798 80
    endloop
  endfacet
  facet normal -0.382775 0.923842 0
    outer loop
      vertex 2.45704 79.5095 80
      vertex 3.10942 79.7798 0
      vertex 2.45704 79.5095 0
    endloop
  endfacet
  facet normal -0.852638 -0.522503 0
    outer loop
      vertex 0.859423 1.85497 0
      vertex 0.49047 2.45704 80
      vertex 0.49047 2.45704 0
    endloop
  endfacet
  facet normal -0.852638 -0.522503 0
    outer loop
      vertex 0.49047 2.45704 80
      vertex 0.859423 1.85497 0
      vertex 0.859423 1.85497 80
    endloop
  endfacet
  facet normal 0.233324 -0.972399 0
    outer loop
      vertex 106.204 0.0554018 0
      vertex 106.891 0.220245 80
      vertex 106.204 0.0554018 80
    endloop
  endfacet
  facet normal 0.233324 -0.972399 0
    outer loop
      vertex 106.891 0.220245 80
      vertex 106.204 0.0554018 0
      vertex 106.891 0.220245 0
    endloop
  endfacet
  facet normal -0.852611 0.522547 0
    outer loop
      vertex 0.49047 77.543 0
      vertex 0.859423 78.145 80
      vertex 0.859423 78.145 0
    endloop
  endfacet
  facet normal -0.852611 0.522547 0
    outer loop
      vertex 0.859423 78.145 80
      vertex 0.49047 77.543 0
      vertex 0.49047 77.543 80
    endloop
  endfacet
  facet normal 0.996962 -0.0778921 0
    outer loop
      vertex 109.945 3.79604 80
      vertex 110 4.5 0
      vertex 110 4.5 80
    endloop
  endfacet
  facet normal 0.996962 -0.0778921 0
    outer loop
      vertex 110 4.5 0
      vertex 109.945 3.79604 80
      vertex 109.945 3.79604 0
    endloop
  endfacet
  facet normal -1 0 0
    outer loop
      vertex 0 64.4 44.4
      vertex 0 75.5 0
      vertex 0 64.4 26.4
    endloop
  endfacet
  facet normal -1 0 0
    outer loop
      vertex 0 75.5 0
      vertex 0 30.4 6.9
      vertex 0 64.4 26.4
    endloop
  endfacet
  facet normal -1 0 0
    outer loop
      vertex 0 4.5 0
      vertex 0 30.4 6.9
      vertex 0 75.5 0
    endloop
  endfacet
  facet normal -1 -0 0
    outer loop
      vertex 0 15.9 6.9
      vertex 0 4.5 0
      vertex 0 15.9 15.9
    endloop
  endfacet
  facet normal -1 -0 0
    outer loop
      vertex 0 30.4 6.9
      vertex 0 4.5 0
      vertex 0 15.9 6.9
    endloop
  endfacet
  facet normal -1 0 0
    outer loop
      vertex 0 75.5 0
      vertex 0 64.4 44.4
      vertex 0 75.5 80
    endloop
  endfacet
  facet normal -1 0 0
    outer loop
      vertex 0 18.4 44.4
      vertex 0 75.5 80
      vertex 0 64.4 44.4
    endloop
  endfacet
  facet normal -1 -0 0
    outer loop
      vertex 0 18.4 26.4
      vertex 0 4.5 0
      vertex 0 18.4 44.4
    endloop
  endfacet
  facet normal -1 0 0
    outer loop
      vertex 0 18.4 44.4
      vertex 0 4.5 80
      vertex 0 75.5 80
    endloop
  endfacet
  facet normal -1 0 0
    outer loop
      vertex 0 4.5 80
      vertex 0 18.4 44.4
      vertex 0 4.5 0
    endloop
  endfacet
  facet normal -1 0 0
    outer loop
      vertex 0 30.4 15.9
      vertex 0 64.4 26.4
      vertex 0 30.4 6.9
    endloop
  endfacet
  facet normal -1 0 0
    outer loop
      vertex 0 30.4 15.9
      vertex 0 18.4 26.4
      vertex 0 64.4 26.4
    endloop
  endfacet
  facet normal -1 0 0
    outer loop
      vertex 0 4.5 0
      vertex 0 18.4 26.4
      vertex 0 15.9 15.9
    endloop
  endfacet
  facet normal -1 0 0
    outer loop
      vertex 0 15.9 15.9
      vertex 0 18.4 26.4
      vertex 0 30.4 15.9
    endloop
  endfacet
  facet normal 0 -1 0
    outer loop
      vertex 80.25 0 12.4
      vertex 83.75 0 32.4
      vertex 80.25 0 32.4
    endloop
  endfacet
  facet normal 0 -1 -0
    outer loop
      vertex 83.75 0 32.4
      vertex 80.25 0 12.4
      vertex 83.75 0 12.4
    endloop
  endfacet
  facet normal 0 -1 0
    outer loop
      vertex 74.25 0 12.4
      vertex 77.75 0 32.4
      vertex 74.25 0 32.4
    endloop
  endfacet
  facet normal 0 -1 -0
    outer loop
      vertex 77.75 0 32.4
      vertex 74.25 0 12.4
      vertex 77.75 0 12.4
    endloop
  endfacet
  facet normal 0 -1 0
    outer loop
      vertex 68.25 0 12.4
      vertex 71.75 0 32.4
      vertex 68.25 0 32.4
    endloop
  endfacet
  facet normal 0 -1 -0
    outer loop
      vertex 71.75 0 32.4
      vertex 68.25 0 12.4
      vertex 71.75 0 12.4
    endloop
  endfacet
  facet normal 0 -1 0
    outer loop
      vertex 62.25 0 12.4
      vertex 65.75 0 32.4
      vertex 62.25 0 32.4
    endloop
  endfacet
  facet normal 0 -1 -0
    outer loop
      vertex 65.75 0 32.4
      vertex 62.25 0 12.4
      vertex 65.75 0 12.4
    endloop
  endfacet
  facet normal 0 -1 0
    outer loop
      vertex 56.25 0 12.4
      vertex 59.75 0 32.4
      vertex 56.25 0 32.4
    endloop
  endfacet
  facet normal 0 -1 -0
    outer loop
      vertex 59.75 0 32.4
      vertex 56.25 0 12.4
      vertex 59.75 0 12.4
    endloop
  endfacet
  facet normal 0 -1 0
    outer loop
      vertex 50.25 0 12.4
      vertex 53.75 0 32.4
      vertex 50.25 0 32.4
    endloop
  endfacet
  facet normal 0 -1 -0
    outer loop
      vertex 53.75 0 32.4
      vertex 50.25 0 12.4
      vertex 53.75 0 12.4
    endloop
  endfacet
  facet normal 0 -1 0
    outer loop
      vertex 44.25 0 12.4
      vertex 47.75 0 32.4
      vertex 44.25 0 32.4
    endloop
  endfacet
  facet normal 0 -1 -0
    outer loop
      vertex 47.75 0 32.4
      vertex 44.25 0 12.4
      vertex 47.75 0 12.4
    endloop
  endfacet
  facet normal 0 -1 0
    outer loop
      vertex 38.25 0 12.4
      vertex 41.75 0 32.4
      vertex 38.25 0 32.4
    endloop
  endfacet
  facet normal 0 -1 -0
    outer loop
      vertex 41.75 0 32.4
      vertex 38.25 0 12.4
      vertex 41.75 0 12.4
    endloop
  endfacet
  facet normal 0 -1 0
    outer loop
      vertex 32.25 0 12.4
      vertex 35.75 0 32.4
      vertex 32.25 0 32.4
    endloop
  endfacet
  facet normal 0 -1 -0
    outer loop
      vertex 35.75 0 32.4
      vertex 32.25 0 12.4
      vertex 35.75 0 12.4
    endloop
  endfacet
  facet normal 0 -1 0
    outer loop
      vertex 26.25 0 12.4
      vertex 29.75 0 32.4
      vertex 26.25 0 32.4
    endloop
  endfacet
  facet normal 0 -1 -0
    outer loop
      vertex 29.75 0 32.4
      vertex 26.25 0 12.4
      vertex 29.75 0 12.4
    endloop
  endfacet
  facet normal 0 -1 0
    outer loop
      vertex 80.25 0 47.4
      vertex 83.75 0 67.4
      vertex 80.25 0 67.4
    endloop
  endfacet
  facet normal 0 -1 -0
    outer loop
      vertex 83.75 0 67.4
      vertex 80.25 0 47.4
      vertex 83.75 0 47.4
    endloop
  endfacet
  facet normal 0 -1 0
    outer loop
      vertex 74.25 0 47.4
      vertex 77.75 0 67.4
      vertex 74.25 0 67.4
    endloop
  endfacet
  facet normal 0 -1 -0
    outer loop
      vertex 77.75 0 67.4
      vertex 74.25 0 47.4
      vertex 77.75 0 47.4
    endloop
  endfacet
  facet normal 0 -1 0
    outer loop
      vertex 68.25 0 47.4
      vertex 71.75 0 67.4
      vertex 68.25 0 67.4
    endloop
  endfacet
  facet normal 0 -1 -0
    outer loop
      vertex 71.75 0 67.4
      vertex 68.25 0 47.4
      vertex 71.75 0 47.4
    endloop
  endfacet
  facet normal 0 -1 0
    outer loop
      vertex 62.25 0 47.4
      vertex 65.75 0 67.4
      vertex 62.25 0 67.4
    endloop
  endfacet
  facet normal 0 -1 -0
    outer loop
      vertex 65.75 0 67.4
      vertex 62.25 0 47.4
      vertex 65.75 0 47.4
    endloop
  endfacet
  facet normal 0 -1 0
    outer loop
      vertex 56.25 0 47.4
      vertex 59.75 0 67.4
      vertex 56.25 0 67.4
    endloop
  endfacet
  facet normal 0 -1 -0
    outer loop
      vertex 59.75 0 67.4
      vertex 56.25 0 47.4
      vertex 59.75 0 47.4
    endloop
  endfacet
  facet normal 0 -1 0
    outer loop
      vertex 50.25 0 47.4
      vertex 53.75 0 67.4
      vertex 50.25 0 67.4
    endloop
  endfacet
  facet normal 0 -1 -0
    outer loop
      vertex 53.75 0 67.4
      vertex 50.25 0 47.4
      vertex 53.75 0 47.4
    endloop
  endfacet
  facet normal 0 -1 0
    outer loop
      vertex 44.25 0 47.4
      vertex 47.75 0 67.4
      vertex 44.25 0 67.4
    endloop
  endfacet
  facet normal 0 -1 -0
    outer loop
      vertex 47.75 0 67.4
      vertex 44.25 0 47.4
      vertex 47.75 0 47.4
    endloop
  endfacet
  facet normal 0 -1 0
    outer loop
      vertex 38.25 0 47.4
      vertex 41.75 0 67.4
      vertex 38.25 0 67.4
    endloop
  endfacet
  facet normal 0 -1 -0
    outer loop
      vertex 41.75 0 67.4
      vertex 38.25 0 47.4
      vertex 41.75 0 47.4
    endloop
  endfacet
  facet normal 0 -1 0
    outer loop
      vertex 32.25 0 47.4
      vertex 35.75 0 67.4
      vertex 32.25 0 67.4
    endloop
  endfacet
  facet normal 0 -1 -0
    outer loop
      vertex 35.75 0 67.4
      vertex 32.25 0 47.4
      vertex 35.75 0 47.4
    endloop
  endfacet
  facet normal 0 -1 0
    outer loop
      vertex 26.25 0 47.4
      vertex 29.75 0 67.4
      vertex 26.25 0 67.4
    endloop
  endfacet
  facet normal 0 -1 -0
    outer loop
      vertex 29.75 0 67.4
      vertex 26.25 0 47.4
      vertex 29.75 0 47.4
    endloop
  endfacet
  facet normal 0 -1 0
    outer loop
      vertex 26.25 0 67.4
      vertex 4.5 0 80
      vertex 23.75 0 67.4
    endloop
  endfacet
  facet normal 0 -1 0
    outer loop
      vertex 4.5 0 80
      vertex 23.75 0 47.4
      vertex 23.75 0 67.4
    endloop
  endfacet
  facet normal 0 -1 0
    outer loop
      vertex 26.25 0 32.4
      vertex 26.25 0 47.4
      vertex 23.75 0 47.4
    endloop
  endfacet
  facet normal 0 -1 0
    outer loop
      vertex 26.25 0 47.4
      vertex 26.25 0 32.4
      vertex 29.75 0 47.4
    endloop
  endfacet
  facet normal 0 -1 0
    outer loop
      vertex 29.75 0 47.4
      vertex 29.75 0 32.4
      vertex 32.25 0 47.4
    endloop
  endfacet
  facet normal 0 -1 0
    outer loop
      vertex 32.25 0 32.4
      vertex 32.25 0 47.4
      vertex 29.75 0 32.4
    endloop
  endfacet
  facet normal 0 -1 0
    outer loop
      vertex 35.75 0 32.4
      vertex 35.75 0 47.4
      vertex 32.25 0 32.4
    endloop
  endfacet
  facet normal 0 -1 0
    outer loop
      vertex 35.75 0 47.4
      vertex 35.75 0 32.4
      vertex 38.25 0 47.4
    endloop
  endfacet
  facet normal 0 -1 0
    outer loop
      vertex 38.25 0 47.4
      vertex 38.25 0 32.4
      vertex 41.75 0 47.4
    endloop
  endfacet
  facet normal 0 -1 0
    outer loop
      vertex 41.75 0 32.4
      vertex 41.75 0 47.4
      vertex 38.25 0 32.4
    endloop
  endfacet
  facet normal 0 -1 0
    outer loop
      vertex 44.25 0 32.4
      vertex 44.25 0 47.4
      vertex 41.75 0 32.4
    endloop
  endfacet
  facet normal 0 -1 0
    outer loop
      vertex 44.25 0 47.4
      vertex 44.25 0 32.4
      vertex 47.75 0 47.4
    endloop
  endfacet
  facet normal 0 -1 0
    outer loop
      vertex 47.75 0 47.4
      vertex 47.75 0 32.4
      vertex 50.25 0 47.4
    endloop
  endfacet
  facet normal 0 -1 0
    outer loop
      vertex 50.25 0 32.4
      vertex 50.25 0 47.4
      vertex 47.75 0 32.4
    endloop
  endfacet
  facet normal 0 -1 0
    outer loop
      vertex 53.75 0 32.4
      vertex 53.75 0 47.4
      vertex 50.25 0 32.4
    endloop
  endfacet
  facet normal 0 -1 0
    outer loop
      vertex 53.75 0 47.4
      vertex 53.75 0 32.4
      vertex 56.25 0 47.4
    endloop
  endfacet
  facet normal 0 -1 0
    outer loop
      vertex 56.25 0 47.4
      vertex 56.25 0 32.4
      vertex 59.75 0 47.4
    endloop
  endfacet
  facet normal 0 -1 0
    outer loop
      vertex 59.75 0 32.4
      vertex 59.75 0 47.4
      vertex 56.25 0 32.4
    endloop
  endfacet
  facet normal 0 -1 0
    outer loop
      vertex 62.25 0 32.4
      vertex 62.25 0 47.4
      vertex 59.75 0 32.4
    endloop
  endfacet
  facet normal 0 -1 0
    outer loop
      vertex 62.25 0 47.4
      vertex 62.25 0 32.4
      vertex 65.75 0 47.4
    endloop
  endfacet
  facet normal 0 -1 0
    outer loop
      vertex 65.75 0 47.4
      vertex 65.75 0 32.4
      vertex 68.25 0 47.4
    endloop
  endfacet
  facet normal 0 -1 0
    outer loop
      vertex 68.25 0 32.4
      vertex 68.25 0 47.4
      vertex 65.75 0 32.4
    endloop
  endfacet
  facet normal 0 -1 0
    outer loop
      vertex 26.25 0 32.4
      vertex 23.75 0 47.4
      vertex 23.75 0 32.4
    endloop
  endfacet
  facet normal 0 -1 0
    outer loop
      vertex 4.5 0 80
      vertex 23.75 0 32.4
      vertex 23.75 0 47.4
    endloop
  endfacet
  facet normal 0 -1 0
    outer loop
      vertex 4.5 0 0
      vertex 23.75 0 32.4
      vertex 4.5 0 80
    endloop
  endfacet
  facet normal 0 -1 0
    outer loop
      vertex 4.5 0 0
      vertex 26.25 0 12.4
      vertex 23.75 0 12.4
    endloop
  endfacet
  facet normal 0 -1 -0
    outer loop
      vertex 26.25 0 12.4
      vertex 4.5 0 0
      vertex 29.75 0 12.4
    endloop
  endfacet
  facet normal 0 -1 -0
    outer loop
      vertex 29.75 0 12.4
      vertex 4.5 0 0
      vertex 32.25 0 12.4
    endloop
  endfacet
  facet normal 0 -1 -0
    outer loop
      vertex 32.25 0 12.4
      vertex 4.5 0 0
      vertex 35.75 0 12.4
    endloop
  endfacet
  facet normal 0 -1 -0
    outer loop
      vertex 35.75 0 12.4
      vertex 4.5 0 0
      vertex 38.25 0 12.4
    endloop
  endfacet
  facet normal 0 -1 -0
    outer loop
      vertex 38.25 0 12.4
      vertex 4.5 0 0
      vertex 41.75 0 12.4
    endloop
  endfacet
  facet normal 0 -1 -0
    outer loop
      vertex 41.75 0 12.4
      vertex 4.5 0 0
      vertex 44.25 0 12.4
    endloop
  endfacet
  facet normal 0 -1 -0
    outer loop
      vertex 44.25 0 12.4
      vertex 4.5 0 0
      vertex 47.75 0 12.4
    endloop
  endfacet
  facet normal 0 -1 -0
    outer loop
      vertex 47.75 0 12.4
      vertex 4.5 0 0
      vertex 50.25 0 12.4
    endloop
  endfacet
  facet normal 0 -1 -0
    outer loop
      vertex 50.25 0 12.4
      vertex 4.5 0 0
      vertex 53.75 0 12.4
    endloop
  endfacet
  facet normal 0 -1 -0
    outer loop
      vertex 53.75 0 12.4
      vertex 4.5 0 0
      vertex 56.25 0 12.4
    endloop
  endfacet
  facet normal 0 -1 0
    outer loop
      vertex 105.5 0 0
      vertex 56.25 0 12.4
      vertex 4.5 0 0
    endloop
  endfacet
  facet normal 0 -1 0
    outer loop
      vertex 56.25 0 12.4
      vertex 105.5 0 0
      vertex 59.75 0 12.4
    endloop
  endfacet
  facet normal 0 -1 0
    outer loop
      vertex 59.75 0 12.4
      vertex 105.5 0 0
      vertex 62.25 0 12.4
    endloop
  endfacet
  facet normal 0 -1 0
    outer loop
      vertex 62.25 0 12.4
      vertex 105.5 0 0
      vertex 65.75 0 12.4
    endloop
  endfacet
  facet normal 0 -1 0
    outer loop
      vertex 65.75 0 12.4
      vertex 105.5 0 0
      vertex 68.25 0 12.4
    endloop
  endfacet
  facet normal 0 -1 0
    outer loop
      vertex 68.25 0 12.4
      vertex 105.5 0 0
      vertex 71.75 0 12.4
    endloop
  endfacet
  facet normal 0 -1 0
    outer loop
      vertex 71.75 0 12.4
      vertex 105.5 0 0
      vertex 74.25 0 12.4
    endloop
  endfacet
  facet normal 0 -1 0
    outer loop
      vertex 74.25 0 12.4
      vertex 105.5 0 0
      vertex 77.75 0 12.4
    endloop
  endfacet
  facet normal 0 -1 0
    outer loop
      vertex 77.75 0 12.4
      vertex 105.5 0 0
      vertex 80.25 0 12.4
    endloop
  endfacet
  facet normal 0 -1 0
    outer loop
      vertex 80.25 0 12.4
      vertex 105.5 0 0
      vertex 83.75 0 12.4
    endloop
  endfacet
  facet normal 0 -1 -0
    outer loop
      vertex 23.75 0 32.4
      vertex 4.5 0 0
      vertex 23.75 0 12.4
    endloop
  endfacet
  facet normal 0 -1 0
    outer loop
      vertex 29.75 0 67.4
      vertex 4.5 0 80
      vertex 26.25 0 67.4
    endloop
  endfacet
  facet normal 0 -1 0
    outer loop
      vertex 32.25 0 67.4
      vertex 4.5 0 80
      vertex 29.75 0 67.4
    endloop
  endfacet
  facet normal 0 -1 0
    outer loop
      vertex 35.75 0 67.4
      vertex 4.5 0 80
      vertex 32.25 0 67.4
    endloop
  endfacet
  facet normal 0 -1 0
    outer loop
      vertex 38.25 0 67.4
      vertex 4.5 0 80
      vertex 35.75 0 67.4
    endloop
  endfacet
  facet normal 0 -1 0
    outer loop
      vertex 41.75 0 67.4
      vertex 4.5 0 80
      vertex 38.25 0 67.4
    endloop
  endfacet
  facet normal 0 -1 0
    outer loop
      vertex 44.25 0 67.4
      vertex 4.5 0 80
      vertex 41.75 0 67.4
    endloop
  endfacet
  facet normal 0 -1 0
    outer loop
      vertex 47.75 0 67.4
      vertex 4.5 0 80
      vertex 44.25 0 67.4
    endloop
  endfacet
  facet normal 0 -1 0
    outer loop
      vertex 50.25 0 67.4
      vertex 4.5 0 80
      vertex 47.75 0 67.4
    endloop
  endfacet
  facet normal 0 -1 0
    outer loop
      vertex 53.75 0 67.4
      vertex 4.5 0 80
      vertex 50.25 0 67.4
    endloop
  endfacet
  facet normal 0 -1 0
    outer loop
      vertex 4.5 0 80
      vertex 53.75 0 67.4
      vertex 105.5 0 80
    endloop
  endfacet
  facet normal 0 -1 0
    outer loop
      vertex 56.25 0 67.4
      vertex 105.5 0 80
      vertex 53.75 0 67.4
    endloop
  endfacet
  facet normal 0 -1 0
    outer loop
      vertex 59.75 0 67.4
      vertex 105.5 0 80
      vertex 56.25 0 67.4
    endloop
  endfacet
  facet normal 0 -1 0
    outer loop
      vertex 62.25 0 67.4
      vertex 105.5 0 80
      vertex 59.75 0 67.4
    endloop
  endfacet
  facet normal 0 -1 0
    outer loop
      vertex 65.75 0 67.4
      vertex 105.5 0 80
      vertex 62.25 0 67.4
    endloop
  endfacet
  facet normal 0 -1 0
    outer loop
      vertex 68.25 0 67.4
      vertex 105.5 0 80
      vertex 65.75 0 67.4
    endloop
  endfacet
  facet normal 0 -1 0
    outer loop
      vertex 71.75 0 67.4
      vertex 105.5 0 80
      vertex 68.25 0 67.4
    endloop
  endfacet
  facet normal 0 -1 0
    outer loop
      vertex 74.25 0 67.4
      vertex 105.5 0 80
      vertex 71.75 0 67.4
    endloop
  endfacet
  facet normal 0 -1 0
    outer loop
      vertex 77.75 0 67.4
      vertex 105.5 0 80
      vertex 74.25 0 67.4
    endloop
  endfacet
  facet normal 0 -1 0
    outer loop
      vertex 80.25 0 67.4
      vertex 105.5 0 80
      vertex 77.75 0 67.4
    endloop
  endfacet
  facet normal 0 -1 0
    outer loop
      vertex 83.75 0 67.4
      vertex 105.5 0 80
      vertex 80.25 0 67.4
    endloop
  endfacet
  facet normal 0 -1 0
    outer loop
      vertex 86.25 0 67.4
      vertex 105.5 0 80
      vertex 83.75 0 67.4
    endloop
  endfacet
  facet normal 0 -1 0
    outer loop
      vertex 86.25 0 47.4
      vertex 105.5 0 80
      vertex 86.25 0 67.4
    endloop
  endfacet
  facet normal 0 -1 -0
    outer loop
      vertex 29.75 0 47.4
      vertex 26.25 0 32.4
      vertex 29.75 0 32.4
    endloop
  endfacet
  facet normal 0 -1 0
    outer loop
      vertex 32.25 0 47.4
      vertex 32.25 0 32.4
      vertex 35.75 0 47.4
    endloop
  endfacet
  facet normal 0 -1 0
    outer loop
      vertex 38.25 0 32.4
      vertex 38.25 0 47.4
      vertex 35.75 0 32.4
    endloop
  endfacet
  facet normal 0 -1 0
    outer loop
      vertex 41.75 0 47.4
      vertex 41.75 0 32.4
      vertex 44.25 0 47.4
    endloop
  endfacet
  facet normal 0 -1 0
    outer loop
      vertex 47.75 0 32.4
      vertex 47.75 0 47.4
      vertex 44.25 0 32.4
    endloop
  endfacet
  facet normal 0 -1 0
    outer loop
      vertex 50.25 0 47.4
      vertex 50.25 0 32.4
      vertex 53.75 0 47.4
    endloop
  endfacet
  facet normal 0 -1 0
    outer loop
      vertex 56.25 0 32.4
      vertex 56.25 0 47.4
      vertex 53.75 0 32.4
    endloop
  endfacet
  facet normal 0 -1 0
    outer loop
      vertex 59.75 0 47.4
      vertex 59.75 0 32.4
      vertex 62.25 0 47.4
    endloop
  endfacet
  facet normal 0 -1 0
    outer loop
      vertex 65.75 0 32.4
      vertex 65.75 0 47.4
      vertex 62.25 0 32.4
    endloop
  endfacet
  facet normal 0 -1 0
    outer loop
      vertex 68.25 0 47.4
      vertex 68.25 0 32.4
      vertex 71.75 0 47.4
    endloop
  endfacet
  facet normal 0 -1 0
    outer loop
      vertex 71.75 0 32.4
      vertex 71.75 0 47.4
      vertex 68.25 0 32.4
    endloop
  endfacet
  facet normal 0 -1 0
    outer loop
      vertex 71.75 0 47.4
      vertex 71.75 0 32.4
      vertex 74.25 0 47.4
    endloop
  endfacet
  facet normal 0 -1 0
    outer loop
      vertex 74.25 0 32.4
      vertex 74.25 0 47.4
      vertex 71.75 0 32.4
    endloop
  endfacet
  facet normal 0 -1 0
    outer loop
      vertex 74.25 0 47.4
      vertex 74.25 0 32.4
      vertex 77.75 0 47.4
    endloop
  endfacet
  facet normal 0 -1 0
    outer loop
      vertex 77.75 0 32.4
      vertex 77.75 0 47.4
      vertex 74.25 0 32.4
    endloop
  endfacet
  facet normal 0 -1 0
    outer loop
      vertex 77.75 0 47.4
      vertex 77.75 0 32.4
      vertex 80.25 0 47.4
    endloop
  endfacet
  facet normal 0 -1 0
    outer loop
      vertex 80.25 0 32.4
      vertex 80.25 0 47.4
      vertex 77.75 0 32.4
    endloop
  endfacet
  facet normal 0 -1 0
    outer loop
      vertex 80.25 0 47.4
      vertex 80.25 0 32.4
      vertex 83.75 0 47.4
    endloop
  endfacet
  facet normal 0 -1 0
    outer loop
      vertex 83.75 0 32.4
      vertex 83.75 0 47.4
      vertex 80.25 0 32.4
    endloop
  endfacet
  facet normal 0 -1 0
    outer loop
      vertex 83.75 0 47.4
      vertex 83.75 0 32.4
      vertex 86.25 0 47.4
    endloop
  endfacet
  facet normal 0 -1 0
    outer loop
      vertex 86.25 0 32.4
      vertex 86.25 0 47.4
      vertex 83.75 0 32.4
    endloop
  endfacet
  facet normal 0 -1 0
    outer loop
      vertex 86.25 0 47.4
      vertex 86.25 0 32.4
      vertex 105.5 0 80
    endloop
  endfacet
  facet normal 0 -1 0
    outer loop
      vertex 105.5 0 0
      vertex 86.25 0 32.4
      vertex 86.25 0 12.4
    endloop
  endfacet
  facet normal 0 -1 0
    outer loop
      vertex 86.25 0 32.4
      vertex 105.5 0 0
      vertex 105.5 0 80
    endloop
  endfacet
  facet normal 0 -1 0
    outer loop
      vertex 83.75 0 12.4
      vertex 105.5 0 0
      vertex 86.25 0 12.4
    endloop
  endfacet
  facet normal -0.649449 0.760405 0
    outer loop
      vertex 1.85497 79.1406 0
      vertex 1.31802 78.682 80
      vertex 1.85497 79.1406 80
    endloop
  endfacet
  facet normal -0.649449 0.760405 0
    outer loop
      vertex 1.31802 78.682 80
      vertex 1.85497 79.1406 0
      vertex 1.31802 78.682 0
    endloop
  endfacet
  facet normal 0.852581 0.522595 0
    outer loop
      vertex 109.51 77.543 80
      vertex 109.141 78.145 0
      vertex 109.141 78.145 80
    endloop
  endfacet
  facet normal 0.852581 0.522595 0
    outer loop
      vertex 109.141 78.145 0
      vertex 109.51 77.543 80
      vertex 109.51 77.543 0
    endloop
  endfacet
  facet normal -0.996917 -0.0784576 0
    outer loop
      vertex 0.0554018 3.79604 0
      vertex 0 4.5 80
      vertex 0 4.5 0
    endloop
  endfacet
  facet normal -0.996917 -0.0784576 0
    outer loop
      vertex 0 4.5 80
      vertex 0.0554018 3.79604 0
      vertex 0.0554018 3.79604 80
    endloop
  endfacet
  facet normal 1 0 0
    outer loop
      vertex 110 75.5 80
      vertex 110 40.4 39.4
      vertex 110 75.5 0
    endloop
  endfacet
  facet normal 1 -0 0
    outer loop
      vertex 110 4.5 80
      vertex 110 40.4 39.4
      vertex 110 75.5 80
    endloop
  endfacet
  facet normal 1 0 0
    outer loop
      vertex 110 4.5 0
      vertex 110 25.9 39.4
      vertex 110 4.5 80
    endloop
  endfacet
  facet normal 1 0 0
    outer loop
      vertex 110 40.4 39.4
      vertex 110 4.5 80
      vertex 110 25.9 39.4
    endloop
  endfacet
  facet normal 1 -0 0
    outer loop
      vertex 110 40.4 30.4
      vertex 110 75.5 0
      vertex 110 40.4 39.4
    endloop
  endfacet
  facet normal 1 0 0
    outer loop
      vertex 110 4.5 0
      vertex 110 40.4 30.4
      vertex 110 25.9 30.4
    endloop
  endfacet
  facet normal 1 0 0
    outer loop
      vertex 110 40.4 30.4
      vertex 110 4.5 0
      vertex 110 75.5 0
    endloop
  endfacet
  facet normal 1 0 0
    outer loop
      vertex 110 25.9 39.4
      vertex 110 4.5 0
      vertex 110 25.9 30.4
    endloop
  endfacet
  facet normal -0.522448 0.852671 0
    outer loop
      vertex 2.45704 79.5095 0
      vertex 1.85497 79.1406 80
      vertex 2.45704 79.5095 80
    endloop
  endfacet
  facet normal -0.522448 0.852671 0
    outer loop
      vertex 1.85497 79.1406 80
      vertex 2.45704 79.5095 0
      vertex 1.85497 79.1406 0
    endloop
  endfacet
  facet normal 0.760155 0.649742 0
    outer loop
      vertex 109.141 78.145 80
      vertex 108.682 78.682 0
      vertex 108.682 78.682 80
    endloop
  endfacet
  facet normal 0.760155 0.649742 0
    outer loop
      vertex 108.682 78.682 0
      vertex 109.141 78.145 80
      vertex 109.141 78.145 0
    endloop
  endfacet
  facet normal -0.0784551 0.996918 0
    outer loop
      vertex 4.5 80 0
      vertex 3.79604 79.9446 80
      vertex 4.5 80 80
    endloop
  endfacet
  facet normal -0.0784551 0.996918 0
    outer loop
      vertex 3.79604 79.9446 80
      vertex 4.5 80 0
      vertex 3.79604 79.9446 0
    endloop
  endfacet
  facet normal 0.522547 -0.852611 0
    outer loop
      vertex 107.543 0.49047 0
      vertex 108.145 0.859423 80
      vertex 107.543 0.49047 80
    endloop
  endfacet
  facet normal 0.522547 -0.852611 0
    outer loop
      vertex 108.145 0.859423 80
      vertex 107.543 0.49047 0
      vertex 108.145 0.859423 0
    endloop
  endfacet
  facet normal -0.382684 -0.923879 0
    outer loop
      vertex 2.45704 0.49047 0
      vertex 3.10942 0.220245 80
      vertex 2.45704 0.49047 80
    endloop
  endfacet
  facet normal -0.382684 -0.923879 -0
    outer loop
      vertex 3.10942 0.220245 80
      vertex 2.45704 0.49047 0
      vertex 3.10942 0.220245 0
    endloop
  endfacet
  facet normal -0.972368 0.233452 0
    outer loop
      vertex 0.0554018 76.204 0
      vertex 0.220245 76.8906 80
      vertex 0.220245 76.8906 0
    endloop
  endfacet
  facet normal -0.972368 0.233452 0
    outer loop
      vertex 0.220245 76.8906 80
      vertex 0.0554018 76.204 0
      vertex 0.0554018 76.204 80
    endloop
  endfacet
  facet normal 0 1 -0
    outer loop
      vertex 29.75 80 37.4
      vertex 26.25 80 62.4
      vertex 29.75 80 62.4
    endloop
  endfacet
  facet normal 0 1 0
    outer loop
      vertex 26.25 80 62.4
      vertex 29.75 80 37.4
      vertex 26.25 80 37.4
    endloop
  endfacet
  facet normal 0 1 -0
    outer loop
      vertex 35.75 80 37.4
      vertex 32.25 80 62.4
      vertex 35.75 80 62.4
    endloop
  endfacet
  facet normal 0 1 0
    outer loop
      vertex 32.25 80 62.4
      vertex 35.75 80 37.4
      vertex 32.25 80 37.4
    endloop
  endfacet
  facet normal 0 1 -0
    outer loop
      vertex 41.75 80 37.4
      vertex 38.25 80 62.4
      vertex 41.75 80 62.4
    endloop
  endfacet
  facet normal 0 1 0
    outer loop
      vertex 38.25 80 62.4
      vertex 41.75 80 37.4
      vertex 38.25 80 37.4
    endloop
  endfacet
  facet normal 0 1 -0
    outer loop
      vertex 47.75 80 37.4
      vertex 44.25 80 62.4
      vertex 47.75 80 62.4
    endloop
  endfacet
  facet normal 0 1 0
    outer loop
      vertex 44.25 80 62.4
      vertex 47.75 80 37.4
      vertex 44.25 80 37.4
    endloop
  endfacet
  facet normal 0 1 -0
    outer loop
      vertex 53.75 80 37.4
      vertex 50.25 80 62.4
      vertex 53.75 80 62.4
    endloop
  endfacet
  facet normal 0 1 0
    outer loop
      vertex 50.25 80 62.4
      vertex 53.75 80 37.4
      vertex 50.25 80 37.4
    endloop
  endfacet
  facet normal 0 1 -0
    outer loop
      vertex 59.75 80 37.4
      vertex 56.25 80 62.4
      vertex 59.75 80 62.4
    endloop
  endfacet
  facet normal 0 1 0
    outer loop
      vertex 56.25 80 62.4
      vertex 59.75 80 37.4
      vertex 56.25 80 37.4
    endloop
  endfacet
  facet normal 0 1 -0
    outer loop
      vertex 65.75 80 37.4
      vertex 62.25 80 62.4
      vertex 65.75 80 62.4
    endloop
  endfacet
  facet normal 0 1 0
    outer loop
      vertex 62.25 80 62.4
      vertex 65.75 80 37.4
      vertex 62.25 80 37.4
    endloop
  endfacet
  facet normal 0 1 -0
    outer loop
      vertex 71.75 80 37.4
      vertex 68.25 80 62.4
      vertex 71.75 80 62.4
    endloop
  endfacet
  facet normal 0 1 0
    outer loop
      vertex 68.25 80 62.4
      vertex 71.75 80 37.4
      vertex 68.25 80 37.4
    endloop
  endfacet
  facet normal 0 1 -0
    outer loop
      vertex 77.75 80 37.4
      vertex 74.25 80 62.4
      vertex 77.75 80 62.4
    endloop
  endfacet
  facet normal 0 1 0
    outer loop
      vertex 74.25 80 62.4
      vertex 77.75 80 37.4
      vertex 74.25 80 37.4
    endloop
  endfacet
  facet normal 0 1 -0
    outer loop
      vertex 83.75 80 37.4
      vertex 80.25 80 62.4
      vertex 83.75 80 62.4
    endloop
  endfacet
  facet normal 0 1 0
    outer loop
      vertex 80.25 80 62.4
      vertex 83.75 80 37.4
      vertex 80.25 80 37.4
    endloop
  endfacet
  facet normal 0 1 0
    outer loop
      vertex 83.75 80 62.4
      vertex 105.5 80 80
      vertex 86.25 80 62.4
    endloop
  endfacet
  facet normal 0 1 0
    outer loop
      vertex 105.5 80 80
      vertex 86.25 80 37.4
      vertex 86.25 80 62.4
    endloop
  endfacet
  facet normal 0 1 0
    outer loop
      vertex 105.5 80 0
      vertex 83.75 80 37.4
      vertex 86.25 80 37.4
    endloop
  endfacet
  facet normal 0 1 0
    outer loop
      vertex 83.75 80 37.4
      vertex 60 80 12.4
      vertex 80.25 80 37.4
    endloop
  endfacet
  facet normal -0 1 0
    outer loop
      vertex 60 80 19.4
      vertex 80.25 80 37.4
      vertex 60 80 12.4
    endloop
  endfacet
  facet normal 0 1 0
    outer loop
      vertex 77.75 80 37.4
      vertex 60 80 19.4
      vertex 74.25 80 37.4
    endloop
  endfacet
  facet normal 0 1 0
    outer loop
      vertex 74.25 80 37.4
      vertex 60 80 19.4
      vertex 71.75 80 37.4
    endloop
  endfacet
  facet normal 0 1 0
    outer loop
      vertex 71.75 80 37.4
      vertex 60 80 19.4
      vertex 68.25 80 37.4
    endloop
  endfacet
  facet normal 0 1 0
    outer loop
      vertex 68.25 80 37.4
      vertex 60 80 19.4
      vertex 65.75 80 37.4
    endloop
  endfacet
  facet normal 0 1 0
    outer loop
      vertex 65.75 80 37.4
      vertex 60 80 19.4
      vertex 62.25 80 37.4
    endloop
  endfacet
  facet normal 0 1 0
    outer loop
      vertex 62.25 80 37.4
      vertex 60 80 19.4
      vertex 59.75 80 37.4
    endloop
  endfacet
  facet normal 0 1 0
    outer loop
      vertex 59.75 80 37.4
      vertex 60 80 19.4
      vertex 56.25 80 37.4
    endloop
  endfacet
  facet normal 0 1 0
    outer loop
      vertex 56.25 80 37.4
      vertex 60 80 19.4
      vertex 53.75 80 37.4
    endloop
  endfacet
  facet normal 0 1 0
    outer loop
      vertex 50 80 19.4
      vertex 53.75 80 37.4
      vertex 60 80 19.4
    endloop
  endfacet
  facet normal 0 1 0
    outer loop
      vertex 53.75 80 37.4
      vertex 50 80 19.4
      vertex 50.25 80 37.4
    endloop
  endfacet
  facet normal 0 1 0
    outer loop
      vertex 50.25 80 37.4
      vertex 50 80 19.4
      vertex 47.75 80 37.4
    endloop
  endfacet
  facet normal 0 1 0
    outer loop
      vertex 47.75 80 37.4
      vertex 50 80 19.4
      vertex 44.25 80 37.4
    endloop
  endfacet
  facet normal 0 1 0
    outer loop
      vertex 44.25 80 37.4
      vertex 50 80 19.4
      vertex 41.75 80 37.4
    endloop
  endfacet
  facet normal 0 1 0
    outer loop
      vertex 41.75 80 37.4
      vertex 50 80 19.4
      vertex 38.25 80 37.4
    endloop
  endfacet
  facet normal 0 1 0
    outer loop
      vertex 38.25 80 37.4
      vertex 50 80 19.4
      vertex 35.75 80 37.4
    endloop
  endfacet
  facet normal 0 1 0
    outer loop
      vertex 35.75 80 37.4
      vertex 50 80 19.4
      vertex 32.25 80 37.4
    endloop
  endfacet
  facet normal 0 1 0
    outer loop
      vertex 32.25 80 37.4
      vertex 50 80 19.4
      vertex 29.75 80 37.4
    endloop
  endfacet
  facet normal 0 1 -0
    outer loop
      vertex 50 80 12.4
      vertex 29.75 80 37.4
      vertex 50 80 19.4
    endloop
  endfacet
  facet normal 0 1 0
    outer loop
      vertex 80.25 80 37.4
      vertex 60 80 19.4
      vertex 77.75 80 37.4
    endloop
  endfacet
  facet normal 0 1 0
    outer loop
      vertex 60 80 12.4
      vertex 105.5 80 0
      vertex 50 80 12.4
    endloop
  endfacet
  facet normal 0 1 0
    outer loop
      vertex 83.75 80 37.4
      vertex 105.5 80 0
      vertex 60 80 12.4
    endloop
  endfacet
  facet normal 0 1 -0
    outer loop
      vertex 105.5 80 0
      vertex 86.25 80 37.4
      vertex 105.5 80 80
    endloop
  endfacet
  facet normal 0 1 0
    outer loop
      vertex 80.25 80 62.4
      vertex 105.5 80 80
      vertex 83.75 80 62.4
    endloop
  endfacet
  facet normal 0 1 0
    outer loop
      vertex 77.75 80 62.4
      vertex 105.5 80 80
      vertex 80.25 80 62.4
    endloop
  endfacet
  facet normal 0 1 0
    outer loop
      vertex 74.25 80 62.4
      vertex 105.5 80 80
      vertex 77.75 80 62.4
    endloop
  endfacet
  facet normal 0 1 0
    outer loop
      vertex 71.75 80 62.4
      vertex 105.5 80 80
      vertex 74.25 80 62.4
    endloop
  endfacet
  facet normal 0 1 0
    outer loop
      vertex 68.25 80 62.4
      vertex 105.5 80 80
      vertex 71.75 80 62.4
    endloop
  endfacet
  facet normal 0 1 0
    outer loop
      vertex 65.75 80 62.4
      vertex 105.5 80 80
      vertex 68.25 80 62.4
    endloop
  endfacet
  facet normal 0 1 0
    outer loop
      vertex 62.25 80 62.4
      vertex 105.5 80 80
      vertex 65.75 80 62.4
    endloop
  endfacet
  facet normal 0 1 0
    outer loop
      vertex 59.75 80 62.4
      vertex 105.5 80 80
      vertex 62.25 80 62.4
    endloop
  endfacet
  facet normal 0 1 0
    outer loop
      vertex 56.25 80 62.4
      vertex 105.5 80 80
      vertex 59.75 80 62.4
    endloop
  endfacet
  facet normal 0 1 0
    outer loop
      vertex 105.5 80 80
      vertex 56.25 80 62.4
      vertex 4.5 80 80
    endloop
  endfacet
  facet normal 0 1 -0
    outer loop
      vertex 53.75 80 62.4
      vertex 4.5 80 80
      vertex 56.25 80 62.4
    endloop
  endfacet
  facet normal 0 1 -0
    outer loop
      vertex 50.25 80 62.4
      vertex 4.5 80 80
      vertex 53.75 80 62.4
    endloop
  endfacet
  facet normal 0 1 -0
    outer loop
      vertex 47.75 80 62.4
      vertex 4.5 80 80
      vertex 50.25 80 62.4
    endloop
  endfacet
  facet normal 0 1 -0
    outer loop
      vertex 44.25 80 62.4
      vertex 4.5 80 80
      vertex 47.75 80 62.4
    endloop
  endfacet
  facet normal 0 1 -0
    outer loop
      vertex 41.75 80 62.4
      vertex 4.5 80 80
      vertex 44.25 80 62.4
    endloop
  endfacet
  facet normal 0 1 -0
    outer loop
      vertex 38.25 80 62.4
      vertex 4.5 80 80
      vertex 41.75 80 62.4
    endloop
  endfacet
  facet normal 0 1 -0
    outer loop
      vertex 35.75 80 62.4
      vertex 4.5 80 80
      vertex 38.25 80 62.4
    endloop
  endfacet
  facet normal 0 1 -0
    outer loop
      vertex 32.25 80 62.4
      vertex 4.5 80 80
      vertex 35.75 80 62.4
    endloop
  endfacet
  facet normal 0 1 -0
    outer loop
      vertex 29.75 80 62.4
      vertex 4.5 80 80
      vertex 32.25 80 62.4
    endloop
  endfacet
  facet normal 0 1 -0
    outer loop
      vertex 26.25 80 62.4
      vertex 4.5 80 80
      vertex 29.75 80 62.4
    endloop
  endfacet
  facet normal 0 1 -0
    outer loop
      vertex 23.75 80 62.4
      vertex 4.5 80 80
      vertex 26.25 80 62.4
    endloop
  endfacet
  facet normal 0 1 -0
    outer loop
      vertex 23.75 80 37.4
      vertex 4.5 80 80
      vertex 23.75 80 62.4
    endloop
  endfacet
  facet normal 0 1 0
    outer loop
      vertex 29.75 80 37.4
      vertex 50 80 12.4
      vertex 26.25 80 37.4
    endloop
  endfacet
  facet normal 0 1 0
    outer loop
      vertex 4.5 80 0
      vertex 26.25 80 37.4
      vertex 50 80 12.4
    endloop
  endfacet
  facet normal 0 1 0
    outer loop
      vertex 23.75 80 37.4
      vertex 4.5 80 0
      vertex 4.5 80 80
    endloop
  endfacet
  facet normal 0 1 0
    outer loop
      vertex 26.25 80 37.4
      vertex 4.5 80 0
      vertex 23.75 80 37.4
    endloop
  endfacet
  facet normal 0 1 0
    outer loop
      vertex 4.5 80 0
      vertex 50 80 12.4
      vertex 105.5 80 0
    endloop
  endfacet
  facet normal 0.852608 -0.522551 0
    outer loop
      vertex 109.141 1.85497 80
      vertex 109.51 2.45704 0
      vertex 109.51 2.45704 80
    endloop
  endfacet
  facet normal 0.852608 -0.522551 0
    outer loop
      vertex 109.51 2.45704 0
      vertex 109.141 1.85497 80
      vertex 109.141 1.85497 0
    endloop
  endfacet
  facet normal -0.233446 -0.97237 0
    outer loop
      vertex 3.10942 0.220245 0
      vertex 3.79604 0.0554018 80
      vertex 3.10942 0.220245 80
    endloop
  endfacet
  facet normal -0.233446 -0.97237 -0
    outer loop
      vertex 3.79604 0.0554018 80
      vertex 3.10942 0.220245 0
      vertex 3.79604 0.0554018 0
    endloop
  endfacet
  facet normal 0.996962 0.0778877 0
    outer loop
      vertex 110 75.5 80
      vertex 109.945 76.204 0
      vertex 109.945 76.204 80
    endloop
  endfacet
  facet normal 0.996962 0.0778877 0
    outer loop
      vertex 109.945 76.204 0
      vertex 110 75.5 80
      vertex 110 75.5 0
    endloop
  endfacet
  facet normal -0.233388 0.972384 0
    outer loop
      vertex 3.79604 79.9446 0
      vertex 3.10942 79.7798 80
      vertex 3.79604 79.9446 80
    endloop
  endfacet
  facet normal -0.233388 0.972384 0
    outer loop
      vertex 3.10942 79.7798 80
      vertex 3.79604 79.9446 0
      vertex 3.10942 79.7798 0
    endloop
  endfacet
  facet normal 0.382874 -0.9238 0
    outer loop
      vertex 106.891 0.220245 0
      vertex 107.543 0.49047 80
      vertex 106.891 0.220245 80
    endloop
  endfacet
  facet normal 0.382874 -0.9238 0
    outer loop
      vertex 107.543 0.49047 80
      vertex 106.891 0.220245 0
      vertex 107.543 0.49047 0
    endloop
  endfacet
  facet normal 0.649414 0.760435 -0
    outer loop
      vertex 108.682 78.682 0
      vertex 108.145 79.1406 80
      vertex 108.682 78.682 80
    endloop
  endfacet
  facet normal 0.649414 0.760435 0
    outer loop
      vertex 108.145 79.1406 80
      vertex 108.682 78.682 0
      vertex 108.145 79.1406 0
    endloop
  endfacet
  facet normal -0.0784576 -0.996917 0
    outer loop
      vertex 3.79604 0.0554018 0
      vertex 4.5 0 80
      vertex 3.79604 0.0554018 80
    endloop
  endfacet
  facet normal -0.0784576 -0.996917 -0
    outer loop
      vertex 4.5 0 80
      vertex 3.79604 0.0554018 0
      vertex 4.5 0 0
    endloop
  endfacet
  facet normal -0.996918 0.0784532 0
    outer loop
      vertex 0 75.5 0
      vertex 0.0554018 76.204 80
      vertex 0.0554018 76.204 0
    endloop
  endfacet
  facet normal -0.996918 0.0784532 0
    outer loop
      vertex 0.0554018 76.204 80
      vertex 0 75.5 0
      vertex 0 75.5 80
    endloop
  endfacet
  facet normal 0.0784506 0.996918 -0
    outer loop
      vertex 106.204 79.9446 0
      vertex 105.5 80 80
      vertex 106.204 79.9446 80
    endloop
  endfacet
  facet normal 0.0784506 0.996918 0
    outer loop
      vertex 105.5 80 80
      vertex 106.204 79.9446 0
      vertex 105.5 80 0
    endloop
  endfacet
  facet normal -0.760407 -0.649447 0
    outer loop
      vertex 1.31802 1.31802 0
      vertex 0.859423 1.85497 80
      vertex 0.859423 1.85497 0
    endloop
  endfacet
  facet normal -0.760407 -0.649447 0
    outer loop
      vertex 0.859423 1.85497 80
      vertex 1.31802 1.31802 0
      vertex 1.31802 1.31802 80
    endloop
  endfacet
  facet normal -0.760437 0.649412 0
    outer loop
      vertex 0.859423 78.145 0
      vertex 1.31802 78.682 80
      vertex 1.31802 78.682 0
    endloop
  endfacet
  facet normal -0.760437 0.649412 0
    outer loop
      vertex 1.31802 78.682 80
      vertex 0.859423 78.145 0
      vertex 0.859423 78.145 80
    endloop
  endfacet
  facet normal 0.972319 -0.233656 0
    outer loop
      vertex 109.78 3.10942 80
      vertex 109.945 3.79604 0
      vertex 109.945 3.79604 80
    endloop
  endfacet
  facet normal 0.972319 -0.233656 0
    outer loop
      vertex 109.945 3.79604 0
      vertex 109.78 3.10942 80
      vertex 109.78 3.10942 0
    endloop
  endfacet
  facet normal 0.760125 -0.649777 0
    outer loop
      vertex 108.682 1.31802 80
      vertex 109.141 1.85497 0
      vertex 109.141 1.85497 80
    endloop
  endfacet
  facet normal 0.760125 -0.649777 0
    outer loop
      vertex 109.141 1.85497 0
      vertex 108.682 1.31802 80
      vertex 108.682 1.31802 0
    endloop
  endfacet
  facet normal -0.923879 -0.382684 0
    outer loop
      vertex 0.49047 2.45704 0
      vertex 0.220245 3.10942 80
      vertex 0.220245 3.10942 0
    endloop
  endfacet
  facet normal -0.923879 -0.382684 0
    outer loop
      vertex 0.220245 3.10942 80
      vertex 0.49047 2.45704 0
      vertex 0.49047 2.45704 80
    endloop
  endfacet
  facet normal -0.97237 -0.233446 0
    outer loop
      vertex 0.220245 3.10942 0
      vertex 0.0554018 3.79604 80
      vertex 0.0554018 3.79604 0
    endloop
  endfacet
  facet normal -0.97237 -0.233446 0
    outer loop
      vertex 0.0554018 3.79604 80
      vertex 0.220245 3.10942 0
      vertex 0.220245 3.10942 80
    endloop
  endfacet
  facet normal 0.649412 -0.760437 0
    outer loop
      vertex 108.145 0.859423 0
      vertex 108.682 1.31802 80
      vertex 108.145 0.859423 80
    endloop
  endfacet
  facet normal 0.649412 -0.760437 0
    outer loop
      vertex 108.682 1.31802 80
      vertex 108.145 0.859423 0
      vertex 108.682 1.31802 0
    endloop
  endfacet
  facet normal 0.0784532 -0.996918 0
    outer loop
      vertex 105.5 0 0
      vertex 106.204 0.0554018 80
      vertex 105.5 0 80
    endloop
  endfacet
  facet normal 0.0784532 -0.996918 0
    outer loop
      vertex 106.204 0.0554018 80
      vertex 105.5 0 0
      vertex 106.204 0.0554018 0
    endloop
  endfacet
  facet normal 0 0 1
    outer loop
      vertex 107.6 75.5 80
      vertex 110 75.5 80
      vertex 109.945 76.204 80
    endloop
  endfacet
  facet normal 0 0 1
    outer loop
      vertex 110 75.5 80
      vertex 107.6 75.5 80
      vertex 110 4.5 80
    endloop
  endfacet
  facet normal 0 0 1
    outer loop
      vertex 107.574 75.8285 80
      vertex 109.945 76.204 80
      vertex 109.78 76.8906 80
    endloop
  endfacet
  facet normal 0 0 1
    outer loop
      vertex 107.6 4.5 80
      vertex 110 4.5 80
      vertex 107.6 75.5 80
    endloop
  endfacet
  facet normal 0 0 1
    outer loop
      vertex 107.497 76.1489 80
      vertex 109.78 76.8906 80
      vertex 109.51 77.543 80
    endloop
  endfacet
  facet normal 0 0 1
    outer loop
      vertex 110 4.5 80
      vertex 107.6 4.5 80
      vertex 109.945 3.79604 80
    endloop
  endfacet
  facet normal 0 0 1
    outer loop
      vertex 107.371 76.4534 80
      vertex 109.51 77.543 80
      vertex 109.141 78.145 80
    endloop
  endfacet
  facet normal -0 0 1
    outer loop
      vertex 107.574 4.17149 80
      vertex 109.945 3.79604 80
      vertex 107.6 4.5 80
    endloop
  endfacet
  facet normal 0 0 1
    outer loop
      vertex 107.199 76.7343 80
      vertex 109.141 78.145 80
      vertex 108.682 78.682 80
    endloop
  endfacet
  facet normal 0 0 1
    outer loop
      vertex 109.945 3.79604 80
      vertex 107.574 4.17149 80
      vertex 109.78 3.10942 80
    endloop
  endfacet
  facet normal 0 0 1
    outer loop
      vertex 106.985 76.9849 80
      vertex 108.682 78.682 80
      vertex 108.145 79.1406 80
    endloop
  endfacet
  facet normal -0 0 1
    outer loop
      vertex 107.497 3.85106 80
      vertex 109.78 3.10942 80
      vertex 107.574 4.17149 80
    endloop
  endfacet
  facet normal 0 0 1
    outer loop
      vertex 109.78 3.10942 80
      vertex 107.497 3.85106 80
      vertex 109.51 2.45704 80
    endloop
  endfacet
  facet normal 0 0 1
    outer loop
      vertex 109.945 76.204 80
      vertex 107.574 75.8285 80
      vertex 107.6 75.5 80
    endloop
  endfacet
  facet normal 0 0 1
    outer loop
      vertex 106.734 77.1989 80
      vertex 108.145 79.1406 80
      vertex 107.543 79.5095 80
    endloop
  endfacet
  facet normal 0 0 1
    outer loop
      vertex 109.78 76.8906 80
      vertex 107.497 76.1489 80
      vertex 107.574 75.8285 80
    endloop
  endfacet
  facet normal 0 0 1
    outer loop
      vertex 109.51 77.543 80
      vertex 107.371 76.4534 80
      vertex 107.497 76.1489 80
    endloop
  endfacet
  facet normal 0 0 1
    outer loop
      vertex 109.141 78.145 80
      vertex 107.199 76.7343 80
      vertex 107.371 76.4534 80
    endloop
  endfacet
  facet normal 0 0 1
    outer loop
      vertex 108.682 78.682 80
      vertex 106.985 76.9849 80
      vertex 107.199 76.7343 80
    endloop
  endfacet
  facet normal 0 0 1
    outer loop
      vertex 106.453 77.3711 80
      vertex 107.543 79.5095 80
      vertex 106.891 79.7798 80
    endloop
  endfacet
  facet normal 0 0 1
    outer loop
      vertex 108.145 79.1406 80
      vertex 106.734 77.1989 80
      vertex 106.985 76.9849 80
    endloop
  endfacet
  facet normal 0 0 1
    outer loop
      vertex 107.543 79.5095 80
      vertex 106.453 77.3711 80
      vertex 106.734 77.1989 80
    endloop
  endfacet
  facet normal 0 0 1
    outer loop
      vertex 106.149 77.4972 80
      vertex 106.891 79.7798 80
      vertex 106.204 79.9446 80
    endloop
  endfacet
  facet normal 0 0 1
    outer loop
      vertex 106.891 79.7798 80
      vertex 106.149 77.4972 80
      vertex 106.453 77.3711 80
    endloop
  endfacet
  facet normal 0 0 1
    outer loop
      vertex 106.204 79.9446 80
      vertex 105.829 77.5741 80
      vertex 106.149 77.4972 80
    endloop
  endfacet
  facet normal 0 0 1
    outer loop
      vertex 105.5 80 80
      vertex 105.829 77.5741 80
      vertex 106.204 79.9446 80
    endloop
  endfacet
  facet normal 0 0 1
    outer loop
      vertex 105.5 80 80
      vertex 105.5 77.6 80
      vertex 105.829 77.5741 80
    endloop
  endfacet
  facet normal -0 0 1
    outer loop
      vertex 4.5 80 80
      vertex 105.5 77.6 80
      vertex 105.5 80 80
    endloop
  endfacet
  facet normal 0 0 1
    outer loop
      vertex 4.5 80 80
      vertex 4.5 77.6 80
      vertex 105.5 77.6 80
    endloop
  endfacet
  facet normal 0 0 1
    outer loop
      vertex 4.5 80 80
      vertex 4.17149 77.5741 80
      vertex 4.5 77.6 80
    endloop
  endfacet
  facet normal -0 0 1
    outer loop
      vertex 3.79604 79.9446 80
      vertex 4.17149 77.5741 80
      vertex 4.5 80 80
    endloop
  endfacet
  facet normal 0 0 1
    outer loop
      vertex 4.17149 77.5741 80
      vertex 3.79604 79.9446 80
      vertex 3.85106 77.4972 80
    endloop
  endfacet
  facet normal -0 0 1
    outer loop
      vertex 3.10942 79.7798 80
      vertex 3.85106 77.4972 80
      vertex 3.79604 79.9446 80
    endloop
  endfacet
  facet normal 0 0 1
    outer loop
      vertex 3.85106 77.4972 80
      vertex 3.10942 79.7798 80
      vertex 3.54662 77.3711 80
    endloop
  endfacet
  facet normal -0 0 1
    outer loop
      vertex 2.45704 79.5095 80
      vertex 3.54662 77.3711 80
      vertex 3.10942 79.7798 80
    endloop
  endfacet
  facet normal 0 0 1
    outer loop
      vertex 3.54662 77.3711 80
      vertex 2.45704 79.5095 80
      vertex 3.26565 77.1989 80
    endloop
  endfacet
  facet normal -0 0 1
    outer loop
      vertex 1.85497 79.1406 80
      vertex 3.26565 77.1989 80
      vertex 2.45704 79.5095 80
    endloop
  endfacet
  facet normal 0 0 1
    outer loop
      vertex 3.26565 77.1989 80
      vertex 1.85497 79.1406 80
      vertex 3.01508 76.9849 80
    endloop
  endfacet
  facet normal -0 0 1
    outer loop
      vertex 1.31802 78.682 80
      vertex 3.01508 76.9849 80
      vertex 1.85497 79.1406 80
    endloop
  endfacet
  facet normal 0 0 1
    outer loop
      vertex 3.01508 76.9849 80
      vertex 1.31802 78.682 80
      vertex 2.80106 76.7343 80
    endloop
  endfacet
  facet normal -0 0 1
    outer loop
      vertex 0.859423 78.145 80
      vertex 2.80106 76.7343 80
      vertex 1.31802 78.682 80
    endloop
  endfacet
  facet normal 0 0 1
    outer loop
      vertex 2.80106 76.7343 80
      vertex 0.859423 78.145 80
      vertex 2.62889 76.4534 80
    endloop
  endfacet
  facet normal 0 0 1
    outer loop
      vertex 2.62889 76.4534 80
      vertex 0.49047 77.543 80
      vertex 2.50278 76.1489 80
    endloop
  endfacet
  facet normal -0 0 1
    outer loop
      vertex 0.49047 77.543 80
      vertex 2.62889 76.4534 80
      vertex 0.859423 78.145 80
    endloop
  endfacet
  facet normal -0 0 1
    outer loop
      vertex 107.371 3.54662 80
      vertex 109.51 2.45704 80
      vertex 107.497 3.85106 80
    endloop
  endfacet
  facet normal 0 0 1
    outer loop
      vertex 109.51 2.45704 80
      vertex 107.371 3.54662 80
      vertex 109.141 1.85497 80
    endloop
  endfacet
  facet normal -0 0 1
    outer loop
      vertex 107.199 3.26565 80
      vertex 109.141 1.85497 80
      vertex 107.371 3.54662 80
    endloop
  endfacet
  facet normal 0 0 1
    outer loop
      vertex 109.141 1.85497 80
      vertex 107.199 3.26565 80
      vertex 108.682 1.31802 80
    endloop
  endfacet
  facet normal -0 0 1
    outer loop
      vertex 106.985 3.01508 80
      vertex 108.682 1.31802 80
      vertex 107.199 3.26565 80
    endloop
  endfacet
  facet normal 0 0 1
    outer loop
      vertex 108.682 1.31802 80
      vertex 106.985 3.01508 80
      vertex 108.145 0.859423 80
    endloop
  endfacet
  facet normal -0 0 1
    outer loop
      vertex 106.734 2.80106 80
      vertex 108.145 0.859423 80
      vertex 106.985 3.01508 80
    endloop
  endfacet
  facet normal 0 0 1
    outer loop
      vertex 108.145 0.859423 80
      vertex 106.734 2.80106 80
      vertex 107.543 0.49047 80
    endloop
  endfacet
  facet normal -0 0 1
    outer loop
      vertex 106.453 2.62889 80
      vertex 107.543 0.49047 80
      vertex 106.734 2.80106 80
    endloop
  endfacet
  facet normal 0 0 1
    outer loop
      vertex 107.543 0.49047 80
      vertex 106.453 2.62889 80
      vertex 106.891 0.220245 80
    endloop
  endfacet
  facet normal -0 0 1
    outer loop
      vertex 106.149 2.50278 80
      vertex 106.891 0.220245 80
      vertex 106.453 2.62889 80
    endloop
  endfacet
  facet normal 0 0 1
    outer loop
      vertex 106.891 0.220245 80
      vertex 106.149 2.50278 80
      vertex 106.204 0.0554018 80
    endloop
  endfacet
  facet normal -0 0 1
    outer loop
      vertex 105.829 2.42585 80
      vertex 106.204 0.0554018 80
      vertex 106.149 2.50278 80
    endloop
  endfacet
  facet normal -0 0 1
    outer loop
      vertex 105.5 2.4 80
      vertex 106.204 0.0554018 80
      vertex 105.829 2.42585 80
    endloop
  endfacet
  facet normal 0 0 1
    outer loop
      vertex 105.5 2.4 80
      vertex 105.5 0 80
      vertex 106.204 0.0554018 80
    endloop
  endfacet
  facet normal -0 0 1
    outer loop
      vertex 4.5 2.4 80
      vertex 105.5 0 80
      vertex 105.5 2.4 80
    endloop
  endfacet
  facet normal 0 0 1
    outer loop
      vertex 4.5 2.4 80
      vertex 4.5 0 80
      vertex 105.5 0 80
    endloop
  endfacet
  facet normal 0 0 1
    outer loop
      vertex 4.17149 2.42585 80
      vertex 4.5 0 80
      vertex 4.5 2.4 80
    endloop
  endfacet
  facet normal 0 0 1
    outer loop
      vertex 3.79604 0.0554018 80
      vertex 4.17149 2.42585 80
      vertex 3.85106 2.50278 80
    endloop
  endfacet
  facet normal 0 0 1
    outer loop
      vertex 4.17149 2.42585 80
      vertex 3.79604 0.0554018 80
      vertex 4.5 0 80
    endloop
  endfacet
  facet normal 0 0 1
    outer loop
      vertex 3.10942 0.220245 80
      vertex 3.85106 2.50278 80
      vertex 3.54662 2.62889 80
    endloop
  endfacet
  facet normal 0 0 1
    outer loop
      vertex 2.45704 0.49047 80
      vertex 3.54662 2.62889 80
      vertex 3.26565 2.80106 80
    endloop
  endfacet
  facet normal 0 0 1
    outer loop
      vertex 3.85106 2.50278 80
      vertex 3.10942 0.220245 80
      vertex 3.79604 0.0554018 80
    endloop
  endfacet
  facet normal 0 0 1
    outer loop
      vertex 1.85497 0.859423 80
      vertex 3.26565 2.80106 80
      vertex 3.01508 3.01508 80
    endloop
  endfacet
  facet normal 0 0 1
    outer loop
      vertex 1.31802 1.31802 80
      vertex 3.01508 3.01508 80
      vertex 2.80106 3.26565 80
    endloop
  endfacet
  facet normal 0 0 1
    outer loop
      vertex 0.859423 1.85497 80
      vertex 2.80106 3.26565 80
      vertex 2.62889 3.54662 80
    endloop
  endfacet
  facet normal 0 0 1
    outer loop
      vertex 0.49047 2.45704 80
      vertex 2.62889 3.54662 80
      vertex 2.50278 3.85106 80
    endloop
  endfacet
  facet normal 0 0 1
    outer loop
      vertex 3.54662 2.62889 80
      vertex 2.45704 0.49047 80
      vertex 3.10942 0.220245 80
    endloop
  endfacet
  facet normal 0 0 1
    outer loop
      vertex 0.220245 3.10942 80
      vertex 2.50278 3.85106 80
      vertex 2.42585 4.17149 80
    endloop
  endfacet
  facet normal 0 0 1
    outer loop
      vertex 0.0554018 3.79604 80
      vertex 2.42585 4.17149 80
      vertex 2.4 4.5 80
    endloop
  endfacet
  facet normal 0 0 1
    outer loop
      vertex 3.26565 2.80106 80
      vertex 1.85497 0.859423 80
      vertex 2.45704 0.49047 80
    endloop
  endfacet
  facet normal 0 0 1
    outer loop
      vertex 2.4 75.5 80
      vertex 0 75.5 80
      vertex 2.4 4.5 80
    endloop
  endfacet
  facet normal -0 0 1
    outer loop
      vertex 0.220245 76.8906 80
      vertex 2.50278 76.1489 80
      vertex 0.49047 77.543 80
    endloop
  endfacet
  facet normal 0 0 1
    outer loop
      vertex 0 4.5 80
      vertex 2.4 4.5 80
      vertex 0 75.5 80
    endloop
  endfacet
  facet normal 0 0 1
    outer loop
      vertex 2.50278 76.1489 80
      vertex 0.220245 76.8906 80
      vertex 2.42585 75.8285 80
    endloop
  endfacet
  facet normal 0 -0 1
    outer loop
      vertex 0.0554018 3.79604 80
      vertex 2.4 4.5 80
      vertex 0 4.5 80
    endloop
  endfacet
  facet normal -0 0 1
    outer loop
      vertex 0.0554018 76.204 80
      vertex 2.42585 75.8285 80
      vertex 0.220245 76.8906 80
    endloop
  endfacet
  facet normal 0 0 1
    outer loop
      vertex 3.01508 3.01508 80
      vertex 1.31802 1.31802 80
      vertex 1.85497 0.859423 80
    endloop
  endfacet
  facet normal 0 0 1
    outer loop
      vertex 2.42585 75.8285 80
      vertex 0.0554018 76.204 80
      vertex 2.4 75.5 80
    endloop
  endfacet
  facet normal 0 0 1
    outer loop
      vertex 2.80106 3.26565 80
      vertex 0.859423 1.85497 80
      vertex 1.31802 1.31802 80
    endloop
  endfacet
  facet normal 0 0 1
    outer loop
      vertex 2.4 75.5 80
      vertex 0.0554018 76.204 80
      vertex 0 75.5 80
    endloop
  endfacet
  facet normal 0 0 1
    outer loop
      vertex 2.62889 3.54662 80
      vertex 0.49047 2.45704 80
      vertex 0.859423 1.85497 80
    endloop
  endfacet
  facet normal 0 0 1
    outer loop
      vertex 2.50278 3.85106 80
      vertex 0.220245 3.10942 80
      vertex 0.49047 2.45704 80
    endloop
  endfacet
  facet normal 0 0 1
    outer loop
      vertex 2.42585 4.17149 80
      vertex 0.0554018 3.79604 80
      vertex 0.220245 3.10942 80
    endloop
  endfacet
  facet normal -0.923884 0.382674 0
    outer loop
      vertex 0.220245 76.8906 0
      vertex 0.49047 77.543 80
      vertex 0.49047 77.543 0
    endloop
  endfacet
  facet normal -0.923884 0.382674 0
    outer loop
      vertex 0.49047 77.543 80
      vertex 0.220245 76.8906 0
      vertex 0.220245 76.8906 80
    endloop
  endfacet
  facet normal 0.972318 0.233662 0
    outer loop
      vertex 109.945 76.204 80
      vertex 109.78 76.8906 0
      vertex 109.78 76.8906 80
    endloop
  endfacet
  facet normal 0.972318 0.233662 0
    outer loop
      vertex 109.78 76.8906 0
      vertex 109.945 76.204 80
      vertex 109.945 76.204 0
    endloop
  endfacet
  facet normal 0.382965 0.923763 -0
    outer loop
      vertex 107.543 79.5095 0
      vertex 106.891 79.7798 80
      vertex 107.543 79.5095 80
    endloop
  endfacet
  facet normal 0.382965 0.923763 0
    outer loop
      vertex 106.891 79.7798 80
      vertex 107.543 79.5095 0
      vertex 106.891 79.7798 0
    endloop
  endfacet
  facet normal -0.522503 -0.852638 0
    outer loop
      vertex 1.85497 0.859423 0
      vertex 2.45704 0.49047 80
      vertex 1.85497 0.859423 80
    endloop
  endfacet
  facet normal -0.522503 -0.852638 -0
    outer loop
      vertex 2.45704 0.49047 80
      vertex 1.85497 0.859423 0
      vertex 2.45704 0.49047 0
    endloop
  endfacet
  facet normal 0.923996 0.382402 0
    outer loop
      vertex 109.78 76.8906 80
      vertex 109.51 77.543 0
      vertex 109.51 77.543 80
    endloop
  endfacet
  facet normal 0.923996 0.382402 0
    outer loop
      vertex 109.51 77.543 0
      vertex 109.78 76.8906 80
      vertex 109.78 76.8906 0
    endloop
  endfacet
  facet normal 0.923992 -0.382412 0
    outer loop
      vertex 109.51 2.45704 80
      vertex 109.78 3.10942 0
      vertex 109.78 3.10942 80
    endloop
  endfacet
  facet normal 0.923992 -0.382412 0
    outer loop
      vertex 109.78 3.10942 0
      vertex 109.51 2.45704 80
      vertex 109.51 2.45704 0
    endloop
  endfacet
  facet normal 0 0 -1
    outer loop
      vertex 105.5 0 0
      vertex 110 4.5 0
      vertex 109.945 3.79604 0
    endloop
  endfacet
  facet normal -0 0 -1
    outer loop
      vertex 110 4.5 0
      vertex 105.5 0 0
      vertex 110 75.5 0
    endloop
  endfacet
  facet normal 0 0 -1
    outer loop
      vertex 105.5 0 0
      vertex 109.945 3.79604 0
      vertex 109.78 3.10942 0
    endloop
  endfacet
  facet normal 0 0 -1
    outer loop
      vertex 105.5 80 0
      vertex 110 75.5 0
      vertex 105.5 0 0
    endloop
  endfacet
  facet normal 0 0 -1
    outer loop
      vertex 105.5 0 0
      vertex 109.78 3.10942 0
      vertex 109.51 2.45704 0
    endloop
  endfacet
  facet normal 0 0 -1
    outer loop
      vertex 110 75.5 0
      vertex 105.5 80 0
      vertex 109.945 76.204 0
    endloop
  endfacet
  facet normal 0 0 -1
    outer loop
      vertex 105.5 0 0
      vertex 109.51 2.45704 0
      vertex 109.141 1.85497 0
    endloop
  endfacet
  facet normal 0 0 -1
    outer loop
      vertex 109.945 76.204 0
      vertex 105.5 80 0
      vertex 109.78 76.8906 0
    endloop
  endfacet
  facet normal 0 0 -1
    outer loop
      vertex 105.5 0 0
      vertex 109.141 1.85497 0
      vertex 108.682 1.31802 0
    endloop
  endfacet
  facet normal 0 0 -1
    outer loop
      vertex 109.78 76.8906 0
      vertex 105.5 80 0
      vertex 109.51 77.543 0
    endloop
  endfacet
  facet normal 0 0 -1
    outer loop
      vertex 105.5 0 0
      vertex 108.682 1.31802 0
      vertex 108.145 0.859423 0
    endloop
  endfacet
  facet normal 0 0 -1
    outer loop
      vertex 109.51 77.543 0
      vertex 105.5 80 0
      vertex 109.141 78.145 0
    endloop
  endfacet
  facet normal 0 0 -1
    outer loop
      vertex 105.5 0 0
      vertex 108.145 0.859423 0
      vertex 107.543 0.49047 0
    endloop
  endfacet
  facet normal 0 0 -1
    outer loop
      vertex 109.141 78.145 0
      vertex 105.5 80 0
      vertex 108.682 78.682 0
    endloop
  endfacet
  facet normal 0 0 -1
    outer loop
      vertex 105.5 0 0
      vertex 107.543 0.49047 0
      vertex 106.891 0.220245 0
    endloop
  endfacet
  facet normal 0 0 -1
    outer loop
      vertex 108.682 78.682 0
      vertex 105.5 80 0
      vertex 108.145 79.1406 0
    endloop
  endfacet
  facet normal 0 0 -1
    outer loop
      vertex 105.5 0 0
      vertex 106.891 0.220245 0
      vertex 106.204 0.0554018 0
    endloop
  endfacet
  facet normal 0 0 -1
    outer loop
      vertex 108.145 79.1406 0
      vertex 105.5 80 0
      vertex 107.543 79.5095 0
    endloop
  endfacet
  facet normal 0 0 -1
    outer loop
      vertex 107.543 79.5095 0
      vertex 105.5 80 0
      vertex 106.891 79.7798 0
    endloop
  endfacet
  facet normal 0 0 -1
    outer loop
      vertex 106.891 79.7798 0
      vertex 105.5 80 0
      vertex 106.204 79.9446 0
    endloop
  endfacet
  facet normal 0 0 -1
    outer loop
      vertex 4.5 0 0
      vertex 105.5 80 0
      vertex 105.5 0 0
    endloop
  endfacet
  facet normal 0 0 -1
    outer loop
      vertex 4.5 0 0
      vertex 4.5 80 0
      vertex 105.5 80 0
    endloop
  endfacet
  facet normal 0 0 -1
    outer loop
      vertex 0 4.5 0
      vertex 4.5 0 0
      vertex 3.79604 0.0554018 0
    endloop
  endfacet
  facet normal 0 0 -1
    outer loop
      vertex 4.5 0 0
      vertex 0 4.5 0
      vertex 4.5 80 0
    endloop
  endfacet
  facet normal 0 0 -1
    outer loop
      vertex 0 4.5 0
      vertex 3.79604 0.0554018 0
      vertex 3.10942 0.220245 0
    endloop
  endfacet
  facet normal 0 0 -1
    outer loop
      vertex 0 75.5 0
      vertex 4.5 80 0
      vertex 0 4.5 0
    endloop
  endfacet
  facet normal 0 0 -1
    outer loop
      vertex 0 4.5 0
      vertex 3.10942 0.220245 0
      vertex 2.45704 0.49047 0
    endloop
  endfacet
  facet normal 0 0 -1
    outer loop
      vertex 4.5 80 0
      vertex 0 75.5 0
      vertex 3.79604 79.9446 0
    endloop
  endfacet
  facet normal 0 0 -1
    outer loop
      vertex 0 4.5 0
      vertex 2.45704 0.49047 0
      vertex 1.85497 0.859423 0
    endloop
  endfacet
  facet normal 0 0 -1
    outer loop
      vertex 3.79604 79.9446 0
      vertex 0 75.5 0
      vertex 3.10942 79.7798 0
    endloop
  endfacet
  facet normal 0 0 -1
    outer loop
      vertex 0 4.5 0
      vertex 1.85497 0.859423 0
      vertex 1.31802 1.31802 0
    endloop
  endfacet
  facet normal 0 0 -1
    outer loop
      vertex 3.10942 79.7798 0
      vertex 0 75.5 0
      vertex 2.45704 79.5095 0
    endloop
  endfacet
  facet normal 0 0 -1
    outer loop
      vertex 0 4.5 0
      vertex 1.31802 1.31802 0
      vertex 0.859423 1.85497 0
    endloop
  endfacet
  facet normal 0 0 -1
    outer loop
      vertex 2.45704 79.5095 0
      vertex 0 75.5 0
      vertex 1.85497 79.1406 0
    endloop
  endfacet
  facet normal 0 0 -1
    outer loop
      vertex 0 4.5 0
      vertex 0.859423 1.85497 0
      vertex 0.49047 2.45704 0
    endloop
  endfacet
  facet normal 0 0 -1
    outer loop
      vertex 1.85497 79.1406 0
      vertex 0 75.5 0
      vertex 1.31802 78.682 0
    endloop
  endfacet
  facet normal 0 0 -1
    outer loop
      vertex 0 4.5 0
      vertex 0.49047 2.45704 0
      vertex 0.220245 3.10942 0
    endloop
  endfacet
  facet normal 0 0 -1
    outer loop
      vertex 1.31802 78.682 0
      vertex 0 75.5 0
      vertex 0.859423 78.145 0
    endloop
  endfacet
  facet normal 0 0 -1
    outer loop
      vertex 0 4.5 0
      vertex 0.220245 3.10942 0
      vertex 0.0554018 3.79604 0
    endloop
  endfacet
  facet normal 0 0 -1
    outer loop
      vertex 0.859423 78.145 0
      vertex 0 75.5 0
      vertex 0.49047 77.543 0
    endloop
  endfacet
  facet normal 0 0 -1
    outer loop
      vertex 0.49047 77.543 0
      vertex 0 75.5 0
      vertex 0.220245 76.8906 0
    endloop
  endfacet
  facet normal 0 0 -1
    outer loop
      vertex 0.220245 76.8906 0
      vertex 0 75.5 0
      vertex 0.0554018 76.204 0
    endloop
  endfacet
  facet normal 0.522492 0.852644 -0
    outer loop
      vertex 108.145 79.1406 0
      vertex 107.543 79.5095 80
      vertex 108.145 79.1406 80
    endloop
  endfacet
  facet normal 0.522492 0.852644 0
    outer loop
      vertex 107.543 79.5095 80
      vertex 108.145 79.1406 0
      vertex 107.543 79.5095 0
    endloop
  endfacet
  facet normal 0 1 -0
    outer loop
      vertex 29.75 2.4 12.4
      vertex 26.25 2.4 32.4
      vertex 29.75 2.4 32.4
    endloop
  endfacet
  facet normal 0 1 0
    outer loop
      vertex 26.25 2.4 32.4
      vertex 29.75 2.4 12.4
      vertex 26.25 2.4 12.4
    endloop
  endfacet
  facet normal 0 1 -0
    outer loop
      vertex 35.75 2.4 12.4
      vertex 32.25 2.4 32.4
      vertex 35.75 2.4 32.4
    endloop
  endfacet
  facet normal 0 1 0
    outer loop
      vertex 32.25 2.4 32.4
      vertex 35.75 2.4 12.4
      vertex 32.25 2.4 12.4
    endloop
  endfacet
  facet normal 0 1 -0
    outer loop
      vertex 41.75 2.4 12.4
      vertex 38.25 2.4 32.4
      vertex 41.75 2.4 32.4
    endloop
  endfacet
  facet normal 0 1 0
    outer loop
      vertex 38.25 2.4 32.4
      vertex 41.75 2.4 12.4
      vertex 38.25 2.4 12.4
    endloop
  endfacet
  facet normal 0 1 -0
    outer loop
      vertex 47.75 2.4 12.4
      vertex 44.25 2.4 32.4
      vertex 47.75 2.4 32.4
    endloop
  endfacet
  facet normal 0 1 0
    outer loop
      vertex 44.25 2.4 32.4
      vertex 47.75 2.4 12.4
      vertex 44.25 2.4 12.4
    endloop
  endfacet
  facet normal 0 1 -0
    outer loop
      vertex 53.75 2.4 12.4
      vertex 50.25 2.4 32.4
      vertex 53.75 2.4 32.4
    endloop
  endfacet
  facet normal 0 1 0
    outer loop
      vertex 50.25 2.4 32.4
      vertex 53.75 2.4 12.4
      vertex 50.25 2.4 12.4
    endloop
  endfacet
  facet normal 0 1 -0
    outer loop
      vertex 59.75 2.4 12.4
      vertex 56.25 2.4 32.4
      vertex 59.75 2.4 32.4
    endloop
  endfacet
  facet normal 0 1 0
    outer loop
      vertex 56.25 2.4 32.4
      vertex 59.75 2.4 12.4
      vertex 56.25 2.4 12.4
    endloop
  endfacet
  facet normal 0 1 -0
    outer loop
      vertex 65.75 2.4 12.4
      vertex 62.25 2.4 32.4
      vertex 65.75 2.4 32.4
    endloop
  endfacet
  facet normal 0 1 0
    outer loop
      vertex 62.25 2.4 32.4
      vertex 65.75 2.4 12.4
      vertex 62.25 2.4 12.4
    endloop
  endfacet
  facet normal 0 1 -0
    outer loop
      vertex 71.75 2.4 12.4
      vertex 68.25 2.4 32.4
      vertex 71.75 2.4 32.4
    endloop
  endfacet
  facet normal 0 1 0
    outer loop
      vertex 68.25 2.4 32.4
      vertex 71.75 2.4 12.4
      vertex 68.25 2.4 12.4
    endloop
  endfacet
  facet normal 0 1 -0
    outer loop
      vertex 77.75 2.4 12.4
      vertex 74.25 2.4 32.4
      vertex 77.75 2.4 32.4
    endloop
  endfacet
  facet normal 0 1 0
    outer loop
      vertex 74.25 2.4 32.4
      vertex 77.75 2.4 12.4
      vertex 74.25 2.4 12.4
    endloop
  endfacet
  facet normal 0 1 -0
    outer loop
      vertex 83.75 2.4 12.4
      vertex 80.25 2.4 32.4
      vertex 83.75 2.4 32.4
    endloop
  endfacet
  facet normal 0 1 0
    outer loop
      vertex 80.25 2.4 32.4
      vertex 83.75 2.4 12.4
      vertex 80.25 2.4 12.4
    endloop
  endfacet
  facet normal 0 1 -0
    outer loop
      vertex 29.75 2.4 47.4
      vertex 26.25 2.4 67.4
      vertex 29.75 2.4 67.4
    endloop
  endfacet
  facet normal 0 1 0
    outer loop
      vertex 26.25 2.4 67.4
      vertex 29.75 2.4 47.4
      vertex 26.25 2.4 47.4
    endloop
  endfacet
  facet normal 0 1 -0
    outer loop
      vertex 35.75 2.4 47.4
      vertex 32.25 2.4 67.4
      vertex 35.75 2.4 67.4
    endloop
  endfacet
  facet normal 0 1 0
    outer loop
      vertex 32.25 2.4 67.4
      vertex 35.75 2.4 47.4
      vertex 32.25 2.4 47.4
    endloop
  endfacet
  facet normal 0 1 -0
    outer loop
      vertex 41.75 2.4 47.4
      vertex 38.25 2.4 67.4
      vertex 41.75 2.4 67.4
    endloop
  endfacet
  facet normal 0 1 0
    outer loop
      vertex 38.25 2.4 67.4
      vertex 41.75 2.4 47.4
      vertex 38.25 2.4 47.4
    endloop
  endfacet
  facet normal 0 1 -0
    outer loop
      vertex 47.75 2.4 47.4
      vertex 44.25 2.4 67.4
      vertex 47.75 2.4 67.4
    endloop
  endfacet
  facet normal 0 1 0
    outer loop
      vertex 44.25 2.4 67.4
      vertex 47.75 2.4 47.4
      vertex 44.25 2.4 47.4
    endloop
  endfacet
  facet normal 0 1 -0
    outer loop
      vertex 53.75 2.4 47.4
      vertex 50.25 2.4 67.4
      vertex 53.75 2.4 67.4
    endloop
  endfacet
  facet normal 0 1 0
    outer loop
      vertex 50.25 2.4 67.4
      vertex 53.75 2.4 47.4
      vertex 50.25 2.4 47.4
    endloop
  endfacet
  facet normal 0 1 -0
    outer loop
      vertex 59.75 2.4 47.4
      vertex 56.25 2.4 67.4
      vertex 59.75 2.4 67.4
    endloop
  endfacet
  facet normal 0 1 0
    outer loop
      vertex 56.25 2.4 67.4
      vertex 59.75 2.4 47.4
      vertex 56.25 2.4 47.4
    endloop
  endfacet
  facet normal 0 1 -0
    outer loop
      vertex 65.75 2.4 47.4
      vertex 62.25 2.4 67.4
      vertex 65.75 2.4 67.4
    endloop
  endfacet
  facet normal 0 1 0
    outer loop
      vertex 62.25 2.4 67.4
      vertex 65.75 2.4 47.4
      vertex 62.25 2.4 47.4
    endloop
  endfacet
  facet normal 0 1 -0
    outer loop
      vertex 71.75 2.4 47.4
      vertex 68.25 2.4 67.4
      vertex 71.75 2.4 67.4
    endloop
  endfacet
  facet normal 0 1 0
    outer loop
      vertex 68.25 2.4 67.4
      vertex 71.75 2.4 47.4
      vertex 68.25 2.4 47.4
    endloop
  endfacet
  facet normal 0 1 -0
    outer loop
      vertex 77.75 2.4 47.4
      vertex 74.25 2.4 67.4
      vertex 77.75 2.4 67.4
    endloop
  endfacet
  facet normal 0 1 0
    outer loop
      vertex 74.25 2.4 67.4
      vertex 77.75 2.4 47.4
      vertex 74.25 2.4 47.4
    endloop
  endfacet
  facet normal 0 1 -0
    outer loop
      vertex 83.75 2.4 47.4
      vertex 80.25 2.4 67.4
      vertex 83.75 2.4 67.4
    endloop
  endfacet
  facet normal 0 1 0
    outer loop
      vertex 80.25 2.4 67.4
      vertex 83.75 2.4 47.4
      vertex 80.25 2.4 47.4
    endloop
  endfacet
  facet normal 0 1 0
    outer loop
      vertex 83.75 2.4 67.4
      vertex 105.5 2.4 80
      vertex 86.25 2.4 67.4
    endloop
  endfacet
  facet normal 0 1 0
    outer loop
      vertex 105.5 2.4 80
      vertex 86.25 2.4 47.4
      vertex 86.25 2.4 67.4
    endloop
  endfacet
  facet normal 0 1 0
    outer loop
      vertex 83.75 2.4 32.4
      vertex 83.75 2.4 47.4
      vertex 86.25 2.4 47.4
    endloop
  endfacet
  facet normal 0 1 0
    outer loop
      vertex 83.75 2.4 47.4
      vertex 83.75 2.4 32.4
      vertex 80.25 2.4 47.4
    endloop
  endfacet
  facet normal 0 1 0
    outer loop
      vertex 80.25 2.4 47.4
      vertex 80.25 2.4 32.4
      vertex 77.75 2.4 47.4
    endloop
  endfacet
  facet normal 0 1 0
    outer loop
      vertex 77.75 2.4 32.4
      vertex 77.75 2.4 47.4
      vertex 80.25 2.4 32.4
    endloop
  endfacet
  facet normal 0 1 0
    outer loop
      vertex 74.25 2.4 32.4
      vertex 74.25 2.4 47.4
      vertex 77.75 2.4 32.4
    endloop
  endfacet
  facet normal 0 1 0
    outer loop
      vertex 74.25 2.4 47.4
      vertex 74.25 2.4 32.4
      vertex 71.75 2.4 47.4
    endloop
  endfacet
  facet normal 0 1 0
    outer loop
      vertex 71.75 2.4 47.4
      vertex 71.75 2.4 32.4
      vertex 68.25 2.4 47.4
    endloop
  endfacet
  facet normal 0 1 0
    outer loop
      vertex 68.25 2.4 32.4
      vertex 68.25 2.4 47.4
      vertex 71.75 2.4 32.4
    endloop
  endfacet
  facet normal 0 1 0
    outer loop
      vertex 65.75 2.4 32.4
      vertex 65.75 2.4 47.4
      vertex 68.25 2.4 32.4
    endloop
  endfacet
  facet normal 0 1 0
    outer loop
      vertex 65.75 2.4 47.4
      vertex 65.75 2.4 32.4
      vertex 62.25 2.4 47.4
    endloop
  endfacet
  facet normal 0 1 0
    outer loop
      vertex 62.25 2.4 47.4
      vertex 62.25 2.4 32.4
      vertex 59.75 2.4 47.4
    endloop
  endfacet
  facet normal 0 1 0
    outer loop
      vertex 59.75 2.4 32.4
      vertex 59.75 2.4 47.4
      vertex 62.25 2.4 32.4
    endloop
  endfacet
  facet normal 0 1 0
    outer loop
      vertex 56.25 2.4 32.4
      vertex 56.25 2.4 47.4
      vertex 59.75 2.4 32.4
    endloop
  endfacet
  facet normal 0 1 0
    outer loop
      vertex 56.25 2.4 47.4
      vertex 56.25 2.4 32.4
      vertex 53.75 2.4 47.4
    endloop
  endfacet
  facet normal 0 1 0
    outer loop
      vertex 53.75 2.4 47.4
      vertex 53.75 2.4 32.4
      vertex 50.25 2.4 47.4
    endloop
  endfacet
  facet normal 0 1 0
    outer loop
      vertex 50.25 2.4 32.4
      vertex 50.25 2.4 47.4
      vertex 53.75 2.4 32.4
    endloop
  endfacet
  facet normal 0 1 0
    outer loop
      vertex 47.75 2.4 32.4
      vertex 47.75 2.4 47.4
      vertex 50.25 2.4 32.4
    endloop
  endfacet
  facet normal 0 1 0
    outer loop
      vertex 47.75 2.4 47.4
      vertex 47.75 2.4 32.4
      vertex 44.25 2.4 47.4
    endloop
  endfacet
  facet normal 0 1 0
    outer loop
      vertex 44.25 2.4 47.4
      vertex 44.25 2.4 32.4
      vertex 41.75 2.4 47.4
    endloop
  endfacet
  facet normal 0 1 0
    outer loop
      vertex 41.75 2.4 32.4
      vertex 41.75 2.4 47.4
      vertex 44.25 2.4 32.4
    endloop
  endfacet
  facet normal 0 1 0
    outer loop
      vertex 83.75 2.4 32.4
      vertex 86.25 2.4 47.4
      vertex 86.25 2.4 32.4
    endloop
  endfacet
  facet normal 0 1 -0
    outer loop
      vertex 105.5 2.4 2.4
      vertex 86.25 2.4 47.4
      vertex 105.5 2.4 80
    endloop
  endfacet
  facet normal 0 1 0
    outer loop
      vertex 86.25 2.4 47.4
      vertex 105.5 2.4 2.4
      vertex 86.25 2.4 32.4
    endloop
  endfacet
  facet normal 0 1 0
    outer loop
      vertex 105.5 2.4 2.4
      vertex 83.75 2.4 12.4
      vertex 86.25 2.4 12.4
    endloop
  endfacet
  facet normal 0 1 0
    outer loop
      vertex 83.75 2.4 12.4
      vertex 105.5 2.4 2.4
      vertex 80.25 2.4 12.4
    endloop
  endfacet
  facet normal 0 1 0
    outer loop
      vertex 80.25 2.4 12.4
      vertex 105.5 2.4 2.4
      vertex 77.75 2.4 12.4
    endloop
  endfacet
  facet normal 0 1 0
    outer loop
      vertex 77.75 2.4 12.4
      vertex 105.5 2.4 2.4
      vertex 74.25 2.4 12.4
    endloop
  endfacet
  facet normal 0 1 0
    outer loop
      vertex 74.25 2.4 12.4
      vertex 105.5 2.4 2.4
      vertex 71.75 2.4 12.4
    endloop
  endfacet
  facet normal 0 1 0
    outer loop
      vertex 71.75 2.4 12.4
      vertex 105.5 2.4 2.4
      vertex 68.25 2.4 12.4
    endloop
  endfacet
  facet normal 0 1 0
    outer loop
      vertex 68.25 2.4 12.4
      vertex 105.5 2.4 2.4
      vertex 65.75 2.4 12.4
    endloop
  endfacet
  facet normal 0 1 0
    outer loop
      vertex 65.75 2.4 12.4
      vertex 105.5 2.4 2.4
      vertex 62.25 2.4 12.4
    endloop
  endfacet
  facet normal 0 1 0
    outer loop
      vertex 62.25 2.4 12.4
      vertex 105.5 2.4 2.4
      vertex 59.75 2.4 12.4
    endloop
  endfacet
  facet normal 0 1 0
    outer loop
      vertex 59.75 2.4 12.4
      vertex 105.5 2.4 2.4
      vertex 56.25 2.4 12.4
    endloop
  endfacet
  facet normal 0 1 0
    outer loop
      vertex 56.25 2.4 12.4
      vertex 105.5 2.4 2.4
      vertex 53.75 2.4 12.4
    endloop
  endfacet
  facet normal 0 1 0
    outer loop
      vertex 4.5 2.4 2.4
      vertex 53.75 2.4 12.4
      vertex 105.5 2.4 2.4
    endloop
  endfacet
  facet normal 0 1 0
    outer loop
      vertex 53.75 2.4 12.4
      vertex 4.5 2.4 2.4
      vertex 50.25 2.4 12.4
    endloop
  endfacet
  facet normal 0 1 0
    outer loop
      vertex 50.25 2.4 12.4
      vertex 4.5 2.4 2.4
      vertex 47.75 2.4 12.4
    endloop
  endfacet
  facet normal 0 1 0
    outer loop
      vertex 47.75 2.4 12.4
      vertex 4.5 2.4 2.4
      vertex 44.25 2.4 12.4
    endloop
  endfacet
  facet normal 0 1 0
    outer loop
      vertex 44.25 2.4 12.4
      vertex 4.5 2.4 2.4
      vertex 41.75 2.4 12.4
    endloop
  endfacet
  facet normal 0 1 0
    outer loop
      vertex 41.75 2.4 12.4
      vertex 4.5 2.4 2.4
      vertex 38.25 2.4 12.4
    endloop
  endfacet
  facet normal 0 1 0
    outer loop
      vertex 38.25 2.4 12.4
      vertex 4.5 2.4 2.4
      vertex 35.75 2.4 12.4
    endloop
  endfacet
  facet normal 0 1 0
    outer loop
      vertex 35.75 2.4 12.4
      vertex 4.5 2.4 2.4
      vertex 32.25 2.4 12.4
    endloop
  endfacet
  facet normal 0 1 0
    outer loop
      vertex 32.25 2.4 12.4
      vertex 4.5 2.4 2.4
      vertex 29.75 2.4 12.4
    endloop
  endfacet
  facet normal 0 1 0
    outer loop
      vertex 29.75 2.4 12.4
      vertex 4.5 2.4 2.4
      vertex 26.25 2.4 12.4
    endloop
  endfacet
  facet normal 0 1 0
    outer loop
      vertex 86.25 2.4 32.4
      vertex 105.5 2.4 2.4
      vertex 86.25 2.4 12.4
    endloop
  endfacet
  facet normal 0 1 0
    outer loop
      vertex 80.25 2.4 67.4
      vertex 105.5 2.4 80
      vertex 83.75 2.4 67.4
    endloop
  endfacet
  facet normal 0 1 0
    outer loop
      vertex 77.75 2.4 67.4
      vertex 105.5 2.4 80
      vertex 80.25 2.4 67.4
    endloop
  endfacet
  facet normal 0 1 0
    outer loop
      vertex 74.25 2.4 67.4
      vertex 105.5 2.4 80
      vertex 77.75 2.4 67.4
    endloop
  endfacet
  facet normal 0 1 0
    outer loop
      vertex 71.75 2.4 67.4
      vertex 105.5 2.4 80
      vertex 74.25 2.4 67.4
    endloop
  endfacet
  facet normal 0 1 0
    outer loop
      vertex 68.25 2.4 67.4
      vertex 105.5 2.4 80
      vertex 71.75 2.4 67.4
    endloop
  endfacet
  facet normal 0 1 0
    outer loop
      vertex 65.75 2.4 67.4
      vertex 105.5 2.4 80
      vertex 68.25 2.4 67.4
    endloop
  endfacet
  facet normal 0 1 0
    outer loop
      vertex 62.25 2.4 67.4
      vertex 105.5 2.4 80
      vertex 65.75 2.4 67.4
    endloop
  endfacet
  facet normal 0 1 0
    outer loop
      vertex 59.75 2.4 67.4
      vertex 105.5 2.4 80
      vertex 62.25 2.4 67.4
    endloop
  endfacet
  facet normal 0 1 0
    outer loop
      vertex 56.25 2.4 67.4
      vertex 105.5 2.4 80
      vertex 59.75 2.4 67.4
    endloop
  endfacet
  facet normal 0 1 0
    outer loop
      vertex 105.5 2.4 80
      vertex 56.25 2.4 67.4
      vertex 4.5 2.4 80
    endloop
  endfacet
  facet normal 0 1 -0
    outer loop
      vertex 53.75 2.4 67.4
      vertex 4.5 2.4 80
      vertex 56.25 2.4 67.4
    endloop
  endfacet
  facet normal 0 1 -0
    outer loop
      vertex 50.25 2.4 67.4
      vertex 4.5 2.4 80
      vertex 53.75 2.4 67.4
    endloop
  endfacet
  facet normal 0 1 -0
    outer loop
      vertex 47.75 2.4 67.4
      vertex 4.5 2.4 80
      vertex 50.25 2.4 67.4
    endloop
  endfacet
  facet normal 0 1 -0
    outer loop
      vertex 44.25 2.4 67.4
      vertex 4.5 2.4 80
      vertex 47.75 2.4 67.4
    endloop
  endfacet
  facet normal 0 1 -0
    outer loop
      vertex 41.75 2.4 67.4
      vertex 4.5 2.4 80
      vertex 44.25 2.4 67.4
    endloop
  endfacet
  facet normal 0 1 -0
    outer loop
      vertex 38.25 2.4 67.4
      vertex 4.5 2.4 80
      vertex 41.75 2.4 67.4
    endloop
  endfacet
  facet normal 0 1 -0
    outer loop
      vertex 35.75 2.4 67.4
      vertex 4.5 2.4 80
      vertex 38.25 2.4 67.4
    endloop
  endfacet
  facet normal 0 1 -0
    outer loop
      vertex 32.25 2.4 67.4
      vertex 4.5 2.4 80
      vertex 35.75 2.4 67.4
    endloop
  endfacet
  facet normal 0 1 -0
    outer loop
      vertex 29.75 2.4 67.4
      vertex 4.5 2.4 80
      vertex 32.25 2.4 67.4
    endloop
  endfacet
  facet normal 0 1 -0
    outer loop
      vertex 26.25 2.4 67.4
      vertex 4.5 2.4 80
      vertex 29.75 2.4 67.4
    endloop
  endfacet
  facet normal 0 1 -0
    outer loop
      vertex 23.75 2.4 67.4
      vertex 4.5 2.4 80
      vertex 26.25 2.4 67.4
    endloop
  endfacet
  facet normal 0 1 -0
    outer loop
      vertex 23.75 2.4 47.4
      vertex 4.5 2.4 80
      vertex 23.75 2.4 67.4
    endloop
  endfacet
  facet normal 0 1 0
    outer loop
      vertex 80.25 2.4 47.4
      vertex 83.75 2.4 32.4
      vertex 80.25 2.4 32.4
    endloop
  endfacet
  facet normal 0 1 0
    outer loop
      vertex 77.75 2.4 47.4
      vertex 77.75 2.4 32.4
      vertex 74.25 2.4 47.4
    endloop
  endfacet
  facet normal 0 1 0
    outer loop
      vertex 71.75 2.4 32.4
      vertex 71.75 2.4 47.4
      vertex 74.25 2.4 32.4
    endloop
  endfacet
  facet normal 0 1 0
    outer loop
      vertex 68.25 2.4 47.4
      vertex 68.25 2.4 32.4
      vertex 65.75 2.4 47.4
    endloop
  endfacet
  facet normal 0 1 0
    outer loop
      vertex 62.25 2.4 32.4
      vertex 62.25 2.4 47.4
      vertex 65.75 2.4 32.4
    endloop
  endfacet
  facet normal 0 1 0
    outer loop
      vertex 59.75 2.4 47.4
      vertex 59.75 2.4 32.4
      vertex 56.25 2.4 47.4
    endloop
  endfacet
  facet normal 0 1 0
    outer loop
      vertex 53.75 2.4 32.4
      vertex 53.75 2.4 47.4
      vertex 56.25 2.4 32.4
    endloop
  endfacet
  facet normal 0 1 0
    outer loop
      vertex 50.25 2.4 47.4
      vertex 50.25 2.4 32.4
      vertex 47.75 2.4 47.4
    endloop
  endfacet
  facet normal 0 1 0
    outer loop
      vertex 44.25 2.4 32.4
      vertex 44.25 2.4 47.4
      vertex 47.75 2.4 32.4
    endloop
  endfacet
  facet normal 0 1 0
    outer loop
      vertex 41.75 2.4 47.4
      vertex 41.75 2.4 32.4
      vertex 38.25 2.4 47.4
    endloop
  endfacet
  facet normal 0 1 0
    outer loop
      vertex 38.25 2.4 32.4
      vertex 38.25 2.4 47.4
      vertex 41.75 2.4 32.4
    endloop
  endfacet
  facet normal 0 1 0
    outer loop
      vertex 38.25 2.4 47.4
      vertex 38.25 2.4 32.4
      vertex 35.75 2.4 47.4
    endloop
  endfacet
  facet normal 0 1 0
    outer loop
      vertex 35.75 2.4 32.4
      vertex 35.75 2.4 47.4
      vertex 38.25 2.4 32.4
    endloop
  endfacet
  facet normal 0 1 0
    outer loop
      vertex 35.75 2.4 47.4
      vertex 35.75 2.4 32.4
      vertex 32.25 2.4 47.4
    endloop
  endfacet
  facet normal 0 1 0
    outer loop
      vertex 32.25 2.4 32.4
      vertex 32.25 2.4 47.4
      vertex 35.75 2.4 32.4
    endloop
  endfacet
  facet normal 0 1 0
    outer loop
      vertex 32.25 2.4 47.4
      vertex 32.25 2.4 32.4
      vertex 29.75 2.4 47.4
    endloop
  endfacet
  facet normal 0 1 0
    outer loop
      vertex 29.75 2.4 32.4
      vertex 29.75 2.4 47.4
      vertex 32.25 2.4 32.4
    endloop
  endfacet
  facet normal 0 1 0
    outer loop
      vertex 29.75 2.4 47.4
      vertex 29.75 2.4 32.4
      vertex 26.25 2.4 47.4
    endloop
  endfacet
  facet normal 0 1 0
    outer loop
      vertex 26.25 2.4 32.4
      vertex 26.25 2.4 47.4
      vertex 29.75 2.4 32.4
    endloop
  endfacet
  facet normal 0 1 0
    outer loop
      vertex 26.25 2.4 47.4
      vertex 26.25 2.4 32.4
      vertex 23.75 2.4 47.4
    endloop
  endfacet
  facet normal 0 1 0
    outer loop
      vertex 23.75 2.4 32.4
      vertex 23.75 2.4 47.4
      vertex 26.25 2.4 32.4
    endloop
  endfacet
  facet normal 0 1 0
    outer loop
      vertex 4.5 2.4 2.4
      vertex 23.75 2.4 47.4
      vertex 23.75 2.4 32.4
    endloop
  endfacet
  facet normal 0 1 0
    outer loop
      vertex 4.5 2.4 2.4
      vertex 23.75 2.4 32.4
      vertex 23.75 2.4 12.4
    endloop
  endfacet
  facet normal 0 1 0
    outer loop
      vertex 23.75 2.4 47.4
      vertex 4.5 2.4 2.4
      vertex 4.5 2.4 80
    endloop
  endfacet
  facet normal 0 1 0
    outer loop
      vertex 26.25 2.4 12.4
      vertex 4.5 2.4 2.4
      vertex 23.75 2.4 12.4
    endloop
  endfacet
  facet normal -0.383174 0.923676 0
    outer loop
      vertex 106.453 2.62889 2.4
      vertex 106.149 2.50278 80
      vertex 106.453 2.62889 80
    endloop
  endfacet
  facet normal -0.383174 0.923676 0
    outer loop
      vertex 106.149 2.50278 80
      vertex 106.453 2.62889 2.4
      vertex 106.149 2.50278 2.4
    endloop
  endfacet
  facet normal -0.996882 -0.0789009 0
    outer loop
      vertex 107.6 75.5 2.4
      vertex 107.574 75.8285 80
      vertex 107.574 75.8285 2.4
    endloop
  endfacet
  facet normal -0.996882 -0.0789009 0
    outer loop
      vertex 107.574 75.8285 80
      vertex 107.6 75.5 2.4
      vertex 107.6 75.5 80
    endloop
  endfacet
  facet normal 0.852652 0.52248 0
    outer loop
      vertex 2.80106 3.26565 80
      vertex 2.62889 3.54662 2.4
      vertex 2.62889 3.54662 80
    endloop
  endfacet
  facet normal 0.852652 0.52248 0
    outer loop
      vertex 2.62889 3.54662 2.4
      vertex 2.80106 3.26565 80
      vertex 2.80106 3.26565 2.4
    endloop
  endfacet
  facet normal 0.0785969 -0.996906 0
    outer loop
      vertex 4.17149 77.5741 2.4
      vertex 4.5 77.6 80
      vertex 4.17149 77.5741 80
    endloop
  endfacet
  facet normal 0.0785969 -0.996906 0
    outer loop
      vertex 4.5 77.6 80
      vertex 4.17149 77.5741 2.4
      vertex 4.5 77.6 2.4
    endloop
  endfacet
  facet normal 0.923899 -0.382637 0
    outer loop
      vertex 2.50278 76.1489 80
      vertex 2.62889 76.4534 2.4
      vertex 2.62889 76.4534 80
    endloop
  endfacet
  facet normal 0.923899 -0.382637 0
    outer loop
      vertex 2.62889 76.4534 2.4
      vertex 2.50278 76.1489 80
      vertex 2.50278 76.1489 2.4
    endloop
  endfacet
  facet normal -0.648827 0.760936 0
    outer loop
      vertex 106.985 3.01508 2.4
      vertex 106.734 2.80106 80
      vertex 106.985 3.01508 80
    endloop
  endfacet
  facet normal -0.648827 0.760936 0
    outer loop
      vertex 106.734 2.80106 80
      vertex 106.985 3.01508 2.4
      vertex 106.734 2.80106 2.4
    endloop
  endfacet
  facet normal 0.649436 -0.760416 0
    outer loop
      vertex 3.01508 76.9849 2.4
      vertex 3.26565 77.1989 80
      vertex 3.01508 76.9849 80
    endloop
  endfacet
  facet normal 0.649436 -0.760416 0
    outer loop
      vertex 3.26565 77.1989 80
      vertex 3.01508 76.9849 2.4
      vertex 3.26565 77.1989 2.4
    endloop
  endfacet
  facet normal 0.760425 -0.649426 0
    outer loop
      vertex 2.80106 76.7343 80
      vertex 3.01508 76.9849 2.4
      vertex 3.01508 76.9849 80
    endloop
  endfacet
  facet normal 0.760425 -0.649426 0
    outer loop
      vertex 3.01508 76.9849 2.4
      vertex 2.80106 76.7343 80
      vertex 2.80106 76.7343 2.4
    endloop
  endfacet
  facet normal -0.383148 -0.923687 0
    outer loop
      vertex 106.149 77.4972 2.4
      vertex 106.453 77.3711 80
      vertex 106.149 77.4972 80
    endloop
  endfacet
  facet normal -0.383148 -0.923687 -0
    outer loop
      vertex 106.453 77.3711 80
      vertex 106.149 77.4972 2.4
      vertex 106.453 77.3711 2.4
    endloop
  endfacet
  facet normal 0 -1 0
    outer loop
      vertex 80.25 77.6 37.4
      vertex 83.75 77.6 62.4
      vertex 80.25 77.6 62.4
    endloop
  endfacet
  facet normal 0 -1 -0
    outer loop
      vertex 83.75 77.6 62.4
      vertex 80.25 77.6 37.4
      vertex 83.75 77.6 37.4
    endloop
  endfacet
  facet normal 0 -1 0
    outer loop
      vertex 74.25 77.6 37.4
      vertex 77.75 77.6 62.4
      vertex 74.25 77.6 62.4
    endloop
  endfacet
  facet normal 0 -1 -0
    outer loop
      vertex 77.75 77.6 62.4
      vertex 74.25 77.6 37.4
      vertex 77.75 77.6 37.4
    endloop
  endfacet
  facet normal 0 -1 0
    outer loop
      vertex 68.25 77.6 37.4
      vertex 71.75 77.6 62.4
      vertex 68.25 77.6 62.4
    endloop
  endfacet
  facet normal 0 -1 -0
    outer loop
      vertex 71.75 77.6 62.4
      vertex 68.25 77.6 37.4
      vertex 71.75 77.6 37.4
    endloop
  endfacet
  facet normal 0 -1 0
    outer loop
      vertex 62.25 77.6 37.4
      vertex 65.75 77.6 62.4
      vertex 62.25 77.6 62.4
    endloop
  endfacet
  facet normal 0 -1 -0
    outer loop
      vertex 65.75 77.6 62.4
      vertex 62.25 77.6 37.4
      vertex 65.75 77.6 37.4
    endloop
  endfacet
  facet normal 0 -1 0
    outer loop
      vertex 56.25 77.6 37.4
      vertex 59.75 77.6 62.4
      vertex 56.25 77.6 62.4
    endloop
  endfacet
  facet normal 0 -1 -0
    outer loop
      vertex 59.75 77.6 62.4
      vertex 56.25 77.6 37.4
      vertex 59.75 77.6 37.4
    endloop
  endfacet
  facet normal 0 -1 0
    outer loop
      vertex 50.25 77.6 37.4
      vertex 53.75 77.6 62.4
      vertex 50.25 77.6 62.4
    endloop
  endfacet
  facet normal 0 -1 -0
    outer loop
      vertex 53.75 77.6 62.4
      vertex 50.25 77.6 37.4
      vertex 53.75 77.6 37.4
    endloop
  endfacet
  facet normal 0 -1 0
    outer loop
      vertex 44.25 77.6 37.4
      vertex 47.75 77.6 62.4
      vertex 44.25 77.6 62.4
    endloop
  endfacet
  facet normal 0 -1 -0
    outer loop
      vertex 47.75 77.6 62.4
      vertex 44.25 77.6 37.4
      vertex 47.75 77.6 37.4
    endloop
  endfacet
  facet normal 0 -1 0
    outer loop
      vertex 38.25 77.6 37.4
      vertex 41.75 77.6 62.4
      vertex 38.25 77.6 62.4
    endloop
  endfacet
  facet normal 0 -1 -0
    outer loop
      vertex 41.75 77.6 62.4
      vertex 38.25 77.6 37.4
      vertex 41.75 77.6 37.4
    endloop
  endfacet
  facet normal 0 -1 0
    outer loop
      vertex 32.25 77.6 37.4
      vertex 35.75 77.6 62.4
      vertex 32.25 77.6 62.4
    endloop
  endfacet
  facet normal 0 -1 -0
    outer loop
      vertex 35.75 77.6 62.4
      vertex 32.25 77.6 37.4
      vertex 35.75 77.6 37.4
    endloop
  endfacet
  facet normal 0 -1 0
    outer loop
      vertex 26.25 77.6 37.4
      vertex 29.75 77.6 62.4
      vertex 26.25 77.6 62.4
    endloop
  endfacet
  facet normal 0 -1 -0
    outer loop
      vertex 29.75 77.6 62.4
      vertex 26.25 77.6 37.4
      vertex 29.75 77.6 37.4
    endloop
  endfacet
  facet normal 0 -1 0
    outer loop
      vertex 26.25 77.6 62.4
      vertex 4.5 77.6 80
      vertex 23.75 77.6 62.4
    endloop
  endfacet
  facet normal 0 -1 0
    outer loop
      vertex 4.5 77.6 80
      vertex 23.75 77.6 37.4
      vertex 23.75 77.6 62.4
    endloop
  endfacet
  facet normal 0 -1 0
    outer loop
      vertex 4.5 77.6 2.4
      vertex 26.25 77.6 37.4
      vertex 23.75 77.6 37.4
    endloop
  endfacet
  facet normal 0 -1 0
    outer loop
      vertex 26.25 77.6 37.4
      vertex 50 77.6 12.4
      vertex 29.75 77.6 37.4
    endloop
  endfacet
  facet normal -0 -1 -0
    outer loop
      vertex 50 77.6 19.4
      vertex 29.75 77.6 37.4
      vertex 50 77.6 12.4
    endloop
  endfacet
  facet normal 0 -1 0
    outer loop
      vertex 32.25 77.6 37.4
      vertex 50 77.6 19.4
      vertex 35.75 77.6 37.4
    endloop
  endfacet
  facet normal 0 -1 0
    outer loop
      vertex 35.75 77.6 37.4
      vertex 50 77.6 19.4
      vertex 38.25 77.6 37.4
    endloop
  endfacet
  facet normal 0 -1 0
    outer loop
      vertex 38.25 77.6 37.4
      vertex 50 77.6 19.4
      vertex 41.75 77.6 37.4
    endloop
  endfacet
  facet normal 0 -1 0
    outer loop
      vertex 41.75 77.6 37.4
      vertex 50 77.6 19.4
      vertex 44.25 77.6 37.4
    endloop
  endfacet
  facet normal 0 -1 0
    outer loop
      vertex 44.25 77.6 37.4
      vertex 50 77.6 19.4
      vertex 47.75 77.6 37.4
    endloop
  endfacet
  facet normal 0 -1 0
    outer loop
      vertex 47.75 77.6 37.4
      vertex 50 77.6 19.4
      vertex 50.25 77.6 37.4
    endloop
  endfacet
  facet normal 0 -1 -0
    outer loop
      vertex 50.25 77.6 37.4
      vertex 50 77.6 19.4
      vertex 53.75 77.6 37.4
    endloop
  endfacet
  facet normal 0 -1 -0
    outer loop
      vertex 53.75 77.6 37.4
      vertex 50 77.6 19.4
      vertex 56.25 77.6 37.4
    endloop
  endfacet
  facet normal 0 -1 0
    outer loop
      vertex 60 77.6 19.4
      vertex 56.25 77.6 37.4
      vertex 50 77.6 19.4
    endloop
  endfacet
  facet normal 0 -1 0
    outer loop
      vertex 56.25 77.6 37.4
      vertex 60 77.6 19.4
      vertex 59.75 77.6 37.4
    endloop
  endfacet
  facet normal 0 -1 0
    outer loop
      vertex 59.75 77.6 37.4
      vertex 60 77.6 19.4
      vertex 62.25 77.6 37.4
    endloop
  endfacet
  facet normal 0 -1 -0
    outer loop
      vertex 62.25 77.6 37.4
      vertex 60 77.6 19.4
      vertex 65.75 77.6 37.4
    endloop
  endfacet
  facet normal 0 -1 -0
    outer loop
      vertex 65.75 77.6 37.4
      vertex 60 77.6 19.4
      vertex 68.25 77.6 37.4
    endloop
  endfacet
  facet normal 0 -1 -0
    outer loop
      vertex 68.25 77.6 37.4
      vertex 60 77.6 19.4
      vertex 71.75 77.6 37.4
    endloop
  endfacet
  facet normal 0 -1 -0
    outer loop
      vertex 71.75 77.6 37.4
      vertex 60 77.6 19.4
      vertex 74.25 77.6 37.4
    endloop
  endfacet
  facet normal 0 -1 -0
    outer loop
      vertex 74.25 77.6 37.4
      vertex 60 77.6 19.4
      vertex 77.75 77.6 37.4
    endloop
  endfacet
  facet normal 0 -1 -0
    outer loop
      vertex 77.75 77.6 37.4
      vertex 60 77.6 19.4
      vertex 80.25 77.6 37.4
    endloop
  endfacet
  facet normal 0 -1 0
    outer loop
      vertex 60 77.6 12.4
      vertex 80.25 77.6 37.4
      vertex 60 77.6 19.4
    endloop
  endfacet
  facet normal 0 -1 0
    outer loop
      vertex 29.75 77.6 37.4
      vertex 50 77.6 19.4
      vertex 32.25 77.6 37.4
    endloop
  endfacet
  facet normal 0 -1 -0
    outer loop
      vertex 50 77.6 12.4
      vertex 4.5 77.6 2.4
      vertex 60 77.6 12.4
    endloop
  endfacet
  facet normal 0 -1 -0
    outer loop
      vertex 26.25 77.6 37.4
      vertex 4.5 77.6 2.4
      vertex 50 77.6 12.4
    endloop
  endfacet
  facet normal 0 -1 0
    outer loop
      vertex 4.5 77.6 2.4
      vertex 23.75 77.6 37.4
      vertex 4.5 77.6 80
    endloop
  endfacet
  facet normal 0 -1 0
    outer loop
      vertex 29.75 77.6 62.4
      vertex 4.5 77.6 80
      vertex 26.25 77.6 62.4
    endloop
  endfacet
  facet normal 0 -1 0
    outer loop
      vertex 32.25 77.6 62.4
      vertex 4.5 77.6 80
      vertex 29.75 77.6 62.4
    endloop
  endfacet
  facet normal 0 -1 0
    outer loop
      vertex 35.75 77.6 62.4
      vertex 4.5 77.6 80
      vertex 32.25 77.6 62.4
    endloop
  endfacet
  facet normal 0 -1 0
    outer loop
      vertex 38.25 77.6 62.4
      vertex 4.5 77.6 80
      vertex 35.75 77.6 62.4
    endloop
  endfacet
  facet normal 0 -1 0
    outer loop
      vertex 41.75 77.6 62.4
      vertex 4.5 77.6 80
      vertex 38.25 77.6 62.4
    endloop
  endfacet
  facet normal 0 -1 0
    outer loop
      vertex 44.25 77.6 62.4
      vertex 4.5 77.6 80
      vertex 41.75 77.6 62.4
    endloop
  endfacet
  facet normal 0 -1 0
    outer loop
      vertex 47.75 77.6 62.4
      vertex 4.5 77.6 80
      vertex 44.25 77.6 62.4
    endloop
  endfacet
  facet normal 0 -1 0
    outer loop
      vertex 50.25 77.6 62.4
      vertex 4.5 77.6 80
      vertex 47.75 77.6 62.4
    endloop
  endfacet
  facet normal 0 -1 0
    outer loop
      vertex 53.75 77.6 62.4
      vertex 4.5 77.6 80
      vertex 50.25 77.6 62.4
    endloop
  endfacet
  facet normal 0 -1 0
    outer loop
      vertex 4.5 77.6 80
      vertex 53.75 77.6 62.4
      vertex 105.5 77.6 80
    endloop
  endfacet
  facet normal 0 -1 0
    outer loop
      vertex 56.25 77.6 62.4
      vertex 105.5 77.6 80
      vertex 53.75 77.6 62.4
    endloop
  endfacet
  facet normal 0 -1 0
    outer loop
      vertex 59.75 77.6 62.4
      vertex 105.5 77.6 80
      vertex 56.25 77.6 62.4
    endloop
  endfacet
  facet normal 0 -1 0
    outer loop
      vertex 62.25 77.6 62.4
      vertex 105.5 77.6 80
      vertex 59.75 77.6 62.4
    endloop
  endfacet
  facet normal 0 -1 0
    outer loop
      vertex 65.75 77.6 62.4
      vertex 105.5 77.6 80
      vertex 62.25 77.6 62.4
    endloop
  endfacet
  facet normal 0 -1 0
    outer loop
      vertex 68.25 77.6 62.4
      vertex 105.5 77.6 80
      vertex 65.75 77.6 62.4
    endloop
  endfacet
  facet normal 0 -1 0
    outer loop
      vertex 71.75 77.6 62.4
      vertex 105.5 77.6 80
      vertex 68.25 77.6 62.4
    endloop
  endfacet
  facet normal 0 -1 0
    outer loop
      vertex 74.25 77.6 62.4
      vertex 105.5 77.6 80
      vertex 71.75 77.6 62.4
    endloop
  endfacet
  facet normal 0 -1 0
    outer loop
      vertex 77.75 77.6 62.4
      vertex 105.5 77.6 80
      vertex 74.25 77.6 62.4
    endloop
  endfacet
  facet normal 0 -1 0
    outer loop
      vertex 80.25 77.6 62.4
      vertex 105.5 77.6 80
      vertex 77.75 77.6 62.4
    endloop
  endfacet
  facet normal 0 -1 0
    outer loop
      vertex 83.75 77.6 62.4
      vertex 105.5 77.6 80
      vertex 80.25 77.6 62.4
    endloop
  endfacet
  facet normal 0 -1 0
    outer loop
      vertex 86.25 77.6 62.4
      vertex 105.5 77.6 80
      vertex 83.75 77.6 62.4
    endloop
  endfacet
  facet normal 0 -1 0
    outer loop
      vertex 86.25 77.6 37.4
      vertex 105.5 77.6 80
      vertex 86.25 77.6 62.4
    endloop
  endfacet
  facet normal 0 -1 -0
    outer loop
      vertex 80.25 77.6 37.4
      vertex 60 77.6 12.4
      vertex 83.75 77.6 37.4
    endloop
  endfacet
  facet normal 0 -1 0
    outer loop
      vertex 105.5 77.6 2.4
      vertex 83.75 77.6 37.4
      vertex 60 77.6 12.4
    endloop
  endfacet
  facet normal 0 -1 0
    outer loop
      vertex 86.25 77.6 37.4
      vertex 105.5 77.6 2.4
      vertex 105.5 77.6 80
    endloop
  endfacet
  facet normal 0 -1 0
    outer loop
      vertex 83.75 77.6 37.4
      vertex 105.5 77.6 2.4
      vertex 86.25 77.6 37.4
    endloop
  endfacet
  facet normal 0 -1 0
    outer loop
      vertex 105.5 77.6 2.4
      vertex 60 77.6 12.4
      vertex 4.5 77.6 2.4
    endloop
  endfacet
  facet normal -0.996883 0.0788985 0
    outer loop
      vertex 107.574 4.17149 2.4
      vertex 107.6 4.5 80
      vertex 107.6 4.5 2.4
    endloop
  endfacet
  facet normal -0.996883 0.0788985 0
    outer loop
      vertex 107.6 4.5 80
      vertex 107.574 4.17149 2.4
      vertex 107.574 4.17149 80
    endloop
  endfacet
  facet normal -0.233746 0.972298 0
    outer loop
      vertex 106.149 2.50278 2.4
      vertex 105.829 2.42585 80
      vertex 106.149 2.50278 80
    endloop
  endfacet
  facet normal -0.233746 0.972298 0
    outer loop
      vertex 105.829 2.42585 80
      vertex 106.149 2.50278 2.4
      vertex 105.829 2.42585 2.4
    endloop
  endfacet
  facet normal -0.0784806 -0.996916 0
    outer loop
      vertex 105.5 77.6 2.4
      vertex 105.829 77.5741 80
      vertex 105.5 77.6 80
    endloop
  endfacet
  facet normal -0.0784806 -0.996916 -0
    outer loop
      vertex 105.829 77.5741 80
      vertex 105.5 77.6 2.4
      vertex 105.829 77.5741 2.4
    endloop
  endfacet
  facet normal -1 0 0
    outer loop
      vertex 107.6 40.4 39.4
      vertex 107.6 75.5 2.4
      vertex 107.6 40.4 30.4
    endloop
  endfacet
  facet normal -1 0 0
    outer loop
      vertex 107.6 4.5 2.4
      vertex 107.6 40.4 30.4
      vertex 107.6 75.5 2.4
    endloop
  endfacet
  facet normal -1 -0 0
    outer loop
      vertex 107.6 25.9 30.4
      vertex 107.6 4.5 2.4
      vertex 107.6 25.9 39.4
    endloop
  endfacet
  facet normal -1 -0 0
    outer loop
      vertex 107.6 40.4 30.4
      vertex 107.6 4.5 2.4
      vertex 107.6 25.9 30.4
    endloop
  endfacet
  facet normal -1 0 0
    outer loop
      vertex 107.6 75.5 2.4
      vertex 107.6 40.4 39.4
      vertex 107.6 75.5 80
    endloop
  endfacet
  facet normal -1 0 0
    outer loop
      vertex 107.6 4.5 80
      vertex 107.6 40.4 39.4
      vertex 107.6 25.9 39.4
    endloop
  endfacet
  facet normal -1 0 0
    outer loop
      vertex 107.6 40.4 39.4
      vertex 107.6 4.5 80
      vertex 107.6 75.5 80
    endloop
  endfacet
  facet normal -1 0 0
    outer loop
      vertex 107.6 4.5 80
      vertex 107.6 25.9 39.4
      vertex 107.6 4.5 2.4
    endloop
  endfacet
  facet normal -0.972321 0.233651 0
    outer loop
      vertex 107.497 3.85106 2.4
      vertex 107.574 4.17149 80
      vertex 107.574 4.17149 2.4
    endloop
  endfacet
  facet normal -0.972321 0.233651 0
    outer loop
      vertex 107.574 4.17149 80
      vertex 107.497 3.85106 2.4
      vertex 107.497 3.85106 80
    endloop
  endfacet
  facet normal 0.522546 -0.852611 0
    outer loop
      vertex 3.26565 77.1989 2.4
      vertex 3.54662 77.3711 80
      vertex 3.26565 77.1989 80
    endloop
  endfacet
  facet normal 0.522546 -0.852611 0
    outer loop
      vertex 3.54662 77.3711 80
      vertex 3.26565 77.1989 2.4
      vertex 3.54662 77.3711 2.4
    endloop
  endfacet
  facet normal 0.649471 0.760386 -0
    outer loop
      vertex 3.26565 2.80106 2.4
      vertex 3.01508 3.01508 80
      vertex 3.26565 2.80106 80
    endloop
  endfacet
  facet normal 0.649471 0.760386 0
    outer loop
      vertex 3.01508 3.01508 80
      vertex 3.26565 2.80106 2.4
      vertex 3.01508 3.01508 2.4
    endloop
  endfacet
  facet normal -0.648792 -0.760966 0
    outer loop
      vertex 106.734 77.1989 2.4
      vertex 106.985 76.9849 80
      vertex 106.734 77.1989 80
    endloop
  endfacet
  facet normal -0.648792 -0.760966 -0
    outer loop
      vertex 106.985 76.9849 80
      vertex 106.734 77.1989 2.4
      vertex 106.985 76.9849 2.4
    endloop
  endfacet
  facet normal 0.52248 0.852652 -0
    outer loop
      vertex 3.54662 2.62889 2.4
      vertex 3.26565 2.80106 80
      vertex 3.54662 2.62889 80
    endloop
  endfacet
  facet normal 0.52248 0.852652 0
    outer loop
      vertex 3.26565 2.80106 80
      vertex 3.54662 2.62889 2.4
      vertex 3.26565 2.80106 2.4
    endloop
  endfacet
  facet normal 0.382675 -0.923883 0
    outer loop
      vertex 3.54662 77.3711 2.4
      vertex 3.85106 77.4972 80
      vertex 3.54662 77.3711 80
    endloop
  endfacet
  facet normal 0.382675 -0.923883 0
    outer loop
      vertex 3.85106 77.4972 80
      vertex 3.54662 77.3711 2.4
      vertex 3.85106 77.4972 2.4
    endloop
  endfacet
  facet normal 1 0 0
    outer loop
      vertex 2.4 75.5 80
      vertex 2.4 63.9 41.4
      vertex 2.4 75.5 2.4
    endloop
  endfacet
  facet normal 1 0 0
    outer loop
      vertex 2.4 75.5 80
      vertex 2.4 57.9 41.4
      vertex 2.4 63.9 41.4
    endloop
  endfacet
  facet normal 1 0 0
    outer loop
      vertex 2.4 57.9 41.4
      vertex 2.4 30.4 15.9
      vertex 2.4 57.9 29.4
    endloop
  endfacet
  facet normal 1 -0 0
    outer loop
      vertex 2.4 4.5 80
      vertex 2.4 57.9 41.4
      vertex 2.4 75.5 80
    endloop
  endfacet
  facet normal 1 0 0
    outer loop
      vertex 2.4 57.9 41.4
      vertex 2.4 4.5 80
      vertex 2.4 30.4 15.9
    endloop
  endfacet
  facet normal 1 0 0
    outer loop
      vertex 2.4 4.5 2.4
      vertex 2.4 15.9 15.9
      vertex 2.4 4.5 80
    endloop
  endfacet
  facet normal 1 0 0
    outer loop
      vertex 2.4 30.4 15.9
      vertex 2.4 4.5 80
      vertex 2.4 15.9 15.9
    endloop
  endfacet
  facet normal 1 -0 0
    outer loop
      vertex 2.4 63.9 29.4
      vertex 2.4 75.5 2.4
      vertex 2.4 63.9 41.4
    endloop
  endfacet
  facet normal 1 -0 0
    outer loop
      vertex 2.4 57.9 29.4
      vertex 2.4 75.5 2.4
      vertex 2.4 63.9 29.4
    endloop
  endfacet
  facet normal 1 0 0
    outer loop
      vertex 2.4 30.4 6.9
      vertex 2.4 57.9 29.4
      vertex 2.4 30.4 15.9
    endloop
  endfacet
  facet normal 1 0 0
    outer loop
      vertex 2.4 57.9 29.4
      vertex 2.4 30.4 6.9
      vertex 2.4 75.5 2.4
    endloop
  endfacet
  facet normal 1 0 0
    outer loop
      vertex 2.4 4.5 2.4
      vertex 2.4 30.4 6.9
      vertex 2.4 15.9 6.9
    endloop
  endfacet
  facet normal 1 0 0
    outer loop
      vertex 2.4 30.4 6.9
      vertex 2.4 4.5 2.4
      vertex 2.4 75.5 2.4
    endloop
  endfacet
  facet normal 1 0 0
    outer loop
      vertex 2.4 15.9 15.9
      vertex 2.4 4.5 2.4
      vertex 2.4 15.9 6.9
    endloop
  endfacet
  facet normal -0.760455 -0.649391 0
    outer loop
      vertex 107.199 76.7343 2.4
      vertex 106.985 76.9849 80
      vertex 106.985 76.9849 2.4
    endloop
  endfacet
  facet normal -0.760455 -0.649391 0
    outer loop
      vertex 106.985 76.9849 80
      vertex 107.199 76.7343 2.4
      vertex 107.199 76.7343 80
    endloop
  endfacet
  facet normal 0.996918 0.0784461 0
    outer loop
      vertex 2.42585 4.17149 80
      vertex 2.4 4.5 2.4
      vertex 2.4 4.5 80
    endloop
  endfacet
  facet normal 0.996918 0.0784461 0
    outer loop
      vertex 2.4 4.5 2.4
      vertex 2.42585 4.17149 80
      vertex 2.42585 4.17149 2.4
    endloop
  endfacet
  facet normal 0.23345 0.972369 -0
    outer loop
      vertex 4.17149 2.42585 2.4
      vertex 3.85106 2.50278 80
      vertex 4.17149 2.42585 80
    endloop
  endfacet
  facet normal 0.23345 0.972369 0
    outer loop
      vertex 3.85106 2.50278 80
      vertex 4.17149 2.42585 2.4
      vertex 3.85106 2.50278 2.4
    endloop
  endfacet
  facet normal 0.233364 -0.97239 0
    outer loop
      vertex 3.85106 77.4972 2.4
      vertex 4.17149 77.5741 80
      vertex 3.85106 77.4972 80
    endloop
  endfacet
  facet normal 0.233364 -0.97239 0
    outer loop
      vertex 4.17149 77.5741 80
      vertex 3.85106 77.4972 2.4
      vertex 4.17149 77.5741 2.4
    endloop
  endfacet
  facet normal -0.522505 -0.852636 0
    outer loop
      vertex 106.453 77.3711 2.4
      vertex 106.734 77.1989 80
      vertex 106.453 77.3711 80
    endloop
  endfacet
  facet normal -0.522505 -0.852636 -0
    outer loop
      vertex 106.734 77.1989 80
      vertex 106.453 77.3711 2.4
      vertex 106.734 77.1989 2.4
    endloop
  endfacet
  facet normal -0.852882 0.522104 0
    outer loop
      vertex 107.199 3.26565 2.4
      vertex 107.371 3.54662 80
      vertex 107.371 3.54662 2.4
    endloop
  endfacet
  facet normal -0.852882 0.522104 0
    outer loop
      vertex 107.371 3.54662 80
      vertex 107.199 3.26565 2.4
      vertex 107.199 3.26565 80
    endloop
  endfacet
  facet normal -0.852824 -0.522199 0
    outer loop
      vertex 107.371 76.4534 2.4
      vertex 107.199 76.7343 80
      vertex 107.199 76.7343 2.4
    endloop
  endfacet
  facet normal -0.852824 -0.522199 0
    outer loop
      vertex 107.199 76.7343 80
      vertex 107.371 76.4534 2.4
      vertex 107.371 76.4534 80
    endloop
  endfacet
  facet normal 0.852594 -0.522574 0
    outer loop
      vertex 2.62889 76.4534 80
      vertex 2.80106 76.7343 2.4
      vertex 2.80106 76.7343 80
    endloop
  endfacet
  facet normal 0.852594 -0.522574 0
    outer loop
      vertex 2.80106 76.7343 2.4
      vertex 2.62889 76.4534 80
      vertex 2.62889 76.4534 2.4
    endloop
  endfacet
  facet normal -0.924017 -0.382352 0
    outer loop
      vertex 107.497 76.1489 2.4
      vertex 107.371 76.4534 80
      vertex 107.371 76.4534 2.4
    endloop
  endfacet
  facet normal -0.924017 -0.382352 0
    outer loop
      vertex 107.371 76.4534 80
      vertex 107.497 76.1489 2.4
      vertex 107.497 76.1489 80
    endloop
  endfacet
  facet normal -0.972316 -0.233671 0
    outer loop
      vertex 107.574 75.8285 2.4
      vertex 107.497 76.1489 80
      vertex 107.497 76.1489 2.4
    endloop
  endfacet
  facet normal -0.972316 -0.233671 0
    outer loop
      vertex 107.497 76.1489 80
      vertex 107.574 75.8285 2.4
      vertex 107.574 75.8285 80
    endloop
  endfacet
  facet normal 0.972369 0.23345 0
    outer loop
      vertex 2.50278 3.85106 80
      vertex 2.42585 4.17149 2.4
      vertex 2.42585 4.17149 80
    endloop
  endfacet
  facet normal 0.972369 0.23345 0
    outer loop
      vertex 2.42585 4.17149 2.4
      vertex 2.50278 3.85106 80
      vertex 2.50278 3.85106 2.4
    endloop
  endfacet
  facet normal 0.760386 0.649471 0
    outer loop
      vertex 3.01508 3.01508 80
      vertex 2.80106 3.26565 2.4
      vertex 2.80106 3.26565 80
    endloop
  endfacet
  facet normal 0.760386 0.649471 0
    outer loop
      vertex 2.80106 3.26565 2.4
      vertex 3.01508 3.01508 80
      vertex 3.01508 3.01508 2.4
    endloop
  endfacet
  facet normal -0.23366 -0.972318 0
    outer loop
      vertex 105.829 77.5741 2.4
      vertex 106.149 77.4972 80
      vertex 105.829 77.5741 80
    endloop
  endfacet
  facet normal -0.23366 -0.972318 -0
    outer loop
      vertex 106.149 77.4972 80
      vertex 105.829 77.5741 2.4
      vertex 106.149 77.4972 2.4
    endloop
  endfacet
  facet normal 0.382701 0.923872 -0
    outer loop
      vertex 3.85106 2.50278 2.4
      vertex 3.54662 2.62889 80
      vertex 3.85106 2.50278 80
    endloop
  endfacet
  facet normal 0.382701 0.923872 0
    outer loop
      vertex 3.54662 2.62889 80
      vertex 3.85106 2.50278 2.4
      vertex 3.54662 2.62889 2.4
    endloop
  endfacet
  facet normal 0.972364 -0.233471 0
    outer loop
      vertex 2.42585 75.8285 80
      vertex 2.50278 76.1489 2.4
      vertex 2.50278 76.1489 80
    endloop
  endfacet
  facet normal 0.972364 -0.233471 0
    outer loop
      vertex 2.50278 76.1489 2.4
      vertex 2.42585 75.8285 80
      vertex 2.42585 75.8285 2.4
    endloop
  endfacet
  facet normal -0.760416 0.649436 0
    outer loop
      vertex 106.985 3.01508 2.4
      vertex 107.199 3.26565 80
      vertex 107.199 3.26565 2.4
    endloop
  endfacet
  facet normal -0.760416 0.649436 0
    outer loop
      vertex 107.199 3.26565 80
      vertex 106.985 3.01508 2.4
      vertex 106.985 3.01508 80
    endloop
  endfacet
  facet normal 0.0784461 0.996918 -0
    outer loop
      vertex 4.5 2.4 2.4
      vertex 4.17149 2.42585 80
      vertex 4.5 2.4 80
    endloop
  endfacet
  facet normal 0.0784461 0.996918 0
    outer loop
      vertex 4.17149 2.42585 80
      vertex 4.5 2.4 2.4
      vertex 4.17149 2.42585 2.4
    endloop
  endfacet
  facet normal -0.522439 0.852677 0
    outer loop
      vertex 106.734 2.80106 2.4
      vertex 106.453 2.62889 80
      vertex 106.734 2.80106 80
    endloop
  endfacet
  facet normal -0.522439 0.852677 0
    outer loop
      vertex 106.453 2.62889 80
      vertex 106.734 2.80106 2.4
      vertex 106.453 2.62889 2.4
    endloop
  endfacet
  facet normal 0.923872 0.382701 0
    outer loop
      vertex 2.62889 3.54662 80
      vertex 2.50278 3.85106 2.4
      vertex 2.50278 3.85106 80
    endloop
  endfacet
  facet normal 0.923872 0.382701 0
    outer loop
      vertex 2.50278 3.85106 2.4
      vertex 2.62889 3.54662 80
      vertex 2.62889 3.54662 2.4
    endloop
  endfacet
  facet normal -0.07833 0.996927 0
    outer loop
      vertex 105.829 2.42585 2.4
      vertex 105.5 2.4 80
      vertex 105.829 2.42585 80
    endloop
  endfacet
  facet normal -0.07833 0.996927 0
    outer loop
      vertex 105.5 2.4 80
      vertex 105.829 2.42585 2.4
      vertex 105.5 2.4 2.4
    endloop
  endfacet
  facet normal 0.996918 -0.0784485 0
    outer loop
      vertex 2.4 75.5 80
      vertex 2.42585 75.8285 2.4
      vertex 2.42585 75.8285 80
    endloop
  endfacet
  facet normal 0.996918 -0.0784485 0
    outer loop
      vertex 2.42585 75.8285 2.4
      vertex 2.4 75.5 80
      vertex 2.4 75.5 2.4
    endloop
  endfacet
  facet normal -0.92399 0.382416 0
    outer loop
      vertex 107.371 3.54662 2.4
      vertex 107.497 3.85106 80
      vertex 107.497 3.85106 2.4
    endloop
  endfacet
  facet normal -0.92399 0.382416 0
    outer loop
      vertex 107.497 3.85106 80
      vertex 107.371 3.54662 2.4
      vertex 107.371 3.54662 80
    endloop
  endfacet
  facet normal -0 0 1
    outer loop
      vertex 7.2 67.1 2.4
      vertex 8.4 12.7 2.4
      vertex 8.4 67.1 2.4
    endloop
  endfacet
  facet normal 0 0 1
    outer loop
      vertex 8.4 12.7 2.4
      vertex 7.2 67.1 2.4
      vertex 7.2 12.7 2.4
    endloop
  endfacet
  facet normal 0 0 1
    outer loop
      vertex 8.4 67.1 2.4
      vertex 11.2 69.9 2.4
      vertex 8.4 69.9 2.4
    endloop
  endfacet
  facet normal 0 0 1
    outer loop
      vertex 11.2 69.9 2.4
      vertex 8.4 67.1 2.4
      vertex 11.2 9.9 2.4
    endloop
  endfacet
  facet normal -0 0 1
    outer loop
      vertex 8.4 12.7 2.4
      vertex 11.2 9.9 2.4
      vertex 8.4 67.1 2.4
    endloop
  endfacet
  facet normal 0 0 1
    outer loop
      vertex 11.2 9.9 2.4
      vertex 8.4 12.7 2.4
      vertex 8.4 9.9 2.4
    endloop
  endfacet
  facet normal -0 0 1
    outer loop
      vertex 45.6 69.9 2.4
      vertex 48.4 67.1 2.4
      vertex 48.4 69.9 2.4
    endloop
  endfacet
  facet normal -0 0 1
    outer loop
      vertex 11.2 69.9 2.4
      vertex 48.4 67.1 2.4
      vertex 45.6 69.9 2.4
    endloop
  endfacet
  facet normal 0 0 1
    outer loop
      vertex 48.4 67.1 2.4
      vertex 11.2 69.9 2.4
      vertex 48.4 12.7 2.4
    endloop
  endfacet
  facet normal 0 0 1
    outer loop
      vertex 48.4 12.7 2.4
      vertex 45.6 9.9 2.4
      vertex 48.4 9.9 2.4
    endloop
  endfacet
  facet normal -0 0 1
    outer loop
      vertex 48.4 67.1 2.4
      vertex 49.6 12.7 2.4
      vertex 49.6 67.1 2.4
    endloop
  endfacet
  facet normal 0 0 1
    outer loop
      vertex 49.6 12.7 2.4
      vertex 48.4 67.1 2.4
      vertex 48.4 12.7 2.4
    endloop
  endfacet
  facet normal -0 0 1
    outer loop
      vertex 60.4 67.1 2.4
      vertex 61.6 12.7 2.4
      vertex 61.6 67.1 2.4
    endloop
  endfacet
  facet normal 0 0 1
    outer loop
      vertex 61.6 12.7 2.4
      vertex 60.4 67.1 2.4
      vertex 60.4 12.7 2.4
    endloop
  endfacet
  facet normal 0 0 1
    outer loop
      vertex 61.6 67.1 2.4
      vertex 64.4 69.9 2.4
      vertex 61.6 69.9 2.4
    endloop
  endfacet
  facet normal 0 0 1
    outer loop
      vertex 64.4 69.9 2.4
      vertex 61.6 67.1 2.4
      vertex 64.4 9.9 2.4
    endloop
  endfacet
  facet normal -0 0 1
    outer loop
      vertex 61.6 12.7 2.4
      vertex 64.4 9.9 2.4
      vertex 61.6 67.1 2.4
    endloop
  endfacet
  facet normal 0 0 1
    outer loop
      vertex 64.4 9.9 2.4
      vertex 61.6 12.7 2.4
      vertex 61.6 9.9 2.4
    endloop
  endfacet
  facet normal -0 0 1
    outer loop
      vertex 98.8 69.9 2.4
      vertex 101.6 67.1 2.4
      vertex 101.6 69.9 2.4
    endloop
  endfacet
  facet normal -0 0 1
    outer loop
      vertex 64.4 69.9 2.4
      vertex 101.6 67.1 2.4
      vertex 98.8 69.9 2.4
    endloop
  endfacet
  facet normal 0 0 1
    outer loop
      vertex 101.6 67.1 2.4
      vertex 64.4 69.9 2.4
      vertex 101.6 12.7 2.4
    endloop
  endfacet
  facet normal 0 0 1
    outer loop
      vertex 101.6 12.7 2.4
      vertex 98.8 9.9 2.4
      vertex 101.6 9.9 2.4
    endloop
  endfacet
  facet normal -0 0 1
    outer loop
      vertex 101.6 67.1 2.4
      vertex 102.8 12.7 2.4
      vertex 102.8 67.1 2.4
    endloop
  endfacet
  facet normal 0 0 1
    outer loop
      vertex 102.8 12.7 2.4
      vertex 101.6 67.1 2.4
      vertex 101.6 12.7 2.4
    endloop
  endfacet
  facet normal 0 0 1
    outer loop
      vertex 105.5 77.6 2.4
      vertex 107.6 75.5 2.4
      vertex 107.574 75.8285 2.4
    endloop
  endfacet
  facet normal 0 0 1
    outer loop
      vertex 107.6 75.5 2.4
      vertex 102.8 67.1 2.4
      vertex 107.6 4.5 2.4
    endloop
  endfacet
  facet normal 0 0 1
    outer loop
      vertex 105.5 77.6 2.4
      vertex 107.574 75.8285 2.4
      vertex 107.497 76.1489 2.4
    endloop
  endfacet
  facet normal -0 0 1
    outer loop
      vertex 102.8 12.7 2.4
      vertex 107.6 4.5 2.4
      vertex 102.8 67.1 2.4
    endloop
  endfacet
  facet normal 0 0 1
    outer loop
      vertex 105.5 77.6 2.4
      vertex 107.497 76.1489 2.4
      vertex 107.371 76.4534 2.4
    endloop
  endfacet
  facet normal -0 0 1
    outer loop
      vertex 102.8 8.7 2.4
      vertex 107.6 4.5 2.4
      vertex 102.8 12.7 2.4
    endloop
  endfacet
  facet normal 0 0 1
    outer loop
      vertex 105.5 77.6 2.4
      vertex 107.371 76.4534 2.4
      vertex 107.199 76.7343 2.4
    endloop
  endfacet
  facet normal 0 -0 1
    outer loop
      vertex 105.5 2.4 2.4
      vertex 107.6 4.5 2.4
      vertex 102.8 8.7 2.4
    endloop
  endfacet
  facet normal 0 0 1
    outer loop
      vertex 105.5 77.6 2.4
      vertex 107.199 76.7343 2.4
      vertex 106.985 76.9849 2.4
    endloop
  endfacet
  facet normal 0 0 1
    outer loop
      vertex 107.6 4.5 2.4
      vertex 105.5 2.4 2.4
      vertex 107.574 4.17149 2.4
    endloop
  endfacet
  facet normal 0 0 1
    outer loop
      vertex 105.5 77.6 2.4
      vertex 106.985 76.9849 2.4
      vertex 106.734 77.1989 2.4
    endloop
  endfacet
  facet normal 0 0 1
    outer loop
      vertex 107.574 4.17149 2.4
      vertex 105.5 2.4 2.4
      vertex 107.497 3.85106 2.4
    endloop
  endfacet
  facet normal 0 0 1
    outer loop
      vertex 105.5 77.6 2.4
      vertex 106.734 77.1989 2.4
      vertex 106.453 77.3711 2.4
    endloop
  endfacet
  facet normal 0 0 1
    outer loop
      vertex 107.497 3.85106 2.4
      vertex 105.5 2.4 2.4
      vertex 107.371 3.54662 2.4
    endloop
  endfacet
  facet normal 0 0 1
    outer loop
      vertex 105.5 77.6 2.4
      vertex 106.453 77.3711 2.4
      vertex 106.149 77.4972 2.4
    endloop
  endfacet
  facet normal 0 0 1
    outer loop
      vertex 107.371 3.54662 2.4
      vertex 105.5 2.4 2.4
      vertex 107.199 3.26565 2.4
    endloop
  endfacet
  facet normal 0 0 1
    outer loop
      vertex 105.5 77.6 2.4
      vertex 106.149 77.4972 2.4
      vertex 105.829 77.5741 2.4
    endloop
  endfacet
  facet normal 0 0 1
    outer loop
      vertex 107.199 3.26565 2.4
      vertex 105.5 2.4 2.4
      vertex 106.985 3.01508 2.4
    endloop
  endfacet
  facet normal 0 0 1
    outer loop
      vertex 107.6 75.5 2.4
      vertex 105.5 77.6 2.4
      vertex 102.8 71.1 2.4
    endloop
  endfacet
  facet normal 0 0 1
    outer loop
      vertex 106.985 3.01508 2.4
      vertex 105.5 2.4 2.4
      vertex 106.734 2.80106 2.4
    endloop
  endfacet
  facet normal 0 0 1
    outer loop
      vertex 107.6 75.5 2.4
      vertex 102.8 71.1 2.4
      vertex 102.8 67.1 2.4
    endloop
  endfacet
  facet normal 0 0 1
    outer loop
      vertex 105.5 77.6 2.4
      vertex 98.8 71.1 2.4
      vertex 102.8 71.1 2.4
    endloop
  endfacet
  facet normal 0 0 1
    outer loop
      vertex 64.4 69.9 2.4
      vertex 98.8 69.9 2.4
      vertex 98.8 71.1 2.4
    endloop
  endfacet
  facet normal 0 0 1
    outer loop
      vertex 64.4 9.9 2.4
      vertex 101.6 12.7 2.4
      vertex 64.4 69.9 2.4
    endloop
  endfacet
  facet normal 0 0 1
    outer loop
      vertex 64.4 69.9 2.4
      vertex 98.8 71.1 2.4
      vertex 64.4 71.1 2.4
    endloop
  endfacet
  facet normal 0 0 1
    outer loop
      vertex 105.5 77.6 2.4
      vertex 64.4 71.1 2.4
      vertex 98.8 71.1 2.4
    endloop
  endfacet
  facet normal 0 0 1
    outer loop
      vertex 105.5 77.6 2.4
      vertex 60.4 71.1 2.4
      vertex 64.4 71.1 2.4
    endloop
  endfacet
  facet normal 0 0 1
    outer loop
      vertex 49.6 67.1 2.4
      vertex 60.4 67.1 2.4
      vertex 60.4 71.1 2.4
    endloop
  endfacet
  facet normal 0 0 1
    outer loop
      vertex 60.4 67.1 2.4
      vertex 49.6 67.1 2.4
      vertex 60.4 12.7 2.4
    endloop
  endfacet
  facet normal 0 0 1
    outer loop
      vertex 49.6 67.1 2.4
      vertex 60.4 71.1 2.4
      vertex 49.6 71.1 2.4
    endloop
  endfacet
  facet normal 0 0 1
    outer loop
      vertex 105.5 77.6 2.4
      vertex 49.6 71.1 2.4
      vertex 60.4 71.1 2.4
    endloop
  endfacet
  facet normal -0 0 1
    outer loop
      vertex 4.5 77.6 2.4
      vertex 49.6 71.1 2.4
      vertex 105.5 77.6 2.4
    endloop
  endfacet
  facet normal 0 0 1
    outer loop
      vertex 11.2 69.9 2.4
      vertex 45.6 69.9 2.4
      vertex 45.6 71.1 2.4
    endloop
  endfacet
  facet normal 0 0 1
    outer loop
      vertex 11.2 9.9 2.4
      vertex 48.4 12.7 2.4
      vertex 11.2 69.9 2.4
    endloop
  endfacet
  facet normal 0 0 1
    outer loop
      vertex 11.2 69.9 2.4
      vertex 45.6 71.1 2.4
      vertex 11.2 71.1 2.4
    endloop
  endfacet
  facet normal 0 0 1
    outer loop
      vertex 49.6 71.1 2.4
      vertex 4.5 77.6 2.4
      vertex 45.6 71.1 2.4
    endloop
  endfacet
  facet normal 0 0 1
    outer loop
      vertex 45.6 71.1 2.4
      vertex 4.5 77.6 2.4
      vertex 11.2 71.1 2.4
    endloop
  endfacet
  facet normal 0 0 1
    outer loop
      vertex 2.4 75.5 2.4
      vertex 7.2 67.1 2.4
      vertex 7.2 71.1 2.4
    endloop
  endfacet
  facet normal 0 0 1
    outer loop
      vertex 2.4 4.5 2.4
      vertex 7.2 67.1 2.4
      vertex 2.4 75.5 2.4
    endloop
  endfacet
  facet normal -0 0 1
    outer loop
      vertex 2.4 75.5 2.4
      vertex 7.2 71.1 2.4
      vertex 4.5 77.6 2.4
    endloop
  endfacet
  facet normal 0 0 1
    outer loop
      vertex 11.2 71.1 2.4
      vertex 4.5 77.6 2.4
      vertex 7.2 71.1 2.4
    endloop
  endfacet
  facet normal 0 0 1
    outer loop
      vertex 106.734 2.80106 2.4
      vertex 105.5 2.4 2.4
      vertex 106.453 2.62889 2.4
    endloop
  endfacet
  facet normal 0 0 1
    outer loop
      vertex 106.453 2.62889 2.4
      vertex 105.5 2.4 2.4
      vertex 106.149 2.50278 2.4
    endloop
  endfacet
  facet normal 0 0 1
    outer loop
      vertex 106.149 2.50278 2.4
      vertex 105.5 2.4 2.4
      vertex 105.829 2.42585 2.4
    endloop
  endfacet
  facet normal -0 0 1
    outer loop
      vertex 98.8 8.7 2.4
      vertex 105.5 2.4 2.4
      vertex 102.8 8.7 2.4
    endloop
  endfacet
  facet normal 0 0 1
    outer loop
      vertex 101.6 12.7 2.4
      vertex 64.4 9.9 2.4
      vertex 98.8 9.9 2.4
    endloop
  endfacet
  facet normal 0 0 1
    outer loop
      vertex 98.8 9.9 2.4
      vertex 64.4 9.9 2.4
      vertex 98.8 8.7 2.4
    endloop
  endfacet
  facet normal 0 0 1
    outer loop
      vertex 64.4 8.7 2.4
      vertex 98.8 8.7 2.4
      vertex 64.4 9.9 2.4
    endloop
  endfacet
  facet normal 0 0 1
    outer loop
      vertex 98.8 8.7 2.4
      vertex 64.4 8.7 2.4
      vertex 105.5 2.4 2.4
    endloop
  endfacet
  facet normal -0 0 1
    outer loop
      vertex 60.4 8.7 2.4
      vertex 105.5 2.4 2.4
      vertex 64.4 8.7 2.4
    endloop
  endfacet
  facet normal 0 0 1
    outer loop
      vertex 49.6 12.7 2.4
      vertex 60.4 12.7 2.4
      vertex 49.6 67.1 2.4
    endloop
  endfacet
  facet normal 0 0 1
    outer loop
      vertex 60.4 12.7 2.4
      vertex 49.6 12.7 2.4
      vertex 60.4 8.7 2.4
    endloop
  endfacet
  facet normal 0 0 1
    outer loop
      vertex 49.6 8.7 2.4
      vertex 60.4 8.7 2.4
      vertex 49.6 12.7 2.4
    endloop
  endfacet
  facet normal -0 0 1
    outer loop
      vertex 49.6 8.7 2.4
      vertex 105.5 2.4 2.4
      vertex 60.4 8.7 2.4
    endloop
  endfacet
  facet normal 0 0 1
    outer loop
      vertex 4.5 2.4 2.4
      vertex 49.6 8.7 2.4
      vertex 45.6 8.7 2.4
    endloop
  endfacet
  facet normal 0 0 1
    outer loop
      vertex 48.4 12.7 2.4
      vertex 11.2 9.9 2.4
      vertex 45.6 9.9 2.4
    endloop
  endfacet
  facet normal 0 0 1
    outer loop
      vertex 45.6 9.9 2.4
      vertex 11.2 9.9 2.4
      vertex 45.6 8.7 2.4
    endloop
  endfacet
  facet normal 0 0 1
    outer loop
      vertex 11.2 8.7 2.4
      vertex 45.6 8.7 2.4
      vertex 11.2 9.9 2.4
    endloop
  endfacet
  facet normal 0 0 1
    outer loop
      vertex 4.5 2.4 2.4
      vertex 45.6 8.7 2.4
      vertex 11.2 8.7 2.4
    endloop
  endfacet
  facet normal 0 0 1
    outer loop
      vertex 4.5 2.4 2.4
      vertex 11.2 8.7 2.4
      vertex 7.2 8.7 2.4
    endloop
  endfacet
  facet normal 0 0 1
    outer loop
      vertex 49.6 8.7 2.4
      vertex 4.5 2.4 2.4
      vertex 105.5 2.4 2.4
    endloop
  endfacet
  facet normal 0 0 1
    outer loop
      vertex 7.2 67.1 2.4
      vertex 2.4 4.5 2.4
      vertex 7.2 12.7 2.4
    endloop
  endfacet
  facet normal 0 0 1
    outer loop
      vertex 2.4 75.5 2.4
      vertex 4.5 77.6 2.4
      vertex 4.17149 77.5741 2.4
    endloop
  endfacet
  facet normal 0 0 1
    outer loop
      vertex 7.2 12.7 2.4
      vertex 2.4 4.5 2.4
      vertex 7.2 8.7 2.4
    endloop
  endfacet
  facet normal 0 0 1
    outer loop
      vertex 2.4 75.5 2.4
      vertex 4.17149 77.5741 2.4
      vertex 3.85106 77.4972 2.4
    endloop
  endfacet
  facet normal 0 0 1
    outer loop
      vertex 7.2 8.7 2.4
      vertex 2.4 4.5 2.4
      vertex 4.5 2.4 2.4
    endloop
  endfacet
  facet normal 0 0 1
    outer loop
      vertex 2.4 75.5 2.4
      vertex 3.85106 77.4972 2.4
      vertex 3.54662 77.3711 2.4
    endloop
  endfacet
  facet normal 0 0 1
    outer loop
      vertex 4.5 2.4 2.4
      vertex 2.4 4.5 2.4
      vertex 4.17149 2.42585 2.4
    endloop
  endfacet
  facet normal 0 0 1
    outer loop
      vertex 2.4 75.5 2.4
      vertex 3.54662 77.3711 2.4
      vertex 3.26565 77.1989 2.4
    endloop
  endfacet
  facet normal 0 0 1
    outer loop
      vertex 4.17149 2.42585 2.4
      vertex 2.4 4.5 2.4
      vertex 3.85106 2.50278 2.4
    endloop
  endfacet
  facet normal 0 0 1
    outer loop
      vertex 2.4 75.5 2.4
      vertex 3.26565 77.1989 2.4
      vertex 3.01508 76.9849 2.4
    endloop
  endfacet
  facet normal 0 0 1
    outer loop
      vertex 3.85106 2.50278 2.4
      vertex 2.4 4.5 2.4
      vertex 3.54662 2.62889 2.4
    endloop
  endfacet
  facet normal 0 0 1
    outer loop
      vertex 2.4 75.5 2.4
      vertex 3.01508 76.9849 2.4
      vertex 2.80106 76.7343 2.4
    endloop
  endfacet
  facet normal 0 0 1
    outer loop
      vertex 3.54662 2.62889 2.4
      vertex 2.4 4.5 2.4
      vertex 3.26565 2.80106 2.4
    endloop
  endfacet
  facet normal 0 0 1
    outer loop
      vertex 2.4 75.5 2.4
      vertex 2.80106 76.7343 2.4
      vertex 2.62889 76.4534 2.4
    endloop
  endfacet
  facet normal 0 0 1
    outer loop
      vertex 3.26565 2.80106 2.4
      vertex 2.4 4.5 2.4
      vertex 3.01508 3.01508 2.4
    endloop
  endfacet
  facet normal 0 0 1
    outer loop
      vertex 2.4 75.5 2.4
      vertex 2.62889 76.4534 2.4
      vertex 2.50278 76.1489 2.4
    endloop
  endfacet
  facet normal 0 0 1
    outer loop
      vertex 3.01508 3.01508 2.4
      vertex 2.4 4.5 2.4
      vertex 2.80106 3.26565 2.4
    endloop
  endfacet
  facet normal 0 0 1
    outer loop
      vertex 2.4 75.5 2.4
      vertex 2.50278 76.1489 2.4
      vertex 2.42585 75.8285 2.4
    endloop
  endfacet
  facet normal 0 0 1
    outer loop
      vertex 2.80106 3.26565 2.4
      vertex 2.4 4.5 2.4
      vertex 2.62889 3.54662 2.4
    endloop
  endfacet
  facet normal 0 0 1
    outer loop
      vertex 2.62889 3.54662 2.4
      vertex 2.4 4.5 2.4
      vertex 2.50278 3.85106 2.4
    endloop
  endfacet
  facet normal 0 0 1
    outer loop
      vertex 2.50278 3.85106 2.4
      vertex 2.4 4.5 2.4
      vertex 2.42585 4.17149 2.4
    endloop
  endfacet
  facet normal 0.0784668 -0.996917 0
    outer loop
      vertex 7.45 3.2 2.4
      vertex 8.11485 3.25233 80
      vertex 7.45 3.2 80
    endloop
  endfacet
  facet normal 0.0784668 -0.996917 0
    outer loop
      vertex 8.11485 3.25233 80
      vertex 7.45 3.2 2.4
      vertex 8.11485 3.25233 2.4
    endloop
  endfacet
  facet normal 0.972364 0.233468 0
    outer loop
      vertex 11.6477 8.11485 80
      vertex 11.492 8.76332 2.4
      vertex 11.492 8.76332 80
    endloop
  endfacet
  facet normal 0.972364 0.233468 0
    outer loop
      vertex 11.492 8.76332 2.4
      vertex 11.6477 8.11485 80
      vertex 11.6477 8.11485 2.4
    endloop
  endfacet
  facet normal 0.99692 0.0784221 0
    outer loop
      vertex 11.7 7.45 80
      vertex 11.6477 8.11485 2.4
      vertex 11.6477 8.11485 80
    endloop
  endfacet
  facet normal 0.99692 0.0784221 0
    outer loop
      vertex 11.6477 8.11485 2.4
      vertex 11.7 7.45 80
      vertex 11.7 7.45 2.4
    endloop
  endfacet
  facet normal 0.923878 0.382686 0
    outer loop
      vertex 11.2368 9.37946 80
      vertex 11.463 8.83337 8.4
      vertex 11.2368 9.37946 8.4
    endloop
  endfacet
  facet normal 0.923887 0.382666 1.82199e-07
    outer loop
      vertex 11.492 8.76332 80
      vertex 11.463 8.83337 8.4
      vertex 11.2368 9.37946 80
    endloop
  endfacet
  facet normal 0.923953 0.382507 -0
    outer loop
      vertex 11.492 8.76332 2.4
      vertex 11.463 8.83337 8.4
      vertex 11.492 8.76332 80
    endloop
  endfacet
  facet normal 0.923953 0.382507 0
    outer loop
      vertex 11.463 8.83337 8.4
      vertex 11.492 8.76332 2.4
      vertex 11.463 8.83337 2.4
    endloop
  endfacet
  facet normal 0.382666 0.923887 -0
    outer loop
      vertex 9.37946 11.2368 8.4
      vertex 8.76332 11.492 80
      vertex 9.37946 11.2368 80
    endloop
  endfacet
  facet normal 0.382666 0.923887 0
    outer loop
      vertex 8.76332 11.492 80
      vertex 9.37946 11.2368 8.4
      vertex 8.76332 11.492 8.4
    endloop
  endfacet
  facet normal -0.972371 0.23344 0
    outer loop
      vertex 3.25233 8.11485 2.4
      vertex 3.40801 8.76332 80
      vertex 3.40801 8.76332 2.4
    endloop
  endfacet
  facet normal -0.972371 0.23344 0
    outer loop
      vertex 3.40801 8.76332 80
      vertex 3.25233 8.11485 2.4
      vertex 3.25233 8.11485 80
    endloop
  endfacet
  facet normal 0.649437 0.760415 -0
    outer loop
      vertex 10.4552 10.4552 8.4
      vertex 9.94809 10.8883 80
      vertex 10.4552 10.4552 80
    endloop
  endfacet
  facet normal 0.649357 0.760483 -9.75e-07
    outer loop
      vertex 10.1274 10.7351 8.4
      vertex 9.94809 10.8883 80
      vertex 10.4552 10.4552 8.4
    endloop
  endfacet
  facet normal 0.649582 0.760291 0
    outer loop
      vertex 9.94809 10.8883 2.4
      vertex 10.1274 10.7351 8.4
      vertex 10.1274 10.7351 2.4
    endloop
  endfacet
  facet normal 0.649582 0.760291 0
    outer loop
      vertex 10.1274 10.7351 8.4
      vertex 9.94809 10.8883 2.4
      vertex 9.94809 10.8883 80
    endloop
  endfacet
  facet normal 0.522502 -0.852638 0
    outer loop
      vertex 9.37946 3.66322 2.4
      vertex 9.94809 4.01168 80
      vertex 9.37946 3.66322 80
    endloop
  endfacet
  facet normal 0.522502 -0.852638 0
    outer loop
      vertex 9.94809 4.01168 80
      vertex 9.37946 3.66322 2.4
      vertex 9.94809 4.01168 2.4
    endloop
  endfacet
  facet normal -0.996917 0.0784668 0
    outer loop
      vertex 3.2 7.45 2.4
      vertex 3.25233 8.11485 80
      vertex 3.25233 8.11485 2.4
    endloop
  endfacet
  facet normal -0.996917 0.0784668 0
    outer loop
      vertex 3.25233 8.11485 80
      vertex 3.2 7.45 2.4
      vertex 3.2 7.45 80
    endloop
  endfacet
  facet normal 0 0 1
    outer loop
      vertex 9.05 7.45 80
      vertex 11.7 7.45 80
      vertex 11.6477 8.11485 80
    endloop
  endfacet
  facet normal 0 0 1
    outer loop
      vertex 9.0303 7.70029 80
      vertex 11.6477 8.11485 80
      vertex 11.492 8.76332 80
    endloop
  endfacet
  facet normal 0 0 1
    outer loop
      vertex 11.7 7.45 80
      vertex 9.05 7.45 80
      vertex 11.6477 6.78515 80
    endloop
  endfacet
  facet normal 0 0 1
    outer loop
      vertex 8.97169 7.94443 80
      vertex 11.492 8.76332 80
      vertex 11.2368 9.37946 80
    endloop
  endfacet
  facet normal -0 0 1
    outer loop
      vertex 9.0303 7.19971 80
      vertex 11.6477 6.78515 80
      vertex 9.05 7.45 80
    endloop
  endfacet
  facet normal 0 0 1
    outer loop
      vertex 8.87561 8.17638 80
      vertex 11.2368 9.37946 80
      vertex 10.8883 9.94809 80
    endloop
  endfacet
  facet normal 0 0 1
    outer loop
      vertex 11.6477 6.78515 80
      vertex 9.0303 7.19971 80
      vertex 11.492 6.13668 80
    endloop
  endfacet
  facet normal 0 0 1
    outer loop
      vertex 8.74443 8.39046 80
      vertex 10.8883 9.94809 80
      vertex 10.4552 10.4552 80
    endloop
  endfacet
  facet normal -0 0 1
    outer loop
      vertex 8.97169 6.95557 80
      vertex 11.492 6.13668 80
      vertex 9.0303 7.19971 80
    endloop
  endfacet
  facet normal 0 0 1
    outer loop
      vertex 8.58137 8.58137 80
      vertex 10.4552 10.4552 80
      vertex 9.94809 10.8883 80
    endloop
  endfacet
  facet normal 0 0 1
    outer loop
      vertex 11.492 6.13668 80
      vertex 8.97169 6.95557 80
      vertex 11.2368 5.52054 80
    endloop
  endfacet
  facet normal 0 0 1
    outer loop
      vertex 8.39046 8.74443 80
      vertex 9.94809 10.8883 80
      vertex 9.37946 11.2368 80
    endloop
  endfacet
  facet normal -0 0 1
    outer loop
      vertex 8.87561 6.72362 80
      vertex 11.2368 5.52054 80
      vertex 8.97169 6.95557 80
    endloop
  endfacet
  facet normal 0 0 1
    outer loop
      vertex 11.2368 5.52054 80
      vertex 8.87561 6.72362 80
      vertex 10.8883 4.95191 80
    endloop
  endfacet
  facet normal 0 0 1
    outer loop
      vertex 11.6477 8.11485 80
      vertex 9.0303 7.70029 80
      vertex 9.05 7.45 80
    endloop
  endfacet
  facet normal 0 0 1
    outer loop
      vertex 11.492 8.76332 80
      vertex 8.97169 7.94443 80
      vertex 9.0303 7.70029 80
    endloop
  endfacet
  facet normal 0 0 1
    outer loop
      vertex 11.2368 9.37946 80
      vertex 8.87561 8.17638 80
      vertex 8.97169 7.94443 80
    endloop
  endfacet
  facet normal 0 0 1
    outer loop
      vertex 8.17638 8.87561 80
      vertex 9.37946 11.2368 80
      vertex 8.76332 11.492 80
    endloop
  endfacet
  facet normal 0 0 1
    outer loop
      vertex 10.8883 9.94809 80
      vertex 8.74443 8.39046 80
      vertex 8.87561 8.17638 80
    endloop
  endfacet
  facet normal 0 0 1
    outer loop
      vertex 10.4552 10.4552 80
      vertex 8.58137 8.58137 80
      vertex 8.74443 8.39046 80
    endloop
  endfacet
  facet normal 0 0 1
    outer loop
      vertex 9.94809 10.8883 80
      vertex 8.39046 8.74443 80
      vertex 8.58137 8.58137 80
    endloop
  endfacet
  facet normal 0 0 1
    outer loop
      vertex 9.37946 11.2368 80
      vertex 8.17638 8.87561 80
      vertex 8.39046 8.74443 80
    endloop
  endfacet
  facet normal 0 0 1
    outer loop
      vertex 7.94443 8.97169 80
      vertex 8.76332 11.492 80
      vertex 8.11485 11.6477 80
    endloop
  endfacet
  facet normal 0 0 1
    outer loop
      vertex 8.76332 11.492 80
      vertex 7.94443 8.97169 80
      vertex 8.17638 8.87561 80
    endloop
  endfacet
  facet normal 0 0 1
    outer loop
      vertex 8.11485 11.6477 80
      vertex 7.70029 9.0303 80
      vertex 7.94443 8.97169 80
    endloop
  endfacet
  facet normal 0 0 1
    outer loop
      vertex 7.45 11.7 80
      vertex 7.70029 9.0303 80
      vertex 8.11485 11.6477 80
    endloop
  endfacet
  facet normal 0 0 1
    outer loop
      vertex 7.45 11.7 80
      vertex 7.45 9.05 80
      vertex 7.70029 9.0303 80
    endloop
  endfacet
  facet normal 0 0 1
    outer loop
      vertex 7.45 11.7 80
      vertex 7.19971 9.0303 80
      vertex 7.45 9.05 80
    endloop
  endfacet
  facet normal -0 0 1
    outer loop
      vertex 6.78515 11.6477 80
      vertex 7.19971 9.0303 80
      vertex 7.45 11.7 80
    endloop
  endfacet
  facet normal 0 0 1
    outer loop
      vertex 7.19971 9.0303 80
      vertex 6.78515 11.6477 80
      vertex 6.95557 8.97169 80
    endloop
  endfacet
  facet normal -0 0 1
    outer loop
      vertex 6.13668 11.492 80
      vertex 6.95557 8.97169 80
      vertex 6.78515 11.6477 80
    endloop
  endfacet
  facet normal 0 0 1
    outer loop
      vertex 6.95557 8.97169 80
      vertex 6.13668 11.492 80
      vertex 6.72362 8.87561 80
    endloop
  endfacet
  facet normal -0 0 1
    outer loop
      vertex 5.52054 11.2368 80
      vertex 6.72362 8.87561 80
      vertex 6.13668 11.492 80
    endloop
  endfacet
  facet normal 0 0 1
    outer loop
      vertex 6.72362 8.87561 80
      vertex 5.52054 11.2368 80
      vertex 6.50954 8.74443 80
    endloop
  endfacet
  facet normal -0 0 1
    outer loop
      vertex 4.95191 10.8883 80
      vertex 6.50954 8.74443 80
      vertex 5.52054 11.2368 80
    endloop
  endfacet
  facet normal 0 0 1
    outer loop
      vertex 6.50954 8.74443 80
      vertex 4.95191 10.8883 80
      vertex 6.31863 8.58137 80
    endloop
  endfacet
  facet normal -0 0 1
    outer loop
      vertex 4.4448 10.4552 80
      vertex 6.31863 8.58137 80
      vertex 4.95191 10.8883 80
    endloop
  endfacet
  facet normal 0 0 1
    outer loop
      vertex 6.31863 8.58137 80
      vertex 4.4448 10.4552 80
      vertex 6.15557 8.39046 80
    endloop
  endfacet
  facet normal -0 0 1
    outer loop
      vertex 4.01168 9.94809 80
      vertex 6.15557 8.39046 80
      vertex 4.4448 10.4552 80
    endloop
  endfacet
  facet normal 0 0 1
    outer loop
      vertex 6.15557 8.39046 80
      vertex 4.01168 9.94809 80
      vertex 6.02439 8.17638 80
    endloop
  endfacet
  facet normal -0 0 1
    outer loop
      vertex 8.74443 6.50954 80
      vertex 10.8883 4.95191 80
      vertex 8.87561 6.72362 80
    endloop
  endfacet
  facet normal 0 0 1
    outer loop
      vertex 10.8883 4.95191 80
      vertex 8.74443 6.50954 80
      vertex 10.4552 4.4448 80
    endloop
  endfacet
  facet normal -0 0 1
    outer loop
      vertex 8.58137 6.31863 80
      vertex 10.4552 4.4448 80
      vertex 8.74443 6.50954 80
    endloop
  endfacet
  facet normal 0 0 1
    outer loop
      vertex 10.4552 4.4448 80
      vertex 8.58137 6.31863 80
      vertex 9.94809 4.01168 80
    endloop
  endfacet
  facet normal -0 0 1
    outer loop
      vertex 8.39046 6.15557 80
      vertex 9.94809 4.01168 80
      vertex 8.58137 6.31863 80
    endloop
  endfacet
  facet normal 0 0 1
    outer loop
      vertex 9.94809 4.01168 80
      vertex 8.39046 6.15557 80
      vertex 9.37946 3.66322 80
    endloop
  endfacet
  facet normal -0 0 1
    outer loop
      vertex 8.17638 6.02439 80
      vertex 9.37946 3.66322 80
      vertex 8.39046 6.15557 80
    endloop
  endfacet
  facet normal 0 0 1
    outer loop
      vertex 9.37946 3.66322 80
      vertex 8.17638 6.02439 80
      vertex 8.76332 3.40801 80
    endloop
  endfacet
  facet normal -0 0 1
    outer loop
      vertex 7.94443 5.92831 80
      vertex 8.76332 3.40801 80
      vertex 8.17638 6.02439 80
    endloop
  endfacet
  facet normal 0 0 1
    outer loop
      vertex 8.76332 3.40801 80
      vertex 7.94443 5.92831 80
      vertex 8.11485 3.25233 80
    endloop
  endfacet
  facet normal -0 0 1
    outer loop
      vertex 7.70029 5.8697 80
      vertex 8.11485 3.25233 80
      vertex 7.94443 5.92831 80
    endloop
  endfacet
  facet normal -0 0 1
    outer loop
      vertex 7.45 5.85 80
      vertex 8.11485 3.25233 80
      vertex 7.70029 5.8697 80
    endloop
  endfacet
  facet normal 0 0 1
    outer loop
      vertex 7.45 5.85 80
      vertex 7.45 3.2 80
      vertex 8.11485 3.25233 80
    endloop
  endfacet
  facet normal 0 0 1
    outer loop
      vertex 7.19971 5.8697 80
      vertex 7.45 3.2 80
      vertex 7.45 5.85 80
    endloop
  endfacet
  facet normal 0 0 1
    outer loop
      vertex 6.78515 3.25233 80
      vertex 7.19971 5.8697 80
      vertex 6.95557 5.92831 80
    endloop
  endfacet
  facet normal 0 0 1
    outer loop
      vertex 7.19971 5.8697 80
      vertex 6.78515 3.25233 80
      vertex 7.45 3.2 80
    endloop
  endfacet
  facet normal 0 0 1
    outer loop
      vertex 6.13668 3.40801 80
      vertex 6.95557 5.92831 80
      vertex 6.72362 6.02439 80
    endloop
  endfacet
  facet normal 0 0 1
    outer loop
      vertex 5.52054 3.66322 80
      vertex 6.72362 6.02439 80
      vertex 6.50954 6.15557 80
    endloop
  endfacet
  facet normal 0 0 1
    outer loop
      vertex 4.95191 4.01168 80
      vertex 6.50954 6.15557 80
      vertex 6.31863 6.31863 80
    endloop
  endfacet
  facet normal 0 0 1
    outer loop
      vertex 4.4448 4.4448 80
      vertex 6.31863 6.31863 80
      vertex 6.15557 6.50954 80
    endloop
  endfacet
  facet normal 0 0 1
    outer loop
      vertex 6.95557 5.92831 80
      vertex 6.13668 3.40801 80
      vertex 6.78515 3.25233 80
    endloop
  endfacet
  facet normal 0 0 1
    outer loop
      vertex 4.01168 4.95191 80
      vertex 6.15557 6.50954 80
      vertex 6.02439 6.72362 80
    endloop
  endfacet
  facet normal 0 0 1
    outer loop
      vertex 3.66322 5.52054 80
      vertex 6.02439 6.72362 80
      vertex 5.92831 6.95557 80
    endloop
  endfacet
  facet normal 0 0 1
    outer loop
      vertex 3.40801 6.13668 80
      vertex 5.92831 6.95557 80
      vertex 5.8697 7.19971 80
    endloop
  endfacet
  facet normal 0 0 1
    outer loop
      vertex 3.25233 6.78515 80
      vertex 5.8697 7.19971 80
      vertex 5.85 7.45 80
    endloop
  endfacet
  facet normal -0 0 1
    outer loop
      vertex 3.66322 9.37946 80
      vertex 6.02439 8.17638 80
      vertex 4.01168 9.94809 80
    endloop
  endfacet
  facet normal 0 0 1
    outer loop
      vertex 6.72362 6.02439 80
      vertex 5.52054 3.66322 80
      vertex 6.13668 3.40801 80
    endloop
  endfacet
  facet normal 0 0 1
    outer loop
      vertex 6.02439 8.17638 80
      vertex 3.66322 9.37946 80
      vertex 5.92831 7.94443 80
    endloop
  endfacet
  facet normal 0 0 1
    outer loop
      vertex 6.50954 6.15557 80
      vertex 4.95191 4.01168 80
      vertex 5.52054 3.66322 80
    endloop
  endfacet
  facet normal -0 0 1
    outer loop
      vertex 3.40801 8.76332 80
      vertex 5.92831 7.94443 80
      vertex 3.66322 9.37946 80
    endloop
  endfacet
  facet normal 0 0 1
    outer loop
      vertex 6.31863 6.31863 80
      vertex 4.4448 4.4448 80
      vertex 4.95191 4.01168 80
    endloop
  endfacet
  facet normal 0 0 1
    outer loop
      vertex 5.92831 7.94443 80
      vertex 3.40801 8.76332 80
      vertex 5.8697 7.70029 80
    endloop
  endfacet
  facet normal 0 0 1
    outer loop
      vertex 6.15557 6.50954 80
      vertex 4.01168 4.95191 80
      vertex 4.4448 4.4448 80
    endloop
  endfacet
  facet normal -0 0 1
    outer loop
      vertex 3.25233 8.11485 80
      vertex 5.8697 7.70029 80
      vertex 3.40801 8.76332 80
    endloop
  endfacet
  facet normal 0 0 1
    outer loop
      vertex 6.02439 6.72362 80
      vertex 3.66322 5.52054 80
      vertex 4.01168 4.95191 80
    endloop
  endfacet
  facet normal 0 0 1
    outer loop
      vertex 5.8697 7.70029 80
      vertex 3.25233 8.11485 80
      vertex 5.85 7.45 80
    endloop
  endfacet
  facet normal 0 0 1
    outer loop
      vertex 5.92831 6.95557 80
      vertex 3.40801 6.13668 80
      vertex 3.66322 5.52054 80
    endloop
  endfacet
  facet normal 0 0 1
    outer loop
      vertex 3.2 7.45 80
      vertex 5.85 7.45 80
      vertex 3.25233 8.11485 80
    endloop
  endfacet
  facet normal 0 0 1
    outer loop
      vertex 5.8697 7.19971 80
      vertex 3.25233 6.78515 80
      vertex 3.40801 6.13668 80
    endloop
  endfacet
  facet normal 0 0 1
    outer loop
      vertex 5.85 7.45 80
      vertex 3.2 7.45 80
      vertex 3.25233 6.78515 80
    endloop
  endfacet
  facet normal -0.649437 0.760415 0
    outer loop
      vertex 4.95191 10.8883 2.4
      vertex 4.4448 10.4552 80
      vertex 4.95191 10.8883 80
    endloop
  endfacet
  facet normal -0.649437 0.760415 0
    outer loop
      vertex 4.4448 10.4552 80
      vertex 4.95191 10.8883 2.4
      vertex 4.4448 10.4552 2.4
    endloop
  endfacet
  facet normal 0.8524 0.52289 0
    outer loop
      vertex 10.8883 9.94809 80
      vertex 10.9178 9.9 11.9
      vertex 10.8883 9.94809 8.4
    endloop
  endfacet
  facet normal 0.852646 0.522489 3.89927e-07
    outer loop
      vertex 10.8883 9.94809 80
      vertex 11.2 9.43948 11.9
      vertex 10.9178 9.9 11.9
    endloop
  endfacet
  facet normal 0.852611 0.522546 -1.89661e-07
    outer loop
      vertex 11.2368 9.37946 80
      vertex 11.2 9.43948 11.9
      vertex 10.8883 9.94809 80
    endloop
  endfacet
  facet normal 0.852516 0.522702 -0
    outer loop
      vertex 11.2368 9.37946 8.4
      vertex 11.2 9.43948 11.9
      vertex 11.2368 9.37946 80
    endloop
  endfacet
  facet normal 0.852516 0.522702 0
    outer loop
      vertex 11.2 9.43948 11.9
      vertex 11.2368 9.37946 8.4
      vertex 11.2 9.43948 8.4
    endloop
  endfacet
  facet normal 0.8524 0.52289 0
    outer loop
      vertex 10.8883 9.94809 8.4
      vertex 10.9178 9.9 11.9
      vertex 10.9178 9.9 8.4
    endloop
  endfacet
  facet normal 0.923887 -0.382666 0
    outer loop
      vertex 11.2368 5.52054 80
      vertex 11.492 6.13668 2.4
      vertex 11.492 6.13668 80
    endloop
  endfacet
  facet normal 0.923887 -0.382666 0
    outer loop
      vertex 11.492 6.13668 2.4
      vertex 11.2368 5.52054 80
      vertex 11.2368 5.52054 2.4
    endloop
  endfacet
  facet normal 0.0784221 0.99692 -0
    outer loop
      vertex 8.11485 11.6477 11.9
      vertex 7.45 11.7 80
      vertex 8.11485 11.6477 80
    endloop
  endfacet
  facet normal 0.0784221 0.99692 0
    outer loop
      vertex 7.45 11.7 80
      vertex 8.11485 11.6477 11.9
      vertex 7.45 11.7 11.9
    endloop
  endfacet
  facet normal -0.923881 -0.382679 0
    outer loop
      vertex 3.66322 5.52054 2.4
      vertex 3.40801 6.13668 80
      vertex 3.40801 6.13668 2.4
    endloop
  endfacet
  facet normal -0.923881 -0.382679 0
    outer loop
      vertex 3.40801 6.13668 80
      vertex 3.66322 5.52054 2.4
      vertex 3.66322 5.52054 80
    endloop
  endfacet
  facet normal -0.0784221 0.99692 0
    outer loop
      vertex 7.45 11.7 11.9
      vertex 6.78515 11.6477 80
      vertex 7.45 11.7 80
    endloop
  endfacet
  facet normal -0.0785565 0.99691 -1.32014e-06
    outer loop
      vertex 7.2 11.6803 11.9
      vertex 6.78515 11.6477 80
      vertex 7.45 11.7 11.9
    endloop
  endfacet
  facet normal -0.076673 0.997056 0
    outer loop
      vertex 7.16749 11.6778 8.4
      vertex 7.2 11.6803 11.9
      vertex 7.2 11.6803 8.4
    endloop
  endfacet
  facet normal -0.0787917 0.996891 1.97969e-05
    outer loop
      vertex 6.78515 11.6477 2.4
      vertex 7.2 11.6803 11.9
      vertex 7.16749 11.6778 8.4
    endloop
  endfacet
  facet normal -0.0784829 0.996915 0
    outer loop
      vertex 6.78515 11.6477 2.4
      vertex 7.16749 11.6778 8.4
      vertex 7.16749 11.6778 2.4
    endloop
  endfacet
  facet normal -0.0783411 0.996927 0
    outer loop
      vertex 7.2 11.6803 11.9
      vertex 6.78515 11.6477 2.4
      vertex 6.78515 11.6477 80
    endloop
  endfacet
  facet normal 0.233468 0.972364 -4.91898e-07
    outer loop
      vertex 8.76332 11.492 80
      vertex 8.4 11.5792 11.9
      vertex 8.11485 11.6477 80
    endloop
  endfacet
  facet normal 0.233381 0.972385 -0
    outer loop
      vertex 8.76332 11.492 8.4
      vertex 8.4 11.5792 11.9
      vertex 8.76332 11.492 80
    endloop
  endfacet
  facet normal 0.233381 0.972385 0
    outer loop
      vertex 8.4 11.5792 11.9
      vertex 8.76332 11.492 8.4
      vertex 8.4 11.5792 8.4
    endloop
  endfacet
  facet normal 0.233579 0.972338 0
    outer loop
      vertex 8.11485 11.6477 80
      vertex 8.4 11.5792 11.9
      vertex 8.11485 11.6477 11.9
    endloop
  endfacet
  facet normal -0.382679 -0.923881 0
    outer loop
      vertex 5.52054 3.66322 2.4
      vertex 6.13668 3.40801 80
      vertex 5.52054 3.66322 80
    endloop
  endfacet
  facet normal -0.382679 -0.923881 -0
    outer loop
      vertex 6.13668 3.40801 80
      vertex 5.52054 3.66322 2.4
      vertex 6.13668 3.40801 2.4
    endloop
  endfacet
  facet normal 0.649454 -0.760401 0
    outer loop
      vertex 9.94809 4.01168 2.4
      vertex 10.4552 4.4448 80
      vertex 9.94809 4.01168 80
    endloop
  endfacet
  facet normal 0.649454 -0.760401 0
    outer loop
      vertex 10.4552 4.4448 80
      vertex 9.94809 4.01168 2.4
      vertex 10.4552 4.4448 2.4
    endloop
  endfacet
  facet normal 0.99692 -0.0784221 0
    outer loop
      vertex 11.6477 6.78515 80
      vertex 11.7 7.45 2.4
      vertex 11.7 7.45 80
    endloop
  endfacet
  facet normal 0.99692 -0.0784221 0
    outer loop
      vertex 11.7 7.45 2.4
      vertex 11.6477 6.78515 80
      vertex 11.6477 6.78515 2.4
    endloop
  endfacet
  facet normal -0.233468 0.972364 0
    outer loop
      vertex 6.78515 11.6477 2.4
      vertex 6.13668 11.492 80
      vertex 6.78515 11.6477 80
    endloop
  endfacet
  facet normal -0.233468 0.972364 0
    outer loop
      vertex 6.13668 11.492 80
      vertex 6.78515 11.6477 2.4
      vertex 6.13668 11.492 2.4
    endloop
  endfacet
  facet normal -0.760401 0.649454 0
    outer loop
      vertex 4.01168 9.94809 2.4
      vertex 4.4448 10.4552 80
      vertex 4.4448 10.4552 2.4
    endloop
  endfacet
  facet normal -0.760401 0.649454 0
    outer loop
      vertex 4.4448 10.4552 80
      vertex 4.01168 9.94809 2.4
      vertex 4.01168 9.94809 80
    endloop
  endfacet
  facet normal -0.996917 -0.0784668 0
    outer loop
      vertex 3.25233 6.78515 2.4
      vertex 3.2 7.45 80
      vertex 3.2 7.45 2.4
    endloop
  endfacet
  facet normal -0.996917 -0.0784668 0
    outer loop
      vertex 3.2 7.45 80
      vertex 3.25233 6.78515 2.4
      vertex 3.25233 6.78515 80
    endloop
  endfacet
  facet normal -0.972371 -0.23344 0
    outer loop
      vertex 3.40801 6.13668 2.4
      vertex 3.25233 6.78515 80
      vertex 3.25233 6.78515 2.4
    endloop
  endfacet
  facet normal -0.972371 -0.23344 0
    outer loop
      vertex 3.25233 6.78515 80
      vertex 3.40801 6.13668 2.4
      vertex 3.40801 6.13668 80
    endloop
  endfacet
  facet normal 0.852611 -0.522546 0
    outer loop
      vertex 10.8883 4.95191 80
      vertex 11.2368 5.52054 2.4
      vertex 11.2368 5.52054 80
    endloop
  endfacet
  facet normal 0.852611 -0.522546 0
    outer loop
      vertex 11.2368 5.52054 2.4
      vertex 10.8883 4.95191 80
      vertex 10.8883 4.95191 2.4
    endloop
  endfacet
  facet normal -0.382666 0.923887 0
    outer loop
      vertex 6.13668 11.492 2.4
      vertex 5.52054 11.2368 80
      vertex 6.13668 11.492 80
    endloop
  endfacet
  facet normal -0.382666 0.923887 0
    outer loop
      vertex 5.52054 11.2368 80
      vertex 6.13668 11.492 2.4
      vertex 5.52054 11.2368 2.4
    endloop
  endfacet
  facet normal -0.522546 0.852611 0
    outer loop
      vertex 5.52054 11.2368 2.4
      vertex 4.95191 10.8883 80
      vertex 5.52054 11.2368 80
    endloop
  endfacet
  facet normal -0.522546 0.852611 0
    outer loop
      vertex 4.95191 10.8883 80
      vertex 5.52054 11.2368 2.4
      vertex 4.95191 10.8883 2.4
    endloop
  endfacet
  facet normal 0.522546 0.852611 -3.92444e-07
    outer loop
      vertex 9.94809 10.8883 80
      vertex 9.41775 11.2133 8.4
      vertex 9.37946 11.2368 80
    endloop
  endfacet
  facet normal 0.522507 0.852635 -0
    outer loop
      vertex 9.94809 10.8883 2.4
      vertex 9.41775 11.2133 8.4
      vertex 9.94809 10.8883 80
    endloop
  endfacet
  facet normal 0.522507 0.852635 0
    outer loop
      vertex 9.41775 11.2133 8.4
      vertex 9.94809 10.8883 2.4
      vertex 9.41775 11.2133 2.4
    endloop
  endfacet
  facet normal 0.523079 0.852284 0
    outer loop
      vertex 9.37946 11.2368 80
      vertex 9.41775 11.2133 8.4
      vertex 9.37946 11.2368 8.4
    endloop
  endfacet
  facet normal -0.852638 -0.522502 0
    outer loop
      vertex 4.01168 4.95191 2.4
      vertex 3.66322 5.52054 80
      vertex 3.66322 5.52054 2.4
    endloop
  endfacet
  facet normal -0.852638 -0.522502 0
    outer loop
      vertex 3.66322 5.52054 80
      vertex 4.01168 4.95191 2.4
      vertex 4.01168 4.95191 80
    endloop
  endfacet
  facet normal 0.760415 0.649437 0
    outer loop
      vertex 10.8883 9.94809 80
      vertex 10.4552 10.4552 8.4
      vertex 10.4552 10.4552 80
    endloop
  endfacet
  facet normal 0.760415 0.649437 0
    outer loop
      vertex 10.4552 10.4552 8.4
      vertex 10.8883 9.94809 80
      vertex 10.8883 9.94809 8.4
    endloop
  endfacet
  facet normal 0.23344 -0.972371 0
    outer loop
      vertex 8.11485 3.25233 2.4
      vertex 8.76332 3.40801 80
      vertex 8.11485 3.25233 80
    endloop
  endfacet
  facet normal 0.23344 -0.972371 0
    outer loop
      vertex 8.76332 3.40801 80
      vertex 8.11485 3.25233 2.4
      vertex 8.76332 3.40801 2.4
    endloop
  endfacet
  facet normal -0.760401 -0.649454 0
    outer loop
      vertex 4.4448 4.4448 2.4
      vertex 4.01168 4.95191 80
      vertex 4.01168 4.95191 2.4
    endloop
  endfacet
  facet normal -0.760401 -0.649454 0
    outer loop
      vertex 4.01168 4.95191 80
      vertex 4.4448 4.4448 2.4
      vertex 4.4448 4.4448 80
    endloop
  endfacet
  facet normal 0 0 -1
    outer loop
      vertex 11.7 7.45 2.4
      vertex 9.05 7.45 2.4
      vertex 11.2 8.7 2.4
    endloop
  endfacet
  facet normal 0 0 -1
    outer loop
      vertex 9.94809 4.01168 2.4
      vertex 8.97169 6.95557 2.4
      vertex 9.0303 7.19971 2.4
    endloop
  endfacet
  facet normal 0 0 -1
    outer loop
      vertex 9.94809 4.01168 2.4
      vertex 8.87561 6.72362 2.4
      vertex 8.97169 6.95557 2.4
    endloop
  endfacet
  facet normal 0 0 -1
    outer loop
      vertex 8.17638 6.02439 2.4
      vertex 9.37946 3.66322 2.4
      vertex 8.76332 3.40801 2.4
    endloop
  endfacet
  facet normal 0 0 -1
    outer loop
      vertex 9.94809 4.01168 2.4
      vertex 8.74443 6.50954 2.4
      vertex 8.87561 6.72362 2.4
    endloop
  endfacet
  facet normal 0 0 -1
    outer loop
      vertex 9.94809 4.01168 2.4
      vertex 8.58137 6.31863 2.4
      vertex 8.74443 6.50954 2.4
    endloop
  endfacet
  facet normal 0 0 -1
    outer loop
      vertex 9.94809 4.01168 2.4
      vertex 8.39046 6.15557 2.4
      vertex 8.58137 6.31863 2.4
    endloop
  endfacet
  facet normal 0 0 -1
    outer loop
      vertex 9.37946 3.66322 2.4
      vertex 8.17638 6.02439 2.4
      vertex 8.39046 6.15557 2.4
    endloop
  endfacet
  facet normal 0 0 -1
    outer loop
      vertex 7.94443 5.92831 2.4
      vertex 8.76332 3.40801 2.4
      vertex 8.11485 3.25233 2.4
    endloop
  endfacet
  facet normal 0 0 -1
    outer loop
      vertex 8.76332 3.40801 2.4
      vertex 7.94443 5.92831 2.4
      vertex 8.17638 6.02439 2.4
    endloop
  endfacet
  facet normal 0 0 -1
    outer loop
      vertex 8.11485 3.25233 2.4
      vertex 7.70029 5.8697 2.4
      vertex 7.94443 5.92831 2.4
    endloop
  endfacet
  facet normal 0 0 -1
    outer loop
      vertex 7.45 3.2 2.4
      vertex 7.70029 5.8697 2.4
      vertex 8.11485 3.25233 2.4
    endloop
  endfacet
  facet normal 0 0 -1
    outer loop
      vertex 7.45 3.2 2.4
      vertex 7.45 5.85 2.4
      vertex 7.70029 5.8697 2.4
    endloop
  endfacet
  facet normal 0 0 -1
    outer loop
      vertex 7.45 3.2 2.4
      vertex 7.19971 5.8697 2.4
      vertex 7.45 5.85 2.4
    endloop
  endfacet
  facet normal 0 0 -1
    outer loop
      vertex 6.78515 3.25233 2.4
      vertex 7.19971 5.8697 2.4
      vertex 7.45 3.2 2.4
    endloop
  endfacet
  facet normal -0 0 -1
    outer loop
      vertex 7.19971 5.8697 2.4
      vertex 6.78515 3.25233 2.4
      vertex 6.95557 5.92831 2.4
    endloop
  endfacet
  facet normal 0 0 -1
    outer loop
      vertex 6.13668 3.40801 2.4
      vertex 6.95557 5.92831 2.4
      vertex 6.78515 3.25233 2.4
    endloop
  endfacet
  facet normal -0 0 -1
    outer loop
      vertex 6.95557 5.92831 2.4
      vertex 6.13668 3.40801 2.4
      vertex 6.72362 6.02439 2.4
    endloop
  endfacet
  facet normal 0 0 -1
    outer loop
      vertex 5.52054 3.66322 2.4
      vertex 6.72362 6.02439 2.4
      vertex 6.13668 3.40801 2.4
    endloop
  endfacet
  facet normal -0 0 -1
    outer loop
      vertex 6.72362 6.02439 2.4
      vertex 5.52054 3.66322 2.4
      vertex 6.50954 6.15557 2.4
    endloop
  endfacet
  facet normal 0 0 -1
    outer loop
      vertex 4.95191 4.01168 2.4
      vertex 6.50954 6.15557 2.4
      vertex 5.52054 3.66322 2.4
    endloop
  endfacet
  facet normal -0 0 -1
    outer loop
      vertex 6.50954 6.15557 2.4
      vertex 4.95191 4.01168 2.4
      vertex 6.31863 6.31863 2.4
    endloop
  endfacet
  facet normal 0 0 -1
    outer loop
      vertex 4.4448 4.4448 2.4
      vertex 6.31863 6.31863 2.4
      vertex 4.95191 4.01168 2.4
    endloop
  endfacet
  facet normal -0 0 -1
    outer loop
      vertex 6.31863 6.31863 2.4
      vertex 4.4448 4.4448 2.4
      vertex 6.15557 6.50954 2.4
    endloop
  endfacet
  facet normal 0 0 -1
    outer loop
      vertex 4.01168 4.95191 2.4
      vertex 6.15557 6.50954 2.4
      vertex 4.4448 4.4448 2.4
    endloop
  endfacet
  facet normal -0 0 -1
    outer loop
      vertex 6.15557 6.50954 2.4
      vertex 4.01168 4.95191 2.4
      vertex 6.02439 6.72362 2.4
    endloop
  endfacet
  facet normal 0 0 -1
    outer loop
      vertex 9.0303 7.19971 2.4
      vertex 11.2368 5.52054 2.4
      vertex 10.8883 4.95191 2.4
    endloop
  endfacet
  facet normal 0 0 -1
    outer loop
      vertex 9.0303 7.19971 2.4
      vertex 10.8883 4.95191 2.4
      vertex 10.4552 4.4448 2.4
    endloop
  endfacet
  facet normal 0 0 -1
    outer loop
      vertex 9.0303 7.19971 2.4
      vertex 10.4552 4.4448 2.4
      vertex 9.94809 4.01168 2.4
    endloop
  endfacet
  facet normal 0 0 -1
    outer loop
      vertex 8.39046 6.15557 2.4
      vertex 9.94809 4.01168 2.4
      vertex 9.37946 3.66322 2.4
    endloop
  endfacet
  facet normal 0 -0 -1
    outer loop
      vertex 9.05 7.45 2.4
      vertex 11.7 7.45 2.4
      vertex 9.0303 7.19971 2.4
    endloop
  endfacet
  facet normal 0 0 -1
    outer loop
      vertex 9.0303 7.70029 2.4
      vertex 11.2 8.7 2.4
      vertex 9.05 7.45 2.4
    endloop
  endfacet
  facet normal 0 0 -1
    outer loop
      vertex 8.97169 7.94443 2.4
      vertex 11.2 8.7 2.4
      vertex 9.0303 7.70029 2.4
    endloop
  endfacet
  facet normal 0 0 -1
    outer loop
      vertex 8.87561 8.17638 2.4
      vertex 11.2 8.7 2.4
      vertex 8.97169 7.94443 2.4
    endloop
  endfacet
  facet normal 0 0 -1
    outer loop
      vertex 8.74443 8.39046 2.4
      vertex 11.2 8.7 2.4
      vertex 8.87561 8.17638 2.4
    endloop
  endfacet
  facet normal 0 0 -1
    outer loop
      vertex 8.58137 8.58137 2.4
      vertex 11.2 8.7 2.4
      vertex 8.74443 8.39046 2.4
    endloop
  endfacet
  facet normal -0 0 -1
    outer loop
      vertex 11.2 8.7 2.4
      vertex 8.58137 8.58137 2.4
      vertex 8.44247 8.7 2.4
    endloop
  endfacet
  facet normal 0 0 -1
    outer loop
      vertex 9.0303 7.19971 2.4
      vertex 11.7 7.45 2.4
      vertex 11.6477 6.78515 2.4
    endloop
  endfacet
  facet normal 0 0 -1
    outer loop
      vertex 9.0303 7.19971 2.4
      vertex 11.6477 6.78515 2.4
      vertex 11.492 6.13668 2.4
    endloop
  endfacet
  facet normal 0 0 -1
    outer loop
      vertex 11.7 7.45 2.4
      vertex 11.2 8.7 2.4
      vertex 11.6477 8.11485 2.4
    endloop
  endfacet
  facet normal 0 0 -1
    outer loop
      vertex 11.6477 8.11485 2.4
      vertex 11.2 8.7 2.4
      vertex 11.492 8.76332 2.4
    endloop
  endfacet
  facet normal -0 0 -1
    outer loop
      vertex 11.492 8.76332 2.4
      vertex 11.2 8.7 2.4
      vertex 11.463 8.83337 2.4
    endloop
  endfacet
  facet normal 0 0 -1
    outer loop
      vertex 11.2 9.9 2.4
      vertex 11.463 8.83337 2.4
      vertex 11.2 8.7 2.4
    endloop
  endfacet
  facet normal 0 0 -1
    outer loop
      vertex 9.0303 7.19971 2.4
      vertex 11.492 6.13668 2.4
      vertex 11.2368 5.52054 2.4
    endloop
  endfacet
  facet normal 0 0 -1
    outer loop
      vertex 11.463 8.83337 2.4
      vertex 11.2 9.9 2.4
      vertex 11.3708 11.1947 2.4
    endloop
  endfacet
  facet normal 0 0 -1
    outer loop
      vertex 11.3708 11.1947 2.4
      vertex 11.2 9.9 2.4
      vertex 11.2485 11.0515 2.4
    endloop
  endfacet
  facet normal 0 0 -1
    outer loop
      vertex 11.2 9.9 2.4
      vertex 11.1053 10.9292 2.4
      vertex 11.2485 11.0515 2.4
    endloop
  endfacet
  facet normal 0 0 -1
    outer loop
      vertex 11.2 9.9 2.4
      vertex 10.9448 10.8308 2.4
      vertex 11.1053 10.9292 2.4
    endloop
  endfacet
  facet normal 0 0 -1
    outer loop
      vertex 11.2 9.9 2.4
      vertex 10.7708 10.7587 2.4
      vertex 10.9448 10.8308 2.4
    endloop
  endfacet
  facet normal 0 0 -1
    outer loop
      vertex 11.2 9.9 2.4
      vertex 10.5877 10.7148 2.4
      vertex 10.7708 10.7587 2.4
    endloop
  endfacet
  facet normal 0 0 -1
    outer loop
      vertex 11.2 9.9 2.4
      vertex 10.4 10.7 2.4
      vertex 10.5877 10.7148 2.4
    endloop
  endfacet
  facet normal 0 0 -1
    outer loop
      vertex 11.2 9.9 2.4
      vertex 10.2123 10.7148 2.4
      vertex 10.4 10.7 2.4
    endloop
  endfacet
  facet normal 0 0 -1
    outer loop
      vertex 11.2 9.9 2.4
      vertex 10.1274 10.7351 2.4
      vertex 10.2123 10.7148 2.4
    endloop
  endfacet
  facet normal 0 0 -1
    outer loop
      vertex 8.4 9.9 2.4
      vertex 9.94809 10.8883 2.4
      vertex 10.1274 10.7351 2.4
    endloop
  endfacet
  facet normal 0 0 -1
    outer loop
      vertex 8.4 9.9 2.4
      vertex 10.1274 10.7351 2.4
      vertex 11.2 9.9 2.4
    endloop
  endfacet
  facet normal 0 0 -1
    outer loop
      vertex 8.4 12.7 2.4
      vertex 9.2 11.9 2.4
      vertex 9.21477 11.7123 2.4
    endloop
  endfacet
  facet normal 0 0 -1
    outer loop
      vertex 9.2 11.9 2.4
      vertex 8.4 12.7 2.4
      vertex 8.92453 14.7958 2.4
    endloop
  endfacet
  facet normal 0 0 -1
    outer loop
      vertex 8.4 9.9 2.4
      vertex 9.21477 11.7123 2.4
      vertex 9.25873 11.5292 2.4
    endloop
  endfacet
  facet normal -0 0 -1
    outer loop
      vertex 9.94809 10.8883 2.4
      vertex 8.4 9.9 2.4
      vertex 9.41775 11.2133 2.4
    endloop
  endfacet
  facet normal 0 0 -1
    outer loop
      vertex 8.4 9.9 2.4
      vertex 9.33079 11.3552 2.4
      vertex 9.41775 11.2133 2.4
    endloop
  endfacet
  facet normal 0 0 -1
    outer loop
      vertex 8.4 9.9 2.4
      vertex 9.25873 11.5292 2.4
      vertex 9.33079 11.3552 2.4
    endloop
  endfacet
  facet normal -0 0 -1
    outer loop
      vertex 9.21477 11.7123 2.4
      vertex 8.4 9.9 2.4
      vertex 8.4 12.7 2.4
    endloop
  endfacet
  facet normal 0 0 -1
    outer loop
      vertex 8.92453 14.7958 2.4
      vertex 8.4 12.7 2.4
      vertex 8.4897 14.5293 2.4
    endloop
  endfacet
  facet normal 0 0 -1
    outer loop
      vertex 8.4 12.7 2.4
      vertex 8.1019 14.1981 2.4
      vertex 8.4897 14.5293 2.4
    endloop
  endfacet
  facet normal 0 0 -1
    outer loop
      vertex 8.4 12.7 2.4
      vertex 7.7707 13.8103 2.4
      vertex 8.1019 14.1981 2.4
    endloop
  endfacet
  facet normal 0 0 -1
    outer loop
      vertex 8.4 12.7 2.4
      vertex 7.50423 13.3755 2.4
      vertex 7.7707 13.8103 2.4
    endloop
  endfacet
  facet normal 0 0 -1
    outer loop
      vertex 8.4 12.7 2.4
      vertex 7.30907 12.9043 2.4
      vertex 7.50423 13.3755 2.4
    endloop
  endfacet
  facet normal 0 -0 -1
    outer loop
      vertex 7.30907 12.9043 2.4
      vertex 8.4 12.7 2.4
      vertex 7.26002 12.7 2.4
    endloop
  endfacet
  facet normal 0 0 -1
    outer loop
      vertex 11.6 11.9 2.4
      vertex 13.65 11.9 2.4
      vertex 13.61 11.3916 2.4
    endloop
  endfacet
  facet normal 0 0 -1
    outer loop
      vertex 11.5852 11.7123 2.4
      vertex 13.61 11.3916 2.4
      vertex 13.4909 10.8957 2.4
    endloop
  endfacet
  facet normal 0 0 -1
    outer loop
      vertex 13.65 11.9 2.4
      vertex 11.6 11.9 2.4
      vertex 13.61 12.4084 2.4
    endloop
  endfacet
  facet normal 0 0 -1
    outer loop
      vertex 11.5413 11.5292 2.4
      vertex 13.4909 10.8957 2.4
      vertex 13.2958 10.4245 2.4
    endloop
  endfacet
  facet normal 0 0 -1
    outer loop
      vertex 11.5852 12.0877 2.4
      vertex 13.61 12.4084 2.4
      vertex 11.6 11.9 2.4
    endloop
  endfacet
  facet normal 0 0 -1
    outer loop
      vertex 11.4692 11.3552 2.4
      vertex 13.2958 10.4245 2.4
      vertex 13.0293 9.9897 2.4
    endloop
  endfacet
  facet normal -0 0 -1
    outer loop
      vertex 13.61 12.4084 2.4
      vertex 11.5852 12.0877 2.4
      vertex 13.4909 12.9043 2.4
    endloop
  endfacet
  facet normal 0 0 -1
    outer loop
      vertex 11.3708 11.1947 2.4
      vertex 13.0293 9.9897 2.4
      vertex 12.6981 9.6019 2.4
    endloop
  endfacet
  facet normal 0 0 -1
    outer loop
      vertex 11.5413 12.2708 2.4
      vertex 13.4909 12.9043 2.4
      vertex 11.5852 12.0877 2.4
    endloop
  endfacet
  facet normal 0 0 -1
    outer loop
      vertex 11.3708 11.1947 2.4
      vertex 12.6981 9.6019 2.4
      vertex 12.3103 9.27069 2.4
    endloop
  endfacet
  facet normal -0 0 -1
    outer loop
      vertex 13.4909 12.9043 2.4
      vertex 11.5413 12.2708 2.4
      vertex 13.2958 13.3755 2.4
    endloop
  endfacet
  facet normal 0 0 -1
    outer loop
      vertex 11.3708 11.1947 2.4
      vertex 12.3103 9.27069 2.4
      vertex 11.8755 9.00423 2.4
    endloop
  endfacet
  facet normal 0 0 -1
    outer loop
      vertex 11.4692 12.4448 2.4
      vertex 13.2958 13.3755 2.4
      vertex 11.5413 12.2708 2.4
    endloop
  endfacet
  facet normal -0 0 -1
    outer loop
      vertex 13.2958 13.3755 2.4
      vertex 11.4692 12.4448 2.4
      vertex 13.0293 13.8103 2.4
    endloop
  endfacet
  facet normal 0 0 -1
    outer loop
      vertex 13.61 11.3916 2.4
      vertex 11.5852 11.7123 2.4
      vertex 11.6 11.9 2.4
    endloop
  endfacet
  facet normal 0 0 -1
    outer loop
      vertex 13.4909 10.8957 2.4
      vertex 11.5413 11.5292 2.4
      vertex 11.5852 11.7123 2.4
    endloop
  endfacet
  facet normal 0 0 -1
    outer loop
      vertex 13.2958 10.4245 2.4
      vertex 11.4692 11.3552 2.4
      vertex 11.5413 11.5292 2.4
    endloop
  endfacet
  facet normal 0 0 -1
    outer loop
      vertex 11.3708 11.1947 2.4
      vertex 11.8755 9.00423 2.4
      vertex 11.463 8.83337 2.4
    endloop
  endfacet
  facet normal 0 0 -1
    outer loop
      vertex 13.0293 9.9897 2.4
      vertex 11.3708 11.1947 2.4
      vertex 11.4692 11.3552 2.4
    endloop
  endfacet
  facet normal 0 0 -1
    outer loop
      vertex 11.3708 12.6053 2.4
      vertex 13.0293 13.8103 2.4
      vertex 11.4692 12.4448 2.4
    endloop
  endfacet
  facet normal -0 0 -1
    outer loop
      vertex 13.0293 13.8103 2.4
      vertex 11.3708 12.6053 2.4
      vertex 12.6981 14.1981 2.4
    endloop
  endfacet
  facet normal 0 0 -1
    outer loop
      vertex 11.2485 12.7485 2.4
      vertex 12.6981 14.1981 2.4
      vertex 11.3708 12.6053 2.4
    endloop
  endfacet
  facet normal -0 0 -1
    outer loop
      vertex 12.6981 14.1981 2.4
      vertex 11.2485 12.7485 2.4
      vertex 12.3103 14.5293 2.4
    endloop
  endfacet
  facet normal 0 0 -1
    outer loop
      vertex 11.1053 12.8708 2.4
      vertex 12.3103 14.5293 2.4
      vertex 11.2485 12.7485 2.4
    endloop
  endfacet
  facet normal -0 0 -1
    outer loop
      vertex 12.3103 14.5293 2.4
      vertex 11.1053 12.8708 2.4
      vertex 11.8755 14.7958 2.4
    endloop
  endfacet
  facet normal 0 0 -1
    outer loop
      vertex 10.9448 12.9692 2.4
      vertex 11.8755 14.7958 2.4
      vertex 11.1053 12.8708 2.4
    endloop
  endfacet
  facet normal -0 0 -1
    outer loop
      vertex 11.8755 14.7958 2.4
      vertex 10.9448 12.9692 2.4
      vertex 11.4043 14.9909 2.4
    endloop
  endfacet
  facet normal 0 0 -1
    outer loop
      vertex 10.7708 13.0413 2.4
      vertex 11.4043 14.9909 2.4
      vertex 10.9448 12.9692 2.4
    endloop
  endfacet
  facet normal -0 0 -1
    outer loop
      vertex 11.4043 14.9909 2.4
      vertex 10.7708 13.0413 2.4
      vertex 10.9084 15.11 2.4
    endloop
  endfacet
  facet normal 0 0 -1
    outer loop
      vertex 10.5877 13.0852 2.4
      vertex 10.9084 15.11 2.4
      vertex 10.7708 13.0413 2.4
    endloop
  endfacet
  facet normal 0 0 -1
    outer loop
      vertex 10.4 13.1 2.4
      vertex 10.9084 15.11 2.4
      vertex 10.5877 13.0852 2.4
    endloop
  endfacet
  facet normal 0 0 -1
    outer loop
      vertex 10.4 13.1 2.4
      vertex 10.4 15.15 2.4
      vertex 10.9084 15.11 2.4
    endloop
  endfacet
  facet normal 0 0 -1
    outer loop
      vertex 10.2123 13.0852 2.4
      vertex 10.4 15.15 2.4
      vertex 10.4 13.1 2.4
    endloop
  endfacet
  facet normal 0 0 -1
    outer loop
      vertex 9.89159 15.11 2.4
      vertex 10.2123 13.0852 2.4
      vertex 10.0292 13.0413 2.4
    endloop
  endfacet
  facet normal 0 0 -1
    outer loop
      vertex 10.2123 13.0852 2.4
      vertex 9.89159 15.11 2.4
      vertex 10.4 15.15 2.4
    endloop
  endfacet
  facet normal 0 0 -1
    outer loop
      vertex 9.39569 14.9909 2.4
      vertex 10.0292 13.0413 2.4
      vertex 9.85521 12.9692 2.4
    endloop
  endfacet
  facet normal 0 0 -1
    outer loop
      vertex 8.92453 14.7958 2.4
      vertex 9.85521 12.9692 2.4
      vertex 9.69466 12.8708 2.4
    endloop
  endfacet
  facet normal 0 0 -1
    outer loop
      vertex 8.92453 14.7958 2.4
      vertex 9.69466 12.8708 2.4
      vertex 9.55147 12.7485 2.4
    endloop
  endfacet
  facet normal 0 0 -1
    outer loop
      vertex 8.92453 14.7958 2.4
      vertex 9.55147 12.7485 2.4
      vertex 9.42918 12.6053 2.4
    endloop
  endfacet
  facet normal 0 0 -1
    outer loop
      vertex 10.0292 13.0413 2.4
      vertex 9.39569 14.9909 2.4
      vertex 9.89159 15.11 2.4
    endloop
  endfacet
  facet normal 0 0 -1
    outer loop
      vertex 8.92453 14.7958 2.4
      vertex 9.42918 12.6053 2.4
      vertex 9.33079 12.4448 2.4
    endloop
  endfacet
  facet normal 0 0 -1
    outer loop
      vertex 8.92453 14.7958 2.4
      vertex 9.33079 12.4448 2.4
      vertex 9.25873 12.2708 2.4
    endloop
  endfacet
  facet normal 0 0 -1
    outer loop
      vertex 8.92453 14.7958 2.4
      vertex 9.25873 12.2708 2.4
      vertex 9.21477 12.0877 2.4
    endloop
  endfacet
  facet normal 0 0 -1
    outer loop
      vertex 8.92453 14.7958 2.4
      vertex 9.21477 12.0877 2.4
      vertex 9.2 11.9 2.4
    endloop
  endfacet
  facet normal 0 0 -1
    outer loop
      vertex 9.85521 12.9692 2.4
      vertex 8.92453 14.7958 2.4
      vertex 9.39569 14.9909 2.4
    endloop
  endfacet
  facet normal 0 0 -1
    outer loop
      vertex 7.16749 11.6778 2.4
      vertex 7.2 9.03032 2.4
      vertex 7.19971 9.0303 2.4
    endloop
  endfacet
  facet normal 0 0 -1
    outer loop
      vertex 7.2 9.03032 2.4
      vertex 7.16749 11.6778 2.4
      vertex 7.2 12.45 2.4
    endloop
  endfacet
  facet normal 0 0 -1
    outer loop
      vertex 7.15 11.9 2.4
      vertex 7.2 12.45 2.4
      vertex 7.16749 11.6778 2.4
    endloop
  endfacet
  facet normal 0 0 -1
    outer loop
      vertex 6.78515 11.6477 2.4
      vertex 7.19971 9.0303 2.4
      vertex 6.95557 8.97169 2.4
    endloop
  endfacet
  facet normal 0 0 -1
    outer loop
      vertex 7.19971 9.0303 2.4
      vertex 6.78515 11.6477 2.4
      vertex 7.16749 11.6778 2.4
    endloop
  endfacet
  facet normal 0 0 -1
    outer loop
      vertex 6.13668 11.492 2.4
      vertex 6.95557 8.97169 2.4
      vertex 6.72362 8.87561 2.4
    endloop
  endfacet
  facet normal 0 0 -1
    outer loop
      vertex 5.52054 11.2368 2.4
      vertex 6.72362 8.87561 2.4
      vertex 6.50954 8.74443 2.4
    endloop
  endfacet
  facet normal 0 0 -1
    outer loop
      vertex 4.95191 10.8883 2.4
      vertex 6.50954 8.74443 2.4
      vertex 6.31863 8.58137 2.4
    endloop
  endfacet
  facet normal 0 0 -1
    outer loop
      vertex 4.4448 10.4552 2.4
      vertex 6.31863 8.58137 2.4
      vertex 6.15557 8.39046 2.4
    endloop
  endfacet
  facet normal 0 0 -1
    outer loop
      vertex 6.95557 8.97169 2.4
      vertex 6.13668 11.492 2.4
      vertex 6.78515 11.6477 2.4
    endloop
  endfacet
  facet normal 0 0 -1
    outer loop
      vertex 4.01168 9.94809 2.4
      vertex 6.15557 8.39046 2.4
      vertex 6.02439 8.17638 2.4
    endloop
  endfacet
  facet normal 0 0 -1
    outer loop
      vertex 3.66322 9.37946 2.4
      vertex 6.02439 8.17638 2.4
      vertex 5.92831 7.94443 2.4
    endloop
  endfacet
  facet normal 0 0 -1
    outer loop
      vertex 3.40801 8.76332 2.4
      vertex 5.92831 7.94443 2.4
      vertex 5.8697 7.70029 2.4
    endloop
  endfacet
  facet normal 0 0 -1
    outer loop
      vertex 3.25233 8.11485 2.4
      vertex 5.8697 7.70029 2.4
      vertex 5.85 7.45 2.4
    endloop
  endfacet
  facet normal 0 0 -1
    outer loop
      vertex 3.66322 5.52054 2.4
      vertex 6.02439 6.72362 2.4
      vertex 4.01168 4.95191 2.4
    endloop
  endfacet
  facet normal 0 0 -1
    outer loop
      vertex 6.72362 8.87561 2.4
      vertex 5.52054 11.2368 2.4
      vertex 6.13668 11.492 2.4
    endloop
  endfacet
  facet normal -0 0 -1
    outer loop
      vertex 6.02439 6.72362 2.4
      vertex 3.66322 5.52054 2.4
      vertex 5.92831 6.95557 2.4
    endloop
  endfacet
  facet normal 0 0 -1
    outer loop
      vertex 6.50954 8.74443 2.4
      vertex 4.95191 10.8883 2.4
      vertex 5.52054 11.2368 2.4
    endloop
  endfacet
  facet normal 0 0 -1
    outer loop
      vertex 3.40801 6.13668 2.4
      vertex 5.92831 6.95557 2.4
      vertex 3.66322 5.52054 2.4
    endloop
  endfacet
  facet normal 0 0 -1
    outer loop
      vertex 6.31863 8.58137 2.4
      vertex 4.4448 10.4552 2.4
      vertex 4.95191 10.8883 2.4
    endloop
  endfacet
  facet normal -0 0 -1
    outer loop
      vertex 5.92831 6.95557 2.4
      vertex 3.40801 6.13668 2.4
      vertex 5.8697 7.19971 2.4
    endloop
  endfacet
  facet normal 0 0 -1
    outer loop
      vertex 6.15557 8.39046 2.4
      vertex 4.01168 9.94809 2.4
      vertex 4.4448 10.4552 2.4
    endloop
  endfacet
  facet normal 0 0 -1
    outer loop
      vertex 3.25233 6.78515 2.4
      vertex 5.8697 7.19971 2.4
      vertex 3.40801 6.13668 2.4
    endloop
  endfacet
  facet normal 0 0 -1
    outer loop
      vertex 6.02439 8.17638 2.4
      vertex 3.66322 9.37946 2.4
      vertex 4.01168 9.94809 2.4
    endloop
  endfacet
  facet normal -0 0 -1
    outer loop
      vertex 5.8697 7.19971 2.4
      vertex 3.25233 6.78515 2.4
      vertex 5.85 7.45 2.4
    endloop
  endfacet
  facet normal 0 0 -1
    outer loop
      vertex 5.92831 7.94443 2.4
      vertex 3.40801 8.76332 2.4
      vertex 3.66322 9.37946 2.4
    endloop
  endfacet
  facet normal 0 0 -1
    outer loop
      vertex 3.2 7.45 2.4
      vertex 5.85 7.45 2.4
      vertex 3.25233 6.78515 2.4
    endloop
  endfacet
  facet normal 0 0 -1
    outer loop
      vertex 5.8697 7.70029 2.4
      vertex 3.25233 8.11485 2.4
      vertex 3.40801 8.76332 2.4
    endloop
  endfacet
  facet normal 0 0 -1
    outer loop
      vertex 5.85 7.45 2.4
      vertex 3.2 7.45 2.4
      vertex 3.25233 8.11485 2.4
    endloop
  endfacet
  facet normal 0 0 -1
    outer loop
      vertex 7.2 12.45 2.4
      vertex 7.15 11.9 2.4
      vertex 7.19001 12.4084 2.4
    endloop
  endfacet
  facet normal -0.649454 -0.760401 0
    outer loop
      vertex 4.4448 4.4448 2.4
      vertex 4.95191 4.01168 80
      vertex 4.4448 4.4448 80
    endloop
  endfacet
  facet normal -0.649454 -0.760401 -0
    outer loop
      vertex 4.95191 4.01168 80
      vertex 4.4448 4.4448 2.4
      vertex 4.95191 4.01168 2.4
    endloop
  endfacet
  facet normal -0.23344 -0.972371 0
    outer loop
      vertex 6.13668 3.40801 2.4
      vertex 6.78515 3.25233 80
      vertex 6.13668 3.40801 80
    endloop
  endfacet
  facet normal -0.23344 -0.972371 -0
    outer loop
      vertex 6.78515 3.25233 80
      vertex 6.13668 3.40801 2.4
      vertex 6.78515 3.25233 2.4
    endloop
  endfacet
  facet normal 0.382679 -0.923881 0
    outer loop
      vertex 8.76332 3.40801 2.4
      vertex 9.37946 3.66322 80
      vertex 8.76332 3.40801 80
    endloop
  endfacet
  facet normal 0.382679 -0.923881 0
    outer loop
      vertex 9.37946 3.66322 80
      vertex 8.76332 3.40801 2.4
      vertex 9.37946 3.66322 2.4
    endloop
  endfacet
  facet normal -0.0784668 -0.996917 0
    outer loop
      vertex 6.78515 3.25233 2.4
      vertex 7.45 3.2 80
      vertex 6.78515 3.25233 80
    endloop
  endfacet
  facet normal -0.0784668 -0.996917 -0
    outer loop
      vertex 7.45 3.2 80
      vertex 6.78515 3.25233 2.4
      vertex 7.45 3.2 2.4
    endloop
  endfacet
  facet normal 0.972364 -0.233468 0
    outer loop
      vertex 11.492 6.13668 80
      vertex 11.6477 6.78515 2.4
      vertex 11.6477 6.78515 80
    endloop
  endfacet
  facet normal 0.972364 -0.233468 0
    outer loop
      vertex 11.6477 6.78515 2.4
      vertex 11.492 6.13668 80
      vertex 11.492 6.13668 2.4
    endloop
  endfacet
  facet normal -0.852638 0.522502 0
    outer loop
      vertex 3.66322 9.37946 2.4
      vertex 4.01168 9.94809 80
      vertex 4.01168 9.94809 2.4
    endloop
  endfacet
  facet normal -0.852638 0.522502 0
    outer loop
      vertex 4.01168 9.94809 80
      vertex 3.66322 9.37946 2.4
      vertex 3.66322 9.37946 80
    endloop
  endfacet
  facet normal -0.522502 -0.852638 0
    outer loop
      vertex 4.95191 4.01168 2.4
      vertex 5.52054 3.66322 80
      vertex 4.95191 4.01168 80
    endloop
  endfacet
  facet normal -0.522502 -0.852638 -0
    outer loop
      vertex 5.52054 3.66322 80
      vertex 4.95191 4.01168 2.4
      vertex 5.52054 3.66322 2.4
    endloop
  endfacet
  facet normal -0.923881 0.382679 0
    outer loop
      vertex 3.40801 8.76332 2.4
      vertex 3.66322 9.37946 80
      vertex 3.66322 9.37946 2.4
    endloop
  endfacet
  facet normal -0.923881 0.382679 0
    outer loop
      vertex 3.66322 9.37946 80
      vertex 3.40801 8.76332 2.4
      vertex 3.40801 8.76332 80
    endloop
  endfacet
  facet normal 0.760415 -0.649437 0
    outer loop
      vertex 10.4552 4.4448 80
      vertex 10.8883 4.95191 2.4
      vertex 10.8883 4.95191 80
    endloop
  endfacet
  facet normal 0.760415 -0.649437 0
    outer loop
      vertex 10.8883 4.95191 2.4
      vertex 10.4552 4.4448 80
      vertex 10.4552 4.4448 2.4
    endloop
  endfacet
  facet normal -0.972372 -0.233435 0
    outer loop
      vertex 9.0303 7.70029 2.4
      vertex 8.97169 7.94443 80
      vertex 8.97169 7.94443 2.4
    endloop
  endfacet
  facet normal -0.972372 -0.233435 0
    outer loop
      vertex 8.97169 7.94443 80
      vertex 9.0303 7.70029 2.4
      vertex 9.0303 7.70029 80
    endloop
  endfacet
  facet normal -0.996917 -0.078466 0
    outer loop
      vertex 9.05 7.45 2.4
      vertex 9.0303 7.70029 80
      vertex 9.0303 7.70029 2.4
    endloop
  endfacet
  facet normal -0.996917 -0.078466 0
    outer loop
      vertex 9.0303 7.70029 80
      vertex 9.05 7.45 2.4
      vertex 9.05 7.45 80
    endloop
  endfacet
  facet normal -0.522474 0.852655 0
    outer loop
      vertex 8.39046 6.15557 2.4
      vertex 8.17638 6.02439 80
      vertex 8.39046 6.15557 80
    endloop
  endfacet
  facet normal -0.522474 0.852655 0
    outer loop
      vertex 8.17638 6.02439 80
      vertex 8.39046 6.15557 2.4
      vertex 8.17638 6.02439 2.4
    endloop
  endfacet
  facet normal -0.760391 -0.649465 0
    outer loop
      vertex 8.74443 8.39046 2.4
      vertex 8.58137 8.58137 80
      vertex 8.58137 8.58137 2.4
    endloop
  endfacet
  facet normal -0.760391 -0.649465 0
    outer loop
      vertex 8.58137 8.58137 80
      vertex 8.74443 8.39046 2.4
      vertex 8.74443 8.39046 80
    endloop
  endfacet
  facet normal -0.078466 0.996917 0
    outer loop
      vertex 7.70029 5.8697 2.4
      vertex 7.45 5.85 80
      vertex 7.70029 5.8697 80
    endloop
  endfacet
  facet normal -0.078466 0.996917 0
    outer loop
      vertex 7.45 5.85 80
      vertex 7.70029 5.8697 2.4
      vertex 7.45 5.85 2.4
    endloop
  endfacet
  facet normal -0.996917 0.078466 0
    outer loop
      vertex 9.0303 7.19971 2.4
      vertex 9.05 7.45 80
      vertex 9.05 7.45 2.4
    endloop
  endfacet
  facet normal -0.996917 0.078466 0
    outer loop
      vertex 9.05 7.45 80
      vertex 9.0303 7.19971 2.4
      vertex 9.0303 7.19971 80
    endloop
  endfacet
  facet normal 0.852655 0.522474 0
    outer loop
      vertex 6.15557 6.50954 80
      vertex 6.02439 6.72362 2.4
      vertex 6.02439 6.72362 80
    endloop
  endfacet
  facet normal 0.852655 0.522474 0
    outer loop
      vertex 6.02439 6.72362 2.4
      vertex 6.15557 6.50954 80
      vertex 6.15557 6.50954 2.4
    endloop
  endfacet
  facet normal -0.233435 0.972372 0
    outer loop
      vertex 7.94443 5.92831 2.4
      vertex 7.70029 5.8697 80
      vertex 7.94443 5.92831 80
    endloop
  endfacet
  facet normal -0.233435 0.972372 0
    outer loop
      vertex 7.70029 5.8697 80
      vertex 7.94443 5.92831 2.4
      vertex 7.70029 5.8697 2.4
    endloop
  endfacet
  facet normal 0.972372 0.233435 0
    outer loop
      vertex 5.92831 6.95557 80
      vertex 5.8697 7.19971 2.4
      vertex 5.8697 7.19971 80
    endloop
  endfacet
  facet normal 0.972372 0.233435 0
    outer loop
      vertex 5.8697 7.19971 2.4
      vertex 5.92831 6.95557 80
      vertex 5.92831 6.95557 2.4
    endloop
  endfacet
  facet normal 0.649465 -0.760391 0
    outer loop
      vertex 6.31863 8.58137 2.4
      vertex 6.50954 8.74443 80
      vertex 6.31863 8.58137 80
    endloop
  endfacet
  facet normal 0.649465 -0.760391 0
    outer loop
      vertex 6.50954 8.74443 80
      vertex 6.31863 8.58137 2.4
      vertex 6.50954 8.74443 2.4
    endloop
  endfacet
  facet normal -0.382694 -0.923875 0
    outer loop
      vertex 7.94443 8.97169 11.9
      vertex 8.17638 8.87561 80
      vertex 7.94443 8.97169 80
    endloop
  endfacet
  facet normal -0.382694 -0.923875 -0
    outer loop
      vertex 8.17638 8.87561 80
      vertex 7.94443 8.97169 11.9
      vertex 8.17638 8.87561 11.9
    endloop
  endfacet
  facet normal -0.972372 0.233435 0
    outer loop
      vertex 8.97169 6.95557 2.4
      vertex 9.0303 7.19971 80
      vertex 9.0303 7.19971 2.4
    endloop
  endfacet
  facet normal -0.972372 0.233435 0
    outer loop
      vertex 9.0303 7.19971 80
      vertex 8.97169 6.95557 2.4
      vertex 8.97169 6.95557 80
    endloop
  endfacet
  facet normal -0.649465 0.760391 0
    outer loop
      vertex 8.58137 6.31863 2.4
      vertex 8.39046 6.15557 80
      vertex 8.58137 6.31863 80
    endloop
  endfacet
  facet normal -0.649465 0.760391 0
    outer loop
      vertex 8.39046 6.15557 80
      vertex 8.58137 6.31863 2.4
      vertex 8.39046 6.15557 2.4
    endloop
  endfacet
  facet normal -0.078466 -0.996917 0
    outer loop
      vertex 7.45 9.05 11.9
      vertex 7.70029 9.0303 80
      vertex 7.45 9.05 80
    endloop
  endfacet
  facet normal -0.078466 -0.996917 -0
    outer loop
      vertex 7.70029 9.0303 80
      vertex 7.45 9.05 11.9
      vertex 7.70029 9.0303 11.9
    endloop
  endfacet
  facet normal 0.852655 -0.522474 0
    outer loop
      vertex 6.02439 8.17638 80
      vertex 6.15557 8.39046 2.4
      vertex 6.15557 8.39046 80
    endloop
  endfacet
  facet normal 0.852655 -0.522474 0
    outer loop
      vertex 6.15557 8.39046 2.4
      vertex 6.02439 8.17638 80
      vertex 6.02439 8.17638 2.4
    endloop
  endfacet
  facet normal 0.996917 -0.078466 0
    outer loop
      vertex 5.85 7.45 80
      vertex 5.8697 7.70029 2.4
      vertex 5.8697 7.70029 80
    endloop
  endfacet
  facet normal 0.996917 -0.078466 0
    outer loop
      vertex 5.8697 7.70029 2.4
      vertex 5.85 7.45 80
      vertex 5.85 7.45 2.4
    endloop
  endfacet
  facet normal -0.760391 0.649465 0
    outer loop
      vertex 8.58137 6.31863 2.4
      vertex 8.74443 6.50954 80
      vertex 8.74443 6.50954 2.4
    endloop
  endfacet
  facet normal -0.760391 0.649465 0
    outer loop
      vertex 8.74443 6.50954 80
      vertex 8.58137 6.31863 2.4
      vertex 8.58137 6.31863 80
    endloop
  endfacet
  facet normal 0.760391 0.649465 0
    outer loop
      vertex 6.31863 6.31863 80
      vertex 6.15557 6.50954 2.4
      vertex 6.15557 6.50954 80
    endloop
  endfacet
  facet normal 0.760391 0.649465 0
    outer loop
      vertex 6.15557 6.50954 2.4
      vertex 6.31863 6.31863 80
      vertex 6.31863 6.31863 2.4
    endloop
  endfacet
  facet normal -0.852655 -0.522474 0
    outer loop
      vertex 8.87561 8.17638 2.4
      vertex 8.74443 8.39046 80
      vertex 8.74443 8.39046 2.4
    endloop
  endfacet
  facet normal -0.852655 -0.522474 0
    outer loop
      vertex 8.74443 8.39046 80
      vertex 8.87561 8.17638 2.4
      vertex 8.87561 8.17638 80
    endloop
  endfacet
  facet normal 0.078466 -0.996917 4.13629e-08
    outer loop
      vertex 7.19971 9.0303 80
      vertex 7.2 9.03032 11.9
      vertex 7.45 9.05 80
    endloop
  endfacet
  facet normal 0.0688021 -0.99763 0
    outer loop
      vertex 7.19971 9.0303 2.4
      vertex 7.2 9.03032 11.9
      vertex 7.19971 9.0303 80
    endloop
  endfacet
  facet normal 0.0688021 -0.99763 0
    outer loop
      vertex 7.2 9.03032 11.9
      vertex 7.19971 9.0303 2.4
      vertex 7.2 9.03032 2.4
    endloop
  endfacet
  facet normal 0.0784772 -0.996916 0
    outer loop
      vertex 7.45 9.05 80
      vertex 7.2 9.03032 11.9
      vertex 7.45 9.05 11.9
    endloop
  endfacet
  facet normal 0.233435 0.972372 -0
    outer loop
      vertex 7.19971 5.8697 2.4
      vertex 6.95557 5.92831 80
      vertex 7.19971 5.8697 80
    endloop
  endfacet
  facet normal 0.233435 0.972372 0
    outer loop
      vertex 6.95557 5.92831 80
      vertex 7.19971 5.8697 2.4
      vertex 6.95557 5.92831 2.4
    endloop
  endfacet
  facet normal 0.649465 0.760391 -0
    outer loop
      vertex 6.50954 6.15557 2.4
      vertex 6.31863 6.31863 80
      vertex 6.50954 6.15557 80
    endloop
  endfacet
  facet normal 0.649465 0.760391 0
    outer loop
      vertex 6.31863 6.31863 80
      vertex 6.50954 6.15557 2.4
      vertex 6.31863 6.31863 2.4
    endloop
  endfacet
  facet normal 0.923875 -0.382694 0
    outer loop
      vertex 5.92831 7.94443 80
      vertex 6.02439 8.17638 2.4
      vertex 6.02439 8.17638 80
    endloop
  endfacet
  facet normal 0.923875 -0.382694 0
    outer loop
      vertex 6.02439 8.17638 2.4
      vertex 5.92831 7.94443 80
      vertex 5.92831 7.94443 2.4
    endloop
  endfacet
  facet normal 0.996917 0.078466 0
    outer loop
      vertex 5.8697 7.19971 80
      vertex 5.85 7.45 2.4
      vertex 5.85 7.45 80
    endloop
  endfacet
  facet normal 0.996917 0.078466 0
    outer loop
      vertex 5.85 7.45 2.4
      vertex 5.8697 7.19971 80
      vertex 5.8697 7.19971 2.4
    endloop
  endfacet
  facet normal -0.233435 -0.972372 0
    outer loop
      vertex 7.70029 9.0303 11.9
      vertex 7.94443 8.97169 80
      vertex 7.70029 9.0303 80
    endloop
  endfacet
  facet normal -0.233435 -0.972372 -0
    outer loop
      vertex 7.94443 8.97169 80
      vertex 7.70029 9.0303 11.9
      vertex 7.94443 8.97169 11.9
    endloop
  endfacet
  facet normal -0.852655 0.522474 0
    outer loop
      vertex 8.74443 6.50954 2.4
      vertex 8.87561 6.72362 80
      vertex 8.87561 6.72362 2.4
    endloop
  endfacet
  facet normal -0.852655 0.522474 0
    outer loop
      vertex 8.87561 6.72362 80
      vertex 8.74443 6.50954 2.4
      vertex 8.74443 6.50954 80
    endloop
  endfacet
  facet normal 0.972372 -0.233435 0
    outer loop
      vertex 5.8697 7.70029 80
      vertex 5.92831 7.94443 2.4
      vertex 5.92831 7.94443 80
    endloop
  endfacet
  facet normal 0.972372 -0.233435 0
    outer loop
      vertex 5.92831 7.94443 2.4
      vertex 5.8697 7.70029 80
      vertex 5.8697 7.70029 2.4
    endloop
  endfacet
  facet normal 0.760391 -0.649465 0
    outer loop
      vertex 6.15557 8.39046 80
      vertex 6.31863 8.58137 2.4
      vertex 6.31863 8.58137 80
    endloop
  endfacet
  facet normal 0.760391 -0.649465 0
    outer loop
      vertex 6.31863 8.58137 2.4
      vertex 6.15557 8.39046 80
      vertex 6.15557 8.39046 2.4
    endloop
  endfacet
  facet normal -0.649465 -0.760391 0
    outer loop
      vertex 8.39046 8.74443 11.9
      vertex 8.58137 8.58137 80
      vertex 8.39046 8.74443 80
    endloop
  endfacet
  facet normal -0.649526 -0.760339 2.96396e-07
    outer loop
      vertex 8.44247 8.7 11.9
      vertex 8.58137 8.58137 80
      vertex 8.39046 8.74443 11.9
    endloop
  endfacet
  facet normal -0.649442 -0.760411 0
    outer loop
      vertex 8.58137 8.58137 2.4
      vertex 8.44247 8.7 11.9
      vertex 8.44247 8.7 2.4
    endloop
  endfacet
  facet normal -0.649442 -0.760411 0
    outer loop
      vertex 8.44247 8.7 11.9
      vertex 8.58137 8.58137 2.4
      vertex 8.58137 8.58137 80
    endloop
  endfacet
  facet normal -0.382694 0.923875 0
    outer loop
      vertex 8.17638 6.02439 2.4
      vertex 7.94443 5.92831 80
      vertex 8.17638 6.02439 80
    endloop
  endfacet
  facet normal -0.382694 0.923875 0
    outer loop
      vertex 7.94443 5.92831 80
      vertex 8.17638 6.02439 2.4
      vertex 7.94443 5.92831 2.4
    endloop
  endfacet
  facet normal -0.522474 -0.852655 0
    outer loop
      vertex 8.17638 8.87561 11.9
      vertex 8.39046 8.74443 80
      vertex 8.17638 8.87561 80
    endloop
  endfacet
  facet normal -0.522474 -0.852655 -0
    outer loop
      vertex 8.39046 8.74443 80
      vertex 8.17638 8.87561 11.9
      vertex 8.39046 8.74443 11.9
    endloop
  endfacet
  facet normal 0.382694 0.923875 -0
    outer loop
      vertex 6.95557 5.92831 2.4
      vertex 6.72362 6.02439 80
      vertex 6.95557 5.92831 80
    endloop
  endfacet
  facet normal 0.382694 0.923875 0
    outer loop
      vertex 6.72362 6.02439 80
      vertex 6.95557 5.92831 2.4
      vertex 6.72362 6.02439 2.4
    endloop
  endfacet
  facet normal 0.233435 -0.972372 0
    outer loop
      vertex 6.95557 8.97169 2.4
      vertex 7.19971 9.0303 80
      vertex 6.95557 8.97169 80
    endloop
  endfacet
  facet normal 0.233435 -0.972372 0
    outer loop
      vertex 7.19971 9.0303 80
      vertex 6.95557 8.97169 2.4
      vertex 7.19971 9.0303 2.4
    endloop
  endfacet
  facet normal -0.923875 0.382694 0
    outer loop
      vertex 8.87561 6.72362 2.4
      vertex 8.97169 6.95557 80
      vertex 8.97169 6.95557 2.4
    endloop
  endfacet
  facet normal -0.923875 0.382694 0
    outer loop
      vertex 8.97169 6.95557 80
      vertex 8.87561 6.72362 2.4
      vertex 8.87561 6.72362 80
    endloop
  endfacet
  facet normal 0.382694 -0.923875 0
    outer loop
      vertex 6.72362 8.87561 2.4
      vertex 6.95557 8.97169 80
      vertex 6.72362 8.87561 80
    endloop
  endfacet
  facet normal 0.382694 -0.923875 0
    outer loop
      vertex 6.95557 8.97169 80
      vertex 6.72362 8.87561 2.4
      vertex 6.95557 8.97169 2.4
    endloop
  endfacet
  facet normal 0.522474 -0.852655 0
    outer loop
      vertex 6.50954 8.74443 2.4
      vertex 6.72362 8.87561 80
      vertex 6.50954 8.74443 80
    endloop
  endfacet
  facet normal 0.522474 -0.852655 0
    outer loop
      vertex 6.72362 8.87561 80
      vertex 6.50954 8.74443 2.4
      vertex 6.72362 8.87561 2.4
    endloop
  endfacet
  facet normal 0.923875 0.382694 0
    outer loop
      vertex 6.02439 6.72362 80
      vertex 5.92831 6.95557 2.4
      vertex 5.92831 6.95557 80
    endloop
  endfacet
  facet normal 0.923875 0.382694 0
    outer loop
      vertex 5.92831 6.95557 2.4
      vertex 6.02439 6.72362 80
      vertex 6.02439 6.72362 2.4
    endloop
  endfacet
  facet normal -0.923875 -0.382694 0
    outer loop
      vertex 8.97169 7.94443 2.4
      vertex 8.87561 8.17638 80
      vertex 8.87561 8.17638 2.4
    endloop
  endfacet
  facet normal -0.923875 -0.382694 0
    outer loop
      vertex 8.87561 8.17638 80
      vertex 8.97169 7.94443 2.4
      vertex 8.97169 7.94443 80
    endloop
  endfacet
  facet normal 0.078466 0.996917 -0
    outer loop
      vertex 7.45 5.85 2.4
      vertex 7.19971 5.8697 80
      vertex 7.45 5.85 80
    endloop
  endfacet
  facet normal 0.078466 0.996917 0
    outer loop
      vertex 7.19971 5.8697 80
      vertex 7.45 5.85 2.4
      vertex 7.19971 5.8697 2.4
    endloop
  endfacet
  facet normal 0.522474 0.852655 -0
    outer loop
      vertex 6.72362 6.02439 2.4
      vertex 6.50954 6.15557 80
      vertex 6.72362 6.02439 80
    endloop
  endfacet
  facet normal 0.522474 0.852655 0
    outer loop
      vertex 6.50954 6.15557 80
      vertex 6.72362 6.02439 2.4
      vertex 6.50954 6.15557 2.4
    endloop
  endfacet
  facet normal 0.0784492 -0.996918 0
    outer loop
      vertex 102.55 3.2 2.4
      vertex 103.215 3.25233 80
      vertex 102.55 3.2 80
    endloop
  endfacet
  facet normal 0.0784492 -0.996918 0
    outer loop
      vertex 103.215 3.25233 80
      vertex 102.55 3.2 2.4
      vertex 103.215 3.25233 2.4
    endloop
  endfacet
  facet normal 0.972262 0.233893 0
    outer loop
      vertex 106.748 8.11485 80
      vertex 106.592 8.76332 2.4
      vertex 106.592 8.76332 80
    endloop
  endfacet
  facet normal 0.972262 0.233893 0
    outer loop
      vertex 106.592 8.76332 2.4
      vertex 106.748 8.11485 80
      vertex 106.748 8.11485 2.4
    endloop
  endfacet
  facet normal 0.996955 0.077975 0
    outer loop
      vertex 106.8 7.45 80
      vertex 106.748 8.11485 2.4
      vertex 106.748 8.11485 80
    endloop
  endfacet
  facet normal 0.996955 0.077975 0
    outer loop
      vertex 106.748 8.11485 2.4
      vertex 106.8 7.45 80
      vertex 106.8 7.45 2.4
    endloop
  endfacet
  facet normal 0.923993 0.38241 0
    outer loop
      vertex 106.592 8.76332 80
      vertex 106.337 9.37946 2.4
      vertex 106.337 9.37946 80
    endloop
  endfacet
  facet normal 0.923993 0.38241 0
    outer loop
      vertex 106.337 9.37946 2.4
      vertex 106.592 8.76332 80
      vertex 106.592 8.76332 2.4
    endloop
  endfacet
  facet normal 0.38274 0.923856 -0
    outer loop
      vertex 104.479 11.2368 2.4
      vertex 103.863 11.492 80
      vertex 104.479 11.2368 80
    endloop
  endfacet
  facet normal 0.38274 0.923856 0
    outer loop
      vertex 103.863 11.492 80
      vertex 104.479 11.2368 2.4
      vertex 103.863 11.492 2.4
    endloop
  endfacet
  facet normal -0.972364 0.233468 0
    outer loop
      vertex 98.3523 8.11485 2.4
      vertex 98.508 8.76332 80
      vertex 98.508 8.76332 2.4
    endloop
  endfacet
  facet normal -0.972364 0.233468 0
    outer loop
      vertex 98.508 8.76332 80
      vertex 98.3523 8.11485 2.4
      vertex 98.3523 8.11485 80
    endloop
  endfacet
  facet normal 0.649518 0.760346 -0
    outer loop
      vertex 105.555 10.4552 2.4
      vertex 105.048 10.8883 80
      vertex 105.555 10.4552 80
    endloop
  endfacet
  facet normal 0.649518 0.760346 0
    outer loop
      vertex 105.048 10.8883 80
      vertex 105.555 10.4552 2.4
      vertex 105.048 10.8883 2.4
    endloop
  endfacet
  facet normal 0.522255 -0.852789 0
    outer loop
      vertex 104.479 3.66322 2.4
      vertex 105.048 4.01168 80
      vertex 104.479 3.66322 80
    endloop
  endfacet
  facet normal 0.522255 -0.852789 0
    outer loop
      vertex 105.048 4.01168 80
      vertex 104.479 3.66322 2.4
      vertex 105.048 4.01168 2.4
    endloop
  endfacet
  facet normal -0.99692 0.0784221 0
    outer loop
      vertex 98.3 7.45 2.4
      vertex 98.3523 8.11485 80
      vertex 98.3523 8.11485 2.4
    endloop
  endfacet
  facet normal -0.99692 0.0784221 0
    outer loop
      vertex 98.3523 8.11485 80
      vertex 98.3 7.45 2.4
      vertex 98.3 7.45 80
    endloop
  endfacet
  facet normal 0 0 1
    outer loop
      vertex 104.15 7.45 80
      vertex 106.8 7.45 80
      vertex 106.748 8.11485 80
    endloop
  endfacet
  facet normal 0 0 1
    outer loop
      vertex 104.13 7.70029 80
      vertex 106.748 8.11485 80
      vertex 106.592 8.76332 80
    endloop
  endfacet
  facet normal 0 0 1
    outer loop
      vertex 106.8 7.45 80
      vertex 104.15 7.45 80
      vertex 106.748 6.78515 80
    endloop
  endfacet
  facet normal 0 0 1
    outer loop
      vertex 104.072 7.94443 80
      vertex 106.592 8.76332 80
      vertex 106.337 9.37946 80
    endloop
  endfacet
  facet normal -0 0 1
    outer loop
      vertex 104.13 7.19971 80
      vertex 106.748 6.78515 80
      vertex 104.15 7.45 80
    endloop
  endfacet
  facet normal 0 0 1
    outer loop
      vertex 103.976 8.17638 80
      vertex 106.337 9.37946 80
      vertex 105.988 9.94809 80
    endloop
  endfacet
  facet normal 0 0 1
    outer loop
      vertex 106.748 6.78515 80
      vertex 104.13 7.19971 80
      vertex 106.592 6.13668 80
    endloop
  endfacet
  facet normal 0 0 1
    outer loop
      vertex 103.844 8.39046 80
      vertex 105.988 9.94809 80
      vertex 105.555 10.4552 80
    endloop
  endfacet
  facet normal -0 0 1
    outer loop
      vertex 104.072 6.95557 80
      vertex 106.592 6.13668 80
      vertex 104.13 7.19971 80
    endloop
  endfacet
  facet normal 0 0 1
    outer loop
      vertex 103.681 8.58137 80
      vertex 105.555 10.4552 80
      vertex 105.048 10.8883 80
    endloop
  endfacet
  facet normal 0 0 1
    outer loop
      vertex 106.592 6.13668 80
      vertex 104.072 6.95557 80
      vertex 106.337 5.52054 80
    endloop
  endfacet
  facet normal 0 0 1
    outer loop
      vertex 103.49 8.74443 80
      vertex 105.048 10.8883 80
      vertex 104.479 11.2368 80
    endloop
  endfacet
  facet normal -0 0 1
    outer loop
      vertex 103.976 6.72362 80
      vertex 106.337 5.52054 80
      vertex 104.072 6.95557 80
    endloop
  endfacet
  facet normal 0 0 1
    outer loop
      vertex 106.337 5.52054 80
      vertex 103.976 6.72362 80
      vertex 105.988 4.95191 80
    endloop
  endfacet
  facet normal 0 0 1
    outer loop
      vertex 106.748 8.11485 80
      vertex 104.13 7.70029 80
      vertex 104.15 7.45 80
    endloop
  endfacet
  facet normal 0 0 1
    outer loop
      vertex 106.592 8.76332 80
      vertex 104.072 7.94443 80
      vertex 104.13 7.70029 80
    endloop
  endfacet
  facet normal 0 0 1
    outer loop
      vertex 106.337 9.37946 80
      vertex 103.976 8.17638 80
      vertex 104.072 7.94443 80
    endloop
  endfacet
  facet normal 0 0 1
    outer loop
      vertex 103.276 8.87561 80
      vertex 104.479 11.2368 80
      vertex 103.863 11.492 80
    endloop
  endfacet
  facet normal 0 0 1
    outer loop
      vertex 105.988 9.94809 80
      vertex 103.844 8.39046 80
      vertex 103.976 8.17638 80
    endloop
  endfacet
  facet normal 0 0 1
    outer loop
      vertex 105.555 10.4552 80
      vertex 103.681 8.58137 80
      vertex 103.844 8.39046 80
    endloop
  endfacet
  facet normal 0 0 1
    outer loop
      vertex 105.048 10.8883 80
      vertex 103.49 8.74443 80
      vertex 103.681 8.58137 80
    endloop
  endfacet
  facet normal 0 0 1
    outer loop
      vertex 104.479 11.2368 80
      vertex 103.276 8.87561 80
      vertex 103.49 8.74443 80
    endloop
  endfacet
  facet normal 0 0 1
    outer loop
      vertex 103.044 8.97169 80
      vertex 103.863 11.492 80
      vertex 103.215 11.6477 80
    endloop
  endfacet
  facet normal 0 0 1
    outer loop
      vertex 103.863 11.492 80
      vertex 103.044 8.97169 80
      vertex 103.276 8.87561 80
    endloop
  endfacet
  facet normal 0 0 1
    outer loop
      vertex 103.215 11.6477 80
      vertex 102.8 9.0303 80
      vertex 103.044 8.97169 80
    endloop
  endfacet
  facet normal 0 0 1
    outer loop
      vertex 102.55 11.7 80
      vertex 102.8 9.0303 80
      vertex 103.215 11.6477 80
    endloop
  endfacet
  facet normal 0 0 1
    outer loop
      vertex 102.55 11.7 80
      vertex 102.55 9.05 80
      vertex 102.8 9.0303 80
    endloop
  endfacet
  facet normal 0 0 1
    outer loop
      vertex 102.55 11.7 80
      vertex 102.3 9.0303 80
      vertex 102.55 9.05 80
    endloop
  endfacet
  facet normal -0 0 1
    outer loop
      vertex 101.885 11.6477 80
      vertex 102.3 9.0303 80
      vertex 102.55 11.7 80
    endloop
  endfacet
  facet normal 0 0 1
    outer loop
      vertex 102.3 9.0303 80
      vertex 101.885 11.6477 80
      vertex 102.056 8.97169 80
    endloop
  endfacet
  facet normal -0 0 1
    outer loop
      vertex 101.237 11.492 80
      vertex 102.056 8.97169 80
      vertex 101.885 11.6477 80
    endloop
  endfacet
  facet normal 0 0 1
    outer loop
      vertex 102.056 8.97169 80
      vertex 101.237 11.492 80
      vertex 101.824 8.87561 80
    endloop
  endfacet
  facet normal -0 0 1
    outer loop
      vertex 100.621 11.2368 80
      vertex 101.824 8.87561 80
      vertex 101.237 11.492 80
    endloop
  endfacet
  facet normal 0 0 1
    outer loop
      vertex 101.824 8.87561 80
      vertex 100.621 11.2368 80
      vertex 101.61 8.74443 80
    endloop
  endfacet
  facet normal -0 0 1
    outer loop
      vertex 100.052 10.8883 80
      vertex 101.61 8.74443 80
      vertex 100.621 11.2368 80
    endloop
  endfacet
  facet normal 0 0 1
    outer loop
      vertex 101.61 8.74443 80
      vertex 100.052 10.8883 80
      vertex 101.419 8.58137 80
    endloop
  endfacet
  facet normal -0 0 1
    outer loop
      vertex 99.5448 10.4552 80
      vertex 101.419 8.58137 80
      vertex 100.052 10.8883 80
    endloop
  endfacet
  facet normal 0 0 1
    outer loop
      vertex 101.419 8.58137 80
      vertex 99.5448 10.4552 80
      vertex 101.256 8.39046 80
    endloop
  endfacet
  facet normal -0 0 1
    outer loop
      vertex 99.1117 9.94809 80
      vertex 101.256 8.39046 80
      vertex 99.5448 10.4552 80
    endloop
  endfacet
  facet normal 0 0 1
    outer loop
      vertex 101.256 8.39046 80
      vertex 99.1117 9.94809 80
      vertex 101.124 8.17638 80
    endloop
  endfacet
  facet normal -0 0 1
    outer loop
      vertex 103.844 6.50954 80
      vertex 105.988 4.95191 80
      vertex 103.976 6.72362 80
    endloop
  endfacet
  facet normal 0 0 1
    outer loop
      vertex 105.988 4.95191 80
      vertex 103.844 6.50954 80
      vertex 105.555 4.4448 80
    endloop
  endfacet
  facet normal -0 0 1
    outer loop
      vertex 103.681 6.31863 80
      vertex 105.555 4.4448 80
      vertex 103.844 6.50954 80
    endloop
  endfacet
  facet normal 0 0 1
    outer loop
      vertex 105.555 4.4448 80
      vertex 103.681 6.31863 80
      vertex 105.048 4.01168 80
    endloop
  endfacet
  facet normal -0 0 1
    outer loop
      vertex 103.49 6.15557 80
      vertex 105.048 4.01168 80
      vertex 103.681 6.31863 80
    endloop
  endfacet
  facet normal 0 0 1
    outer loop
      vertex 105.048 4.01168 80
      vertex 103.49 6.15557 80
      vertex 104.479 3.66322 80
    endloop
  endfacet
  facet normal -0 0 1
    outer loop
      vertex 103.276 6.02439 80
      vertex 104.479 3.66322 80
      vertex 103.49 6.15557 80
    endloop
  endfacet
  facet normal 0 0 1
    outer loop
      vertex 104.479 3.66322 80
      vertex 103.276 6.02439 80
      vertex 103.863 3.40801 80
    endloop
  endfacet
  facet normal -0 0 1
    outer loop
      vertex 103.044 5.92831 80
      vertex 103.863 3.40801 80
      vertex 103.276 6.02439 80
    endloop
  endfacet
  facet normal 0 0 1
    outer loop
      vertex 103.863 3.40801 80
      vertex 103.044 5.92831 80
      vertex 103.215 3.25233 80
    endloop
  endfacet
  facet normal -0 0 1
    outer loop
      vertex 102.8 5.8697 80
      vertex 103.215 3.25233 80
      vertex 103.044 5.92831 80
    endloop
  endfacet
  facet normal -0 0 1
    outer loop
      vertex 102.55 5.85 80
      vertex 103.215 3.25233 80
      vertex 102.8 5.8697 80
    endloop
  endfacet
  facet normal 0 0 1
    outer loop
      vertex 102.55 5.85 80
      vertex 102.55 3.2 80
      vertex 103.215 3.25233 80
    endloop
  endfacet
  facet normal 0 0 1
    outer loop
      vertex 102.3 5.8697 80
      vertex 102.55 3.2 80
      vertex 102.55 5.85 80
    endloop
  endfacet
  facet normal 0 0 1
    outer loop
      vertex 101.885 3.25233 80
      vertex 102.3 5.8697 80
      vertex 102.056 5.92831 80
    endloop
  endfacet
  facet normal 0 0 1
    outer loop
      vertex 102.3 5.8697 80
      vertex 101.885 3.25233 80
      vertex 102.55 3.2 80
    endloop
  endfacet
  facet normal 0 0 1
    outer loop
      vertex 101.237 3.40801 80
      vertex 102.056 5.92831 80
      vertex 101.824 6.02439 80
    endloop
  endfacet
  facet normal 0 0 1
    outer loop
      vertex 100.621 3.66322 80
      vertex 101.824 6.02439 80
      vertex 101.61 6.15557 80
    endloop
  endfacet
  facet normal 0 0 1
    outer loop
      vertex 100.052 4.01168 80
      vertex 101.61 6.15557 80
      vertex 101.419 6.31863 80
    endloop
  endfacet
  facet normal 0 0 1
    outer loop
      vertex 99.5448 4.4448 80
      vertex 101.419 6.31863 80
      vertex 101.256 6.50954 80
    endloop
  endfacet
  facet normal 0 0 1
    outer loop
      vertex 102.056 5.92831 80
      vertex 101.237 3.40801 80
      vertex 101.885 3.25233 80
    endloop
  endfacet
  facet normal 0 0 1
    outer loop
      vertex 99.1117 4.95191 80
      vertex 101.256 6.50954 80
      vertex 101.124 6.72362 80
    endloop
  endfacet
  facet normal 0 0 1
    outer loop
      vertex 98.7632 5.52054 80
      vertex 101.124 6.72362 80
      vertex 101.028 6.95557 80
    endloop
  endfacet
  facet normal 0 0 1
    outer loop
      vertex 98.508 6.13668 80
      vertex 101.028 6.95557 80
      vertex 100.97 7.19971 80
    endloop
  endfacet
  facet normal 0 0 1
    outer loop
      vertex 98.3523 6.78515 80
      vertex 100.97 7.19971 80
      vertex 100.95 7.45 80
    endloop
  endfacet
  facet normal -0 0 1
    outer loop
      vertex 98.7632 9.37946 80
      vertex 101.124 8.17638 80
      vertex 99.1117 9.94809 80
    endloop
  endfacet
  facet normal 0 0 1
    outer loop
      vertex 101.824 6.02439 80
      vertex 100.621 3.66322 80
      vertex 101.237 3.40801 80
    endloop
  endfacet
  facet normal 0 0 1
    outer loop
      vertex 101.124 8.17638 80
      vertex 98.7632 9.37946 80
      vertex 101.028 7.94443 80
    endloop
  endfacet
  facet normal 0 0 1
    outer loop
      vertex 101.61 6.15557 80
      vertex 100.052 4.01168 80
      vertex 100.621 3.66322 80
    endloop
  endfacet
  facet normal -0 0 1
    outer loop
      vertex 98.508 8.76332 80
      vertex 101.028 7.94443 80
      vertex 98.7632 9.37946 80
    endloop
  endfacet
  facet normal 0 0 1
    outer loop
      vertex 101.419 6.31863 80
      vertex 99.5448 4.4448 80
      vertex 100.052 4.01168 80
    endloop
  endfacet
  facet normal 0 0 1
    outer loop
      vertex 101.028 7.94443 80
      vertex 98.508 8.76332 80
      vertex 100.97 7.70029 80
    endloop
  endfacet
  facet normal 0 0 1
    outer loop
      vertex 101.256 6.50954 80
      vertex 99.1117 4.95191 80
      vertex 99.5448 4.4448 80
    endloop
  endfacet
  facet normal -0 0 1
    outer loop
      vertex 98.3523 8.11485 80
      vertex 100.97 7.70029 80
      vertex 98.508 8.76332 80
    endloop
  endfacet
  facet normal 0 0 1
    outer loop
      vertex 101.124 6.72362 80
      vertex 98.7632 5.52054 80
      vertex 99.1117 4.95191 80
    endloop
  endfacet
  facet normal 0 0 1
    outer loop
      vertex 100.97 7.70029 80
      vertex 98.3523 8.11485 80
      vertex 100.95 7.45 80
    endloop
  endfacet
  facet normal 0 0 1
    outer loop
      vertex 101.028 6.95557 80
      vertex 98.508 6.13668 80
      vertex 98.7632 5.52054 80
    endloop
  endfacet
  facet normal 0 0 1
    outer loop
      vertex 98.3 7.45 80
      vertex 100.95 7.45 80
      vertex 98.3523 8.11485 80
    endloop
  endfacet
  facet normal 0 0 1
    outer loop
      vertex 100.97 7.19971 80
      vertex 98.3523 6.78515 80
      vertex 98.508 6.13668 80
    endloop
  endfacet
  facet normal 0 0 1
    outer loop
      vertex 100.95 7.45 80
      vertex 98.3 7.45 80
      vertex 98.3523 6.78515 80
    endloop
  endfacet
  facet normal -0.64937 0.760472 -1.02609e-07
    outer loop
      vertex 100.052 10.8883 80
      vertex 99.8726 10.7351 8.4
      vertex 99.5448 10.4552 80
    endloop
  endfacet
  facet normal -0.649394 0.760452 0
    outer loop
      vertex 100.052 10.8883 2.4
      vertex 99.8726 10.7351 8.4
      vertex 100.052 10.8883 80
    endloop
  endfacet
  facet normal -0.649394 0.760452 0
    outer loop
      vertex 99.8726 10.7351 8.4
      vertex 100.052 10.8883 2.4
      vertex 99.8726 10.7351 2.4
    endloop
  endfacet
  facet normal -0.649357 0.760483 0
    outer loop
      vertex 99.5448 10.4552 80
      vertex 99.8726 10.7351 8.4
      vertex 99.5448 10.4552 8.4
    endloop
  endfacet
  facet normal 0.852277 0.52309 0
    outer loop
      vertex 106.337 9.37946 80
      vertex 105.988 9.94809 2.4
      vertex 105.988 9.94809 80
    endloop
  endfacet
  facet normal 0.852277 0.52309 0
    outer loop
      vertex 105.988 9.94809 2.4
      vertex 106.337 9.37946 80
      vertex 106.337 9.37946 2.4
    endloop
  endfacet
  facet normal 0.923993 -0.38241 0
    outer loop
      vertex 106.337 5.52054 80
      vertex 106.592 6.13668 2.4
      vertex 106.592 6.13668 80
    endloop
  endfacet
  facet normal 0.923993 -0.38241 0
    outer loop
      vertex 106.592 6.13668 2.4
      vertex 106.337 5.52054 80
      vertex 106.337 5.52054 2.4
    endloop
  endfacet
  facet normal 0.0784045 0.996922 -5.61348e-07
    outer loop
      vertex 103.215 11.6477 80
      vertex 102.8 11.6803 11.9
      vertex 102.55 11.7 80
    endloop
  endfacet
  facet normal 0.078313 0.996929 -0
    outer loop
      vertex 103.215 11.6477 2.4
      vertex 102.8 11.6803 11.9
      vertex 103.215 11.6477 80
    endloop
  endfacet
  facet normal 0.0790756 0.996869 3.35207e-05
    outer loop
      vertex 102.8 11.6803 11.9
      vertex 103.215 11.6477 2.4
      vertex 102.833 11.6778 8.4
    endloop
  endfacet
  facet normal 0.0785523 0.99691 0
    outer loop
      vertex 102.833 11.6778 8.4
      vertex 103.215 11.6477 2.4
      vertex 102.833 11.6778 2.4
    endloop
  endfacet
  facet normal 0.0785565 0.99691 0
    outer loop
      vertex 102.55 11.7 80
      vertex 102.8 11.6803 11.9
      vertex 102.55 11.7 11.9
    endloop
  endfacet
  facet normal 0.0755411 0.997143 0
    outer loop
      vertex 102.8 11.6803 11.9
      vertex 102.833 11.6778 8.4
      vertex 102.8 11.6803 8.4
    endloop
  endfacet
  facet normal -0.923887 -0.382666 0
    outer loop
      vertex 98.7632 5.52054 2.4
      vertex 98.508 6.13668 80
      vertex 98.508 6.13668 2.4
    endloop
  endfacet
  facet normal -0.923887 -0.382666 0
    outer loop
      vertex 98.508 6.13668 80
      vertex 98.7632 5.52054 2.4
      vertex 98.7632 5.52054 80
    endloop
  endfacet
  facet normal -0.0784045 0.996922 0
    outer loop
      vertex 102.55 11.7 11.9
      vertex 101.885 11.6477 80
      vertex 102.55 11.7 80
    endloop
  endfacet
  facet normal -0.0784045 0.996922 0
    outer loop
      vertex 101.885 11.6477 80
      vertex 102.55 11.7 11.9
      vertex 101.885 11.6477 11.9
    endloop
  endfacet
  facet normal 0.233628 0.972326 -0
    outer loop
      vertex 103.863 11.492 2.4
      vertex 103.215 11.6477 80
      vertex 103.863 11.492 80
    endloop
  endfacet
  facet normal 0.233628 0.972326 0
    outer loop
      vertex 103.215 11.6477 80
      vertex 103.863 11.492 2.4
      vertex 103.215 11.6477 2.4
    endloop
  endfacet
  facet normal -0.382753 -0.923851 0
    outer loop
      vertex 100.621 3.66322 2.4
      vertex 101.237 3.40801 80
      vertex 100.621 3.66322 80
    endloop
  endfacet
  facet normal -0.382753 -0.923851 -0
    outer loop
      vertex 101.237 3.40801 80
      vertex 100.621 3.66322 2.4
      vertex 101.237 3.40801 2.4
    endloop
  endfacet
  facet normal 0.649536 -0.760331 0
    outer loop
      vertex 105.048 4.01168 2.4
      vertex 105.555 4.4448 80
      vertex 105.048 4.01168 80
    endloop
  endfacet
  facet normal 0.649536 -0.760331 0
    outer loop
      vertex 105.555 4.4448 80
      vertex 105.048 4.01168 2.4
      vertex 105.555 4.4448 2.4
    endloop
  endfacet
  facet normal 0.996955 -0.077975 0
    outer loop
      vertex 106.748 6.78515 80
      vertex 106.8 7.45 2.4
      vertex 106.8 7.45 80
    endloop
  endfacet
  facet normal 0.996955 -0.077975 0
    outer loop
      vertex 106.8 7.45 2.4
      vertex 106.748 6.78515 80
      vertex 106.748 6.78515 2.4
    endloop
  endfacet
  facet normal -0.233628 0.972326 0
    outer loop
      vertex 101.885 11.6477 11.9
      vertex 101.237 11.492 80
      vertex 101.885 11.6477 80
    endloop
  endfacet
  facet normal -0.233696 0.97231 -6.76311e-07
    outer loop
      vertex 101.6 11.5792 11.9
      vertex 101.237 11.492 80
      vertex 101.885 11.6477 11.9
    endloop
  endfacet
  facet normal -0.233576 0.972339 0
    outer loop
      vertex 101.237 11.492 8.4
      vertex 101.6 11.5792 11.9
      vertex 101.6 11.5792 8.4
    endloop
  endfacet
  facet normal -0.233576 0.972339 0
    outer loop
      vertex 101.6 11.5792 11.9
      vertex 101.237 11.492 8.4
      vertex 101.237 11.492 80
    endloop
  endfacet
  facet normal -0.760415 0.649437 0
    outer loop
      vertex 99.1117 9.94809 8.4
      vertex 99.5448 10.4552 80
      vertex 99.5448 10.4552 8.4
    endloop
  endfacet
  facet normal -0.760415 0.649437 0
    outer loop
      vertex 99.5448 10.4552 80
      vertex 99.1117 9.94809 8.4
      vertex 99.1117 9.94809 80
    endloop
  endfacet
  facet normal -0.99692 -0.0784221 0
    outer loop
      vertex 98.3523 6.78515 2.4
      vertex 98.3 7.45 80
      vertex 98.3 7.45 2.4
    endloop
  endfacet
  facet normal -0.99692 -0.0784221 0
    outer loop
      vertex 98.3 7.45 80
      vertex 98.3523 6.78515 2.4
      vertex 98.3523 6.78515 80
    endloop
  endfacet
  facet normal -0.972364 -0.233468 0
    outer loop
      vertex 98.508 6.13668 2.4
      vertex 98.3523 6.78515 80
      vertex 98.3523 6.78515 2.4
    endloop
  endfacet
  facet normal -0.972364 -0.233468 0
    outer loop
      vertex 98.3523 6.78515 80
      vertex 98.508 6.13668 2.4
      vertex 98.508 6.13668 80
    endloop
  endfacet
  facet normal 0.852277 -0.52309 0
    outer loop
      vertex 105.988 4.95191 80
      vertex 106.337 5.52054 2.4
      vertex 106.337 5.52054 80
    endloop
  endfacet
  facet normal 0.852277 -0.52309 0
    outer loop
      vertex 106.337 5.52054 2.4
      vertex 105.988 4.95191 80
      vertex 105.988 4.95191 2.4
    endloop
  endfacet
  facet normal -0.38274 0.923856 0
    outer loop
      vertex 101.237 11.492 8.4
      vertex 100.621 11.2368 80
      vertex 101.237 11.492 80
    endloop
  endfacet
  facet normal -0.38274 0.923856 0
    outer loop
      vertex 100.621 11.2368 80
      vertex 101.237 11.492 8.4
      vertex 100.621 11.2368 8.4
    endloop
  endfacet
  facet normal -0.522298 0.852763 0
    outer loop
      vertex 100.621 11.2368 8.4
      vertex 100.052 10.8883 80
      vertex 100.621 11.2368 80
    endloop
  endfacet
  facet normal -0.51611 0.856522 6.74814e-05
    outer loop
      vertex 100.582 11.2133 8.4
      vertex 100.052 10.8883 80
      vertex 100.621 11.2368 8.4
    endloop
  endfacet
  facet normal -0.522751 0.852486 0
    outer loop
      vertex 100.052 10.8883 2.4
      vertex 100.582 11.2133 8.4
      vertex 100.582 11.2133 2.4
    endloop
  endfacet
  facet normal -0.522751 0.852486 0
    outer loop
      vertex 100.582 11.2133 8.4
      vertex 100.052 10.8883 2.4
      vertex 100.052 10.8883 80
    endloop
  endfacet
  facet normal 0.522298 0.852763 -0
    outer loop
      vertex 105.048 10.8883 2.4
      vertex 104.479 11.2368 80
      vertex 105.048 10.8883 80
    endloop
  endfacet
  facet normal 0.522298 0.852763 0
    outer loop
      vertex 104.479 11.2368 80
      vertex 105.048 10.8883 2.4
      vertex 104.479 11.2368 2.4
    endloop
  endfacet
  facet normal -0.852611 -0.522546 0
    outer loop
      vertex 99.1117 4.95191 2.4
      vertex 98.7632 5.52054 80
      vertex 98.7632 5.52054 2.4
    endloop
  endfacet
  facet normal -0.852611 -0.522546 0
    outer loop
      vertex 98.7632 5.52054 80
      vertex 99.1117 4.95191 2.4
      vertex 99.1117 4.95191 80
    endloop
  endfacet
  facet normal 0.76049 0.64935 0
    outer loop
      vertex 105.988 9.94809 80
      vertex 105.555 10.4552 2.4
      vertex 105.555 10.4552 80
    endloop
  endfacet
  facet normal 0.76049 0.64935 0
    outer loop
      vertex 105.555 10.4552 2.4
      vertex 105.988 9.94809 80
      vertex 105.988 9.94809 2.4
    endloop
  endfacet
  facet normal 0.2336 -0.972333 0
    outer loop
      vertex 103.215 3.25233 2.4
      vertex 103.863 3.40801 80
      vertex 103.215 3.25233 80
    endloop
  endfacet
  facet normal 0.2336 -0.972333 0
    outer loop
      vertex 103.863 3.40801 80
      vertex 103.215 3.25233 2.4
      vertex 103.863 3.40801 2.4
    endloop
  endfacet
  facet normal -0.760415 -0.649437 0
    outer loop
      vertex 99.5448 4.4448 2.4
      vertex 99.1117 4.95191 80
      vertex 99.1117 4.95191 2.4
    endloop
  endfacet
  facet normal -0.760415 -0.649437 0
    outer loop
      vertex 99.1117 4.95191 80
      vertex 99.5448 4.4448 2.4
      vertex 99.5448 4.4448 80
    endloop
  endfacet
  facet normal 0 0 -1
    outer loop
      vertex 104.15 7.45 2.4
      vertex 106.8 7.45 2.4
      vertex 106.748 6.78515 2.4
    endloop
  endfacet
  facet normal 0 0 -1
    outer loop
      vertex 104.13 7.19971 2.4
      vertex 106.748 6.78515 2.4
      vertex 106.592 6.13668 2.4
    endloop
  endfacet
  facet normal 0 0 -1
    outer loop
      vertex 106.8 7.45 2.4
      vertex 104.15 7.45 2.4
      vertex 106.748 8.11485 2.4
    endloop
  endfacet
  facet normal 0 0 -1
    outer loop
      vertex 104.072 6.95557 2.4
      vertex 106.592 6.13668 2.4
      vertex 106.337 5.52054 2.4
    endloop
  endfacet
  facet normal 0 0 -1
    outer loop
      vertex 104.13 7.70029 2.4
      vertex 106.748 8.11485 2.4
      vertex 104.15 7.45 2.4
    endloop
  endfacet
  facet normal 0 0 -1
    outer loop
      vertex 103.976 6.72362 2.4
      vertex 106.337 5.52054 2.4
      vertex 105.988 4.95191 2.4
    endloop
  endfacet
  facet normal -0 0 -1
    outer loop
      vertex 106.748 8.11485 2.4
      vertex 104.13 7.70029 2.4
      vertex 106.592 8.76332 2.4
    endloop
  endfacet
  facet normal 0 0 -1
    outer loop
      vertex 103.844 6.50954 2.4
      vertex 105.988 4.95191 2.4
      vertex 105.555 4.4448 2.4
    endloop
  endfacet
  facet normal 0 0 -1
    outer loop
      vertex 104.072 7.94443 2.4
      vertex 106.592 8.76332 2.4
      vertex 104.13 7.70029 2.4
    endloop
  endfacet
  facet normal 0 0 -1
    outer loop
      vertex 103.681 6.31863 2.4
      vertex 105.555 4.4448 2.4
      vertex 105.048 4.01168 2.4
    endloop
  endfacet
  facet normal -0 0 -1
    outer loop
      vertex 106.592 8.76332 2.4
      vertex 104.072 7.94443 2.4
      vertex 106.337 9.37946 2.4
    endloop
  endfacet
  facet normal 0 0 -1
    outer loop
      vertex 103.49 6.15557 2.4
      vertex 105.048 4.01168 2.4
      vertex 104.479 3.66322 2.4
    endloop
  endfacet
  facet normal 0 0 -1
    outer loop
      vertex 103.976 8.17638 2.4
      vertex 106.337 9.37946 2.4
      vertex 104.072 7.94443 2.4
    endloop
  endfacet
  facet normal -0 0 -1
    outer loop
      vertex 106.337 9.37946 2.4
      vertex 103.976 8.17638 2.4
      vertex 105.988 9.94809 2.4
    endloop
  endfacet
  facet normal 0 0 -1
    outer loop
      vertex 106.748 6.78515 2.4
      vertex 104.13 7.19971 2.4
      vertex 104.15 7.45 2.4
    endloop
  endfacet
  facet normal 0 0 -1
    outer loop
      vertex 106.592 6.13668 2.4
      vertex 104.072 6.95557 2.4
      vertex 104.13 7.19971 2.4
    endloop
  endfacet
  facet normal 0 0 -1
    outer loop
      vertex 106.337 5.52054 2.4
      vertex 103.976 6.72362 2.4
      vertex 104.072 6.95557 2.4
    endloop
  endfacet
  facet normal 0 0 -1
    outer loop
      vertex 103.276 6.02439 2.4
      vertex 104.479 3.66322 2.4
      vertex 103.863 3.40801 2.4
    endloop
  endfacet
  facet normal 0 0 -1
    outer loop
      vertex 105.988 4.95191 2.4
      vertex 103.844 6.50954 2.4
      vertex 103.976 6.72362 2.4
    endloop
  endfacet
  facet normal 0 0 -1
    outer loop
      vertex 105.555 4.4448 2.4
      vertex 103.681 6.31863 2.4
      vertex 103.844 6.50954 2.4
    endloop
  endfacet
  facet normal 0 0 -1
    outer loop
      vertex 105.048 4.01168 2.4
      vertex 103.49 6.15557 2.4
      vertex 103.681 6.31863 2.4
    endloop
  endfacet
  facet normal 0 0 -1
    outer loop
      vertex 104.479 3.66322 2.4
      vertex 103.276 6.02439 2.4
      vertex 103.49 6.15557 2.4
    endloop
  endfacet
  facet normal 0 0 -1
    outer loop
      vertex 103.044 5.92831 2.4
      vertex 103.863 3.40801 2.4
      vertex 103.215 3.25233 2.4
    endloop
  endfacet
  facet normal 0 0 -1
    outer loop
      vertex 103.863 3.40801 2.4
      vertex 103.044 5.92831 2.4
      vertex 103.276 6.02439 2.4
    endloop
  endfacet
  facet normal 0 0 -1
    outer loop
      vertex 103.215 3.25233 2.4
      vertex 102.8 5.8697 2.4
      vertex 103.044 5.92831 2.4
    endloop
  endfacet
  facet normal 0 0 -1
    outer loop
      vertex 102.55 3.2 2.4
      vertex 102.8 5.8697 2.4
      vertex 103.215 3.25233 2.4
    endloop
  endfacet
  facet normal 0 0 -1
    outer loop
      vertex 102.55 3.2 2.4
      vertex 102.55 5.85 2.4
      vertex 102.8 5.8697 2.4
    endloop
  endfacet
  facet normal 0 0 -1
    outer loop
      vertex 102.55 3.2 2.4
      vertex 102.3 5.8697 2.4
      vertex 102.55 5.85 2.4
    endloop
  endfacet
  facet normal 0 0 -1
    outer loop
      vertex 101.885 3.25233 2.4
      vertex 102.3 5.8697 2.4
      vertex 102.55 3.2 2.4
    endloop
  endfacet
  facet normal -0 0 -1
    outer loop
      vertex 102.3 5.8697 2.4
      vertex 101.885 3.25233 2.4
      vertex 102.056 5.92831 2.4
    endloop
  endfacet
  facet normal 0 0 -1
    outer loop
      vertex 101.237 3.40801 2.4
      vertex 102.056 5.92831 2.4
      vertex 101.885 3.25233 2.4
    endloop
  endfacet
  facet normal -0 0 -1
    outer loop
      vertex 102.056 5.92831 2.4
      vertex 101.237 3.40801 2.4
      vertex 101.824 6.02439 2.4
    endloop
  endfacet
  facet normal 0 0 -1
    outer loop
      vertex 100.621 3.66322 2.4
      vertex 101.824 6.02439 2.4
      vertex 101.237 3.40801 2.4
    endloop
  endfacet
  facet normal -0 0 -1
    outer loop
      vertex 101.824 6.02439 2.4
      vertex 100.621 3.66322 2.4
      vertex 101.61 6.15557 2.4
    endloop
  endfacet
  facet normal 0 0 -1
    outer loop
      vertex 100.052 4.01168 2.4
      vertex 101.61 6.15557 2.4
      vertex 100.621 3.66322 2.4
    endloop
  endfacet
  facet normal -0 0 -1
    outer loop
      vertex 101.61 6.15557 2.4
      vertex 100.052 4.01168 2.4
      vertex 101.419 6.31863 2.4
    endloop
  endfacet
  facet normal 0 0 -1
    outer loop
      vertex 99.5448 4.4448 2.4
      vertex 101.419 6.31863 2.4
      vertex 100.052 4.01168 2.4
    endloop
  endfacet
  facet normal -0 0 -1
    outer loop
      vertex 101.419 6.31863 2.4
      vertex 99.5448 4.4448 2.4
      vertex 101.256 6.50954 2.4
    endloop
  endfacet
  facet normal 0 0 -1
    outer loop
      vertex 99.1117 4.95191 2.4
      vertex 101.256 6.50954 2.4
      vertex 99.5448 4.4448 2.4
    endloop
  endfacet
  facet normal -0 0 -1
    outer loop
      vertex 101.256 6.50954 2.4
      vertex 99.1117 4.95191 2.4
      vertex 101.124 6.72362 2.4
    endloop
  endfacet
  facet normal 0 0 -1
    outer loop
      vertex 103.844 8.39046 2.4
      vertex 105.988 9.94809 2.4
      vertex 103.976 8.17638 2.4
    endloop
  endfacet
  facet normal -0 0 -1
    outer loop
      vertex 105.988 9.94809 2.4
      vertex 103.844 8.39046 2.4
      vertex 105.555 10.4552 2.4
    endloop
  endfacet
  facet normal 0 0 -1
    outer loop
      vertex 103.681 8.58137 2.4
      vertex 105.555 10.4552 2.4
      vertex 103.844 8.39046 2.4
    endloop
  endfacet
  facet normal -0 0 -1
    outer loop
      vertex 105.555 10.4552 2.4
      vertex 103.681 8.58137 2.4
      vertex 105.048 10.8883 2.4
    endloop
  endfacet
  facet normal 0 0 -1
    outer loop
      vertex 103.49 8.74443 2.4
      vertex 105.048 10.8883 2.4
      vertex 103.681 8.58137 2.4
    endloop
  endfacet
  facet normal -0 0 -1
    outer loop
      vertex 105.048 10.8883 2.4
      vertex 103.49 8.74443 2.4
      vertex 104.479 11.2368 2.4
    endloop
  endfacet
  facet normal 0 0 -1
    outer loop
      vertex 103.276 8.87561 2.4
      vertex 104.479 11.2368 2.4
      vertex 103.49 8.74443 2.4
    endloop
  endfacet
  facet normal -0 0 -1
    outer loop
      vertex 104.479 11.2368 2.4
      vertex 103.276 8.87561 2.4
      vertex 103.863 11.492 2.4
    endloop
  endfacet
  facet normal 0 0 -1
    outer loop
      vertex 103.044 8.97169 2.4
      vertex 103.863 11.492 2.4
      vertex 103.276 8.87561 2.4
    endloop
  endfacet
  facet normal -0 0 -1
    outer loop
      vertex 103.863 11.492 2.4
      vertex 103.044 8.97169 2.4
      vertex 103.215 11.6477 2.4
    endloop
  endfacet
  facet normal 0 0 -1
    outer loop
      vertex 102.8 9.0303 2.4
      vertex 103.215 11.6477 2.4
      vertex 103.044 8.97169 2.4
    endloop
  endfacet
  facet normal -0 0 -1
    outer loop
      vertex 103.215 11.6477 2.4
      vertex 102.8 9.0303 2.4
      vertex 102.833 11.6778 2.4
    endloop
  endfacet
  facet normal 0 0 -1
    outer loop
      vertex 102.8 9.03032 2.4
      vertex 102.833 11.6778 2.4
      vertex 102.8 9.0303 2.4
    endloop
  endfacet
  facet normal 0 0 -1
    outer loop
      vertex 102.8 12.45 2.4
      vertex 102.833 11.6778 2.4
      vertex 102.8 9.03032 2.4
    endloop
  endfacet
  facet normal 0 0 -1
    outer loop
      vertex 102.833 11.6778 2.4
      vertex 102.8 12.45 2.4
      vertex 102.81 12.4084 2.4
    endloop
  endfacet
  facet normal -0 0 -1
    outer loop
      vertex 102.85 11.9 2.4
      vertex 102.833 11.6778 2.4
      vertex 102.81 12.4084 2.4
    endloop
  endfacet
  facet normal 0 0 -1
    outer loop
      vertex 98.7632 5.52054 2.4
      vertex 101.124 6.72362 2.4
      vertex 99.1117 4.95191 2.4
    endloop
  endfacet
  facet normal -0 0 -1
    outer loop
      vertex 101.124 6.72362 2.4
      vertex 98.7632 5.52054 2.4
      vertex 101.028 6.95557 2.4
    endloop
  endfacet
  facet normal 0 0 -1
    outer loop
      vertex 98.508 6.13668 2.4
      vertex 101.028 6.95557 2.4
      vertex 98.7632 5.52054 2.4
    endloop
  endfacet
  facet normal -0 0 -1
    outer loop
      vertex 101.028 6.95557 2.4
      vertex 98.508 6.13668 2.4
      vertex 100.97 7.19971 2.4
    endloop
  endfacet
  facet normal 0 0 -1
    outer loop
      vertex 98.3523 6.78515 2.4
      vertex 100.97 7.19971 2.4
      vertex 98.508 6.13668 2.4
    endloop
  endfacet
  facet normal -0 0 -1
    outer loop
      vertex 100.97 7.19971 2.4
      vertex 98.3523 6.78515 2.4
      vertex 100.95 7.45 2.4
    endloop
  endfacet
  facet normal 0 0 -1
    outer loop
      vertex 98.3 7.45 2.4
      vertex 100.95 7.45 2.4
      vertex 98.3523 6.78515 2.4
    endloop
  endfacet
  facet normal 0 0 -1
    outer loop
      vertex 101.419 8.58137 2.4
      vertex 98.8 8.7 2.4
      vertex 101.558 8.7 2.4
    endloop
  endfacet
  facet normal 0 0 -1
    outer loop
      vertex 101.256 8.39046 2.4
      vertex 98.8 8.7 2.4
      vertex 101.419 8.58137 2.4
    endloop
  endfacet
  facet normal 0 -0 -1
    outer loop
      vertex 98.8 8.7 2.4
      vertex 100.95 7.45 2.4
      vertex 98.3 7.45 2.4
    endloop
  endfacet
  facet normal 0 0 -1
    outer loop
      vertex 100.97 7.70029 2.4
      vertex 98.8 8.7 2.4
      vertex 101.028 7.94443 2.4
    endloop
  endfacet
  facet normal 0 0 -1
    outer loop
      vertex 100.95 7.45 2.4
      vertex 98.8 8.7 2.4
      vertex 100.97 7.70029 2.4
    endloop
  endfacet
  facet normal 0 0 -1
    outer loop
      vertex 100.785 11.7123 2.4
      vertex 101.6 12.7 2.4
      vertex 101.6 9.9 2.4
    endloop
  endfacet
  facet normal 0 0 -1
    outer loop
      vertex 100.741 12.2708 2.4
      vertex 101.6 12.7 2.4
      vertex 100.785 12.0877 2.4
    endloop
  endfacet
  facet normal 0 0 -1
    outer loop
      vertex 101.6 12.7 2.4
      vertex 100.8 11.9 2.4
      vertex 100.785 12.0877 2.4
    endloop
  endfacet
  facet normal 0 0 -1
    outer loop
      vertex 101.6 12.7 2.4
      vertex 100.785 11.7123 2.4
      vertex 100.8 11.9 2.4
    endloop
  endfacet
  facet normal 0 0 -1
    outer loop
      vertex 101.6 9.9 2.4
      vertex 100.741 11.5292 2.4
      vertex 100.785 11.7123 2.4
    endloop
  endfacet
  facet normal 0 0 -1
    outer loop
      vertex 101.6 9.9 2.4
      vertex 100.669 11.3552 2.4
      vertex 100.741 11.5292 2.4
    endloop
  endfacet
  facet normal 0 0 -1
    outer loop
      vertex 101.6 9.9 2.4
      vertex 100.582 11.2133 2.4
      vertex 100.669 11.3552 2.4
    endloop
  endfacet
  facet normal 0 0 -1
    outer loop
      vertex 101.6 9.9 2.4
      vertex 100.052 10.8883 2.4
      vertex 100.582 11.2133 2.4
    endloop
  endfacet
  facet normal 0 0 -1
    outer loop
      vertex 101.6 9.9 2.4
      vertex 99.8726 10.7351 2.4
      vertex 100.052 10.8883 2.4
    endloop
  endfacet
  facet normal 0 0 -1
    outer loop
      vertex 101.6 9.9 2.4
      vertex 99.7877 10.7148 2.4
      vertex 99.8726 10.7351 2.4
    endloop
  endfacet
  facet normal 0 0 -1
    outer loop
      vertex 98.8 9.9 2.4
      vertex 99.7877 10.7148 2.4
      vertex 101.6 9.9 2.4
    endloop
  endfacet
  facet normal 0 0 -1
    outer loop
      vertex 99.7877 10.7148 2.4
      vertex 98.8 9.9 2.4
      vertex 99.6 10.7 2.4
    endloop
  endfacet
  facet normal -0 0 -1
    outer loop
      vertex 99.6 10.7 2.4
      vertex 98.8 9.9 2.4
      vertex 99.4123 10.7148 2.4
    endloop
  endfacet
  facet normal -0 0 -1
    outer loop
      vertex 99.4123 10.7148 2.4
      vertex 98.8 9.9 2.4
      vertex 99.2292 10.7587 2.4
    endloop
  endfacet
  facet normal 0 0 -1
    outer loop
      vertex 98.8 9.9 2.4
      vertex 99.0552 10.8308 2.4
      vertex 99.2292 10.7587 2.4
    endloop
  endfacet
  facet normal 0 0 -1
    outer loop
      vertex 98.8 9.9 2.4
      vertex 98.8947 10.9292 2.4
      vertex 99.0552 10.8308 2.4
    endloop
  endfacet
  facet normal 0 0 -1
    outer loop
      vertex 98.8 9.9 2.4
      vertex 98.7515 11.0515 2.4
      vertex 98.8947 10.9292 2.4
    endloop
  endfacet
  facet normal 0 0 -1
    outer loop
      vertex 98.8 8.7 2.4
      vertex 98.537 8.83337 2.4
      vertex 98.8 9.9 2.4
    endloop
  endfacet
  facet normal 0 0 -1
    outer loop
      vertex 98.1245 9.00423 2.4
      vertex 98.8 9.9 2.4
      vertex 98.537 8.83337 2.4
    endloop
  endfacet
  facet normal 0 0 -1
    outer loop
      vertex 97.6897 9.27069 2.4
      vertex 98.8 9.9 2.4
      vertex 98.1245 9.00423 2.4
    endloop
  endfacet
  facet normal 0 0 -1
    outer loop
      vertex 101.028 7.94443 2.4
      vertex 98.8 8.7 2.4
      vertex 101.124 8.17638 2.4
    endloop
  endfacet
  facet normal 0 0 -1
    outer loop
      vertex 101.124 8.17638 2.4
      vertex 98.8 8.7 2.4
      vertex 101.256 8.39046 2.4
    endloop
  endfacet
  facet normal 0 -0 -1
    outer loop
      vertex 98.508 8.76332 2.4
      vertex 98.8 8.7 2.4
      vertex 98.3523 8.11485 2.4
    endloop
  endfacet
  facet normal 0 0 -1
    outer loop
      vertex 98.8 8.7 2.4
      vertex 98.508 8.76332 2.4
      vertex 98.537 8.83337 2.4
    endloop
  endfacet
  facet normal 0 0 -1
    outer loop
      vertex 98.8 8.7 2.4
      vertex 98.3 7.45 2.4
      vertex 98.3523 8.11485 2.4
    endloop
  endfacet
  facet normal 0 0 -1
    outer loop
      vertex 101.6 12.7 2.4
      vertex 102.691 12.9043 2.4
      vertex 102.74 12.7 2.4
    endloop
  endfacet
  facet normal -0 0 -1
    outer loop
      vertex 102.691 12.9043 2.4
      vertex 101.6 12.7 2.4
      vertex 102.496 13.3755 2.4
    endloop
  endfacet
  facet normal -0 0 -1
    outer loop
      vertex 102.496 13.3755 2.4
      vertex 101.6 12.7 2.4
      vertex 102.229 13.8103 2.4
    endloop
  endfacet
  facet normal -0 0 -1
    outer loop
      vertex 102.229 13.8103 2.4
      vertex 101.6 12.7 2.4
      vertex 101.898 14.1981 2.4
    endloop
  endfacet
  facet normal -0 0 -1
    outer loop
      vertex 101.898 14.1981 2.4
      vertex 101.6 12.7 2.4
      vertex 101.51 14.5293 2.4
    endloop
  endfacet
  facet normal 0 0 -1
    outer loop
      vertex 100.669 12.4448 2.4
      vertex 101.6 12.7 2.4
      vertex 100.741 12.2708 2.4
    endloop
  endfacet
  facet normal 0 0 -1
    outer loop
      vertex 100.571 12.6053 2.4
      vertex 101.6 12.7 2.4
      vertex 100.669 12.4448 2.4
    endloop
  endfacet
  facet normal 0 0 -1
    outer loop
      vertex 100.449 12.7485 2.4
      vertex 101.6 12.7 2.4
      vertex 100.571 12.6053 2.4
    endloop
  endfacet
  facet normal 0 0 -1
    outer loop
      vertex 101.6 12.7 2.4
      vertex 100.449 12.7485 2.4
      vertex 101.51 14.5293 2.4
    endloop
  endfacet
  facet normal 0 0 -1
    outer loop
      vertex 100.305 12.8708 2.4
      vertex 101.51 14.5293 2.4
      vertex 100.449 12.7485 2.4
    endloop
  endfacet
  facet normal -0 0 -1
    outer loop
      vertex 101.51 14.5293 2.4
      vertex 100.305 12.8708 2.4
      vertex 101.075 14.7958 2.4
    endloop
  endfacet
  facet normal 0 0 -1
    outer loop
      vertex 100.145 12.9692 2.4
      vertex 101.075 14.7958 2.4
      vertex 100.305 12.8708 2.4
    endloop
  endfacet
  facet normal -0 0 -1
    outer loop
      vertex 101.075 14.7958 2.4
      vertex 100.145 12.9692 2.4
      vertex 100.604 14.9909 2.4
    endloop
  endfacet
  facet normal 0 0 -1
    outer loop
      vertex 99.9708 13.0413 2.4
      vertex 100.604 14.9909 2.4
      vertex 100.145 12.9692 2.4
    endloop
  endfacet
  facet normal -0 0 -1
    outer loop
      vertex 100.604 14.9909 2.4
      vertex 99.9708 13.0413 2.4
      vertex 100.108 15.11 2.4
    endloop
  endfacet
  facet normal 0 0 -1
    outer loop
      vertex 99.7877 13.0852 2.4
      vertex 100.108 15.11 2.4
      vertex 99.9708 13.0413 2.4
    endloop
  endfacet
  facet normal 0 0 -1
    outer loop
      vertex 99.6 13.1 2.4
      vertex 100.108 15.11 2.4
      vertex 99.7877 13.0852 2.4
    endloop
  endfacet
  facet normal 0 0 -1
    outer loop
      vertex 99.6 13.1 2.4
      vertex 99.6 15.15 2.4
      vertex 100.108 15.11 2.4
    endloop
  endfacet
  facet normal 0 0 -1
    outer loop
      vertex 99.4123 13.0852 2.4
      vertex 99.6 15.15 2.4
      vertex 99.6 13.1 2.4
    endloop
  endfacet
  facet normal 0 0 -1
    outer loop
      vertex 99.0916 15.11 2.4
      vertex 99.4123 13.0852 2.4
      vertex 99.2292 13.0413 2.4
    endloop
  endfacet
  facet normal 0 0 -1
    outer loop
      vertex 99.4123 13.0852 2.4
      vertex 99.0916 15.11 2.4
      vertex 99.6 15.15 2.4
    endloop
  endfacet
  facet normal 0 0 -1
    outer loop
      vertex 98.5957 14.9909 2.4
      vertex 99.2292 13.0413 2.4
      vertex 99.0552 12.9692 2.4
    endloop
  endfacet
  facet normal 0 0 -1
    outer loop
      vertex 98.1245 14.7958 2.4
      vertex 99.0552 12.9692 2.4
      vertex 98.8947 12.8708 2.4
    endloop
  endfacet
  facet normal 0 0 -1
    outer loop
      vertex 97.6897 14.5293 2.4
      vertex 98.8947 12.8708 2.4
      vertex 98.7515 12.7485 2.4
    endloop
  endfacet
  facet normal 0 0 -1
    outer loop
      vertex 97.3019 14.1981 2.4
      vertex 98.7515 12.7485 2.4
      vertex 98.6292 12.6053 2.4
    endloop
  endfacet
  facet normal 0 0 -1
    outer loop
      vertex 99.2292 13.0413 2.4
      vertex 98.5957 14.9909 2.4
      vertex 99.0916 15.11 2.4
    endloop
  endfacet
  facet normal 0 0 -1
    outer loop
      vertex 96.9707 13.8103 2.4
      vertex 98.6292 12.6053 2.4
      vertex 98.5308 12.4448 2.4
    endloop
  endfacet
  facet normal 0 0 -1
    outer loop
      vertex 96.7042 13.3755 2.4
      vertex 98.5308 12.4448 2.4
      vertex 98.4587 12.2708 2.4
    endloop
  endfacet
  facet normal 0 0 -1
    outer loop
      vertex 96.5091 12.9043 2.4
      vertex 98.4587 12.2708 2.4
      vertex 98.4148 12.0877 2.4
    endloop
  endfacet
  facet normal 0 0 -1
    outer loop
      vertex 96.39 12.4084 2.4
      vertex 98.4148 12.0877 2.4
      vertex 98.4 11.9 2.4
    endloop
  endfacet
  facet normal 0 0 -1
    outer loop
      vertex 96.7042 10.4245 2.4
      vertex 98.5308 11.3552 2.4
      vertex 96.9707 9.9897 2.4
    endloop
  endfacet
  facet normal 0 0 -1
    outer loop
      vertex 99.0552 12.9692 2.4
      vertex 98.1245 14.7958 2.4
      vertex 98.5957 14.9909 2.4
    endloop
  endfacet
  facet normal -0 0 -1
    outer loop
      vertex 98.5308 11.3552 2.4
      vertex 96.7042 10.4245 2.4
      vertex 98.4587 11.5292 2.4
    endloop
  endfacet
  facet normal 0 0 -1
    outer loop
      vertex 98.8947 12.8708 2.4
      vertex 97.6897 14.5293 2.4
      vertex 98.1245 14.7958 2.4
    endloop
  endfacet
  facet normal 0 0 -1
    outer loop
      vertex 96.5091 10.8957 2.4
      vertex 98.4587 11.5292 2.4
      vertex 96.7042 10.4245 2.4
    endloop
  endfacet
  facet normal 0 0 -1
    outer loop
      vertex 98.7515 12.7485 2.4
      vertex 97.3019 14.1981 2.4
      vertex 97.6897 14.5293 2.4
    endloop
  endfacet
  facet normal -0 0 -1
    outer loop
      vertex 98.4587 11.5292 2.4
      vertex 96.5091 10.8957 2.4
      vertex 98.4148 11.7123 2.4
    endloop
  endfacet
  facet normal 0 0 -1
    outer loop
      vertex 98.6292 12.6053 2.4
      vertex 96.9707 13.8103 2.4
      vertex 97.3019 14.1981 2.4
    endloop
  endfacet
  facet normal 0 0 -1
    outer loop
      vertex 96.39 11.3916 2.4
      vertex 98.4148 11.7123 2.4
      vertex 96.5091 10.8957 2.4
    endloop
  endfacet
  facet normal 0 0 -1
    outer loop
      vertex 98.5308 12.4448 2.4
      vertex 96.7042 13.3755 2.4
      vertex 96.9707 13.8103 2.4
    endloop
  endfacet
  facet normal -0 0 -1
    outer loop
      vertex 98.4148 11.7123 2.4
      vertex 96.39 11.3916 2.4
      vertex 98.4 11.9 2.4
    endloop
  endfacet
  facet normal 0 0 -1
    outer loop
      vertex 98.4587 12.2708 2.4
      vertex 96.5091 12.9043 2.4
      vertex 96.7042 13.3755 2.4
    endloop
  endfacet
  facet normal 0 0 -1
    outer loop
      vertex 96.35 11.9 2.4
      vertex 98.4 11.9 2.4
      vertex 96.39 11.3916 2.4
    endloop
  endfacet
  facet normal 0 0 -1
    outer loop
      vertex 98.4148 12.0877 2.4
      vertex 96.39 12.4084 2.4
      vertex 96.5091 12.9043 2.4
    endloop
  endfacet
  facet normal 0 0 -1
    outer loop
      vertex 98.4 11.9 2.4
      vertex 96.35 11.9 2.4
      vertex 96.39 12.4084 2.4
    endloop
  endfacet
  facet normal 0 0 -1
    outer loop
      vertex 97.3019 9.6019 2.4
      vertex 98.8 9.9 2.4
      vertex 97.6897 9.27069 2.4
    endloop
  endfacet
  facet normal -0 0 -1
    outer loop
      vertex 98.8 9.9 2.4
      vertex 97.3019 9.6019 2.4
      vertex 98.7515 11.0515 2.4
    endloop
  endfacet
  facet normal -0 0 -1
    outer loop
      vertex 98.7515 11.0515 2.4
      vertex 97.3019 9.6019 2.4
      vertex 98.6292 11.1947 2.4
    endloop
  endfacet
  facet normal 0 0 -1
    outer loop
      vertex 96.9707 9.9897 2.4
      vertex 98.6292 11.1947 2.4
      vertex 97.3019 9.6019 2.4
    endloop
  endfacet
  facet normal -0 0 -1
    outer loop
      vertex 98.6292 11.1947 2.4
      vertex 96.9707 9.9897 2.4
      vertex 98.5308 11.3552 2.4
    endloop
  endfacet
  facet normal -0.649388 -0.760458 0
    outer loop
      vertex 99.5448 4.4448 2.4
      vertex 100.052 4.01168 80
      vertex 99.5448 4.4448 80
    endloop
  endfacet
  facet normal -0.649388 -0.760458 -0
    outer loop
      vertex 100.052 4.01168 80
      vertex 99.5448 4.4448 2.4
      vertex 100.052 4.01168 2.4
    endloop
  endfacet
  facet normal -0.2336 -0.972333 0
    outer loop
      vertex 101.237 3.40801 2.4
      vertex 101.885 3.25233 80
      vertex 101.237 3.40801 80
    endloop
  endfacet
  facet normal -0.2336 -0.972333 -0
    outer loop
      vertex 101.885 3.25233 80
      vertex 101.237 3.40801 2.4
      vertex 101.885 3.25233 2.4
    endloop
  endfacet
  facet normal 0.382753 -0.923851 0
    outer loop
      vertex 103.863 3.40801 2.4
      vertex 104.479 3.66322 80
      vertex 103.863 3.40801 80
    endloop
  endfacet
  facet normal 0.382753 -0.923851 0
    outer loop
      vertex 104.479 3.66322 80
      vertex 103.863 3.40801 2.4
      vertex 104.479 3.66322 2.4
    endloop
  endfacet
  facet normal -0.0784492 -0.996918 0
    outer loop
      vertex 101.885 3.25233 2.4
      vertex 102.55 3.2 80
      vertex 101.885 3.25233 80
    endloop
  endfacet
  facet normal -0.0784492 -0.996918 -0
    outer loop
      vertex 102.55 3.2 80
      vertex 101.885 3.25233 2.4
      vertex 102.55 3.2 2.4
    endloop
  endfacet
  facet normal 0.972262 -0.233893 0
    outer loop
      vertex 106.592 6.13668 80
      vertex 106.748 6.78515 2.4
      vertex 106.748 6.78515 80
    endloop
  endfacet
  facet normal 0.972262 -0.233893 0
    outer loop
      vertex 106.748 6.78515 2.4
      vertex 106.592 6.13668 80
      vertex 106.592 6.13668 2.4
    endloop
  endfacet
  facet normal -0.852477 0.522765 0
    outer loop
      vertex 98.8 9.43947 8.4
      vertex 98.7632 9.37946 8.4
      vertex 98.8 9.43947 11.9
    endloop
  endfacet
  facet normal -0.8524 0.52289 0
    outer loop
      vertex 99.0822 9.9 11.9
      vertex 99.1117 9.94809 8.4
      vertex 99.0822 9.9 8.4
    endloop
  endfacet
  facet normal -0.8524 0.52289 0
    outer loop
      vertex 99.1117 9.94809 8.4
      vertex 99.0822 9.9 11.9
      vertex 99.1117 9.94809 80
    endloop
  endfacet
  facet normal -0.852651 0.522481 3.97941e-07
    outer loop
      vertex 98.8 9.43947 11.9
      vertex 99.1117 9.94809 80
      vertex 99.0822 9.9 11.9
    endloop
  endfacet
  facet normal -0.852477 0.522765 0
    outer loop
      vertex 98.7632 9.37946 80
      vertex 98.8 9.43947 11.9
      vertex 98.7632 9.37946 8.4
    endloop
  endfacet
  facet normal -0.852611 0.522546 -2.66394e-07
    outer loop
      vertex 98.8 9.43947 11.9
      vertex 98.7632 9.37946 80
      vertex 99.1117 9.94809 80
    endloop
  endfacet
  facet normal -0.522255 -0.852789 0
    outer loop
      vertex 100.052 4.01168 2.4
      vertex 100.621 3.66322 80
      vertex 100.052 4.01168 80
    endloop
  endfacet
  facet normal -0.522255 -0.852789 -0
    outer loop
      vertex 100.621 3.66322 80
      vertex 100.052 4.01168 2.4
      vertex 100.621 3.66322 2.4
    endloop
  endfacet
  facet normal -0.923953 0.382507 0
    outer loop
      vertex 98.537 8.83337 2.4
      vertex 98.508 8.76332 2.4
      vertex 98.537 8.83337 8.4
    endloop
  endfacet
  facet normal -0.923878 0.382686 0
    outer loop
      vertex 98.537 8.83337 8.4
      vertex 98.7632 9.37946 80
      vertex 98.7632 9.37946 8.4
    endloop
  endfacet
  facet normal -0.923953 0.382507 0
    outer loop
      vertex 98.508 8.76332 80
      vertex 98.537 8.83337 8.4
      vertex 98.508 8.76332 2.4
    endloop
  endfacet
  facet normal -0.923887 0.382666 1.82199e-07
    outer loop
      vertex 98.537 8.83337 8.4
      vertex 98.508 8.76332 80
      vertex 98.7632 9.37946 80
    endloop
  endfacet
  facet normal 0.76049 -0.64935 0
    outer loop
      vertex 105.555 4.4448 80
      vertex 105.988 4.95191 2.4
      vertex 105.988 4.95191 80
    endloop
  endfacet
  facet normal 0.76049 -0.64935 0
    outer loop
      vertex 105.988 4.95191 2.4
      vertex 105.555 4.4448 80
      vertex 105.555 4.4448 2.4
    endloop
  endfacet
  facet normal -0.972922 -0.231136 0
    outer loop
      vertex 104.13 7.70029 2.4
      vertex 104.072 7.94443 80
      vertex 104.072 7.94443 2.4
    endloop
  endfacet
  facet normal -0.972922 -0.231136 0
    outer loop
      vertex 104.072 7.94443 80
      vertex 104.13 7.70029 2.4
      vertex 104.13 7.70029 80
    endloop
  endfacet
  facet normal -0.996823 -0.0796534 0
    outer loop
      vertex 104.15 7.45 2.4
      vertex 104.13 7.70029 80
      vertex 104.13 7.70029 2.4
    endloop
  endfacet
  facet normal -0.996823 -0.0796534 0
    outer loop
      vertex 104.13 7.70029 80
      vertex 104.15 7.45 2.4
      vertex 104.15 7.45 80
    endloop
  endfacet
  facet normal -0.522616 0.852568 0
    outer loop
      vertex 103.49 6.15557 2.4
      vertex 103.276 6.02439 80
      vertex 103.49 6.15557 80
    endloop
  endfacet
  facet normal -0.522616 0.852568 0
    outer loop
      vertex 103.276 6.02439 80
      vertex 103.49 6.15557 2.4
      vertex 103.276 6.02439 2.4
    endloop
  endfacet
  facet normal -0.760509 -0.649327 0
    outer loop
      vertex 103.844 8.39046 2.4
      vertex 103.681 8.58137 80
      vertex 103.681 8.58137 2.4
    endloop
  endfacet
  facet normal -0.760509 -0.649327 0
    outer loop
      vertex 103.681 8.58137 80
      vertex 103.844 8.39046 2.4
      vertex 103.844 8.39046 80
    endloop
  endfacet
  facet normal -0.0785565 0.99691 0
    outer loop
      vertex 102.8 5.8697 2.4
      vertex 102.55 5.85 80
      vertex 102.8 5.8697 80
    endloop
  endfacet
  facet normal -0.0785565 0.99691 0
    outer loop
      vertex 102.55 5.85 80
      vertex 102.8 5.8697 2.4
      vertex 102.55 5.85 2.4
    endloop
  endfacet
  facet normal -0.996823 0.0796534 0
    outer loop
      vertex 104.13 7.19971 2.4
      vertex 104.15 7.45 80
      vertex 104.15 7.45 2.4
    endloop
  endfacet
  facet normal -0.996823 0.0796534 0
    outer loop
      vertex 104.15 7.45 80
      vertex 104.13 7.19971 2.4
      vertex 104.13 7.19971 80
    endloop
  endfacet
  facet normal 0.851199 0.524843 0
    outer loop
      vertex 101.256 6.50954 80
      vertex 101.124 6.72362 2.4
      vertex 101.124 6.72362 80
    endloop
  endfacet
  facet normal 0.851199 0.524843 0
    outer loop
      vertex 101.124 6.72362 2.4
      vertex 101.256 6.50954 80
      vertex 101.256 6.50954 2.4
    endloop
  endfacet
  facet normal -0.233561 0.972342 0
    outer loop
      vertex 103.044 5.92831 2.4
      vertex 102.8 5.8697 80
      vertex 103.044 5.92831 80
    endloop
  endfacet
  facet normal -0.233561 0.972342 0
    outer loop
      vertex 102.8 5.8697 80
      vertex 103.044 5.92831 2.4
      vertex 102.8 5.8697 2.4
    endloop
  endfacet
  facet normal 0.972922 0.231136 0
    outer loop
      vertex 101.028 6.95557 80
      vertex 100.97 7.19971 2.4
      vertex 100.97 7.19971 80
    endloop
  endfacet
  facet normal 0.972922 0.231136 0
    outer loop
      vertex 100.97 7.19971 2.4
      vertex 101.028 6.95557 80
      vertex 101.028 6.95557 2.4
    endloop
  endfacet
  facet normal 0.649288 -0.760542 4.09884e-07
    outer loop
      vertex 101.419 8.58137 80
      vertex 101.558 8.7 11.9
      vertex 101.61 8.74443 80
    endloop
  endfacet
  facet normal 0.649172 -0.760642 0
    outer loop
      vertex 101.419 8.58137 2.4
      vertex 101.558 8.7 11.9
      vertex 101.419 8.58137 80
    endloop
  endfacet
  facet normal 0.649172 -0.760642 0
    outer loop
      vertex 101.558 8.7 11.9
      vertex 101.419 8.58137 2.4
      vertex 101.558 8.7 2.4
    endloop
  endfacet
  facet normal 0.649599 -0.760277 0
    outer loop
      vertex 101.61 8.74443 80
      vertex 101.558 8.7 11.9
      vertex 101.61 8.74443 11.9
    endloop
  endfacet
  facet normal -0.382624 -0.923904 0
    outer loop
      vertex 103.044 8.97169 2.4
      vertex 103.276 8.87561 80
      vertex 103.044 8.97169 80
    endloop
  endfacet
  facet normal -0.382624 -0.923904 -0
    outer loop
      vertex 103.276 8.87561 80
      vertex 103.044 8.97169 2.4
      vertex 103.276 8.87561 2.4
    endloop
  endfacet
  facet normal -0.972922 0.231136 0
    outer loop
      vertex 104.072 6.95557 2.4
      vertex 104.13 7.19971 80
      vertex 104.13 7.19971 2.4
    endloop
  endfacet
  facet normal -0.972922 0.231136 0
    outer loop
      vertex 104.13 7.19971 80
      vertex 104.072 6.95557 2.4
      vertex 104.072 6.95557 80
    endloop
  endfacet
  facet normal -0.649288 0.760542 0
    outer loop
      vertex 103.681 6.31863 2.4
      vertex 103.49 6.15557 80
      vertex 103.681 6.31863 80
    endloop
  endfacet
  facet normal -0.649288 0.760542 0
    outer loop
      vertex 103.49 6.15557 80
      vertex 103.681 6.31863 2.4
      vertex 103.49 6.15557 2.4
    endloop
  endfacet
  facet normal -0.0785565 -0.99691 0
    outer loop
      vertex 102.55 9.05 11.9
      vertex 102.8 9.0303 80
      vertex 102.55 9.05 80
    endloop
  endfacet
  facet normal -0.0784772 -0.996916 -2.9278e-07
    outer loop
      vertex 102.8 9.03032 11.9
      vertex 102.8 9.0303 80
      vertex 102.55 9.05 11.9
    endloop
  endfacet
  facet normal -1 0 0
    outer loop
      vertex 102.8 9.0303 2.4
      vertex 102.8 9.03032 11.9
      vertex 102.8 9.03032 2.4
    endloop
  endfacet
  facet normal -1 -0 0
    outer loop
      vertex 102.8 9.03032 11.9
      vertex 102.8 9.0303 2.4
      vertex 102.8 9.0303 80
    endloop
  endfacet
  facet normal 0.851199 -0.524843 0
    outer loop
      vertex 101.124 8.17638 80
      vertex 101.256 8.39046 2.4
      vertex 101.256 8.39046 80
    endloop
  endfacet
  facet normal 0.851199 -0.524843 0
    outer loop
      vertex 101.256 8.39046 2.4
      vertex 101.124 8.17638 80
      vertex 101.124 8.17638 2.4
    endloop
  endfacet
  facet normal 0.996823 -0.0796534 0
    outer loop
      vertex 100.95 7.45 80
      vertex 100.97 7.70029 2.4
      vertex 100.97 7.70029 80
    endloop
  endfacet
  facet normal 0.996823 -0.0796534 0
    outer loop
      vertex 100.97 7.70029 2.4
      vertex 100.95 7.45 80
      vertex 100.95 7.45 2.4
    endloop
  endfacet
  facet normal -0.760509 0.649327 0
    outer loop
      vertex 103.681 6.31863 2.4
      vertex 103.844 6.50954 80
      vertex 103.844 6.50954 2.4
    endloop
  endfacet
  facet normal -0.760509 0.649327 0
    outer loop
      vertex 103.844 6.50954 80
      vertex 103.681 6.31863 2.4
      vertex 103.681 6.31863 80
    endloop
  endfacet
  facet normal 0.760509 0.649327 0
    outer loop
      vertex 101.419 6.31863 80
      vertex 101.256 6.50954 2.4
      vertex 101.256 6.50954 80
    endloop
  endfacet
  facet normal 0.760509 0.649327 0
    outer loop
      vertex 101.256 6.50954 2.4
      vertex 101.419 6.31863 80
      vertex 101.419 6.31863 2.4
    endloop
  endfacet
  facet normal -0.851199 -0.524843 0
    outer loop
      vertex 103.976 8.17638 2.4
      vertex 103.844 8.39046 80
      vertex 103.844 8.39046 2.4
    endloop
  endfacet
  facet normal -0.851199 -0.524843 0
    outer loop
      vertex 103.844 8.39046 80
      vertex 103.976 8.17638 2.4
      vertex 103.976 8.17638 80
    endloop
  endfacet
  facet normal 0.0785565 -0.99691 0
    outer loop
      vertex 102.3 9.0303 11.9
      vertex 102.55 9.05 80
      vertex 102.3 9.0303 80
    endloop
  endfacet
  facet normal 0.0785565 -0.99691 0
    outer loop
      vertex 102.55 9.05 80
      vertex 102.3 9.0303 11.9
      vertex 102.55 9.05 11.9
    endloop
  endfacet
  facet normal 0.233561 0.972342 -0
    outer loop
      vertex 102.3 5.8697 2.4
      vertex 102.056 5.92831 80
      vertex 102.3 5.8697 80
    endloop
  endfacet
  facet normal 0.233561 0.972342 0
    outer loop
      vertex 102.056 5.92831 80
      vertex 102.3 5.8697 2.4
      vertex 102.056 5.92831 2.4
    endloop
  endfacet
  facet normal 0.649288 0.760542 -0
    outer loop
      vertex 101.61 6.15557 2.4
      vertex 101.419 6.31863 80
      vertex 101.61 6.15557 80
    endloop
  endfacet
  facet normal 0.649288 0.760542 0
    outer loop
      vertex 101.419 6.31863 80
      vertex 101.61 6.15557 2.4
      vertex 101.419 6.31863 2.4
    endloop
  endfacet
  facet normal 0.923988 -0.382422 0
    outer loop
      vertex 101.028 7.94443 80
      vertex 101.124 8.17638 2.4
      vertex 101.124 8.17638 80
    endloop
  endfacet
  facet normal 0.923988 -0.382422 0
    outer loop
      vertex 101.124 8.17638 2.4
      vertex 101.028 7.94443 80
      vertex 101.028 7.94443 2.4
    endloop
  endfacet
  facet normal 0.996823 0.0796534 0
    outer loop
      vertex 100.97 7.19971 80
      vertex 100.95 7.45 2.4
      vertex 100.95 7.45 80
    endloop
  endfacet
  facet normal 0.996823 0.0796534 0
    outer loop
      vertex 100.95 7.45 2.4
      vertex 100.97 7.19971 80
      vertex 100.97 7.19971 2.4
    endloop
  endfacet
  facet normal -0.233561 -0.972342 0
    outer loop
      vertex 102.8 9.0303 2.4
      vertex 103.044 8.97169 80
      vertex 102.8 9.0303 80
    endloop
  endfacet
  facet normal -0.233561 -0.972342 -0
    outer loop
      vertex 103.044 8.97169 80
      vertex 102.8 9.0303 2.4
      vertex 103.044 8.97169 2.4
    endloop
  endfacet
  facet normal -0.851199 0.524843 0
    outer loop
      vertex 103.844 6.50954 2.4
      vertex 103.976 6.72362 80
      vertex 103.976 6.72362 2.4
    endloop
  endfacet
  facet normal -0.851199 0.524843 0
    outer loop
      vertex 103.976 6.72362 80
      vertex 103.844 6.50954 2.4
      vertex 103.844 6.50954 80
    endloop
  endfacet
  facet normal 0.972922 -0.231136 0
    outer loop
      vertex 100.97 7.70029 80
      vertex 101.028 7.94443 2.4
      vertex 101.028 7.94443 80
    endloop
  endfacet
  facet normal 0.972922 -0.231136 0
    outer loop
      vertex 101.028 7.94443 2.4
      vertex 100.97 7.70029 80
      vertex 100.97 7.70029 2.4
    endloop
  endfacet
  facet normal 0.760509 -0.649327 0
    outer loop
      vertex 101.256 8.39046 80
      vertex 101.419 8.58137 2.4
      vertex 101.419 8.58137 80
    endloop
  endfacet
  facet normal 0.760509 -0.649327 0
    outer loop
      vertex 101.419 8.58137 2.4
      vertex 101.256 8.39046 80
      vertex 101.256 8.39046 2.4
    endloop
  endfacet
  facet normal -0.649288 -0.760542 0
    outer loop
      vertex 103.49 8.74443 2.4
      vertex 103.681 8.58137 80
      vertex 103.49 8.74443 80
    endloop
  endfacet
  facet normal -0.649288 -0.760542 -0
    outer loop
      vertex 103.681 8.58137 80
      vertex 103.49 8.74443 2.4
      vertex 103.681 8.58137 2.4
    endloop
  endfacet
  facet normal -0.382624 0.923904 0
    outer loop
      vertex 103.276 6.02439 2.4
      vertex 103.044 5.92831 80
      vertex 103.276 6.02439 80
    endloop
  endfacet
  facet normal -0.382624 0.923904 0
    outer loop
      vertex 103.044 5.92831 80
      vertex 103.276 6.02439 2.4
      vertex 103.044 5.92831 2.4
    endloop
  endfacet
  facet normal -0.522616 -0.852568 0
    outer loop
      vertex 103.276 8.87561 2.4
      vertex 103.49 8.74443 80
      vertex 103.276 8.87561 80
    endloop
  endfacet
  facet normal -0.522616 -0.852568 -0
    outer loop
      vertex 103.49 8.74443 80
      vertex 103.276 8.87561 2.4
      vertex 103.49 8.74443 2.4
    endloop
  endfacet
  facet normal 0.382624 0.923904 -0
    outer loop
      vertex 102.056 5.92831 2.4
      vertex 101.824 6.02439 80
      vertex 102.056 5.92831 80
    endloop
  endfacet
  facet normal 0.382624 0.923904 0
    outer loop
      vertex 101.824 6.02439 80
      vertex 102.056 5.92831 2.4
      vertex 101.824 6.02439 2.4
    endloop
  endfacet
  facet normal 0.233561 -0.972342 0
    outer loop
      vertex 102.056 8.97169 11.9
      vertex 102.3 9.0303 80
      vertex 102.056 8.97169 80
    endloop
  endfacet
  facet normal 0.233561 -0.972342 0
    outer loop
      vertex 102.3 9.0303 80
      vertex 102.056 8.97169 11.9
      vertex 102.3 9.0303 11.9
    endloop
  endfacet
  facet normal -0.923988 0.382422 0
    outer loop
      vertex 103.976 6.72362 2.4
      vertex 104.072 6.95557 80
      vertex 104.072 6.95557 2.4
    endloop
  endfacet
  facet normal -0.923988 0.382422 0
    outer loop
      vertex 104.072 6.95557 80
      vertex 103.976 6.72362 2.4
      vertex 103.976 6.72362 80
    endloop
  endfacet
  facet normal 0.382624 -0.923904 0
    outer loop
      vertex 101.824 8.87561 11.9
      vertex 102.056 8.97169 80
      vertex 101.824 8.87561 80
    endloop
  endfacet
  facet normal 0.382624 -0.923904 0
    outer loop
      vertex 102.056 8.97169 80
      vertex 101.824 8.87561 11.9
      vertex 102.056 8.97169 11.9
    endloop
  endfacet
  facet normal 0.522616 -0.852568 0
    outer loop
      vertex 101.61 8.74443 11.9
      vertex 101.824 8.87561 80
      vertex 101.61 8.74443 80
    endloop
  endfacet
  facet normal 0.522616 -0.852568 0
    outer loop
      vertex 101.824 8.87561 80
      vertex 101.61 8.74443 11.9
      vertex 101.824 8.87561 11.9
    endloop
  endfacet
  facet normal 0.923988 0.382422 0
    outer loop
      vertex 101.124 6.72362 80
      vertex 101.028 6.95557 2.4
      vertex 101.028 6.95557 80
    endloop
  endfacet
  facet normal 0.923988 0.382422 0
    outer loop
      vertex 101.028 6.95557 2.4
      vertex 101.124 6.72362 80
      vertex 101.124 6.72362 2.4
    endloop
  endfacet
  facet normal -0.923988 -0.382422 0
    outer loop
      vertex 104.072 7.94443 2.4
      vertex 103.976 8.17638 80
      vertex 103.976 8.17638 2.4
    endloop
  endfacet
  facet normal -0.923988 -0.382422 0
    outer loop
      vertex 103.976 8.17638 80
      vertex 104.072 7.94443 2.4
      vertex 104.072 7.94443 80
    endloop
  endfacet
  facet normal 0.0785565 0.99691 -0
    outer loop
      vertex 102.55 5.85 2.4
      vertex 102.3 5.8697 80
      vertex 102.55 5.85 80
    endloop
  endfacet
  facet normal 0.0785565 0.99691 0
    outer loop
      vertex 102.3 5.8697 80
      vertex 102.55 5.85 2.4
      vertex 102.3 5.8697 2.4
    endloop
  endfacet
  facet normal 0.522616 0.852568 -0
    outer loop
      vertex 101.824 6.02439 2.4
      vertex 101.61 6.15557 80
      vertex 101.824 6.02439 80
    endloop
  endfacet
  facet normal 0.522616 0.852568 0
    outer loop
      vertex 101.61 6.15557 80
      vertex 101.824 6.02439 2.4
      vertex 101.61 6.15557 2.4
    endloop
  endfacet
  facet normal 0.0784221 -0.99692 0
    outer loop
      vertex 7.45 68.3 11.9
      vertex 8.11485 68.3523 80
      vertex 7.45 68.3 80
    endloop
  endfacet
  facet normal 0.0784221 -0.99692 0
    outer loop
      vertex 8.11485 68.3523 80
      vertex 7.45 68.3 11.9
      vertex 8.11485 68.3523 11.9
    endloop
  endfacet
  facet normal 0.972367 0.233458 0
    outer loop
      vertex 11.6477 73.2148 80
      vertex 11.492 73.8633 2.4
      vertex 11.492 73.8633 80
    endloop
  endfacet
  facet normal 0.972367 0.233458 0
    outer loop
      vertex 11.492 73.8633 2.4
      vertex 11.6477 73.2148 80
      vertex 11.6477 73.2148 2.4
    endloop
  endfacet
  facet normal 0.99692 0.078428 0
    outer loop
      vertex 11.7 72.55 80
      vertex 11.6477 73.2148 2.4
      vertex 11.6477 73.2148 80
    endloop
  endfacet
  facet normal 0.99692 0.078428 0
    outer loop
      vertex 11.6477 73.2148 2.4
      vertex 11.7 72.55 80
      vertex 11.7 72.55 2.4
    endloop
  endfacet
  facet normal 0.9239 0.382634 0
    outer loop
      vertex 11.492 73.8633 80
      vertex 11.2368 74.4795 2.4
      vertex 11.2368 74.4795 80
    endloop
  endfacet
  facet normal 0.9239 0.382634 0
    outer loop
      vertex 11.2368 74.4795 2.4
      vertex 11.492 73.8633 80
      vertex 11.492 73.8633 2.4
    endloop
  endfacet
  facet normal 0.382666 0.923887 -0
    outer loop
      vertex 9.37946 76.3368 2.4
      vertex 8.76332 76.592 80
      vertex 9.37946 76.3368 80
    endloop
  endfacet
  facet normal 0.382666 0.923887 0
    outer loop
      vertex 8.76332 76.592 80
      vertex 9.37946 76.3368 2.4
      vertex 8.76332 76.592 2.4
    endloop
  endfacet
  facet normal -0.972374 0.23343 0
    outer loop
      vertex 3.25233 73.2148 2.4
      vertex 3.40801 73.8633 80
      vertex 3.40801 73.8633 2.4
    endloop
  endfacet
  facet normal -0.972374 0.23343 0
    outer loop
      vertex 3.40801 73.8633 80
      vertex 3.25233 73.2148 2.4
      vertex 3.25233 73.2148 80
    endloop
  endfacet
  facet normal 0.649437 0.760415 -0
    outer loop
      vertex 10.4552 75.5552 2.4
      vertex 9.94809 75.9883 80
      vertex 10.4552 75.5552 80
    endloop
  endfacet
  facet normal 0.649437 0.760415 0
    outer loop
      vertex 9.94809 75.9883 80
      vertex 10.4552 75.5552 2.4
      vertex 9.94809 75.9883 2.4
    endloop
  endfacet
  facet normal 0.522546 -0.852611 0
    outer loop
      vertex 9.37946 68.7632 8.4
      vertex 9.94809 69.1117 80
      vertex 9.37946 68.7632 80
    endloop
  endfacet
  facet normal 0.522546 -0.852611 0
    outer loop
      vertex 9.94809 69.1117 80
      vertex 9.37946 68.7632 8.4
      vertex 9.94809 69.1117 8.4
    endloop
  endfacet
  facet normal -0.996916 0.0784727 0
    outer loop
      vertex 3.2 72.55 2.4
      vertex 3.25233 73.2148 80
      vertex 3.25233 73.2148 2.4
    endloop
  endfacet
  facet normal -0.996916 0.0784727 0
    outer loop
      vertex 3.25233 73.2148 80
      vertex 3.2 72.55 2.4
      vertex 3.2 72.55 80
    endloop
  endfacet
  facet normal 0 0 1
    outer loop
      vertex 9.05 72.55 80
      vertex 11.7 72.55 80
      vertex 11.6477 73.2148 80
    endloop
  endfacet
  facet normal 0 0 1
    outer loop
      vertex 9.0303 72.8003 80
      vertex 11.6477 73.2148 80
      vertex 11.492 73.8633 80
    endloop
  endfacet
  facet normal 0 0 1
    outer loop
      vertex 11.7 72.55 80
      vertex 9.05 72.55 80
      vertex 11.6477 71.8852 80
    endloop
  endfacet
  facet normal 0 0 1
    outer loop
      vertex 8.97169 73.0444 80
      vertex 11.492 73.8633 80
      vertex 11.2368 74.4795 80
    endloop
  endfacet
  facet normal -0 0 1
    outer loop
      vertex 9.0303 72.2997 80
      vertex 11.6477 71.8852 80
      vertex 9.05 72.55 80
    endloop
  endfacet
  facet normal 0 0 1
    outer loop
      vertex 8.87561 73.2764 80
      vertex 11.2368 74.4795 80
      vertex 10.8883 75.0481 80
    endloop
  endfacet
  facet normal 0 0 1
    outer loop
      vertex 11.6477 71.8852 80
      vertex 9.0303 72.2997 80
      vertex 11.492 71.2367 80
    endloop
  endfacet
  facet normal 0 0 1
    outer loop
      vertex 8.74443 73.4905 80
      vertex 10.8883 75.0481 80
      vertex 10.4552 75.5552 80
    endloop
  endfacet
  facet normal -0 0 1
    outer loop
      vertex 8.97169 72.0556 80
      vertex 11.492 71.2367 80
      vertex 9.0303 72.2997 80
    endloop
  endfacet
  facet normal 0 0 1
    outer loop
      vertex 8.58137 73.6814 80
      vertex 10.4552 75.5552 80
      vertex 9.94809 75.9883 80
    endloop
  endfacet
  facet normal 0 0 1
    outer loop
      vertex 11.492 71.2367 80
      vertex 8.97169 72.0556 80
      vertex 11.2368 70.6205 80
    endloop
  endfacet
  facet normal 0 0 1
    outer loop
      vertex 8.39046 73.8444 80
      vertex 9.94809 75.9883 80
      vertex 9.37946 76.3368 80
    endloop
  endfacet
  facet normal -0 0 1
    outer loop
      vertex 8.87561 71.8236 80
      vertex 11.2368 70.6205 80
      vertex 8.97169 72.0556 80
    endloop
  endfacet
  facet normal 0 0 1
    outer loop
      vertex 11.2368 70.6205 80
      vertex 8.87561 71.8236 80
      vertex 10.8883 70.0519 80
    endloop
  endfacet
  facet normal 0 0 1
    outer loop
      vertex 11.6477 73.2148 80
      vertex 9.0303 72.8003 80
      vertex 9.05 72.55 80
    endloop
  endfacet
  facet normal 0 0 1
    outer loop
      vertex 11.492 73.8633 80
      vertex 8.97169 73.0444 80
      vertex 9.0303 72.8003 80
    endloop
  endfacet
  facet normal 0 0 1
    outer loop
      vertex 11.2368 74.4795 80
      vertex 8.87561 73.2764 80
      vertex 8.97169 73.0444 80
    endloop
  endfacet
  facet normal 0 0 1
    outer loop
      vertex 8.17638 73.9756 80
      vertex 9.37946 76.3368 80
      vertex 8.76332 76.592 80
    endloop
  endfacet
  facet normal 0 0 1
    outer loop
      vertex 10.8883 75.0481 80
      vertex 8.74443 73.4905 80
      vertex 8.87561 73.2764 80
    endloop
  endfacet
  facet normal 0 0 1
    outer loop
      vertex 10.4552 75.5552 80
      vertex 8.58137 73.6814 80
      vertex 8.74443 73.4905 80
    endloop
  endfacet
  facet normal 0 0 1
    outer loop
      vertex 9.94809 75.9883 80
      vertex 8.39046 73.8444 80
      vertex 8.58137 73.6814 80
    endloop
  endfacet
  facet normal 0 0 1
    outer loop
      vertex 9.37946 76.3368 80
      vertex 8.17638 73.9756 80
      vertex 8.39046 73.8444 80
    endloop
  endfacet
  facet normal 0 0 1
    outer loop
      vertex 7.94443 74.0717 80
      vertex 8.76332 76.592 80
      vertex 8.11485 76.7477 80
    endloop
  endfacet
  facet normal 0 0 1
    outer loop
      vertex 8.76332 76.592 80
      vertex 7.94443 74.0717 80
      vertex 8.17638 73.9756 80
    endloop
  endfacet
  facet normal 0 0 1
    outer loop
      vertex 8.11485 76.7477 80
      vertex 7.70029 74.1303 80
      vertex 7.94443 74.0717 80
    endloop
  endfacet
  facet normal 0 0 1
    outer loop
      vertex 7.45 76.8 80
      vertex 7.70029 74.1303 80
      vertex 8.11485 76.7477 80
    endloop
  endfacet
  facet normal 0 0 1
    outer loop
      vertex 7.45 76.8 80
      vertex 7.45 74.15 80
      vertex 7.70029 74.1303 80
    endloop
  endfacet
  facet normal 0 0 1
    outer loop
      vertex 7.45 76.8 80
      vertex 7.19971 74.1303 80
      vertex 7.45 74.15 80
    endloop
  endfacet
  facet normal -0 0 1
    outer loop
      vertex 6.78515 76.7477 80
      vertex 7.19971 74.1303 80
      vertex 7.45 76.8 80
    endloop
  endfacet
  facet normal 0 0 1
    outer loop
      vertex 7.19971 74.1303 80
      vertex 6.78515 76.7477 80
      vertex 6.95557 74.0717 80
    endloop
  endfacet
  facet normal -0 0 1
    outer loop
      vertex 6.13668 76.592 80
      vertex 6.95557 74.0717 80
      vertex 6.78515 76.7477 80
    endloop
  endfacet
  facet normal 0 0 1
    outer loop
      vertex 6.95557 74.0717 80
      vertex 6.13668 76.592 80
      vertex 6.72362 73.9756 80
    endloop
  endfacet
  facet normal -0 0 1
    outer loop
      vertex 5.52054 76.3368 80
      vertex 6.72362 73.9756 80
      vertex 6.13668 76.592 80
    endloop
  endfacet
  facet normal 0 0 1
    outer loop
      vertex 6.72362 73.9756 80
      vertex 5.52054 76.3368 80
      vertex 6.50954 73.8444 80
    endloop
  endfacet
  facet normal -0 0 1
    outer loop
      vertex 4.95191 75.9883 80
      vertex 6.50954 73.8444 80
      vertex 5.52054 76.3368 80
    endloop
  endfacet
  facet normal 0 0 1
    outer loop
      vertex 6.50954 73.8444 80
      vertex 4.95191 75.9883 80
      vertex 6.31863 73.6814 80
    endloop
  endfacet
  facet normal -0 0 1
    outer loop
      vertex 4.4448 75.5552 80
      vertex 6.31863 73.6814 80
      vertex 4.95191 75.9883 80
    endloop
  endfacet
  facet normal 0 0 1
    outer loop
      vertex 6.31863 73.6814 80
      vertex 4.4448 75.5552 80
      vertex 6.15557 73.4905 80
    endloop
  endfacet
  facet normal -0 0 1
    outer loop
      vertex 4.01168 75.0481 80
      vertex 6.15557 73.4905 80
      vertex 4.4448 75.5552 80
    endloop
  endfacet
  facet normal 0 0 1
    outer loop
      vertex 6.15557 73.4905 80
      vertex 4.01168 75.0481 80
      vertex 6.02439 73.2764 80
    endloop
  endfacet
  facet normal -0 0 1
    outer loop
      vertex 8.74443 71.6095 80
      vertex 10.8883 70.0519 80
      vertex 8.87561 71.8236 80
    endloop
  endfacet
  facet normal 0 0 1
    outer loop
      vertex 10.8883 70.0519 80
      vertex 8.74443 71.6095 80
      vertex 10.4552 69.5448 80
    endloop
  endfacet
  facet normal -0 0 1
    outer loop
      vertex 8.58137 71.4186 80
      vertex 10.4552 69.5448 80
      vertex 8.74443 71.6095 80
    endloop
  endfacet
  facet normal 0 0 1
    outer loop
      vertex 10.4552 69.5448 80
      vertex 8.58137 71.4186 80
      vertex 9.94809 69.1117 80
    endloop
  endfacet
  facet normal -0 0 1
    outer loop
      vertex 8.39046 71.2556 80
      vertex 9.94809 69.1117 80
      vertex 8.58137 71.4186 80
    endloop
  endfacet
  facet normal 0 0 1
    outer loop
      vertex 9.94809 69.1117 80
      vertex 8.39046 71.2556 80
      vertex 9.37946 68.7632 80
    endloop
  endfacet
  facet normal -0 0 1
    outer loop
      vertex 8.17638 71.1244 80
      vertex 9.37946 68.7632 80
      vertex 8.39046 71.2556 80
    endloop
  endfacet
  facet normal 0 0 1
    outer loop
      vertex 9.37946 68.7632 80
      vertex 8.17638 71.1244 80
      vertex 8.76332 68.508 80
    endloop
  endfacet
  facet normal -0 0 1
    outer loop
      vertex 7.94443 71.0283 80
      vertex 8.76332 68.508 80
      vertex 8.17638 71.1244 80
    endloop
  endfacet
  facet normal 0 0 1
    outer loop
      vertex 8.76332 68.508 80
      vertex 7.94443 71.0283 80
      vertex 8.11485 68.3523 80
    endloop
  endfacet
  facet normal -0 0 1
    outer loop
      vertex 7.70029 70.9697 80
      vertex 8.11485 68.3523 80
      vertex 7.94443 71.0283 80
    endloop
  endfacet
  facet normal -0 0 1
    outer loop
      vertex 7.45 70.95 80
      vertex 8.11485 68.3523 80
      vertex 7.70029 70.9697 80
    endloop
  endfacet
  facet normal 0 0 1
    outer loop
      vertex 7.45 70.95 80
      vertex 7.45 68.3 80
      vertex 8.11485 68.3523 80
    endloop
  endfacet
  facet normal 0 0 1
    outer loop
      vertex 7.19971 70.9697 80
      vertex 7.45 68.3 80
      vertex 7.45 70.95 80
    endloop
  endfacet
  facet normal 0 0 1
    outer loop
      vertex 6.78515 68.3523 80
      vertex 7.19971 70.9697 80
      vertex 6.95557 71.0283 80
    endloop
  endfacet
  facet normal 0 0 1
    outer loop
      vertex 7.19971 70.9697 80
      vertex 6.78515 68.3523 80
      vertex 7.45 68.3 80
    endloop
  endfacet
  facet normal 0 0 1
    outer loop
      vertex 6.13668 68.508 80
      vertex 6.95557 71.0283 80
      vertex 6.72362 71.1244 80
    endloop
  endfacet
  facet normal 0 0 1
    outer loop
      vertex 5.52054 68.7632 80
      vertex 6.72362 71.1244 80
      vertex 6.50954 71.2556 80
    endloop
  endfacet
  facet normal 0 0 1
    outer loop
      vertex 4.95191 69.1117 80
      vertex 6.50954 71.2556 80
      vertex 6.31863 71.4186 80
    endloop
  endfacet
  facet normal 0 0 1
    outer loop
      vertex 4.4448 69.5448 80
      vertex 6.31863 71.4186 80
      vertex 6.15557 71.6095 80
    endloop
  endfacet
  facet normal 0 0 1
    outer loop
      vertex 6.95557 71.0283 80
      vertex 6.13668 68.508 80
      vertex 6.78515 68.3523 80
    endloop
  endfacet
  facet normal 0 0 1
    outer loop
      vertex 4.01168 70.0519 80
      vertex 6.15557 71.6095 80
      vertex 6.02439 71.8236 80
    endloop
  endfacet
  facet normal 0 0 1
    outer loop
      vertex 3.66322 70.6205 80
      vertex 6.02439 71.8236 80
      vertex 5.92831 72.0556 80
    endloop
  endfacet
  facet normal 0 0 1
    outer loop
      vertex 3.40801 71.2367 80
      vertex 5.92831 72.0556 80
      vertex 5.8697 72.2997 80
    endloop
  endfacet
  facet normal 0 0 1
    outer loop
      vertex 3.25233 71.8852 80
      vertex 5.8697 72.2997 80
      vertex 5.85 72.55 80
    endloop
  endfacet
  facet normal -0 0 1
    outer loop
      vertex 3.66322 74.4795 80
      vertex 6.02439 73.2764 80
      vertex 4.01168 75.0481 80
    endloop
  endfacet
  facet normal 0 0 1
    outer loop
      vertex 6.72362 71.1244 80
      vertex 5.52054 68.7632 80
      vertex 6.13668 68.508 80
    endloop
  endfacet
  facet normal 0 0 1
    outer loop
      vertex 6.02439 73.2764 80
      vertex 3.66322 74.4795 80
      vertex 5.92831 73.0444 80
    endloop
  endfacet
  facet normal 0 0 1
    outer loop
      vertex 6.50954 71.2556 80
      vertex 4.95191 69.1117 80
      vertex 5.52054 68.7632 80
    endloop
  endfacet
  facet normal -0 0 1
    outer loop
      vertex 3.40801 73.8633 80
      vertex 5.92831 73.0444 80
      vertex 3.66322 74.4795 80
    endloop
  endfacet
  facet normal 0 0 1
    outer loop
      vertex 6.31863 71.4186 80
      vertex 4.4448 69.5448 80
      vertex 4.95191 69.1117 80
    endloop
  endfacet
  facet normal 0 0 1
    outer loop
      vertex 5.92831 73.0444 80
      vertex 3.40801 73.8633 80
      vertex 5.8697 72.8003 80
    endloop
  endfacet
  facet normal 0 0 1
    outer loop
      vertex 6.15557 71.6095 80
      vertex 4.01168 70.0519 80
      vertex 4.4448 69.5448 80
    endloop
  endfacet
  facet normal -0 0 1
    outer loop
      vertex 3.25233 73.2148 80
      vertex 5.8697 72.8003 80
      vertex 3.40801 73.8633 80
    endloop
  endfacet
  facet normal 0 0 1
    outer loop
      vertex 6.02439 71.8236 80
      vertex 3.66322 70.6205 80
      vertex 4.01168 70.0519 80
    endloop
  endfacet
  facet normal 0 0 1
    outer loop
      vertex 5.8697 72.8003 80
      vertex 3.25233 73.2148 80
      vertex 5.85 72.55 80
    endloop
  endfacet
  facet normal 0 0 1
    outer loop
      vertex 5.92831 72.0556 80
      vertex 3.40801 71.2367 80
      vertex 3.66322 70.6205 80
    endloop
  endfacet
  facet normal 0 0 1
    outer loop
      vertex 3.2 72.55 80
      vertex 5.85 72.55 80
      vertex 3.25233 73.2148 80
    endloop
  endfacet
  facet normal 0 0 1
    outer loop
      vertex 5.8697 72.2997 80
      vertex 3.25233 71.8852 80
      vertex 3.40801 71.2367 80
    endloop
  endfacet
  facet normal 0 0 1
    outer loop
      vertex 5.85 72.55 80
      vertex 3.2 72.55 80
      vertex 3.25233 71.8852 80
    endloop
  endfacet
  facet normal -0.649437 0.760415 0
    outer loop
      vertex 4.95191 75.9883 2.4
      vertex 4.4448 75.5552 80
      vertex 4.95191 75.9883 80
    endloop
  endfacet
  facet normal -0.649437 0.760415 0
    outer loop
      vertex 4.4448 75.5552 80
      vertex 4.95191 75.9883 2.4
      vertex 4.4448 75.5552 2.4
    endloop
  endfacet
  facet normal 0.852599 0.522566 0
    outer loop
      vertex 11.2368 74.4795 80
      vertex 10.8883 75.0481 2.4
      vertex 10.8883 75.0481 80
    endloop
  endfacet
  facet normal 0.852599 0.522566 0
    outer loop
      vertex 10.8883 75.0481 2.4
      vertex 11.2368 74.4795 80
      vertex 11.2368 74.4795 2.4
    endloop
  endfacet
  facet normal 0.923919 -0.382587 0
    outer loop
      vertex 11.492 71.2367 80
      vertex 11.3915 70.994 8.4
      vertex 11.492 71.2367 2.4
    endloop
  endfacet
  facet normal 0.9239 -0.382634 1.87209e-07
    outer loop
      vertex 11.2368 70.6205 80
      vertex 11.3915 70.994 8.4
      vertex 11.492 71.2367 80
    endloop
  endfacet
  facet normal 0.923887 -0.382665 0
    outer loop
      vertex 11.3915 70.994 8.4
      vertex 11.2368 70.6205 80
      vertex 11.2368 70.6205 8.4
    endloop
  endfacet
  facet normal 0.923919 -0.382587 0
    outer loop
      vertex 11.492 71.2367 2.4
      vertex 11.3915 70.994 8.4
      vertex 11.3915 70.994 2.4
    endloop
  endfacet
  facet normal 0.0784221 0.99692 -0
    outer loop
      vertex 8.11485 76.7477 2.4
      vertex 7.45 76.8 80
      vertex 8.11485 76.7477 80
    endloop
  endfacet
  facet normal 0.0784221 0.99692 0
    outer loop
      vertex 7.45 76.8 80
      vertex 8.11485 76.7477 2.4
      vertex 7.45 76.8 2.4
    endloop
  endfacet
  facet normal -0.923895 -0.382647 0
    outer loop
      vertex 3.66322 70.6205 2.4
      vertex 3.40801 71.2367 80
      vertex 3.40801 71.2367 2.4
    endloop
  endfacet
  facet normal -0.923895 -0.382647 0
    outer loop
      vertex 3.40801 71.2367 80
      vertex 3.66322 70.6205 2.4
      vertex 3.66322 70.6205 80
    endloop
  endfacet
  facet normal -0.0784221 0.99692 0
    outer loop
      vertex 7.45 76.8 2.4
      vertex 6.78515 76.7477 80
      vertex 7.45 76.8 80
    endloop
  endfacet
  facet normal -0.0784221 0.99692 0
    outer loop
      vertex 6.78515 76.7477 80
      vertex 7.45 76.8 2.4
      vertex 6.78515 76.7477 2.4
    endloop
  endfacet
  facet normal 0.233468 0.972364 -0
    outer loop
      vertex 8.76332 76.592 2.4
      vertex 8.11485 76.7477 80
      vertex 8.76332 76.592 80
    endloop
  endfacet
  facet normal 0.233468 0.972364 0
    outer loop
      vertex 8.11485 76.7477 80
      vertex 8.76332 76.592 2.4
      vertex 8.11485 76.7477 2.4
    endloop
  endfacet
  facet normal -0.382666 -0.923887 0
    outer loop
      vertex 5.52054 68.7632 2.4
      vertex 6.13668 68.508 80
      vertex 5.52054 68.7632 80
    endloop
  endfacet
  facet normal -0.382666 -0.923887 -0
    outer loop
      vertex 6.13668 68.508 80
      vertex 5.52054 68.7632 2.4
      vertex 6.13668 68.508 2.4
    endloop
  endfacet
  facet normal 0.649437 -0.760415 0
    outer loop
      vertex 9.94809 69.1117 8.4
      vertex 10.4552 69.5448 80
      vertex 9.94809 69.1117 80
    endloop
  endfacet
  facet normal 0.649437 -0.760415 0
    outer loop
      vertex 10.4552 69.5448 80
      vertex 9.94809 69.1117 8.4
      vertex 10.4552 69.5448 8.4
    endloop
  endfacet
  facet normal 0.99692 -0.078428 0
    outer loop
      vertex 11.6477 71.8852 80
      vertex 11.7 72.55 2.4
      vertex 11.7 72.55 80
    endloop
  endfacet
  facet normal 0.99692 -0.078428 0
    outer loop
      vertex 11.7 72.55 2.4
      vertex 11.6477 71.8852 80
      vertex 11.6477 71.8852 2.4
    endloop
  endfacet
  facet normal -0.233468 0.972364 0
    outer loop
      vertex 6.78515 76.7477 2.4
      vertex 6.13668 76.592 80
      vertex 6.78515 76.7477 80
    endloop
  endfacet
  facet normal -0.233468 0.972364 0
    outer loop
      vertex 6.13668 76.592 80
      vertex 6.78515 76.7477 2.4
      vertex 6.13668 76.592 2.4
    endloop
  endfacet
  facet normal -0.760394 0.649462 0
    outer loop
      vertex 4.01168 75.0481 2.4
      vertex 4.4448 75.5552 80
      vertex 4.4448 75.5552 2.4
    endloop
  endfacet
  facet normal -0.760394 0.649462 0
    outer loop
      vertex 4.4448 75.5552 80
      vertex 4.01168 75.0481 2.4
      vertex 4.01168 75.0481 80
    endloop
  endfacet
  facet normal -0.996916 -0.0784727 0
    outer loop
      vertex 3.25233 71.8852 2.4
      vertex 3.2 72.55 80
      vertex 3.2 72.55 2.4
    endloop
  endfacet
  facet normal -0.996916 -0.0784727 0
    outer loop
      vertex 3.2 72.55 80
      vertex 3.25233 71.8852 2.4
      vertex 3.25233 71.8852 80
    endloop
  endfacet
  facet normal -0.972374 -0.23343 0
    outer loop
      vertex 3.40801 71.2367 2.4
      vertex 3.25233 71.8852 80
      vertex 3.25233 71.8852 2.4
    endloop
  endfacet
  facet normal -0.972374 -0.23343 0
    outer loop
      vertex 3.25233 71.8852 80
      vertex 3.40801 71.2367 2.4
      vertex 3.40801 71.2367 80
    endloop
  endfacet
  facet normal 0.852438 -0.522829 0
    outer loop
      vertex 11.2368 70.6205 80
      vertex 11.2 70.5605 11.9
      vertex 11.2368 70.6205 8.4
    endloop
  endfacet
  facet normal 0.852599 -0.522566 -3.1883e-07
    outer loop
      vertex 10.8883 70.0519 80
      vertex 11.2 70.5605 11.9
      vertex 11.2368 70.6205 80
    endloop
  endfacet
  facet normal 0.852618 -0.522535 0
    outer loop
      vertex 11.2 70.5605 11.9
      vertex 10.8883 70.0519 80
      vertex 10.8883 70.0519 11.9
    endloop
  endfacet
  facet normal 0.852438 -0.522829 0
    outer loop
      vertex 11.2368 70.6205 8.4
      vertex 11.2 70.5605 11.9
      vertex 11.2 70.5605 8.4
    endloop
  endfacet
  facet normal -0.382666 0.923887 0
    outer loop
      vertex 6.13668 76.592 2.4
      vertex 5.52054 76.3368 80
      vertex 6.13668 76.592 80
    endloop
  endfacet
  facet normal -0.382666 0.923887 0
    outer loop
      vertex 5.52054 76.3368 80
      vertex 6.13668 76.592 2.4
      vertex 5.52054 76.3368 2.4
    endloop
  endfacet
  facet normal -0.522546 0.852611 0
    outer loop
      vertex 5.52054 76.3368 2.4
      vertex 4.95191 75.9883 80
      vertex 5.52054 76.3368 80
    endloop
  endfacet
  facet normal -0.522546 0.852611 0
    outer loop
      vertex 4.95191 75.9883 80
      vertex 5.52054 76.3368 2.4
      vertex 4.95191 75.9883 2.4
    endloop
  endfacet
  facet normal 0.522546 0.852611 -0
    outer loop
      vertex 9.94809 75.9883 2.4
      vertex 9.37946 76.3368 80
      vertex 9.94809 75.9883 80
    endloop
  endfacet
  facet normal 0.522546 0.852611 0
    outer loop
      vertex 9.37946 76.3368 80
      vertex 9.94809 75.9883 2.4
      vertex 9.37946 76.3368 2.4
    endloop
  endfacet
  facet normal -0.852626 -0.522522 0
    outer loop
      vertex 4.01168 70.0519 2.4
      vertex 3.66322 70.6205 80
      vertex 3.66322 70.6205 2.4
    endloop
  endfacet
  facet normal -0.852626 -0.522522 0
    outer loop
      vertex 3.66322 70.6205 80
      vertex 4.01168 70.0519 2.4
      vertex 4.01168 70.0519 80
    endloop
  endfacet
  facet normal 0.760409 0.649444 0
    outer loop
      vertex 10.8883 75.0481 80
      vertex 10.4552 75.5552 2.4
      vertex 10.4552 75.5552 80
    endloop
  endfacet
  facet normal 0.760409 0.649444 0
    outer loop
      vertex 10.4552 75.5552 2.4
      vertex 10.8883 75.0481 80
      vertex 10.8883 75.0481 2.4
    endloop
  endfacet
  facet normal 0.233468 -0.972364 0
    outer loop
      vertex 8.11485 68.3523 11.9
      vertex 8.76332 68.508 80
      vertex 8.11485 68.3523 80
    endloop
  endfacet
  facet normal 0.233579 -0.972338 -1.11861e-06
    outer loop
      vertex 8.4 68.4208 11.9
      vertex 8.76332 68.508 80
      vertex 8.11485 68.3523 11.9
    endloop
  endfacet
  facet normal 0.233381 -0.972385 0
    outer loop
      vertex 8.76332 68.508 8.4
      vertex 8.4 68.4208 11.9
      vertex 8.4 68.4208 8.4
    endloop
  endfacet
  facet normal 0.233381 -0.972385 0
    outer loop
      vertex 8.4 68.4208 11.9
      vertex 8.76332 68.508 8.4
      vertex 8.76332 68.508 80
    endloop
  endfacet
  facet normal -0.760394 -0.649462 0
    outer loop
      vertex 4.4448 69.5448 2.4
      vertex 4.01168 70.0519 80
      vertex 4.01168 70.0519 2.4
    endloop
  endfacet
  facet normal -0.760394 -0.649462 0
    outer loop
      vertex 4.01168 70.0519 80
      vertex 4.4448 69.5448 2.4
      vertex 4.4448 69.5448 80
    endloop
  endfacet
  facet normal 0 0 -1
    outer loop
      vertex 7.2 67.35 2.4
      vertex 7.15 67.9 2.4
      vertex 7.18313 68.321 2.4
    endloop
  endfacet
  facet normal 0 0 -1
    outer loop
      vertex 7.18313 68.321 2.4
      vertex 7.2 70.9697 2.4
      vertex 7.2 67.35 2.4
    endloop
  endfacet
  facet normal 0 0 -1
    outer loop
      vertex 7.15 67.9 2.4
      vertex 7.2 67.35 2.4
      vertex 7.19001 67.3916 2.4
    endloop
  endfacet
  facet normal -0 0 -1
    outer loop
      vertex 7.2 70.9697 2.4
      vertex 7.18313 68.321 2.4
      vertex 7.19971 70.9697 2.4
    endloop
  endfacet
  facet normal 0 0 -1
    outer loop
      vertex 6.78515 68.3523 2.4
      vertex 7.19971 70.9697 2.4
      vertex 7.18313 68.321 2.4
    endloop
  endfacet
  facet normal -0 0 -1
    outer loop
      vertex 7.19971 70.9697 2.4
      vertex 6.78515 68.3523 2.4
      vertex 6.95557 71.0283 2.4
    endloop
  endfacet
  facet normal 0 0 -1
    outer loop
      vertex 6.13668 68.508 2.4
      vertex 6.95557 71.0283 2.4
      vertex 6.78515 68.3523 2.4
    endloop
  endfacet
  facet normal -0 0 -1
    outer loop
      vertex 6.95557 71.0283 2.4
      vertex 6.13668 68.508 2.4
      vertex 6.72362 71.1244 2.4
    endloop
  endfacet
  facet normal 0 0 -1
    outer loop
      vertex 5.52054 68.7632 2.4
      vertex 6.72362 71.1244 2.4
      vertex 6.13668 68.508 2.4
    endloop
  endfacet
  facet normal -0 0 -1
    outer loop
      vertex 6.72362 71.1244 2.4
      vertex 5.52054 68.7632 2.4
      vertex 6.50954 71.2556 2.4
    endloop
  endfacet
  facet normal 0 0 -1
    outer loop
      vertex 4.95191 69.1117 2.4
      vertex 6.50954 71.2556 2.4
      vertex 5.52054 68.7632 2.4
    endloop
  endfacet
  facet normal -0 0 -1
    outer loop
      vertex 6.50954 71.2556 2.4
      vertex 4.95191 69.1117 2.4
      vertex 6.31863 71.4186 2.4
    endloop
  endfacet
  facet normal 0 0 -1
    outer loop
      vertex 4.4448 69.5448 2.4
      vertex 6.31863 71.4186 2.4
      vertex 4.95191 69.1117 2.4
    endloop
  endfacet
  facet normal -0 0 -1
    outer loop
      vertex 6.31863 71.4186 2.4
      vertex 4.4448 69.5448 2.4
      vertex 6.15557 71.6095 2.4
    endloop
  endfacet
  facet normal 0 0 -1
    outer loop
      vertex 4.01168 70.0519 2.4
      vertex 6.15557 71.6095 2.4
      vertex 4.4448 69.5448 2.4
    endloop
  endfacet
  facet normal -0 0 -1
    outer loop
      vertex 6.15557 71.6095 2.4
      vertex 4.01168 70.0519 2.4
      vertex 6.02439 71.8236 2.4
    endloop
  endfacet
  facet normal 0 0 -1
    outer loop
      vertex 11.6 67.9 2.4
      vertex 13.65 67.9 2.4
      vertex 13.61 67.3916 2.4
    endloop
  endfacet
  facet normal 0 0 -1
    outer loop
      vertex 11.5852 67.7123 2.4
      vertex 13.61 67.3916 2.4
      vertex 13.4909 66.8957 2.4
    endloop
  endfacet
  facet normal 0 0 -1
    outer loop
      vertex 13.65 67.9 2.4
      vertex 11.6 67.9 2.4
      vertex 13.61 68.4084 2.4
    endloop
  endfacet
  facet normal 0 0 -1
    outer loop
      vertex 11.5413 67.5292 2.4
      vertex 13.4909 66.8957 2.4
      vertex 13.2958 66.4245 2.4
    endloop
  endfacet
  facet normal 0 0 -1
    outer loop
      vertex 11.5852 68.0877 2.4
      vertex 13.61 68.4084 2.4
      vertex 11.6 67.9 2.4
    endloop
  endfacet
  facet normal 0 0 -1
    outer loop
      vertex 11.4692 67.3552 2.4
      vertex 13.2958 66.4245 2.4
      vertex 13.0293 65.9897 2.4
    endloop
  endfacet
  facet normal -0 0 -1
    outer loop
      vertex 13.61 68.4084 2.4
      vertex 11.5852 68.0877 2.4
      vertex 13.4909 68.9043 2.4
    endloop
  endfacet
  facet normal 0 0 -1
    outer loop
      vertex 11.3708 67.1947 2.4
      vertex 13.0293 65.9897 2.4
      vertex 12.6981 65.6019 2.4
    endloop
  endfacet
  facet normal 0 0 -1
    outer loop
      vertex 11.5413 68.2708 2.4
      vertex 13.4909 68.9043 2.4
      vertex 11.5852 68.0877 2.4
    endloop
  endfacet
  facet normal 0 0 -1
    outer loop
      vertex 11.2485 67.0515 2.4
      vertex 12.6981 65.6019 2.4
      vertex 12.3103 65.2707 2.4
    endloop
  endfacet
  facet normal -0 0 -1
    outer loop
      vertex 13.4909 68.9043 2.4
      vertex 11.5413 68.2708 2.4
      vertex 13.2958 69.3755 2.4
    endloop
  endfacet
  facet normal 0 0 -1
    outer loop
      vertex 11.1053 66.9292 2.4
      vertex 12.3103 65.2707 2.4
      vertex 11.8755 65.0042 2.4
    endloop
  endfacet
  facet normal 0 0 -1
    outer loop
      vertex 11.4692 68.4448 2.4
      vertex 13.2958 69.3755 2.4
      vertex 11.5413 68.2708 2.4
    endloop
  endfacet
  facet normal -0 0 -1
    outer loop
      vertex 13.2958 69.3755 2.4
      vertex 11.4692 68.4448 2.4
      vertex 13.0293 69.8103 2.4
    endloop
  endfacet
  facet normal 0 0 -1
    outer loop
      vertex 13.61 67.3916 2.4
      vertex 11.5852 67.7123 2.4
      vertex 11.6 67.9 2.4
    endloop
  endfacet
  facet normal 0 0 -1
    outer loop
      vertex 13.4909 66.8957 2.4
      vertex 11.5413 67.5292 2.4
      vertex 11.5852 67.7123 2.4
    endloop
  endfacet
  facet normal 0 0 -1
    outer loop
      vertex 13.2958 66.4245 2.4
      vertex 11.4692 67.3552 2.4
      vertex 11.5413 67.5292 2.4
    endloop
  endfacet
  facet normal 0 0 -1
    outer loop
      vertex 10.9448 66.8308 2.4
      vertex 11.8755 65.0042 2.4
      vertex 11.4043 64.8091 2.4
    endloop
  endfacet
  facet normal 0 0 -1
    outer loop
      vertex 13.0293 65.9897 2.4
      vertex 11.3708 67.1947 2.4
      vertex 11.4692 67.3552 2.4
    endloop
  endfacet
  facet normal 0 0 -1
    outer loop
      vertex 12.6981 65.6019 2.4
      vertex 11.2485 67.0515 2.4
      vertex 11.3708 67.1947 2.4
    endloop
  endfacet
  facet normal 0 0 -1
    outer loop
      vertex 12.3103 65.2707 2.4
      vertex 11.1053 66.9292 2.4
      vertex 11.2485 67.0515 2.4
    endloop
  endfacet
  facet normal 0 0 -1
    outer loop
      vertex 11.8755 65.0042 2.4
      vertex 10.9448 66.8308 2.4
      vertex 11.1053 66.9292 2.4
    endloop
  endfacet
  facet normal 0 0 -1
    outer loop
      vertex 10.7708 66.7587 2.4
      vertex 11.4043 64.8091 2.4
      vertex 10.9084 64.69 2.4
    endloop
  endfacet
  facet normal 0 0 -1
    outer loop
      vertex 11.4043 64.8091 2.4
      vertex 10.7708 66.7587 2.4
      vertex 10.9448 66.8308 2.4
    endloop
  endfacet
  facet normal 0 0 -1
    outer loop
      vertex 10.9084 64.69 2.4
      vertex 10.5877 66.7148 2.4
      vertex 10.7708 66.7587 2.4
    endloop
  endfacet
  facet normal 0 0 -1
    outer loop
      vertex 10.4 64.65 2.4
      vertex 10.5877 66.7148 2.4
      vertex 10.9084 64.69 2.4
    endloop
  endfacet
  facet normal 0 0 -1
    outer loop
      vertex 10.4 64.65 2.4
      vertex 10.4 66.7 2.4
      vertex 10.5877 66.7148 2.4
    endloop
  endfacet
  facet normal 0 0 -1
    outer loop
      vertex 10.4 64.65 2.4
      vertex 10.2123 66.7148 2.4
      vertex 10.4 66.7 2.4
    endloop
  endfacet
  facet normal 0 0 -1
    outer loop
      vertex 9.89159 64.69 2.4
      vertex 10.2123 66.7148 2.4
      vertex 10.4 64.65 2.4
    endloop
  endfacet
  facet normal -0 0 -1
    outer loop
      vertex 10.2123 66.7148 2.4
      vertex 9.89159 64.69 2.4
      vertex 10.0292 66.7587 2.4
    endloop
  endfacet
  facet normal 0 0 -1
    outer loop
      vertex 9.39569 64.8091 2.4
      vertex 10.0292 66.7587 2.4
      vertex 9.89159 64.69 2.4
    endloop
  endfacet
  facet normal -0 0 -1
    outer loop
      vertex 10.0292 66.7587 2.4
      vertex 9.39569 64.8091 2.4
      vertex 9.85521 66.8308 2.4
    endloop
  endfacet
  facet normal 0 0 -1
    outer loop
      vertex 8.92453 65.0042 2.4
      vertex 9.85521 66.8308 2.4
      vertex 9.39569 64.8091 2.4
    endloop
  endfacet
  facet normal -0 0 -1
    outer loop
      vertex 9.85521 66.8308 2.4
      vertex 8.92453 65.0042 2.4
      vertex 9.69466 66.9292 2.4
    endloop
  endfacet
  facet normal 0 0 -1
    outer loop
      vertex 8.4897 65.2707 2.4
      vertex 9.69466 66.9292 2.4
      vertex 8.92453 65.0042 2.4
    endloop
  endfacet
  facet normal -0 0 -1
    outer loop
      vertex 9.69466 66.9292 2.4
      vertex 8.4897 65.2707 2.4
      vertex 9.55147 67.0515 2.4
    endloop
  endfacet
  facet normal 0 0 -1
    outer loop
      vertex 8.1019 65.6019 2.4
      vertex 9.55147 67.0515 2.4
      vertex 8.4897 65.2707 2.4
    endloop
  endfacet
  facet normal 0 0 -1
    outer loop
      vertex 9.55147 67.0515 2.4
      vertex 8.4 67.1 2.4
      vertex 9.42918 67.1947 2.4
    endloop
  endfacet
  facet normal -0 0 -1
    outer loop
      vertex 9.33079 67.3552 2.4
      vertex 8.4 67.1 2.4
      vertex 9.25873 67.5292 2.4
    endloop
  endfacet
  facet normal -0 0 -1
    outer loop
      vertex 9.25873 67.5292 2.4
      vertex 8.4 67.1 2.4
      vertex 9.21477 67.7123 2.4
    endloop
  endfacet
  facet normal 0 0 -1
    outer loop
      vertex 11.3708 68.6053 2.4
      vertex 13.0293 69.8103 2.4
      vertex 11.4692 68.4448 2.4
    endloop
  endfacet
  facet normal -0 0 -1
    outer loop
      vertex 13.0293 69.8103 2.4
      vertex 11.3708 68.6053 2.4
      vertex 12.6981 70.1981 2.4
    endloop
  endfacet
  facet normal 0 0 -1
    outer loop
      vertex 11.2485 68.7485 2.4
      vertex 12.6981 70.1981 2.4
      vertex 11.3708 68.6053 2.4
    endloop
  endfacet
  facet normal -0 0 -1
    outer loop
      vertex 12.6981 70.1981 2.4
      vertex 11.2 69.9 2.4
      vertex 12.3103 70.5293 2.4
    endloop
  endfacet
  facet normal -0 0 -1
    outer loop
      vertex 11.8755 70.7958 2.4
      vertex 11.2 69.9 2.4
      vertex 11.4043 70.9909 2.4
    endloop
  endfacet
  facet normal -0 0 -1
    outer loop
      vertex 12.3103 70.5293 2.4
      vertex 11.2 69.9 2.4
      vertex 11.8755 70.7958 2.4
    endloop
  endfacet
  facet normal 0 0 -1
    outer loop
      vertex 9.05 72.55 2.4
      vertex 11.7 72.55 2.4
      vertex 11.6477 71.8852 2.4
    endloop
  endfacet
  facet normal 0 0 -1
    outer loop
      vertex 11.2 71.1 2.4
      vertex 11.6477 71.8852 2.4
      vertex 11.492 71.2367 2.4
    endloop
  endfacet
  facet normal 0 0 -1
    outer loop
      vertex 9.0303 72.2997 2.4
      vertex 11.6477 71.8852 2.4
      vertex 11.2 71.1 2.4
    endloop
  endfacet
  facet normal 0 0 -1
    outer loop
      vertex 11.2 71.1 2.4
      vertex 11.492 71.2367 2.4
      vertex 11.3915 70.994 2.4
    endloop
  endfacet
  facet normal 0 0 -1
    outer loop
      vertex 12.6981 70.1981 2.4
      vertex 11.2485 68.7485 2.4
      vertex 11.2 69.9 2.4
    endloop
  endfacet
  facet normal -0 0 -1
    outer loop
      vertex 11.4043 70.9909 2.4
      vertex 11.2 69.9 2.4
      vertex 11.3915 70.994 2.4
    endloop
  endfacet
  facet normal 0 0 -1
    outer loop
      vertex 11.2 71.1 2.4
      vertex 11.3915 70.994 2.4
      vertex 11.2 69.9 2.4
    endloop
  endfacet
  facet normal 0 0 -1
    outer loop
      vertex 11.7 72.55 2.4
      vertex 9.05 72.55 2.4
      vertex 11.6477 73.2148 2.4
    endloop
  endfacet
  facet normal 0 0 -1
    outer loop
      vertex 11.1053 68.8708 2.4
      vertex 11.2 69.9 2.4
      vertex 11.2485 68.7485 2.4
    endloop
  endfacet
  facet normal 0 0 -1
    outer loop
      vertex 10.9448 68.9692 2.4
      vertex 11.2 69.9 2.4
      vertex 11.1053 68.8708 2.4
    endloop
  endfacet
  facet normal 0 0 -1
    outer loop
      vertex 10.7708 69.0413 2.4
      vertex 11.2 69.9 2.4
      vertex 10.9448 68.9692 2.4
    endloop
  endfacet
  facet normal 0 0 -1
    outer loop
      vertex 10.5877 69.0852 2.4
      vertex 11.2 69.9 2.4
      vertex 10.7708 69.0413 2.4
    endloop
  endfacet
  facet normal 0 0 -1
    outer loop
      vertex 10.4 69.1 2.4
      vertex 11.2 69.9 2.4
      vertex 10.5877 69.0852 2.4
    endloop
  endfacet
  facet normal 0 0 -1
    outer loop
      vertex 10.2123 69.0852 2.4
      vertex 11.2 69.9 2.4
      vertex 10.4 69.1 2.4
    endloop
  endfacet
  facet normal 0 0 -1
    outer loop
      vertex 8.4 69.9 2.4
      vertex 10.2123 69.0852 2.4
      vertex 10.0292 69.0413 2.4
    endloop
  endfacet
  facet normal 0 0 -1
    outer loop
      vertex 8.4 69.9 2.4
      vertex 10.0292 69.0413 2.4
      vertex 9.85521 68.9692 2.4
    endloop
  endfacet
  facet normal 0 0 -1
    outer loop
      vertex 8.4 69.9 2.4
      vertex 9.85521 68.9692 2.4
      vertex 9.69466 68.8708 2.4
    endloop
  endfacet
  facet normal -0 0 -1
    outer loop
      vertex 9.21477 67.7123 2.4
      vertex 8.4 67.1 2.4
      vertex 9.2 67.9 2.4
    endloop
  endfacet
  facet normal -0 0 -1
    outer loop
      vertex 9.42918 67.1947 2.4
      vertex 8.4 67.1 2.4
      vertex 9.33079 67.3552 2.4
    endloop
  endfacet
  facet normal -0 0 -1
    outer loop
      vertex 9.2 67.9 2.4
      vertex 8.4 67.1 2.4
      vertex 9.21477 68.0877 2.4
    endloop
  endfacet
  facet normal 0 0 -1
    outer loop
      vertex 8.4 69.9 2.4
      vertex 9.21477 68.0877 2.4
      vertex 8.4 67.1 2.4
    endloop
  endfacet
  facet normal 0 0 -1
    outer loop
      vertex 9.21477 68.0877 2.4
      vertex 8.4 69.9 2.4
      vertex 9.25873 68.2708 2.4
    endloop
  endfacet
  facet normal 0 0 -1
    outer loop
      vertex 9.25873 68.2708 2.4
      vertex 8.4 69.9 2.4
      vertex 9.33079 68.4448 2.4
    endloop
  endfacet
  facet normal 0 0 -1
    outer loop
      vertex 10.2123 69.0852 2.4
      vertex 8.4 69.9 2.4
      vertex 11.2 69.9 2.4
    endloop
  endfacet
  facet normal 0 0 -1
    outer loop
      vertex 9.55147 68.7485 2.4
      vertex 8.4 69.9 2.4
      vertex 9.69466 68.8708 2.4
    endloop
  endfacet
  facet normal 0 0 -1
    outer loop
      vertex 9.42918 68.6053 2.4
      vertex 8.4 69.9 2.4
      vertex 9.55147 68.7485 2.4
    endloop
  endfacet
  facet normal 0 0 -1
    outer loop
      vertex 9.33079 68.4448 2.4
      vertex 8.4 69.9 2.4
      vertex 9.42918 68.6053 2.4
    endloop
  endfacet
  facet normal -0 0 -1
    outer loop
      vertex 9.55147 67.0515 2.4
      vertex 8.1019 65.6019 2.4
      vertex 8.4 67.1 2.4
    endloop
  endfacet
  facet normal 0 0 -1
    outer loop
      vertex 7.7707 65.9897 2.4
      vertex 8.4 67.1 2.4
      vertex 8.1019 65.6019 2.4
    endloop
  endfacet
  facet normal 0 0 -1
    outer loop
      vertex 7.50423 66.4245 2.4
      vertex 8.4 67.1 2.4
      vertex 7.7707 65.9897 2.4
    endloop
  endfacet
  facet normal 0 0 -1
    outer loop
      vertex 7.30907 66.8957 2.4
      vertex 8.4 67.1 2.4
      vertex 7.50423 66.4245 2.4
    endloop
  endfacet
  facet normal -0 0 -1
    outer loop
      vertex 8.4 67.1 2.4
      vertex 7.30907 66.8957 2.4
      vertex 7.26002 67.1 2.4
    endloop
  endfacet
  facet normal 0 0 -1
    outer loop
      vertex 8.74443 73.4905 2.4
      vertex 10.8883 75.0481 2.4
      vertex 8.87561 73.2764 2.4
    endloop
  endfacet
  facet normal -0 0 -1
    outer loop
      vertex 10.8883 75.0481 2.4
      vertex 8.74443 73.4905 2.4
      vertex 10.4552 75.5552 2.4
    endloop
  endfacet
  facet normal 0 0 -1
    outer loop
      vertex 8.58137 73.6814 2.4
      vertex 10.4552 75.5552 2.4
      vertex 8.74443 73.4905 2.4
    endloop
  endfacet
  facet normal -0 0 -1
    outer loop
      vertex 10.4552 75.5552 2.4
      vertex 8.58137 73.6814 2.4
      vertex 9.94809 75.9883 2.4
    endloop
  endfacet
  facet normal 0 0 -1
    outer loop
      vertex 8.39046 73.8444 2.4
      vertex 9.94809 75.9883 2.4
      vertex 8.58137 73.6814 2.4
    endloop
  endfacet
  facet normal -0 0 -1
    outer loop
      vertex 9.94809 75.9883 2.4
      vertex 8.39046 73.8444 2.4
      vertex 9.37946 76.3368 2.4
    endloop
  endfacet
  facet normal 0 0 -1
    outer loop
      vertex 8.17638 73.9756 2.4
      vertex 9.37946 76.3368 2.4
      vertex 8.39046 73.8444 2.4
    endloop
  endfacet
  facet normal -0 0 -1
    outer loop
      vertex 9.37946 76.3368 2.4
      vertex 8.17638 73.9756 2.4
      vertex 8.76332 76.592 2.4
    endloop
  endfacet
  facet normal 0 0 -1
    outer loop
      vertex 7.94443 74.0717 2.4
      vertex 8.76332 76.592 2.4
      vertex 8.17638 73.9756 2.4
    endloop
  endfacet
  facet normal -0 0 -1
    outer loop
      vertex 8.76332 76.592 2.4
      vertex 7.94443 74.0717 2.4
      vertex 8.11485 76.7477 2.4
    endloop
  endfacet
  facet normal 0 0 -1
    outer loop
      vertex 7.70029 74.1303 2.4
      vertex 8.11485 76.7477 2.4
      vertex 7.94443 74.0717 2.4
    endloop
  endfacet
  facet normal 0 0 -1
    outer loop
      vertex 7.45 74.15 2.4
      vertex 8.11485 76.7477 2.4
      vertex 7.70029 74.1303 2.4
    endloop
  endfacet
  facet normal 0 0 -1
    outer loop
      vertex 7.45 74.15 2.4
      vertex 7.45 76.8 2.4
      vertex 8.11485 76.7477 2.4
    endloop
  endfacet
  facet normal 0 0 -1
    outer loop
      vertex 7.19971 74.1303 2.4
      vertex 7.45 76.8 2.4
      vertex 7.45 74.15 2.4
    endloop
  endfacet
  facet normal 0 0 -1
    outer loop
      vertex 6.78515 76.7477 2.4
      vertex 7.19971 74.1303 2.4
      vertex 6.95557 74.0717 2.4
    endloop
  endfacet
  facet normal 0 0 -1
    outer loop
      vertex 7.19971 74.1303 2.4
      vertex 6.78515 76.7477 2.4
      vertex 7.45 76.8 2.4
    endloop
  endfacet
  facet normal 0 0 -1
    outer loop
      vertex 6.13668 76.592 2.4
      vertex 6.95557 74.0717 2.4
      vertex 6.72362 73.9756 2.4
    endloop
  endfacet
  facet normal 0 0 -1
    outer loop
      vertex 5.52054 76.3368 2.4
      vertex 6.72362 73.9756 2.4
      vertex 6.50954 73.8444 2.4
    endloop
  endfacet
  facet normal 0 0 -1
    outer loop
      vertex 4.95191 75.9883 2.4
      vertex 6.50954 73.8444 2.4
      vertex 6.31863 73.6814 2.4
    endloop
  endfacet
  facet normal 0 0 -1
    outer loop
      vertex 4.4448 75.5552 2.4
      vertex 6.31863 73.6814 2.4
      vertex 6.15557 73.4905 2.4
    endloop
  endfacet
  facet normal 0 0 -1
    outer loop
      vertex 6.95557 74.0717 2.4
      vertex 6.13668 76.592 2.4
      vertex 6.78515 76.7477 2.4
    endloop
  endfacet
  facet normal 0 0 -1
    outer loop
      vertex 4.01168 75.0481 2.4
      vertex 6.15557 73.4905 2.4
      vertex 6.02439 73.2764 2.4
    endloop
  endfacet
  facet normal 0 0 -1
    outer loop
      vertex 3.66322 74.4795 2.4
      vertex 6.02439 73.2764 2.4
      vertex 5.92831 73.0444 2.4
    endloop
  endfacet
  facet normal 0 0 -1
    outer loop
      vertex 3.40801 73.8633 2.4
      vertex 5.92831 73.0444 2.4
      vertex 5.8697 72.8003 2.4
    endloop
  endfacet
  facet normal 0 0 -1
    outer loop
      vertex 3.25233 73.2148 2.4
      vertex 5.8697 72.8003 2.4
      vertex 5.85 72.55 2.4
    endloop
  endfacet
  facet normal 0 0 -1
    outer loop
      vertex 3.66322 70.6205 2.4
      vertex 6.02439 71.8236 2.4
      vertex 4.01168 70.0519 2.4
    endloop
  endfacet
  facet normal 0 0 -1
    outer loop
      vertex 6.72362 73.9756 2.4
      vertex 5.52054 76.3368 2.4
      vertex 6.13668 76.592 2.4
    endloop
  endfacet
  facet normal -0 0 -1
    outer loop
      vertex 6.02439 71.8236 2.4
      vertex 3.66322 70.6205 2.4
      vertex 5.92831 72.0556 2.4
    endloop
  endfacet
  facet normal 0 0 -1
    outer loop
      vertex 6.50954 73.8444 2.4
      vertex 4.95191 75.9883 2.4
      vertex 5.52054 76.3368 2.4
    endloop
  endfacet
  facet normal 0 0 -1
    outer loop
      vertex 3.40801 71.2367 2.4
      vertex 5.92831 72.0556 2.4
      vertex 3.66322 70.6205 2.4
    endloop
  endfacet
  facet normal 0 0 -1
    outer loop
      vertex 6.31863 73.6814 2.4
      vertex 4.4448 75.5552 2.4
      vertex 4.95191 75.9883 2.4
    endloop
  endfacet
  facet normal -0 0 -1
    outer loop
      vertex 5.92831 72.0556 2.4
      vertex 3.40801 71.2367 2.4
      vertex 5.8697 72.2997 2.4
    endloop
  endfacet
  facet normal 0 0 -1
    outer loop
      vertex 6.15557 73.4905 2.4
      vertex 4.01168 75.0481 2.4
      vertex 4.4448 75.5552 2.4
    endloop
  endfacet
  facet normal 0 0 -1
    outer loop
      vertex 3.25233 71.8852 2.4
      vertex 5.8697 72.2997 2.4
      vertex 3.40801 71.2367 2.4
    endloop
  endfacet
  facet normal 0 0 -1
    outer loop
      vertex 6.02439 73.2764 2.4
      vertex 3.66322 74.4795 2.4
      vertex 4.01168 75.0481 2.4
    endloop
  endfacet
  facet normal -0 0 -1
    outer loop
      vertex 5.8697 72.2997 2.4
      vertex 3.25233 71.8852 2.4
      vertex 5.85 72.55 2.4
    endloop
  endfacet
  facet normal 0 0 -1
    outer loop
      vertex 5.92831 73.0444 2.4
      vertex 3.40801 73.8633 2.4
      vertex 3.66322 74.4795 2.4
    endloop
  endfacet
  facet normal 0 0 -1
    outer loop
      vertex 3.2 72.55 2.4
      vertex 5.85 72.55 2.4
      vertex 3.25233 71.8852 2.4
    endloop
  endfacet
  facet normal 0 0 -1
    outer loop
      vertex 5.8697 72.8003 2.4
      vertex 3.25233 73.2148 2.4
      vertex 3.40801 73.8633 2.4
    endloop
  endfacet
  facet normal 0 0 -1
    outer loop
      vertex 5.85 72.55 2.4
      vertex 3.2 72.55 2.4
      vertex 3.25233 73.2148 2.4
    endloop
  endfacet
  facet normal 0 0 -1
    outer loop
      vertex 9.0303 72.8003 2.4
      vertex 11.6477 73.2148 2.4
      vertex 9.05 72.55 2.4
    endloop
  endfacet
  facet normal -0 0 -1
    outer loop
      vertex 11.6477 73.2148 2.4
      vertex 9.0303 72.8003 2.4
      vertex 11.492 73.8633 2.4
    endloop
  endfacet
  facet normal 0 0 -1
    outer loop
      vertex 8.97169 73.0444 2.4
      vertex 11.492 73.8633 2.4
      vertex 9.0303 72.8003 2.4
    endloop
  endfacet
  facet normal -0 0 -1
    outer loop
      vertex 11.492 73.8633 2.4
      vertex 8.97169 73.0444 2.4
      vertex 11.2368 74.4795 2.4
    endloop
  endfacet
  facet normal 0 0 -1
    outer loop
      vertex 8.87561 73.2764 2.4
      vertex 11.2368 74.4795 2.4
      vertex 8.97169 73.0444 2.4
    endloop
  endfacet
  facet normal -0 0 -1
    outer loop
      vertex 11.2368 74.4795 2.4
      vertex 8.87561 73.2764 2.4
      vertex 10.8883 75.0481 2.4
    endloop
  endfacet
  facet normal 0 0 -1
    outer loop
      vertex 11.6477 71.8852 2.4
      vertex 9.0303 72.2997 2.4
      vertex 9.05 72.55 2.4
    endloop
  endfacet
  facet normal 0 0 -1
    outer loop
      vertex 11.2 71.1 2.4
      vertex 8.97169 72.0556 2.4
      vertex 9.0303 72.2997 2.4
    endloop
  endfacet
  facet normal 0 0 -1
    outer loop
      vertex 11.2 71.1 2.4
      vertex 8.87561 71.8236 2.4
      vertex 8.97169 72.0556 2.4
    endloop
  endfacet
  facet normal 0 0 -1
    outer loop
      vertex 11.2 71.1 2.4
      vertex 8.74443 71.6095 2.4
      vertex 8.87561 71.8236 2.4
    endloop
  endfacet
  facet normal 0 0 -1
    outer loop
      vertex 11.2 71.1 2.4
      vertex 8.58137 71.4186 2.4
      vertex 8.74443 71.6095 2.4
    endloop
  endfacet
  facet normal 0 0 -1
    outer loop
      vertex 11.2 71.1 2.4
      vertex 8.39046 71.2556 2.4
      vertex 8.58137 71.4186 2.4
    endloop
  endfacet
  facet normal 0 0 -1
    outer loop
      vertex 11.2 71.1 2.4
      vertex 8.17638 71.1244 2.4
      vertex 8.39046 71.2556 2.4
    endloop
  endfacet
  facet normal 0 -0 -1
    outer loop
      vertex 8.17638 71.1244 2.4
      vertex 11.2 71.1 2.4
      vertex 8.1175 71.1 2.4
    endloop
  endfacet
  facet normal -0.649437 -0.760415 0
    outer loop
      vertex 4.4448 69.5448 2.4
      vertex 4.95191 69.1117 80
      vertex 4.4448 69.5448 80
    endloop
  endfacet
  facet normal -0.649437 -0.760415 -0
    outer loop
      vertex 4.95191 69.1117 80
      vertex 4.4448 69.5448 2.4
      vertex 4.95191 69.1117 2.4
    endloop
  endfacet
  facet normal -0.233468 -0.972364 0
    outer loop
      vertex 6.13668 68.508 2.4
      vertex 6.78515 68.3523 80
      vertex 6.13668 68.508 80
    endloop
  endfacet
  facet normal -0.233468 -0.972364 -0
    outer loop
      vertex 6.78515 68.3523 80
      vertex 6.13668 68.508 2.4
      vertex 6.78515 68.3523 2.4
    endloop
  endfacet
  facet normal 0.382666 -0.923887 0
    outer loop
      vertex 8.76332 68.508 8.4
      vertex 9.37946 68.7632 80
      vertex 8.76332 68.508 80
    endloop
  endfacet
  facet normal 0.382666 -0.923887 0
    outer loop
      vertex 9.37946 68.7632 80
      vertex 8.76332 68.508 8.4
      vertex 9.37946 68.7632 8.4
    endloop
  endfacet
  facet normal -0.0784221 -0.99692 -4.96409e-07
    outer loop
      vertex 6.78515 68.3523 80
      vertex 7.2 68.3197 11.9
      vertex 7.45 68.3 80
    endloop
  endfacet
  facet normal -0.0783411 -0.996927 0
    outer loop
      vertex 6.78515 68.3523 2.4
      vertex 7.2 68.3197 11.9
      vertex 6.78515 68.3523 80
    endloop
  endfacet
  facet normal -0.0785283 -0.996912 8.22483e-06
    outer loop
      vertex 7.2 68.3197 11.9
      vertex 6.78515 68.3523 2.4
      vertex 7.18313 68.321 8.4
    endloop
  endfacet
  facet normal -0.0784051 -0.996922 -0
    outer loop
      vertex 7.18313 68.321 8.4
      vertex 6.78515 68.3523 2.4
      vertex 7.18313 68.321 2.4
    endloop
  endfacet
  facet normal -0.0785565 -0.99691 -0
    outer loop
      vertex 7.45 68.3 80
      vertex 7.2 68.3197 11.9
      vertex 7.45 68.3 11.9
    endloop
  endfacet
  facet normal -0.0768321 -0.997044 -0
    outer loop
      vertex 7.2 68.3197 11.9
      vertex 7.18313 68.321 8.4
      vertex 7.2 68.3197 8.4
    endloop
  endfacet
  facet normal 0.972367 -0.233458 0
    outer loop
      vertex 11.492 71.2367 80
      vertex 11.6477 71.8852 2.4
      vertex 11.6477 71.8852 80
    endloop
  endfacet
  facet normal 0.972367 -0.233458 0
    outer loop
      vertex 11.6477 71.8852 2.4
      vertex 11.492 71.2367 80
      vertex 11.492 71.2367 2.4
    endloop
  endfacet
  facet normal -0.852626 0.522522 0
    outer loop
      vertex 3.66322 74.4795 2.4
      vertex 4.01168 75.0481 80
      vertex 4.01168 75.0481 2.4
    endloop
  endfacet
  facet normal -0.852626 0.522522 0
    outer loop
      vertex 4.01168 75.0481 80
      vertex 3.66322 74.4795 2.4
      vertex 3.66322 74.4795 80
    endloop
  endfacet
  facet normal -0.522546 -0.852611 0
    outer loop
      vertex 4.95191 69.1117 2.4
      vertex 5.52054 68.7632 80
      vertex 4.95191 69.1117 80
    endloop
  endfacet
  facet normal -0.522546 -0.852611 -0
    outer loop
      vertex 5.52054 68.7632 80
      vertex 4.95191 69.1117 2.4
      vertex 5.52054 68.7632 2.4
    endloop
  endfacet
  facet normal -0.923895 0.382647 0
    outer loop
      vertex 3.40801 73.8633 2.4
      vertex 3.66322 74.4795 80
      vertex 3.66322 74.4795 2.4
    endloop
  endfacet
  facet normal -0.923895 0.382647 0
    outer loop
      vertex 3.66322 74.4795 80
      vertex 3.40801 73.8633 2.4
      vertex 3.40801 73.8633 80
    endloop
  endfacet
  facet normal 0.760492 -0.649347 0
    outer loop
      vertex 10.8883 70.0519 80
      vertex 10.7586 69.9 11.9
      vertex 10.8883 70.0519 11.9
    endloop
  endfacet
  facet normal 0.760409 -0.649444 3.74771e-07
    outer loop
      vertex 10.4552 69.5448 80
      vertex 10.7586 69.9 11.9
      vertex 10.8883 70.0519 80
    endloop
  endfacet
  facet normal 0.760374 -0.649486 0
    outer loop
      vertex 10.4552 69.5448 8.4
      vertex 10.7586 69.9 11.9
      vertex 10.4552 69.5448 80
    endloop
  endfacet
  facet normal 0.760374 -0.649486 0
    outer loop
      vertex 10.7586 69.9 11.9
      vertex 10.4552 69.5448 8.4
      vertex 10.7586 69.9 8.4
    endloop
  endfacet
  facet normal -0.972364 -0.233471 0
    outer loop
      vertex 9.0303 72.8003 2.4
      vertex 8.97169 73.0444 80
      vertex 8.97169 73.0444 2.4
    endloop
  endfacet
  facet normal -0.972364 -0.233471 0
    outer loop
      vertex 8.97169 73.0444 80
      vertex 9.0303 72.8003 2.4
      vertex 9.0303 72.8003 80
    endloop
  endfacet
  facet normal -0.996917 -0.0784629 0
    outer loop
      vertex 9.05 72.55 2.4
      vertex 9.0303 72.8003 80
      vertex 9.0303 72.8003 2.4
    endloop
  endfacet
  facet normal -0.996917 -0.0784629 0
    outer loop
      vertex 9.0303 72.8003 80
      vertex 9.05 72.55 2.4
      vertex 9.05 72.55 80
    endloop
  endfacet
  facet normal -0.522532 0.85262 0
    outer loop
      vertex 8.39046 71.2556 2.4
      vertex 8.17638 71.1244 80
      vertex 8.39046 71.2556 80
    endloop
  endfacet
  facet normal -0.522532 0.85262 0
    outer loop
      vertex 8.17638 71.1244 80
      vertex 8.39046 71.2556 2.4
      vertex 8.17638 71.1244 2.4
    endloop
  endfacet
  facet normal -0.760374 -0.649485 0
    outer loop
      vertex 8.74443 73.4905 2.4
      vertex 8.58137 73.6814 80
      vertex 8.58137 73.6814 2.4
    endloop
  endfacet
  facet normal -0.760374 -0.649485 0
    outer loop
      vertex 8.58137 73.6814 80
      vertex 8.74443 73.4905 2.4
      vertex 8.74443 73.4905 80
    endloop
  endfacet
  facet normal -0.078466 0.996917 0
    outer loop
      vertex 7.70029 70.9697 11.9
      vertex 7.45 70.95 80
      vertex 7.70029 70.9697 80
    endloop
  endfacet
  facet normal -0.078466 0.996917 0
    outer loop
      vertex 7.45 70.95 80
      vertex 7.70029 70.9697 11.9
      vertex 7.45 70.95 11.9
    endloop
  endfacet
  facet normal -0.996917 0.0784629 0
    outer loop
      vertex 9.0303 72.2997 2.4
      vertex 9.05 72.55 80
      vertex 9.05 72.55 2.4
    endloop
  endfacet
  facet normal -0.996917 0.0784629 0
    outer loop
      vertex 9.05 72.55 80
      vertex 9.0303 72.2997 2.4
      vertex 9.0303 72.2997 80
    endloop
  endfacet
  facet normal 0.852677 0.522439 0
    outer loop
      vertex 6.15557 71.6095 80
      vertex 6.02439 71.8236 2.4
      vertex 6.02439 71.8236 80
    endloop
  endfacet
  facet normal 0.852677 0.522439 0
    outer loop
      vertex 6.02439 71.8236 2.4
      vertex 6.15557 71.6095 80
      vertex 6.15557 71.6095 2.4
    endloop
  endfacet
  facet normal -0.233397 0.972382 0
    outer loop
      vertex 7.94443 71.0283 11.9
      vertex 7.70029 70.9697 80
      vertex 7.94443 71.0283 80
    endloop
  endfacet
  facet normal -0.233397 0.972382 0
    outer loop
      vertex 7.70029 70.9697 80
      vertex 7.94443 71.0283 11.9
      vertex 7.70029 70.9697 11.9
    endloop
  endfacet
  facet normal 0.972364 0.233471 0
    outer loop
      vertex 5.92831 72.0556 80
      vertex 5.8697 72.2997 2.4
      vertex 5.8697 72.2997 80
    endloop
  endfacet
  facet normal 0.972364 0.233471 0
    outer loop
      vertex 5.8697 72.2997 2.4
      vertex 5.92831 72.0556 80
      vertex 5.92831 72.0556 2.4
    endloop
  endfacet
  facet normal 0.649327 -0.760509 0
    outer loop
      vertex 6.31863 73.6814 2.4
      vertex 6.50954 73.8444 80
      vertex 6.31863 73.6814 80
    endloop
  endfacet
  facet normal 0.649327 -0.760509 0
    outer loop
      vertex 6.50954 73.8444 80
      vertex 6.31863 73.6814 2.4
      vertex 6.50954 73.8444 2.4
    endloop
  endfacet
  facet normal -0.382762 -0.923847 0
    outer loop
      vertex 7.94443 74.0717 2.4
      vertex 8.17638 73.9756 80
      vertex 7.94443 74.0717 80
    endloop
  endfacet
  facet normal -0.382762 -0.923847 -0
    outer loop
      vertex 8.17638 73.9756 80
      vertex 7.94443 74.0717 2.4
      vertex 8.17638 73.9756 2.4
    endloop
  endfacet
  facet normal -0.972364 0.233471 0
    outer loop
      vertex 8.97169 72.0556 2.4
      vertex 9.0303 72.2997 80
      vertex 9.0303 72.2997 2.4
    endloop
  endfacet
  facet normal -0.972364 0.233471 0
    outer loop
      vertex 9.0303 72.2997 80
      vertex 8.97169 72.0556 2.4
      vertex 8.97169 72.0556 80
    endloop
  endfacet
  facet normal -0.649327 0.760509 0
    outer loop
      vertex 8.58137 71.4186 2.4
      vertex 8.39046 71.2556 80
      vertex 8.58137 71.4186 80
    endloop
  endfacet
  facet normal -0.649327 0.760509 0
    outer loop
      vertex 8.39046 71.2556 80
      vertex 8.58137 71.4186 2.4
      vertex 8.39046 71.2556 2.4
    endloop
  endfacet
  facet normal -0.078466 -0.996917 0
    outer loop
      vertex 7.45 74.15 2.4
      vertex 7.70029 74.1303 80
      vertex 7.45 74.15 80
    endloop
  endfacet
  facet normal -0.078466 -0.996917 -0
    outer loop
      vertex 7.70029 74.1303 80
      vertex 7.45 74.15 2.4
      vertex 7.70029 74.1303 2.4
    endloop
  endfacet
  facet normal 0.852677 -0.522439 0
    outer loop
      vertex 6.02439 73.2764 80
      vertex 6.15557 73.4905 2.4
      vertex 6.15557 73.4905 80
    endloop
  endfacet
  facet normal 0.852677 -0.522439 0
    outer loop
      vertex 6.15557 73.4905 2.4
      vertex 6.02439 73.2764 80
      vertex 6.02439 73.2764 2.4
    endloop
  endfacet
  facet normal 0.996917 -0.0784629 0
    outer loop
      vertex 5.85 72.55 80
      vertex 5.8697 72.8003 2.4
      vertex 5.8697 72.8003 80
    endloop
  endfacet
  facet normal 0.996917 -0.0784629 0
    outer loop
      vertex 5.8697 72.8003 2.4
      vertex 5.85 72.55 80
      vertex 5.85 72.55 2.4
    endloop
  endfacet
  facet normal -0.760374 0.649485 0
    outer loop
      vertex 8.58137 71.4186 2.4
      vertex 8.74443 71.6095 80
      vertex 8.74443 71.6095 2.4
    endloop
  endfacet
  facet normal -0.760374 0.649485 0
    outer loop
      vertex 8.74443 71.6095 80
      vertex 8.58137 71.4186 2.4
      vertex 8.58137 71.4186 80
    endloop
  endfacet
  facet normal 0.760374 0.649485 0
    outer loop
      vertex 6.31863 71.4186 80
      vertex 6.15557 71.6095 2.4
      vertex 6.15557 71.6095 80
    endloop
  endfacet
  facet normal 0.760374 0.649485 0
    outer loop
      vertex 6.15557 71.6095 2.4
      vertex 6.31863 71.4186 80
      vertex 6.31863 71.4186 2.4
    endloop
  endfacet
  facet normal -0.852677 -0.522439 0
    outer loop
      vertex 8.87561 73.2764 2.4
      vertex 8.74443 73.4905 80
      vertex 8.74443 73.4905 2.4
    endloop
  endfacet
  facet normal -0.852677 -0.522439 0
    outer loop
      vertex 8.74443 73.4905 80
      vertex 8.87561 73.2764 2.4
      vertex 8.87561 73.2764 80
    endloop
  endfacet
  facet normal 0.078466 -0.996917 0
    outer loop
      vertex 7.19971 74.1303 2.4
      vertex 7.45 74.15 80
      vertex 7.19971 74.1303 80
    endloop
  endfacet
  facet normal 0.078466 -0.996917 0
    outer loop
      vertex 7.45 74.15 80
      vertex 7.19971 74.1303 2.4
      vertex 7.45 74.15 2.4
    endloop
  endfacet
  facet normal 0.233397 0.972382 -0
    outer loop
      vertex 7.19971 70.9697 2.4
      vertex 6.95557 71.0283 80
      vertex 7.19971 70.9697 80
    endloop
  endfacet
  facet normal 0.233397 0.972382 0
    outer loop
      vertex 6.95557 71.0283 80
      vertex 7.19971 70.9697 2.4
      vertex 6.95557 71.0283 2.4
    endloop
  endfacet
  facet normal 0.649327 0.760509 -0
    outer loop
      vertex 6.50954 71.2556 2.4
      vertex 6.31863 71.4186 80
      vertex 6.50954 71.2556 80
    endloop
  endfacet
  facet normal 0.649327 0.760509 0
    outer loop
      vertex 6.31863 71.4186 80
      vertex 6.50954 71.2556 2.4
      vertex 6.31863 71.4186 2.4
    endloop
  endfacet
  facet normal 0.923904 -0.382624 0
    outer loop
      vertex 5.92831 73.0444 80
      vertex 6.02439 73.2764 2.4
      vertex 6.02439 73.2764 80
    endloop
  endfacet
  facet normal 0.923904 -0.382624 0
    outer loop
      vertex 6.02439 73.2764 2.4
      vertex 5.92831 73.0444 80
      vertex 5.92831 73.0444 2.4
    endloop
  endfacet
  facet normal 0.996917 0.0784629 0
    outer loop
      vertex 5.8697 72.2997 80
      vertex 5.85 72.55 2.4
      vertex 5.85 72.55 80
    endloop
  endfacet
  facet normal 0.996917 0.0784629 0
    outer loop
      vertex 5.85 72.55 2.4
      vertex 5.8697 72.2997 80
      vertex 5.8697 72.2997 2.4
    endloop
  endfacet
  facet normal -0.233397 -0.972382 0
    outer loop
      vertex 7.70029 74.1303 2.4
      vertex 7.94443 74.0717 80
      vertex 7.70029 74.1303 80
    endloop
  endfacet
  facet normal -0.233397 -0.972382 -0
    outer loop
      vertex 7.94443 74.0717 80
      vertex 7.70029 74.1303 2.4
      vertex 7.94443 74.0717 2.4
    endloop
  endfacet
  facet normal -0.852677 0.522439 0
    outer loop
      vertex 8.74443 71.6095 2.4
      vertex 8.87561 71.8236 80
      vertex 8.87561 71.8236 2.4
    endloop
  endfacet
  facet normal -0.852677 0.522439 0
    outer loop
      vertex 8.87561 71.8236 80
      vertex 8.74443 71.6095 2.4
      vertex 8.74443 71.6095 80
    endloop
  endfacet
  facet normal 0.972364 -0.233471 0
    outer loop
      vertex 5.8697 72.8003 80
      vertex 5.92831 73.0444 2.4
      vertex 5.92831 73.0444 80
    endloop
  endfacet
  facet normal 0.972364 -0.233471 0
    outer loop
      vertex 5.92831 73.0444 2.4
      vertex 5.8697 72.8003 80
      vertex 5.8697 72.8003 2.4
    endloop
  endfacet
  facet normal 0.760374 -0.649485 0
    outer loop
      vertex 6.15557 73.4905 80
      vertex 6.31863 73.6814 2.4
      vertex 6.31863 73.6814 80
    endloop
  endfacet
  facet normal 0.760374 -0.649485 0
    outer loop
      vertex 6.31863 73.6814 2.4
      vertex 6.15557 73.4905 80
      vertex 6.15557 73.4905 2.4
    endloop
  endfacet
  facet normal -0.649327 -0.760509 0
    outer loop
      vertex 8.39046 73.8444 2.4
      vertex 8.58137 73.6814 80
      vertex 8.39046 73.8444 80
    endloop
  endfacet
  facet normal -0.649327 -0.760509 -0
    outer loop
      vertex 8.58137 73.6814 80
      vertex 8.39046 73.8444 2.4
      vertex 8.58137 73.6814 2.4
    endloop
  endfacet
  facet normal -0.382762 0.923847 -7.08861e-08
    outer loop
      vertex 8.17638 71.1244 80
      vertex 8.1175 71.1 11.9
      vertex 7.94443 71.0283 80
    endloop
  endfacet
  facet normal -0.382832 0.923818 0
    outer loop
      vertex 8.17638 71.1244 2.4
      vertex 8.1175 71.1 11.9
      vertex 8.17638 71.1244 80
    endloop
  endfacet
  facet normal -0.382832 0.923818 0
    outer loop
      vertex 8.1175 71.1 11.9
      vertex 8.17638 71.1244 2.4
      vertex 8.1175 71.1 2.4
    endloop
  endfacet
  facet normal -0.382738 0.923857 0
    outer loop
      vertex 7.94443 71.0283 80
      vertex 8.1175 71.1 11.9
      vertex 7.94443 71.0283 11.9
    endloop
  endfacet
  facet normal -0.522532 -0.85262 0
    outer loop
      vertex 8.17638 73.9756 2.4
      vertex 8.39046 73.8444 80
      vertex 8.17638 73.9756 80
    endloop
  endfacet
  facet normal -0.522532 -0.85262 -0
    outer loop
      vertex 8.39046 73.8444 80
      vertex 8.17638 73.9756 2.4
      vertex 8.39046 73.8444 2.4
    endloop
  endfacet
  facet normal 0.382762 0.923847 -0
    outer loop
      vertex 6.95557 71.0283 2.4
      vertex 6.72362 71.1244 80
      vertex 6.95557 71.0283 80
    endloop
  endfacet
  facet normal 0.382762 0.923847 0
    outer loop
      vertex 6.72362 71.1244 80
      vertex 6.95557 71.0283 2.4
      vertex 6.72362 71.1244 2.4
    endloop
  endfacet
  facet normal 0.233397 -0.972382 0
    outer loop
      vertex 6.95557 74.0717 2.4
      vertex 7.19971 74.1303 80
      vertex 6.95557 74.0717 80
    endloop
  endfacet
  facet normal 0.233397 -0.972382 0
    outer loop
      vertex 7.19971 74.1303 80
      vertex 6.95557 74.0717 2.4
      vertex 7.19971 74.1303 2.4
    endloop
  endfacet
  facet normal -0.923904 0.382624 0
    outer loop
      vertex 8.87561 71.8236 2.4
      vertex 8.97169 72.0556 80
      vertex 8.97169 72.0556 2.4
    endloop
  endfacet
  facet normal -0.923904 0.382624 0
    outer loop
      vertex 8.97169 72.0556 80
      vertex 8.87561 71.8236 2.4
      vertex 8.87561 71.8236 80
    endloop
  endfacet
  facet normal 0.382762 -0.923847 0
    outer loop
      vertex 6.72362 73.9756 2.4
      vertex 6.95557 74.0717 80
      vertex 6.72362 73.9756 80
    endloop
  endfacet
  facet normal 0.382762 -0.923847 0
    outer loop
      vertex 6.95557 74.0717 80
      vertex 6.72362 73.9756 2.4
      vertex 6.95557 74.0717 2.4
    endloop
  endfacet
  facet normal 0.522532 -0.85262 0
    outer loop
      vertex 6.50954 73.8444 2.4
      vertex 6.72362 73.9756 80
      vertex 6.50954 73.8444 80
    endloop
  endfacet
  facet normal 0.522532 -0.85262 0
    outer loop
      vertex 6.72362 73.9756 80
      vertex 6.50954 73.8444 2.4
      vertex 6.72362 73.9756 2.4
    endloop
  endfacet
  facet normal 0.923904 0.382624 0
    outer loop
      vertex 6.02439 71.8236 80
      vertex 5.92831 72.0556 2.4
      vertex 5.92831 72.0556 80
    endloop
  endfacet
  facet normal 0.923904 0.382624 0
    outer loop
      vertex 5.92831 72.0556 2.4
      vertex 6.02439 71.8236 80
      vertex 6.02439 71.8236 2.4
    endloop
  endfacet
  facet normal -0.923904 -0.382624 0
    outer loop
      vertex 8.97169 73.0444 2.4
      vertex 8.87561 73.2764 80
      vertex 8.87561 73.2764 2.4
    endloop
  endfacet
  facet normal -0.923904 -0.382624 0
    outer loop
      vertex 8.87561 73.2764 80
      vertex 8.97169 73.0444 2.4
      vertex 8.97169 73.0444 80
    endloop
  endfacet
  facet normal 0.078466 0.996917 -0
    outer loop
      vertex 7.45 70.95 11.9
      vertex 7.19971 70.9697 80
      vertex 7.45 70.95 80
    endloop
  endfacet
  facet normal 0.0785565 0.99691 3.34528e-07
    outer loop
      vertex 7.2 70.9697 11.9
      vertex 7.19971 70.9697 80
      vertex 7.45 70.95 11.9
    endloop
  endfacet
  facet normal 0 1 0
    outer loop
      vertex 7.19971 70.9697 2.4
      vertex 7.2 70.9697 11.9
      vertex 7.2 70.9697 2.4
    endloop
  endfacet
  facet normal 0 1 0
    outer loop
      vertex 7.2 70.9697 11.9
      vertex 7.19971 70.9697 2.4
      vertex 7.19971 70.9697 80
    endloop
  endfacet
  facet normal 0.522532 0.85262 -0
    outer loop
      vertex 6.72362 71.1244 2.4
      vertex 6.50954 71.2556 80
      vertex 6.72362 71.1244 80
    endloop
  endfacet
  facet normal 0.522532 0.85262 0
    outer loop
      vertex 6.50954 71.2556 80
      vertex 6.72362 71.1244 2.4
      vertex 6.50954 71.2556 2.4
    endloop
  endfacet
  facet normal 0.0784045 -0.996922 0
    outer loop
      vertex 102.55 68.3 11.9
      vertex 103.215 68.3523 80
      vertex 102.55 68.3 80
    endloop
  endfacet
  facet normal 0.0785565 -0.99691 -1.49317e-06
    outer loop
      vertex 102.8 68.3197 11.9
      vertex 103.215 68.3523 80
      vertex 102.55 68.3 11.9
    endloop
  endfacet
  facet normal 0.076248 -0.997089 0
    outer loop
      vertex 102.817 68.321 8.4
      vertex 102.8 68.3197 11.9
      vertex 102.8 68.3197 8.4
    endloop
  endfacet
  facet normal 0.0785712 -0.996909 1.13513e-05
    outer loop
      vertex 103.215 68.3523 2.4
      vertex 102.8 68.3197 11.9
      vertex 102.817 68.321 8.4
    endloop
  endfacet
  facet normal 0.0784011 -0.996922 0
    outer loop
      vertex 103.215 68.3523 2.4
      vertex 102.817 68.321 8.4
      vertex 102.817 68.321 2.4
    endloop
  endfacet
  facet normal 0.078313 -0.996929 0
    outer loop
      vertex 102.8 68.3197 11.9
      vertex 103.215 68.3523 2.4
      vertex 103.215 68.3523 80
    endloop
  endfacet
  facet normal 0.972265 0.233883 0
    outer loop
      vertex 106.748 73.2148 80
      vertex 106.592 73.8633 2.4
      vertex 106.592 73.8633 80
    endloop
  endfacet
  facet normal 0.972265 0.233883 0
    outer loop
      vertex 106.592 73.8633 2.4
      vertex 106.748 73.2148 80
      vertex 106.748 73.2148 2.4
    endloop
  endfacet
  facet normal 0.996955 0.0779808 0
    outer loop
      vertex 106.8 72.55 80
      vertex 106.748 73.2148 2.4
      vertex 106.748 73.2148 80
    endloop
  endfacet
  facet normal 0.996955 0.0779808 0
    outer loop
      vertex 106.748 73.2148 2.4
      vertex 106.8 72.55 80
      vertex 106.8 72.55 2.4
    endloop
  endfacet
  facet normal 0.924006 0.382378 0
    outer loop
      vertex 106.592 73.8633 80
      vertex 106.337 74.4795 2.4
      vertex 106.337 74.4795 80
    endloop
  endfacet
  facet normal 0.924006 0.382378 0
    outer loop
      vertex 106.337 74.4795 2.4
      vertex 106.592 73.8633 80
      vertex 106.592 73.8633 2.4
    endloop
  endfacet
  facet normal 0.38274 0.923856 -0
    outer loop
      vertex 104.479 76.3368 2.4
      vertex 103.863 76.592 80
      vertex 104.479 76.3368 80
    endloop
  endfacet
  facet normal 0.38274 0.923856 0
    outer loop
      vertex 103.863 76.592 80
      vertex 104.479 76.3368 2.4
      vertex 103.863 76.592 2.4
    endloop
  endfacet
  facet normal -0.972367 0.233458 0
    outer loop
      vertex 98.3523 73.2148 2.4
      vertex 98.508 73.8633 80
      vertex 98.508 73.8633 2.4
    endloop
  endfacet
  facet normal -0.972367 0.233458 0
    outer loop
      vertex 98.508 73.8633 80
      vertex 98.3523 73.2148 2.4
      vertex 98.3523 73.2148 80
    endloop
  endfacet
  facet normal 0.649518 0.760346 -0
    outer loop
      vertex 105.555 75.5552 2.4
      vertex 105.048 75.9883 80
      vertex 105.555 75.5552 80
    endloop
  endfacet
  facet normal 0.649518 0.760346 0
    outer loop
      vertex 105.048 75.9883 80
      vertex 105.555 75.5552 2.4
      vertex 105.048 75.9883 2.4
    endloop
  endfacet
  facet normal 0.522298 -0.852763 0
    outer loop
      vertex 104.479 68.7632 2.4
      vertex 105.048 69.1117 80
      vertex 104.479 68.7632 80
    endloop
  endfacet
  facet normal 0.522298 -0.852763 0
    outer loop
      vertex 105.048 69.1117 80
      vertex 104.479 68.7632 2.4
      vertex 105.048 69.1117 2.4
    endloop
  endfacet
  facet normal -0.99692 0.078428 0
    outer loop
      vertex 98.3 72.55 2.4
      vertex 98.3523 73.2148 80
      vertex 98.3523 73.2148 2.4
    endloop
  endfacet
  facet normal -0.99692 0.078428 0
    outer loop
      vertex 98.3523 73.2148 80
      vertex 98.3 72.55 2.4
      vertex 98.3 72.55 80
    endloop
  endfacet
  facet normal 0 0 1
    outer loop
      vertex 104.15 72.55 80
      vertex 106.8 72.55 80
      vertex 106.748 73.2148 80
    endloop
  endfacet
  facet normal 0 0 1
    outer loop
      vertex 104.13 72.8003 80
      vertex 106.748 73.2148 80
      vertex 106.592 73.8633 80
    endloop
  endfacet
  facet normal 0 0 1
    outer loop
      vertex 106.8 72.55 80
      vertex 104.15 72.55 80
      vertex 106.748 71.8852 80
    endloop
  endfacet
  facet normal 0 0 1
    outer loop
      vertex 104.072 73.0444 80
      vertex 106.592 73.8633 80
      vertex 106.337 74.4795 80
    endloop
  endfacet
  facet normal -0 0 1
    outer loop
      vertex 104.13 72.2997 80
      vertex 106.748 71.8852 80
      vertex 104.15 72.55 80
    endloop
  endfacet
  facet normal 0 0 1
    outer loop
      vertex 103.976 73.2764 80
      vertex 106.337 74.4795 80
      vertex 105.988 75.0481 80
    endloop
  endfacet
  facet normal 0 0 1
    outer loop
      vertex 106.748 71.8852 80
      vertex 104.13 72.2997 80
      vertex 106.592 71.2367 80
    endloop
  endfacet
  facet normal 0 0 1
    outer loop
      vertex 103.844 73.4905 80
      vertex 105.988 75.0481 80
      vertex 105.555 75.5552 80
    endloop
  endfacet
  facet normal -0 0 1
    outer loop
      vertex 104.072 72.0556 80
      vertex 106.592 71.2367 80
      vertex 104.13 72.2997 80
    endloop
  endfacet
  facet normal 0 0 1
    outer loop
      vertex 103.681 73.6814 80
      vertex 105.555 75.5552 80
      vertex 105.048 75.9883 80
    endloop
  endfacet
  facet normal 0 0 1
    outer loop
      vertex 106.592 71.2367 80
      vertex 104.072 72.0556 80
      vertex 106.337 70.6205 80
    endloop
  endfacet
  facet normal 0 0 1
    outer loop
      vertex 103.49 73.8444 80
      vertex 105.048 75.9883 80
      vertex 104.479 76.3368 80
    endloop
  endfacet
  facet normal -0 0 1
    outer loop
      vertex 103.976 71.8236 80
      vertex 106.337 70.6205 80
      vertex 104.072 72.0556 80
    endloop
  endfacet
  facet normal 0 0 1
    outer loop
      vertex 106.337 70.6205 80
      vertex 103.976 71.8236 80
      vertex 105.988 70.0519 80
    endloop
  endfacet
  facet normal 0 0 1
    outer loop
      vertex 106.748 73.2148 80
      vertex 104.13 72.8003 80
      vertex 104.15 72.55 80
    endloop
  endfacet
  facet normal 0 0 1
    outer loop
      vertex 106.592 73.8633 80
      vertex 104.072 73.0444 80
      vertex 104.13 72.8003 80
    endloop
  endfacet
  facet normal 0 0 1
    outer loop
      vertex 106.337 74.4795 80
      vertex 103.976 73.2764 80
      vertex 104.072 73.0444 80
    endloop
  endfacet
  facet normal 0 0 1
    outer loop
      vertex 103.276 73.9756 80
      vertex 104.479 76.3368 80
      vertex 103.863 76.592 80
    endloop
  endfacet
  facet normal 0 0 1
    outer loop
      vertex 105.988 75.0481 80
      vertex 103.844 73.4905 80
      vertex 103.976 73.2764 80
    endloop
  endfacet
  facet normal 0 0 1
    outer loop
      vertex 105.555 75.5552 80
      vertex 103.681 73.6814 80
      vertex 103.844 73.4905 80
    endloop
  endfacet
  facet normal 0 0 1
    outer loop
      vertex 105.048 75.9883 80
      vertex 103.49 73.8444 80
      vertex 103.681 73.6814 80
    endloop
  endfacet
  facet normal 0 0 1
    outer loop
      vertex 104.479 76.3368 80
      vertex 103.276 73.9756 80
      vertex 103.49 73.8444 80
    endloop
  endfacet
  facet normal 0 0 1
    outer loop
      vertex 103.044 74.0717 80
      vertex 103.863 76.592 80
      vertex 103.215 76.7477 80
    endloop
  endfacet
  facet normal 0 0 1
    outer loop
      vertex 103.863 76.592 80
      vertex 103.044 74.0717 80
      vertex 103.276 73.9756 80
    endloop
  endfacet
  facet normal 0 0 1
    outer loop
      vertex 103.215 76.7477 80
      vertex 102.8 74.1303 80
      vertex 103.044 74.0717 80
    endloop
  endfacet
  facet normal 0 0 1
    outer loop
      vertex 102.55 76.8 80
      vertex 102.8 74.1303 80
      vertex 103.215 76.7477 80
    endloop
  endfacet
  facet normal 0 0 1
    outer loop
      vertex 102.55 76.8 80
      vertex 102.55 74.15 80
      vertex 102.8 74.1303 80
    endloop
  endfacet
  facet normal 0 0 1
    outer loop
      vertex 102.55 76.8 80
      vertex 102.3 74.1303 80
      vertex 102.55 74.15 80
    endloop
  endfacet
  facet normal -0 0 1
    outer loop
      vertex 101.885 76.7477 80
      vertex 102.3 74.1303 80
      vertex 102.55 76.8 80
    endloop
  endfacet
  facet normal 0 0 1
    outer loop
      vertex 102.3 74.1303 80
      vertex 101.885 76.7477 80
      vertex 102.056 74.0717 80
    endloop
  endfacet
  facet normal -0 0 1
    outer loop
      vertex 101.237 76.592 80
      vertex 102.056 74.0717 80
      vertex 101.885 76.7477 80
    endloop
  endfacet
  facet normal 0 0 1
    outer loop
      vertex 102.056 74.0717 80
      vertex 101.237 76.592 80
      vertex 101.824 73.9756 80
    endloop
  endfacet
  facet normal -0 0 1
    outer loop
      vertex 100.621 76.3368 80
      vertex 101.824 73.9756 80
      vertex 101.237 76.592 80
    endloop
  endfacet
  facet normal 0 0 1
    outer loop
      vertex 101.824 73.9756 80
      vertex 100.621 76.3368 80
      vertex 101.61 73.8444 80
    endloop
  endfacet
  facet normal -0 0 1
    outer loop
      vertex 100.052 75.9883 80
      vertex 101.61 73.8444 80
      vertex 100.621 76.3368 80
    endloop
  endfacet
  facet normal 0 0 1
    outer loop
      vertex 101.61 73.8444 80
      vertex 100.052 75.9883 80
      vertex 101.419 73.6814 80
    endloop
  endfacet
  facet normal -0 0 1
    outer loop
      vertex 99.5448 75.5552 80
      vertex 101.419 73.6814 80
      vertex 100.052 75.9883 80
    endloop
  endfacet
  facet normal 0 0 1
    outer loop
      vertex 101.419 73.6814 80
      vertex 99.5448 75.5552 80
      vertex 101.256 73.4905 80
    endloop
  endfacet
  facet normal -0 0 1
    outer loop
      vertex 99.1117 75.0481 80
      vertex 101.256 73.4905 80
      vertex 99.5448 75.5552 80
    endloop
  endfacet
  facet normal 0 0 1
    outer loop
      vertex 101.256 73.4905 80
      vertex 99.1117 75.0481 80
      vertex 101.124 73.2764 80
    endloop
  endfacet
  facet normal -0 0 1
    outer loop
      vertex 103.844 71.6095 80
      vertex 105.988 70.0519 80
      vertex 103.976 71.8236 80
    endloop
  endfacet
  facet normal 0 0 1
    outer loop
      vertex 105.988 70.0519 80
      vertex 103.844 71.6095 80
      vertex 105.555 69.5448 80
    endloop
  endfacet
  facet normal -0 0 1
    outer loop
      vertex 103.681 71.4186 80
      vertex 105.555 69.5448 80
      vertex 103.844 71.6095 80
    endloop
  endfacet
  facet normal 0 0 1
    outer loop
      vertex 105.555 69.5448 80
      vertex 103.681 71.4186 80
      vertex 105.048 69.1117 80
    endloop
  endfacet
  facet normal -0 0 1
    outer loop
      vertex 103.49 71.2556 80
      vertex 105.048 69.1117 80
      vertex 103.681 71.4186 80
    endloop
  endfacet
  facet normal 0 0 1
    outer loop
      vertex 105.048 69.1117 80
      vertex 103.49 71.2556 80
      vertex 104.479 68.7632 80
    endloop
  endfacet
  facet normal -0 0 1
    outer loop
      vertex 103.276 71.1244 80
      vertex 104.479 68.7632 80
      vertex 103.49 71.2556 80
    endloop
  endfacet
  facet normal 0 0 1
    outer loop
      vertex 104.479 68.7632 80
      vertex 103.276 71.1244 80
      vertex 103.863 68.508 80
    endloop
  endfacet
  facet normal -0 0 1
    outer loop
      vertex 103.044 71.0283 80
      vertex 103.863 68.508 80
      vertex 103.276 71.1244 80
    endloop
  endfacet
  facet normal 0 0 1
    outer loop
      vertex 103.863 68.508 80
      vertex 103.044 71.0283 80
      vertex 103.215 68.3523 80
    endloop
  endfacet
  facet normal -0 0 1
    outer loop
      vertex 102.8 70.9697 80
      vertex 103.215 68.3523 80
      vertex 103.044 71.0283 80
    endloop
  endfacet
  facet normal -0 0 1
    outer loop
      vertex 102.55 70.95 80
      vertex 103.215 68.3523 80
      vertex 102.8 70.9697 80
    endloop
  endfacet
  facet normal 0 0 1
    outer loop
      vertex 102.55 70.95 80
      vertex 102.55 68.3 80
      vertex 103.215 68.3523 80
    endloop
  endfacet
  facet normal 0 0 1
    outer loop
      vertex 102.3 70.9697 80
      vertex 102.55 68.3 80
      vertex 102.55 70.95 80
    endloop
  endfacet
  facet normal 0 0 1
    outer loop
      vertex 101.885 68.3523 80
      vertex 102.3 70.9697 80
      vertex 102.056 71.0283 80
    endloop
  endfacet
  facet normal 0 0 1
    outer loop
      vertex 102.3 70.9697 80
      vertex 101.885 68.3523 80
      vertex 102.55 68.3 80
    endloop
  endfacet
  facet normal 0 0 1
    outer loop
      vertex 101.237 68.508 80
      vertex 102.056 71.0283 80
      vertex 101.824 71.1244 80
    endloop
  endfacet
  facet normal 0 0 1
    outer loop
      vertex 100.621 68.7632 80
      vertex 101.824 71.1244 80
      vertex 101.61 71.2556 80
    endloop
  endfacet
  facet normal 0 0 1
    outer loop
      vertex 100.052 69.1117 80
      vertex 101.61 71.2556 80
      vertex 101.419 71.4186 80
    endloop
  endfacet
  facet normal 0 0 1
    outer loop
      vertex 99.5448 69.5448 80
      vertex 101.419 71.4186 80
      vertex 101.256 71.6095 80
    endloop
  endfacet
  facet normal 0 0 1
    outer loop
      vertex 102.056 71.0283 80
      vertex 101.237 68.508 80
      vertex 101.885 68.3523 80
    endloop
  endfacet
  facet normal 0 0 1
    outer loop
      vertex 99.1117 70.0519 80
      vertex 101.256 71.6095 80
      vertex 101.124 71.8236 80
    endloop
  endfacet
  facet normal 0 0 1
    outer loop
      vertex 98.7632 70.6205 80
      vertex 101.124 71.8236 80
      vertex 101.028 72.0556 80
    endloop
  endfacet
  facet normal 0 0 1
    outer loop
      vertex 98.508 71.2367 80
      vertex 101.028 72.0556 80
      vertex 100.97 72.2997 80
    endloop
  endfacet
  facet normal 0 0 1
    outer loop
      vertex 98.3523 71.8852 80
      vertex 100.97 72.2997 80
      vertex 100.95 72.55 80
    endloop
  endfacet
  facet normal -0 0 1
    outer loop
      vertex 98.7632 74.4795 80
      vertex 101.124 73.2764 80
      vertex 99.1117 75.0481 80
    endloop
  endfacet
  facet normal 0 0 1
    outer loop
      vertex 101.824 71.1244 80
      vertex 100.621 68.7632 80
      vertex 101.237 68.508 80
    endloop
  endfacet
  facet normal 0 0 1
    outer loop
      vertex 101.124 73.2764 80
      vertex 98.7632 74.4795 80
      vertex 101.028 73.0444 80
    endloop
  endfacet
  facet normal 0 0 1
    outer loop
      vertex 101.61 71.2556 80
      vertex 100.052 69.1117 80
      vertex 100.621 68.7632 80
    endloop
  endfacet
  facet normal -0 0 1
    outer loop
      vertex 98.508 73.8633 80
      vertex 101.028 73.0444 80
      vertex 98.7632 74.4795 80
    endloop
  endfacet
  facet normal 0 0 1
    outer loop
      vertex 101.419 71.4186 80
      vertex 99.5448 69.5448 80
      vertex 100.052 69.1117 80
    endloop
  endfacet
  facet normal 0 0 1
    outer loop
      vertex 101.028 73.0444 80
      vertex 98.508 73.8633 80
      vertex 100.97 72.8003 80
    endloop
  endfacet
  facet normal 0 0 1
    outer loop
      vertex 101.256 71.6095 80
      vertex 99.1117 70.0519 80
      vertex 99.5448 69.5448 80
    endloop
  endfacet
  facet normal -0 0 1
    outer loop
      vertex 98.3523 73.2148 80
      vertex 100.97 72.8003 80
      vertex 98.508 73.8633 80
    endloop
  endfacet
  facet normal 0 0 1
    outer loop
      vertex 101.124 71.8236 80
      vertex 98.7632 70.6205 80
      vertex 99.1117 70.0519 80
    endloop
  endfacet
  facet normal 0 0 1
    outer loop
      vertex 100.97 72.8003 80
      vertex 98.3523 73.2148 80
      vertex 100.95 72.55 80
    endloop
  endfacet
  facet normal 0 0 1
    outer loop
      vertex 101.028 72.0556 80
      vertex 98.508 71.2367 80
      vertex 98.7632 70.6205 80
    endloop
  endfacet
  facet normal 0 0 1
    outer loop
      vertex 98.3 72.55 80
      vertex 100.95 72.55 80
      vertex 98.3523 73.2148 80
    endloop
  endfacet
  facet normal 0 0 1
    outer loop
      vertex 100.97 72.2997 80
      vertex 98.3523 71.8852 80
      vertex 98.508 71.2367 80
    endloop
  endfacet
  facet normal 0 0 1
    outer loop
      vertex 100.95 72.55 80
      vertex 98.3 72.55 80
      vertex 98.3523 71.8852 80
    endloop
  endfacet
  facet normal -0.64937 0.760472 0
    outer loop
      vertex 100.052 75.9883 2.4
      vertex 99.5448 75.5552 80
      vertex 100.052 75.9883 80
    endloop
  endfacet
  facet normal -0.64937 0.760472 0
    outer loop
      vertex 99.5448 75.5552 80
      vertex 100.052 75.9883 2.4
      vertex 99.5448 75.5552 2.4
    endloop
  endfacet
  facet normal 0.852265 0.52311 0
    outer loop
      vertex 106.337 74.4795 80
      vertex 105.988 75.0481 2.4
      vertex 105.988 75.0481 80
    endloop
  endfacet
  facet normal 0.852265 0.52311 0
    outer loop
      vertex 105.988 75.0481 2.4
      vertex 106.337 74.4795 80
      vertex 106.337 74.4795 2.4
    endloop
  endfacet
  facet normal 0.924006 -0.382378 0
    outer loop
      vertex 106.337 70.6205 80
      vertex 106.592 71.2367 2.4
      vertex 106.592 71.2367 80
    endloop
  endfacet
  facet normal 0.924006 -0.382378 0
    outer loop
      vertex 106.592 71.2367 2.4
      vertex 106.337 70.6205 80
      vertex 106.337 70.6205 2.4
    endloop
  endfacet
  facet normal 0.0784045 0.996922 -0
    outer loop
      vertex 103.215 76.7477 2.4
      vertex 102.55 76.8 80
      vertex 103.215 76.7477 80
    endloop
  endfacet
  facet normal 0.0784045 0.996922 0
    outer loop
      vertex 102.55 76.8 80
      vertex 103.215 76.7477 2.4
      vertex 102.55 76.8 2.4
    endloop
  endfacet
  facet normal -0.923919 -0.382587 -0
    outer loop
      vertex 98.6085 70.994 8.4
      vertex 98.508 71.2367 2.4
      vertex 98.6085 70.994 2.4
    endloop
  endfacet
  facet normal -0.923919 -0.382587 0
    outer loop
      vertex 98.508 71.2367 2.4
      vertex 98.6085 70.994 8.4
      vertex 98.508 71.2367 80
    endloop
  endfacet
  facet normal -0.923887 -0.382665 3.08854e-07
    outer loop
      vertex 98.7632 70.6205 8.4
      vertex 98.508 71.2367 80
      vertex 98.6085 70.994 8.4
    endloop
  endfacet
  facet normal -0.9239 -0.382634 0
    outer loop
      vertex 98.508 71.2367 80
      vertex 98.7632 70.6205 8.4
      vertex 98.7632 70.6205 80
    endloop
  endfacet
  facet normal -0.0784045 0.996922 0
    outer loop
      vertex 102.55 76.8 2.4
      vertex 101.885 76.7477 80
      vertex 102.55 76.8 80
    endloop
  endfacet
  facet normal -0.0784045 0.996922 0
    outer loop
      vertex 101.885 76.7477 80
      vertex 102.55 76.8 2.4
      vertex 101.885 76.7477 2.4
    endloop
  endfacet
  facet normal 0.233628 0.972326 -0
    outer loop
      vertex 103.863 76.592 2.4
      vertex 103.215 76.7477 80
      vertex 103.863 76.592 80
    endloop
  endfacet
  facet normal 0.233628 0.972326 0
    outer loop
      vertex 103.215 76.7477 80
      vertex 103.863 76.592 2.4
      vertex 103.215 76.7477 2.4
    endloop
  endfacet
  facet normal -0.38274 -0.923856 0
    outer loop
      vertex 100.621 68.7632 8.4
      vertex 101.237 68.508 80
      vertex 100.621 68.7632 80
    endloop
  endfacet
  facet normal -0.38274 -0.923856 -0
    outer loop
      vertex 101.237 68.508 80
      vertex 100.621 68.7632 8.4
      vertex 101.237 68.508 8.4
    endloop
  endfacet
  facet normal 0.649518 -0.760346 0
    outer loop
      vertex 105.048 69.1117 2.4
      vertex 105.555 69.5448 80
      vertex 105.048 69.1117 80
    endloop
  endfacet
  facet normal 0.649518 -0.760346 0
    outer loop
      vertex 105.555 69.5448 80
      vertex 105.048 69.1117 2.4
      vertex 105.555 69.5448 2.4
    endloop
  endfacet
  facet normal 0.996955 -0.0779808 0
    outer loop
      vertex 106.748 71.8852 80
      vertex 106.8 72.55 2.4
      vertex 106.8 72.55 80
    endloop
  endfacet
  facet normal 0.996955 -0.0779808 0
    outer loop
      vertex 106.8 72.55 2.4
      vertex 106.748 71.8852 80
      vertex 106.748 71.8852 2.4
    endloop
  endfacet
  facet normal -0.233628 0.972326 0
    outer loop
      vertex 101.885 76.7477 2.4
      vertex 101.237 76.592 80
      vertex 101.885 76.7477 80
    endloop
  endfacet
  facet normal -0.233628 0.972326 0
    outer loop
      vertex 101.237 76.592 80
      vertex 101.885 76.7477 2.4
      vertex 101.237 76.592 2.4
    endloop
  endfacet
  facet normal -0.760409 0.649444 0
    outer loop
      vertex 99.1117 75.0481 2.4
      vertex 99.5448 75.5552 80
      vertex 99.5448 75.5552 2.4
    endloop
  endfacet
  facet normal -0.760409 0.649444 0
    outer loop
      vertex 99.5448 75.5552 80
      vertex 99.1117 75.0481 2.4
      vertex 99.1117 75.0481 80
    endloop
  endfacet
  facet normal -0.99692 -0.078428 0
    outer loop
      vertex 98.3523 71.8852 2.4
      vertex 98.3 72.55 80
      vertex 98.3 72.55 2.4
    endloop
  endfacet
  facet normal -0.99692 -0.078428 0
    outer loop
      vertex 98.3 72.55 80
      vertex 98.3523 71.8852 2.4
      vertex 98.3523 71.8852 80
    endloop
  endfacet
  facet normal -0.972367 -0.233458 0
    outer loop
      vertex 98.508 71.2367 2.4
      vertex 98.3523 71.8852 80
      vertex 98.3523 71.8852 2.4
    endloop
  endfacet
  facet normal -0.972367 -0.233458 0
    outer loop
      vertex 98.3523 71.8852 80
      vertex 98.508 71.2367 2.4
      vertex 98.508 71.2367 80
    endloop
  endfacet
  facet normal 0.852265 -0.52311 0
    outer loop
      vertex 105.988 70.0519 80
      vertex 106.337 70.6205 2.4
      vertex 106.337 70.6205 80
    endloop
  endfacet
  facet normal 0.852265 -0.52311 0
    outer loop
      vertex 106.337 70.6205 2.4
      vertex 105.988 70.0519 80
      vertex 105.988 70.0519 2.4
    endloop
  endfacet
  facet normal -0.38274 0.923856 0
    outer loop
      vertex 101.237 76.592 2.4
      vertex 100.621 76.3368 80
      vertex 101.237 76.592 80
    endloop
  endfacet
  facet normal -0.38274 0.923856 0
    outer loop
      vertex 100.621 76.3368 80
      vertex 101.237 76.592 2.4
      vertex 100.621 76.3368 2.4
    endloop
  endfacet
  facet normal -0.522298 0.852763 0
    outer loop
      vertex 100.621 76.3368 2.4
      vertex 100.052 75.9883 80
      vertex 100.621 76.3368 80
    endloop
  endfacet
  facet normal -0.522298 0.852763 0
    outer loop
      vertex 100.052 75.9883 80
      vertex 100.621 76.3368 2.4
      vertex 100.052 75.9883 2.4
    endloop
  endfacet
  facet normal 0.522298 0.852763 -0
    outer loop
      vertex 105.048 75.9883 2.4
      vertex 104.479 76.3368 80
      vertex 105.048 75.9883 80
    endloop
  endfacet
  facet normal 0.522298 0.852763 0
    outer loop
      vertex 104.479 76.3368 80
      vertex 105.048 75.9883 2.4
      vertex 104.479 76.3368 2.4
    endloop
  endfacet
  facet normal -0.852438 -0.522829 -0
    outer loop
      vertex 98.8 70.5605 11.9
      vertex 98.7632 70.6205 8.4
      vertex 98.8 70.5605 8.4
    endloop
  endfacet
  facet normal -0.852438 -0.522829 0
    outer loop
      vertex 98.7632 70.6205 8.4
      vertex 98.8 70.5605 11.9
      vertex 98.7632 70.6205 80
    endloop
  endfacet
  facet normal -0.852618 -0.522535 -3.56451e-07
    outer loop
      vertex 99.1117 70.0519 11.9
      vertex 98.7632 70.6205 80
      vertex 98.8 70.5605 11.9
    endloop
  endfacet
  facet normal -0.852599 -0.522566 0
    outer loop
      vertex 98.7632 70.6205 80
      vertex 99.1117 70.0519 11.9
      vertex 99.1117 70.0519 80
    endloop
  endfacet
  facet normal 0.760483 0.649358 0
    outer loop
      vertex 105.988 75.0481 80
      vertex 105.555 75.5552 2.4
      vertex 105.555 75.5552 80
    endloop
  endfacet
  facet normal 0.760483 0.649358 0
    outer loop
      vertex 105.555 75.5552 2.4
      vertex 105.988 75.0481 80
      vertex 105.988 75.0481 2.4
    endloop
  endfacet
  facet normal 0.233628 -0.972326 0
    outer loop
      vertex 103.215 68.3523 2.4
      vertex 103.863 68.508 80
      vertex 103.215 68.3523 80
    endloop
  endfacet
  facet normal 0.233628 -0.972326 0
    outer loop
      vertex 103.863 68.508 80
      vertex 103.215 68.3523 2.4
      vertex 103.863 68.508 2.4
    endloop
  endfacet
  facet normal -0.760374 -0.649486 0
    outer loop
      vertex 99.2414 69.9 8.4
      vertex 99.5448 69.5448 8.4
      vertex 99.2414 69.9 11.9
    endloop
  endfacet
  facet normal -0.760492 -0.649347 0
    outer loop
      vertex 99.2414 69.9 11.9
      vertex 99.1117 70.0519 80
      vertex 99.1117 70.0519 11.9
    endloop
  endfacet
  facet normal -0.760374 -0.649486 -0
    outer loop
      vertex 99.5448 69.5448 80
      vertex 99.2414 69.9 11.9
      vertex 99.5448 69.5448 8.4
    endloop
  endfacet
  facet normal -0.760409 -0.649444 3.74771e-07
    outer loop
      vertex 99.2414 69.9 11.9
      vertex 99.5448 69.5448 80
      vertex 99.1117 70.0519 80
    endloop
  endfacet
  facet normal 0 0 -1
    outer loop
      vertex 102.8 67.35 2.4
      vertex 102.85 67.9 2.4
      vertex 102.81 67.3916 2.4
    endloop
  endfacet
  facet normal 0 0 -1
    outer loop
      vertex 104.15 72.55 2.4
      vertex 106.8 72.55 2.4
      vertex 106.748 71.8852 2.4
    endloop
  endfacet
  facet normal 0 0 -1
    outer loop
      vertex 104.13 72.2997 2.4
      vertex 106.748 71.8852 2.4
      vertex 106.592 71.2367 2.4
    endloop
  endfacet
  facet normal 0 0 -1
    outer loop
      vertex 106.8 72.55 2.4
      vertex 104.15 72.55 2.4
      vertex 106.748 73.2148 2.4
    endloop
  endfacet
  facet normal 0 0 -1
    outer loop
      vertex 104.072 72.0556 2.4
      vertex 106.592 71.2367 2.4
      vertex 106.337 70.6205 2.4
    endloop
  endfacet
  facet normal 0 0 -1
    outer loop
      vertex 104.13 72.8003 2.4
      vertex 106.748 73.2148 2.4
      vertex 104.15 72.55 2.4
    endloop
  endfacet
  facet normal 0 0 -1
    outer loop
      vertex 103.976 71.8236 2.4
      vertex 106.337 70.6205 2.4
      vertex 105.988 70.0519 2.4
    endloop
  endfacet
  facet normal -0 0 -1
    outer loop
      vertex 106.748 73.2148 2.4
      vertex 104.13 72.8003 2.4
      vertex 106.592 73.8633 2.4
    endloop
  endfacet
  facet normal 0 0 -1
    outer loop
      vertex 103.844 71.6095 2.4
      vertex 105.988 70.0519 2.4
      vertex 105.555 69.5448 2.4
    endloop
  endfacet
  facet normal 0 0 -1
    outer loop
      vertex 104.072 73.0444 2.4
      vertex 106.592 73.8633 2.4
      vertex 104.13 72.8003 2.4
    endloop
  endfacet
  facet normal 0 0 -1
    outer loop
      vertex 103.681 71.4186 2.4
      vertex 105.555 69.5448 2.4
      vertex 105.048 69.1117 2.4
    endloop
  endfacet
  facet normal -0 0 -1
    outer loop
      vertex 106.592 73.8633 2.4
      vertex 104.072 73.0444 2.4
      vertex 106.337 74.4795 2.4
    endloop
  endfacet
  facet normal 0 0 -1
    outer loop
      vertex 103.49 71.2556 2.4
      vertex 105.048 69.1117 2.4
      vertex 104.479 68.7632 2.4
    endloop
  endfacet
  facet normal 0 0 -1
    outer loop
      vertex 103.976 73.2764 2.4
      vertex 106.337 74.4795 2.4
      vertex 104.072 73.0444 2.4
    endloop
  endfacet
  facet normal -0 0 -1
    outer loop
      vertex 106.337 74.4795 2.4
      vertex 103.976 73.2764 2.4
      vertex 105.988 75.0481 2.4
    endloop
  endfacet
  facet normal 0 0 -1
    outer loop
      vertex 106.748 71.8852 2.4
      vertex 104.13 72.2997 2.4
      vertex 104.15 72.55 2.4
    endloop
  endfacet
  facet normal 0 0 -1
    outer loop
      vertex 106.592 71.2367 2.4
      vertex 104.072 72.0556 2.4
      vertex 104.13 72.2997 2.4
    endloop
  endfacet
  facet normal 0 0 -1
    outer loop
      vertex 106.337 70.6205 2.4
      vertex 103.976 71.8236 2.4
      vertex 104.072 72.0556 2.4
    endloop
  endfacet
  facet normal 0 0 -1
    outer loop
      vertex 103.276 71.1244 2.4
      vertex 104.479 68.7632 2.4
      vertex 103.863 68.508 2.4
    endloop
  endfacet
  facet normal 0 0 -1
    outer loop
      vertex 105.988 70.0519 2.4
      vertex 103.844 71.6095 2.4
      vertex 103.976 71.8236 2.4
    endloop
  endfacet
  facet normal 0 0 -1
    outer loop
      vertex 105.555 69.5448 2.4
      vertex 103.681 71.4186 2.4
      vertex 103.844 71.6095 2.4
    endloop
  endfacet
  facet normal 0 0 -1
    outer loop
      vertex 105.048 69.1117 2.4
      vertex 103.49 71.2556 2.4
      vertex 103.681 71.4186 2.4
    endloop
  endfacet
  facet normal 0 0 -1
    outer loop
      vertex 104.479 68.7632 2.4
      vertex 103.276 71.1244 2.4
      vertex 103.49 71.2556 2.4
    endloop
  endfacet
  facet normal 0 0 -1
    outer loop
      vertex 103.044 71.0283 2.4
      vertex 103.863 68.508 2.4
      vertex 103.215 68.3523 2.4
    endloop
  endfacet
  facet normal 0 0 -1
    outer loop
      vertex 103.863 68.508 2.4
      vertex 103.044 71.0283 2.4
      vertex 103.276 71.1244 2.4
    endloop
  endfacet
  facet normal 0 0 -1
    outer loop
      vertex 102.8 70.9697 2.4
      vertex 103.215 68.3523 2.4
      vertex 102.817 68.321 2.4
    endloop
  endfacet
  facet normal 0 0 -1
    outer loop
      vertex 103.215 68.3523 2.4
      vertex 102.8 70.9697 2.4
      vertex 103.044 71.0283 2.4
    endloop
  endfacet
  facet normal -0 0 -1
    outer loop
      vertex 102.85 67.9 2.4
      vertex 102.8 67.35 2.4
      vertex 102.817 68.321 2.4
    endloop
  endfacet
  facet normal -0 0 -1
    outer loop
      vertex 102.817 68.321 2.4
      vertex 102.8 67.35 2.4
      vertex 102.8 70.9697 2.4
    endloop
  endfacet
  facet normal 0 0 -1
    outer loop
      vertex 103.844 73.4905 2.4
      vertex 105.988 75.0481 2.4
      vertex 103.976 73.2764 2.4
    endloop
  endfacet
  facet normal -0 0 -1
    outer loop
      vertex 105.988 75.0481 2.4
      vertex 103.844 73.4905 2.4
      vertex 105.555 75.5552 2.4
    endloop
  endfacet
  facet normal 0 0 -1
    outer loop
      vertex 103.681 73.6814 2.4
      vertex 105.555 75.5552 2.4
      vertex 103.844 73.4905 2.4
    endloop
  endfacet
  facet normal -0 0 -1
    outer loop
      vertex 105.555 75.5552 2.4
      vertex 103.681 73.6814 2.4
      vertex 105.048 75.9883 2.4
    endloop
  endfacet
  facet normal 0 0 -1
    outer loop
      vertex 103.49 73.8444 2.4
      vertex 105.048 75.9883 2.4
      vertex 103.681 73.6814 2.4
    endloop
  endfacet
  facet normal -0 0 -1
    outer loop
      vertex 105.048 75.9883 2.4
      vertex 103.49 73.8444 2.4
      vertex 104.479 76.3368 2.4
    endloop
  endfacet
  facet normal 0 0 -1
    outer loop
      vertex 103.276 73.9756 2.4
      vertex 104.479 76.3368 2.4
      vertex 103.49 73.8444 2.4
    endloop
  endfacet
  facet normal -0 0 -1
    outer loop
      vertex 104.479 76.3368 2.4
      vertex 103.276 73.9756 2.4
      vertex 103.863 76.592 2.4
    endloop
  endfacet
  facet normal 0 0 -1
    outer loop
      vertex 103.044 74.0717 2.4
      vertex 103.863 76.592 2.4
      vertex 103.276 73.9756 2.4
    endloop
  endfacet
  facet normal -0 0 -1
    outer loop
      vertex 103.863 76.592 2.4
      vertex 103.044 74.0717 2.4
      vertex 103.215 76.7477 2.4
    endloop
  endfacet
  facet normal 0 0 -1
    outer loop
      vertex 102.8 74.1303 2.4
      vertex 103.215 76.7477 2.4
      vertex 103.044 74.0717 2.4
    endloop
  endfacet
  facet normal 0 0 -1
    outer loop
      vertex 102.55 74.15 2.4
      vertex 103.215 76.7477 2.4
      vertex 102.8 74.1303 2.4
    endloop
  endfacet
  facet normal 0 0 -1
    outer loop
      vertex 102.55 74.15 2.4
      vertex 102.55 76.8 2.4
      vertex 103.215 76.7477 2.4
    endloop
  endfacet
  facet normal 0 0 -1
    outer loop
      vertex 102.3 74.1303 2.4
      vertex 102.55 76.8 2.4
      vertex 102.55 74.15 2.4
    endloop
  endfacet
  facet normal 0 0 -1
    outer loop
      vertex 101.885 76.7477 2.4
      vertex 102.3 74.1303 2.4
      vertex 102.056 74.0717 2.4
    endloop
  endfacet
  facet normal 0 0 -1
    outer loop
      vertex 102.3 74.1303 2.4
      vertex 101.885 76.7477 2.4
      vertex 102.55 76.8 2.4
    endloop
  endfacet
  facet normal 0 0 -1
    outer loop
      vertex 101.237 76.592 2.4
      vertex 102.056 74.0717 2.4
      vertex 101.824 73.9756 2.4
    endloop
  endfacet
  facet normal 0 0 -1
    outer loop
      vertex 100.621 76.3368 2.4
      vertex 101.824 73.9756 2.4
      vertex 101.61 73.8444 2.4
    endloop
  endfacet
  facet normal 0 0 -1
    outer loop
      vertex 100.052 75.9883 2.4
      vertex 101.61 73.8444 2.4
      vertex 101.419 73.6814 2.4
    endloop
  endfacet
  facet normal 0 0 -1
    outer loop
      vertex 99.5448 75.5552 2.4
      vertex 101.419 73.6814 2.4
      vertex 101.256 73.4905 2.4
    endloop
  endfacet
  facet normal 0 0 -1
    outer loop
      vertex 102.056 74.0717 2.4
      vertex 101.237 76.592 2.4
      vertex 101.885 76.7477 2.4
    endloop
  endfacet
  facet normal 0 0 -1
    outer loop
      vertex 99.1117 75.0481 2.4
      vertex 101.256 73.4905 2.4
      vertex 101.124 73.2764 2.4
    endloop
  endfacet
  facet normal 0 0 -1
    outer loop
      vertex 98.7632 74.4795 2.4
      vertex 101.124 73.2764 2.4
      vertex 101.028 73.0444 2.4
    endloop
  endfacet
  facet normal 0 0 -1
    outer loop
      vertex 98.7632 74.4795 2.4
      vertex 101.028 73.0444 2.4
      vertex 100.97 72.8003 2.4
    endloop
  endfacet
  facet normal 0 0 -1
    outer loop
      vertex 98.7632 74.4795 2.4
      vertex 100.97 72.8003 2.4
      vertex 100.95 72.55 2.4
    endloop
  endfacet
  facet normal 0 0 -1
    outer loop
      vertex 101.824 73.9756 2.4
      vertex 100.621 76.3368 2.4
      vertex 101.237 76.592 2.4
    endloop
  endfacet
  facet normal 0 0 -1
    outer loop
      vertex 98.8 69.9 2.4
      vertex 98.5957 70.9909 2.4
      vertex 98.6085 70.994 2.4
    endloop
  endfacet
  facet normal 0 0 -1
    outer loop
      vertex 96.9707 69.8103 2.4
      vertex 98.6292 68.6053 2.4
      vertex 98.5308 68.4448 2.4
    endloop
  endfacet
  facet normal 0 0 -1
    outer loop
      vertex 96.7042 69.3755 2.4
      vertex 98.5308 68.4448 2.4
      vertex 98.4587 68.2708 2.4
    endloop
  endfacet
  facet normal 0 0 -1
    outer loop
      vertex 96.5091 68.9043 2.4
      vertex 98.4587 68.2708 2.4
      vertex 98.4148 68.0877 2.4
    endloop
  endfacet
  facet normal 0 0 -1
    outer loop
      vertex 96.39 68.4084 2.4
      vertex 98.4148 68.0877 2.4
      vertex 98.4 67.9 2.4
    endloop
  endfacet
  facet normal 0 0 -1
    outer loop
      vertex 96.7042 66.4245 2.4
      vertex 98.5308 67.3552 2.4
      vertex 96.9707 65.9897 2.4
    endloop
  endfacet
  facet normal 0 0 -1
    outer loop
      vertex 98.8 69.9 2.4
      vertex 98.1245 70.7958 2.4
      vertex 98.5957 70.9909 2.4
    endloop
  endfacet
  facet normal -0 0 -1
    outer loop
      vertex 98.5308 67.3552 2.4
      vertex 96.7042 66.4245 2.4
      vertex 98.4587 67.5292 2.4
    endloop
  endfacet
  facet normal 0 0 -1
    outer loop
      vertex 98.8 69.9 2.4
      vertex 97.6897 70.5293 2.4
      vertex 98.1245 70.7958 2.4
    endloop
  endfacet
  facet normal 0 0 -1
    outer loop
      vertex 96.5091 66.8957 2.4
      vertex 98.4587 67.5292 2.4
      vertex 96.7042 66.4245 2.4
    endloop
  endfacet
  facet normal 0 0 -1
    outer loop
      vertex 98.8 69.9 2.4
      vertex 97.3019 70.1981 2.4
      vertex 97.6897 70.5293 2.4
    endloop
  endfacet
  facet normal -0 0 -1
    outer loop
      vertex 98.4587 67.5292 2.4
      vertex 96.5091 66.8957 2.4
      vertex 98.4148 67.7123 2.4
    endloop
  endfacet
  facet normal 0 0 -1
    outer loop
      vertex 98.6292 68.6053 2.4
      vertex 96.9707 69.8103 2.4
      vertex 97.3019 70.1981 2.4
    endloop
  endfacet
  facet normal 0 0 -1
    outer loop
      vertex 96.39 67.3916 2.4
      vertex 98.4148 67.7123 2.4
      vertex 96.5091 66.8957 2.4
    endloop
  endfacet
  facet normal 0 0 -1
    outer loop
      vertex 98.5308 68.4448 2.4
      vertex 96.7042 69.3755 2.4
      vertex 96.9707 69.8103 2.4
    endloop
  endfacet
  facet normal -0 0 -1
    outer loop
      vertex 98.4148 67.7123 2.4
      vertex 96.39 67.3916 2.4
      vertex 98.4 67.9 2.4
    endloop
  endfacet
  facet normal 0 0 -1
    outer loop
      vertex 98.4587 68.2708 2.4
      vertex 96.5091 68.9043 2.4
      vertex 96.7042 69.3755 2.4
    endloop
  endfacet
  facet normal 0 0 -1
    outer loop
      vertex 96.35 67.9 2.4
      vertex 98.4 67.9 2.4
      vertex 96.39 67.3916 2.4
    endloop
  endfacet
  facet normal 0 0 -1
    outer loop
      vertex 98.4148 68.0877 2.4
      vertex 96.39 68.4084 2.4
      vertex 96.5091 68.9043 2.4
    endloop
  endfacet
  facet normal 0 0 -1
    outer loop
      vertex 98.4 67.9 2.4
      vertex 96.35 67.9 2.4
      vertex 96.39 68.4084 2.4
    endloop
  endfacet
  facet normal 0 0 -1
    outer loop
      vertex 101.6 67.1 2.4
      vertex 100.785 67.7123 2.4
      vertex 100.8 67.9 2.4
    endloop
  endfacet
  facet normal 0 0 -1
    outer loop
      vertex 101.6 67.1 2.4
      vertex 100.741 67.5292 2.4
      vertex 100.785 67.7123 2.4
    endloop
  endfacet
  facet normal 0 0 -1
    outer loop
      vertex 101.6 67.1 2.4
      vertex 100.669 67.3552 2.4
      vertex 100.741 67.5292 2.4
    endloop
  endfacet
  facet normal 0 0 -1
    outer loop
      vertex 100.145 66.8308 2.4
      vertex 101.075 65.0042 2.4
      vertex 100.604 64.8091 2.4
    endloop
  endfacet
  facet normal 0 0 -1
    outer loop
      vertex 101.6 67.1 2.4
      vertex 100.571 67.1947 2.4
      vertex 100.669 67.3552 2.4
    endloop
  endfacet
  facet normal -0 0 -1
    outer loop
      vertex 101.6 67.1 2.4
      vertex 100.449 67.0515 2.4
      vertex 100.571 67.1947 2.4
    endloop
  endfacet
  facet normal 0 0 -1
    outer loop
      vertex 101.898 65.6019 2.4
      vertex 100.449 67.0515 2.4
      vertex 101.6 67.1 2.4
    endloop
  endfacet
  facet normal 0 0 -1
    outer loop
      vertex 101.075 65.0042 2.4
      vertex 100.145 66.8308 2.4
      vertex 100.305 66.9292 2.4
    endloop
  endfacet
  facet normal 0 0 -1
    outer loop
      vertex 99.9708 66.7587 2.4
      vertex 100.604 64.8091 2.4
      vertex 100.108 64.69 2.4
    endloop
  endfacet
  facet normal 0 0 -1
    outer loop
      vertex 100.604 64.8091 2.4
      vertex 99.9708 66.7587 2.4
      vertex 100.145 66.8308 2.4
    endloop
  endfacet
  facet normal 0 0 -1
    outer loop
      vertex 100.108 64.69 2.4
      vertex 99.7877 66.7148 2.4
      vertex 99.9708 66.7587 2.4
    endloop
  endfacet
  facet normal 0 0 -1
    outer loop
      vertex 99.6 64.65 2.4
      vertex 99.7877 66.7148 2.4
      vertex 100.108 64.69 2.4
    endloop
  endfacet
  facet normal 0 0 -1
    outer loop
      vertex 99.6 64.65 2.4
      vertex 99.6 66.7 2.4
      vertex 99.7877 66.7148 2.4
    endloop
  endfacet
  facet normal 0 0 -1
    outer loop
      vertex 99.6 64.65 2.4
      vertex 99.4123 66.7148 2.4
      vertex 99.6 66.7 2.4
    endloop
  endfacet
  facet normal 0 0 -1
    outer loop
      vertex 99.0916 64.69 2.4
      vertex 99.4123 66.7148 2.4
      vertex 99.6 64.65 2.4
    endloop
  endfacet
  facet normal -0 0 -1
    outer loop
      vertex 99.4123 66.7148 2.4
      vertex 99.0916 64.69 2.4
      vertex 99.2292 66.7587 2.4
    endloop
  endfacet
  facet normal 0 0 -1
    outer loop
      vertex 98.5957 64.8091 2.4
      vertex 99.2292 66.7587 2.4
      vertex 99.0916 64.69 2.4
    endloop
  endfacet
  facet normal -0 0 -1
    outer loop
      vertex 99.2292 66.7587 2.4
      vertex 98.5957 64.8091 2.4
      vertex 99.0552 66.8308 2.4
    endloop
  endfacet
  facet normal 0 0 -1
    outer loop
      vertex 98.1245 65.0042 2.4
      vertex 99.0552 66.8308 2.4
      vertex 98.5957 64.8091 2.4
    endloop
  endfacet
  facet normal -0 0 -1
    outer loop
      vertex 99.0552 66.8308 2.4
      vertex 98.1245 65.0042 2.4
      vertex 98.8947 66.9292 2.4
    endloop
  endfacet
  facet normal 0 0 -1
    outer loop
      vertex 97.6897 65.2707 2.4
      vertex 98.8947 66.9292 2.4
      vertex 98.1245 65.0042 2.4
    endloop
  endfacet
  facet normal -0 0 -1
    outer loop
      vertex 98.8947 66.9292 2.4
      vertex 97.6897 65.2707 2.4
      vertex 98.7515 67.0515 2.4
    endloop
  endfacet
  facet normal 0 0 -1
    outer loop
      vertex 97.3019 65.6019 2.4
      vertex 98.7515 67.0515 2.4
      vertex 97.6897 65.2707 2.4
    endloop
  endfacet
  facet normal -0 0 -1
    outer loop
      vertex 98.7515 67.0515 2.4
      vertex 97.3019 65.6019 2.4
      vertex 98.6292 67.1947 2.4
    endloop
  endfacet
  facet normal 0 0 -1
    outer loop
      vertex 96.9707 65.9897 2.4
      vertex 98.6292 67.1947 2.4
      vertex 97.3019 65.6019 2.4
    endloop
  endfacet
  facet normal -0 0 -1
    outer loop
      vertex 98.6292 67.1947 2.4
      vertex 96.9707 65.9897 2.4
      vertex 98.5308 67.3552 2.4
    endloop
  endfacet
  facet normal 0 0 -1
    outer loop
      vertex 101.6 67.1 2.4
      vertex 102.691 66.8957 2.4
      vertex 102.496 66.4245 2.4
    endloop
  endfacet
  facet normal 0 0 -1
    outer loop
      vertex 101.6 67.1 2.4
      vertex 102.496 66.4245 2.4
      vertex 102.229 65.9897 2.4
    endloop
  endfacet
  facet normal 0 0 -1
    outer loop
      vertex 101.6 67.1 2.4
      vertex 102.229 65.9897 2.4
      vertex 101.898 65.6019 2.4
    endloop
  endfacet
  facet normal 0 0 -1
    outer loop
      vertex 102.691 66.8957 2.4
      vertex 101.6 67.1 2.4
      vertex 102.74 67.1 2.4
    endloop
  endfacet
  facet normal 0 0 -1
    outer loop
      vertex 100.305 66.9292 2.4
      vertex 101.898 65.6019 2.4
      vertex 101.51 65.2707 2.4
    endloop
  endfacet
  facet normal 0 0 -1
    outer loop
      vertex 100.305 66.9292 2.4
      vertex 101.51 65.2707 2.4
      vertex 101.075 65.0042 2.4
    endloop
  endfacet
  facet normal 0 -0 -1
    outer loop
      vertex 100.449 67.0515 2.4
      vertex 101.898 65.6019 2.4
      vertex 100.305 66.9292 2.4
    endloop
  endfacet
  facet normal 0 0 -1
    outer loop
      vertex 100.785 68.0877 2.4
      vertex 101.6 67.1 2.4
      vertex 100.8 67.9 2.4
    endloop
  endfacet
  facet normal 0 0 -1
    outer loop
      vertex 101.6 67.1 2.4
      vertex 100.785 68.0877 2.4
      vertex 101.6 69.9 2.4
    endloop
  endfacet
  facet normal 0 0 -1
    outer loop
      vertex 100.741 68.2708 2.4
      vertex 101.6 69.9 2.4
      vertex 100.785 68.0877 2.4
    endloop
  endfacet
  facet normal 0 0 -1
    outer loop
      vertex 100.669 68.4448 2.4
      vertex 101.6 69.9 2.4
      vertex 100.741 68.2708 2.4
    endloop
  endfacet
  facet normal 0 0 -1
    outer loop
      vertex 100.571 68.6053 2.4
      vertex 101.6 69.9 2.4
      vertex 100.669 68.4448 2.4
    endloop
  endfacet
  facet normal 0 0 -1
    outer loop
      vertex 100.449 68.7485 2.4
      vertex 101.6 69.9 2.4
      vertex 100.571 68.6053 2.4
    endloop
  endfacet
  facet normal 0 0 -1
    outer loop
      vertex 100.305 68.8708 2.4
      vertex 101.6 69.9 2.4
      vertex 100.449 68.7485 2.4
    endloop
  endfacet
  facet normal 0 0 -1
    outer loop
      vertex 100.145 68.9692 2.4
      vertex 101.6 69.9 2.4
      vertex 100.305 68.8708 2.4
    endloop
  endfacet
  facet normal 0 0 -1
    outer loop
      vertex 99.9708 69.0413 2.4
      vertex 101.6 69.9 2.4
      vertex 100.145 68.9692 2.4
    endloop
  endfacet
  facet normal 0 0 -1
    outer loop
      vertex 99.7877 69.0852 2.4
      vertex 101.6 69.9 2.4
      vertex 99.9708 69.0413 2.4
    endloop
  endfacet
  facet normal 0 0 -1
    outer loop
      vertex 98.8 69.9 2.4
      vertex 99.7877 69.0852 2.4
      vertex 99.6 69.1 2.4
    endloop
  endfacet
  facet normal 0 0 -1
    outer loop
      vertex 98.8 69.9 2.4
      vertex 99.6 69.1 2.4
      vertex 99.4123 69.0852 2.4
    endloop
  endfacet
  facet normal 0 0 -1
    outer loop
      vertex 98.8 69.9 2.4
      vertex 99.4123 69.0852 2.4
      vertex 99.2292 69.0413 2.4
    endloop
  endfacet
  facet normal 0 0 -1
    outer loop
      vertex 99.7877 69.0852 2.4
      vertex 98.8 69.9 2.4
      vertex 101.6 69.9 2.4
    endloop
  endfacet
  facet normal 0 0 -1
    outer loop
      vertex 99.0552 68.9692 2.4
      vertex 98.8 69.9 2.4
      vertex 99.2292 69.0413 2.4
    endloop
  endfacet
  facet normal 0 0 -1
    outer loop
      vertex 98.8947 68.8708 2.4
      vertex 98.8 69.9 2.4
      vertex 99.0552 68.9692 2.4
    endloop
  endfacet
  facet normal 0 0 -1
    outer loop
      vertex 98.6085 70.994 2.4
      vertex 98.8 71.1 2.4
      vertex 98.8 69.9 2.4
    endloop
  endfacet
  facet normal 0 0 -1
    outer loop
      vertex 98.7515 68.7485 2.4
      vertex 98.8 69.9 2.4
      vertex 98.8947 68.8708 2.4
    endloop
  endfacet
  facet normal 0 0 -1
    outer loop
      vertex 97.3019 70.1981 2.4
      vertex 98.7515 68.7485 2.4
      vertex 98.6292 68.6053 2.4
    endloop
  endfacet
  facet normal 0 0 -1
    outer loop
      vertex 98.7515 68.7485 2.4
      vertex 97.3019 70.1981 2.4
      vertex 98.8 69.9 2.4
    endloop
  endfacet
  facet normal 0 0 -1
    outer loop
      vertex 98.508 71.2367 2.4
      vertex 98.8 71.1 2.4
      vertex 98.6085 70.994 2.4
    endloop
  endfacet
  facet normal 0 0 -1
    outer loop
      vertex 98.8 71.1 2.4
      vertex 98.508 71.2367 2.4
      vertex 98.3523 71.8852 2.4
    endloop
  endfacet
  facet normal 0 0 -1
    outer loop
      vertex 98.8 71.1 2.4
      vertex 98.508 73.8633 2.4
      vertex 98.7632 74.4795 2.4
    endloop
  endfacet
  facet normal 0 0 -1
    outer loop
      vertex 98.3 72.55 2.4
      vertex 98.8 71.1 2.4
      vertex 98.3523 71.8852 2.4
    endloop
  endfacet
  facet normal 0 0 -1
    outer loop
      vertex 98.8 71.1 2.4
      vertex 98.3523 73.2148 2.4
      vertex 98.508 73.8633 2.4
    endloop
  endfacet
  facet normal 0 0 -1
    outer loop
      vertex 98.8 71.1 2.4
      vertex 98.3 72.55 2.4
      vertex 98.3523 73.2148 2.4
    endloop
  endfacet
  facet normal 0 0 -1
    outer loop
      vertex 98.8 71.1 2.4
      vertex 100.95 72.55 2.4
      vertex 100.97 72.2997 2.4
    endloop
  endfacet
  facet normal 0 0 -1
    outer loop
      vertex 101.61 73.8444 2.4
      vertex 100.052 75.9883 2.4
      vertex 100.621 76.3368 2.4
    endloop
  endfacet
  facet normal 0 0 -1
    outer loop
      vertex 98.8 71.1 2.4
      vertex 100.97 72.2997 2.4
      vertex 101.028 72.0556 2.4
    endloop
  endfacet
  facet normal 0 0 -1
    outer loop
      vertex 101.419 73.6814 2.4
      vertex 99.5448 75.5552 2.4
      vertex 100.052 75.9883 2.4
    endloop
  endfacet
  facet normal 0 0 -1
    outer loop
      vertex 98.8 71.1 2.4
      vertex 101.028 72.0556 2.4
      vertex 101.124 71.8236 2.4
    endloop
  endfacet
  facet normal 0 0 -1
    outer loop
      vertex 101.256 73.4905 2.4
      vertex 99.1117 75.0481 2.4
      vertex 99.5448 75.5552 2.4
    endloop
  endfacet
  facet normal 0 0 -1
    outer loop
      vertex 98.8 71.1 2.4
      vertex 101.124 71.8236 2.4
      vertex 101.256 71.6095 2.4
    endloop
  endfacet
  facet normal 0 0 -1
    outer loop
      vertex 98.8 71.1 2.4
      vertex 101.824 71.1244 2.4
      vertex 101.882 71.1 2.4
    endloop
  endfacet
  facet normal 0 0 -1
    outer loop
      vertex 98.8 71.1 2.4
      vertex 101.61 71.2556 2.4
      vertex 101.824 71.1244 2.4
    endloop
  endfacet
  facet normal 0 0 -1
    outer loop
      vertex 98.8 71.1 2.4
      vertex 101.419 71.4186 2.4
      vertex 101.61 71.2556 2.4
    endloop
  endfacet
  facet normal 0 0 -1
    outer loop
      vertex 98.8 71.1 2.4
      vertex 101.256 71.6095 2.4
      vertex 101.419 71.4186 2.4
    endloop
  endfacet
  facet normal -0 0 -1
    outer loop
      vertex 100.95 72.55 2.4
      vertex 98.8 71.1 2.4
      vertex 98.7632 74.4795 2.4
    endloop
  endfacet
  facet normal 0 0 -1
    outer loop
      vertex 101.124 73.2764 2.4
      vertex 98.7632 74.4795 2.4
      vertex 99.1117 75.0481 2.4
    endloop
  endfacet
  facet normal -0.64937 -0.760472 0
    outer loop
      vertex 99.5448 69.5448 8.4
      vertex 100.052 69.1117 80
      vertex 99.5448 69.5448 80
    endloop
  endfacet
  facet normal -0.64937 -0.760472 -0
    outer loop
      vertex 100.052 69.1117 80
      vertex 99.5448 69.5448 8.4
      vertex 100.052 69.1117 8.4
    endloop
  endfacet
  facet normal -0.233628 -0.972326 -2.97457e-07
    outer loop
      vertex 101.237 68.508 80
      vertex 101.6 68.4208 11.9
      vertex 101.885 68.3523 80
    endloop
  endfacet
  facet normal -0.233576 -0.972339 0
    outer loop
      vertex 101.237 68.508 8.4
      vertex 101.6 68.4208 11.9
      vertex 101.237 68.508 80
    endloop
  endfacet
  facet normal -0.233576 -0.972339 -0
    outer loop
      vertex 101.6 68.4208 11.9
      vertex 101.237 68.508 8.4
      vertex 101.6 68.4208 8.4
    endloop
  endfacet
  facet normal -0.233696 -0.97231 -0
    outer loop
      vertex 101.885 68.3523 80
      vertex 101.6 68.4208 11.9
      vertex 101.885 68.3523 11.9
    endloop
  endfacet
  facet normal 0.38274 -0.923856 0
    outer loop
      vertex 103.863 68.508 2.4
      vertex 104.479 68.7632 80
      vertex 103.863 68.508 80
    endloop
  endfacet
  facet normal 0.38274 -0.923856 0
    outer loop
      vertex 104.479 68.7632 80
      vertex 103.863 68.508 2.4
      vertex 104.479 68.7632 2.4
    endloop
  endfacet
  facet normal -0.0784045 -0.996922 0
    outer loop
      vertex 101.885 68.3523 11.9
      vertex 102.55 68.3 80
      vertex 101.885 68.3523 80
    endloop
  endfacet
  facet normal -0.0784045 -0.996922 -0
    outer loop
      vertex 102.55 68.3 80
      vertex 101.885 68.3523 11.9
      vertex 102.55 68.3 11.9
    endloop
  endfacet
  facet normal 0.972265 -0.233883 0
    outer loop
      vertex 106.592 71.2367 80
      vertex 106.748 71.8852 2.4
      vertex 106.748 71.8852 80
    endloop
  endfacet
  facet normal 0.972265 -0.233883 0
    outer loop
      vertex 106.748 71.8852 2.4
      vertex 106.592 71.2367 80
      vertex 106.592 71.2367 2.4
    endloop
  endfacet
  facet normal -0.852599 0.522566 0
    outer loop
      vertex 98.7632 74.4795 2.4
      vertex 99.1117 75.0481 80
      vertex 99.1117 75.0481 2.4
    endloop
  endfacet
  facet normal -0.852599 0.522566 0
    outer loop
      vertex 99.1117 75.0481 80
      vertex 98.7632 74.4795 2.4
      vertex 98.7632 74.4795 80
    endloop
  endfacet
  facet normal -0.522298 -0.852763 0
    outer loop
      vertex 100.052 69.1117 8.4
      vertex 100.621 68.7632 80
      vertex 100.052 69.1117 80
    endloop
  endfacet
  facet normal -0.522298 -0.852763 -0
    outer loop
      vertex 100.621 68.7632 80
      vertex 100.052 69.1117 8.4
      vertex 100.621 68.7632 8.4
    endloop
  endfacet
  facet normal -0.9239 0.382634 0
    outer loop
      vertex 98.508 73.8633 2.4
      vertex 98.7632 74.4795 80
      vertex 98.7632 74.4795 2.4
    endloop
  endfacet
  facet normal -0.9239 0.382634 0
    outer loop
      vertex 98.7632 74.4795 80
      vertex 98.508 73.8633 2.4
      vertex 98.508 73.8633 80
    endloop
  endfacet
  facet normal 0.760483 -0.649358 0
    outer loop
      vertex 105.555 69.5448 80
      vertex 105.988 70.0519 2.4
      vertex 105.988 70.0519 80
    endloop
  endfacet
  facet normal 0.760483 -0.649358 0
    outer loop
      vertex 105.988 70.0519 2.4
      vertex 105.555 69.5448 80
      vertex 105.555 69.5448 2.4
    endloop
  endfacet
  facet normal -0.972913 -0.231171 0
    outer loop
      vertex 104.13 72.8003 2.4
      vertex 104.072 73.0444 80
      vertex 104.072 73.0444 2.4
    endloop
  endfacet
  facet normal -0.972913 -0.231171 0
    outer loop
      vertex 104.072 73.0444 80
      vertex 104.13 72.8003 2.4
      vertex 104.13 72.8003 80
    endloop
  endfacet
  facet normal -0.996823 -0.0796502 0
    outer loop
      vertex 104.15 72.55 2.4
      vertex 104.13 72.8003 80
      vertex 104.13 72.8003 2.4
    endloop
  endfacet
  facet normal -0.996823 -0.0796502 0
    outer loop
      vertex 104.13 72.8003 80
      vertex 104.15 72.55 2.4
      vertex 104.15 72.55 80
    endloop
  endfacet
  facet normal -0.522674 0.852533 0
    outer loop
      vertex 103.49 71.2556 2.4
      vertex 103.276 71.1244 80
      vertex 103.49 71.2556 80
    endloop
  endfacet
  facet normal -0.522674 0.852533 0
    outer loop
      vertex 103.276 71.1244 80
      vertex 103.49 71.2556 2.4
      vertex 103.276 71.1244 2.4
    endloop
  endfacet
  facet normal -0.760493 -0.649347 0
    outer loop
      vertex 103.844 73.4905 2.4
      vertex 103.681 73.6814 80
      vertex 103.681 73.6814 2.4
    endloop
  endfacet
  facet normal -0.760493 -0.649347 0
    outer loop
      vertex 103.681 73.6814 80
      vertex 103.844 73.4905 2.4
      vertex 103.844 73.4905 80
    endloop
  endfacet
  facet normal -0.0785565 0.99691 0
    outer loop
      vertex 102.8 70.9697 80
      vertex 102.8 70.9697 11.9
      vertex 102.55 70.95 80
    endloop
  endfacet
  facet normal 0 0 0
    outer loop
      vertex 102.8 70.9697 2.4
      vertex 102.8 70.9697 11.9
      vertex 102.8 70.9697 80
    endloop
  endfacet
  facet normal -0.0785565 0.99691 0
    outer loop
      vertex 102.55 70.95 80
      vertex 102.8 70.9697 11.9
      vertex 102.55 70.95 11.9
    endloop
  endfacet
  facet normal -0.996823 0.0796502 0
    outer loop
      vertex 104.13 72.2997 2.4
      vertex 104.15 72.55 80
      vertex 104.15 72.55 2.4
    endloop
  endfacet
  facet normal -0.996823 0.0796502 0
    outer loop
      vertex 104.15 72.55 80
      vertex 104.13 72.2997 2.4
      vertex 104.13 72.2997 80
    endloop
  endfacet
  facet normal 0.851221 0.524807 0
    outer loop
      vertex 101.256 71.6095 80
      vertex 101.124 71.8236 2.4
      vertex 101.124 71.8236 80
    endloop
  endfacet
  facet normal 0.851221 0.524807 0
    outer loop
      vertex 101.124 71.8236 2.4
      vertex 101.256 71.6095 80
      vertex 101.256 71.6095 2.4
    endloop
  endfacet
  facet normal -0.233524 0.972351 0
    outer loop
      vertex 103.044 71.0283 2.4
      vertex 102.8 70.9697 80
      vertex 103.044 71.0283 80
    endloop
  endfacet
  facet normal -0.233524 0.972351 0
    outer loop
      vertex 102.8 70.9697 80
      vertex 103.044 71.0283 2.4
      vertex 102.8 70.9697 2.4
    endloop
  endfacet
  facet normal 0.972913 0.231171 0
    outer loop
      vertex 101.028 72.0556 80
      vertex 100.97 72.2997 2.4
      vertex 100.97 72.2997 80
    endloop
  endfacet
  facet normal 0.972913 0.231171 0
    outer loop
      vertex 100.97 72.2997 2.4
      vertex 101.028 72.0556 80
      vertex 101.028 72.0556 2.4
    endloop
  endfacet
  facet normal 0.64915 -0.76066 0
    outer loop
      vertex 101.419 73.6814 2.4
      vertex 101.61 73.8444 80
      vertex 101.419 73.6814 80
    endloop
  endfacet
  facet normal 0.64915 -0.76066 0
    outer loop
      vertex 101.61 73.8444 80
      vertex 101.419 73.6814 2.4
      vertex 101.61 73.8444 2.4
    endloop
  endfacet
  facet normal -0.382692 -0.923876 0
    outer loop
      vertex 103.044 74.0717 2.4
      vertex 103.276 73.9756 80
      vertex 103.044 74.0717 80
    endloop
  endfacet
  facet normal -0.382692 -0.923876 -0
    outer loop
      vertex 103.276 73.9756 80
      vertex 103.044 74.0717 2.4
      vertex 103.276 73.9756 2.4
    endloop
  endfacet
  facet normal -0.972913 0.231171 0
    outer loop
      vertex 104.072 72.0556 2.4
      vertex 104.13 72.2997 80
      vertex 104.13 72.2997 2.4
    endloop
  endfacet
  facet normal -0.972913 0.231171 0
    outer loop
      vertex 104.13 72.2997 80
      vertex 104.072 72.0556 2.4
      vertex 104.072 72.0556 80
    endloop
  endfacet
  facet normal -0.64915 0.76066 0
    outer loop
      vertex 103.681 71.4186 2.4
      vertex 103.49 71.2556 80
      vertex 103.681 71.4186 80
    endloop
  endfacet
  facet normal -0.64915 0.76066 0
    outer loop
      vertex 103.49 71.2556 80
      vertex 103.681 71.4186 2.4
      vertex 103.49 71.2556 2.4
    endloop
  endfacet
  facet normal -0.0785565 -0.99691 0
    outer loop
      vertex 102.55 74.15 2.4
      vertex 102.8 74.1303 80
      vertex 102.55 74.15 80
    endloop
  endfacet
  facet normal -0.0785565 -0.99691 -0
    outer loop
      vertex 102.8 74.1303 80
      vertex 102.55 74.15 2.4
      vertex 102.8 74.1303 2.4
    endloop
  endfacet
  facet normal 0.851221 -0.524807 0
    outer loop
      vertex 101.124 73.2764 80
      vertex 101.256 73.4905 2.4
      vertex 101.256 73.4905 80
    endloop
  endfacet
  facet normal 0.851221 -0.524807 0
    outer loop
      vertex 101.256 73.4905 2.4
      vertex 101.124 73.2764 80
      vertex 101.124 73.2764 2.4
    endloop
  endfacet
  facet normal 0.996823 -0.0796502 0
    outer loop
      vertex 100.95 72.55 80
      vertex 100.97 72.8003 2.4
      vertex 100.97 72.8003 80
    endloop
  endfacet
  facet normal 0.996823 -0.0796502 0
    outer loop
      vertex 100.97 72.8003 2.4
      vertex 100.95 72.55 80
      vertex 100.95 72.55 2.4
    endloop
  endfacet
  facet normal -0.760493 0.649347 0
    outer loop
      vertex 103.681 71.4186 2.4
      vertex 103.844 71.6095 80
      vertex 103.844 71.6095 2.4
    endloop
  endfacet
  facet normal -0.760493 0.649347 0
    outer loop
      vertex 103.844 71.6095 80
      vertex 103.681 71.4186 2.4
      vertex 103.681 71.4186 80
    endloop
  endfacet
  facet normal 0.760493 0.649347 0
    outer loop
      vertex 101.419 71.4186 80
      vertex 101.256 71.6095 2.4
      vertex 101.256 71.6095 80
    endloop
  endfacet
  facet normal 0.760493 0.649347 0
    outer loop
      vertex 101.256 71.6095 2.4
      vertex 101.419 71.4186 80
      vertex 101.419 71.4186 2.4
    endloop
  endfacet
  facet normal -0.851221 -0.524807 0
    outer loop
      vertex 103.976 73.2764 2.4
      vertex 103.844 73.4905 80
      vertex 103.844 73.4905 2.4
    endloop
  endfacet
  facet normal -0.851221 -0.524807 0
    outer loop
      vertex 103.844 73.4905 80
      vertex 103.976 73.2764 2.4
      vertex 103.976 73.2764 80
    endloop
  endfacet
  facet normal 0.0785565 -0.99691 0
    outer loop
      vertex 102.3 74.1303 2.4
      vertex 102.55 74.15 80
      vertex 102.3 74.1303 80
    endloop
  endfacet
  facet normal 0.0785565 -0.99691 0
    outer loop
      vertex 102.55 74.15 80
      vertex 102.3 74.1303 2.4
      vertex 102.55 74.15 2.4
    endloop
  endfacet
  facet normal 0.233524 0.972351 -0
    outer loop
      vertex 102.3 70.9697 11.9
      vertex 102.056 71.0283 80
      vertex 102.3 70.9697 80
    endloop
  endfacet
  facet normal 0.233524 0.972351 0
    outer loop
      vertex 102.056 71.0283 80
      vertex 102.3 70.9697 11.9
      vertex 102.056 71.0283 11.9
    endloop
  endfacet
  facet normal 0.64915 0.76066 -0
    outer loop
      vertex 101.61 71.2556 2.4
      vertex 101.419 71.4186 80
      vertex 101.61 71.2556 80
    endloop
  endfacet
  facet normal 0.64915 0.76066 0
    outer loop
      vertex 101.419 71.4186 80
      vertex 101.61 71.2556 2.4
      vertex 101.419 71.4186 2.4
    endloop
  endfacet
  facet normal 0.924017 -0.382352 0
    outer loop
      vertex 101.028 73.0444 80
      vertex 101.124 73.2764 2.4
      vertex 101.124 73.2764 80
    endloop
  endfacet
  facet normal 0.924017 -0.382352 0
    outer loop
      vertex 101.124 73.2764 2.4
      vertex 101.028 73.0444 80
      vertex 101.028 73.0444 2.4
    endloop
  endfacet
  facet normal 0.996823 0.0796502 0
    outer loop
      vertex 100.97 72.2997 80
      vertex 100.95 72.55 2.4
      vertex 100.95 72.55 80
    endloop
  endfacet
  facet normal 0.996823 0.0796502 0
    outer loop
      vertex 100.95 72.55 2.4
      vertex 100.97 72.2997 80
      vertex 100.97 72.2997 2.4
    endloop
  endfacet
  facet normal -0.233524 -0.972351 0
    outer loop
      vertex 102.8 74.1303 2.4
      vertex 103.044 74.0717 80
      vertex 102.8 74.1303 80
    endloop
  endfacet
  facet normal -0.233524 -0.972351 -0
    outer loop
      vertex 103.044 74.0717 80
      vertex 102.8 74.1303 2.4
      vertex 103.044 74.0717 2.4
    endloop
  endfacet
  facet normal -0.851221 0.524807 0
    outer loop
      vertex 103.844 71.6095 2.4
      vertex 103.976 71.8236 80
      vertex 103.976 71.8236 2.4
    endloop
  endfacet
  facet normal -0.851221 0.524807 0
    outer loop
      vertex 103.976 71.8236 80
      vertex 103.844 71.6095 2.4
      vertex 103.844 71.6095 80
    endloop
  endfacet
  facet normal 0.972913 -0.231171 0
    outer loop
      vertex 100.97 72.8003 80
      vertex 101.028 73.0444 2.4
      vertex 101.028 73.0444 80
    endloop
  endfacet
  facet normal 0.972913 -0.231171 0
    outer loop
      vertex 101.028 73.0444 2.4
      vertex 100.97 72.8003 80
      vertex 100.97 72.8003 2.4
    endloop
  endfacet
  facet normal 0.760493 -0.649347 0
    outer loop
      vertex 101.256 73.4905 80
      vertex 101.419 73.6814 2.4
      vertex 101.419 73.6814 80
    endloop
  endfacet
  facet normal 0.760493 -0.649347 0
    outer loop
      vertex 101.419 73.6814 2.4
      vertex 101.256 73.4905 80
      vertex 101.256 73.4905 2.4
    endloop
  endfacet
  facet normal -0.64915 -0.76066 0
    outer loop
      vertex 103.49 73.8444 2.4
      vertex 103.681 73.6814 80
      vertex 103.49 73.8444 80
    endloop
  endfacet
  facet normal -0.64915 -0.76066 -0
    outer loop
      vertex 103.681 73.6814 80
      vertex 103.49 73.8444 2.4
      vertex 103.681 73.6814 2.4
    endloop
  endfacet
  facet normal -0.382692 0.923876 0
    outer loop
      vertex 103.276 71.1244 2.4
      vertex 103.044 71.0283 80
      vertex 103.276 71.1244 80
    endloop
  endfacet
  facet normal -0.382692 0.923876 0
    outer loop
      vertex 103.044 71.0283 80
      vertex 103.276 71.1244 2.4
      vertex 103.044 71.0283 2.4
    endloop
  endfacet
  facet normal -0.522674 -0.852533 0
    outer loop
      vertex 103.276 73.9756 2.4
      vertex 103.49 73.8444 80
      vertex 103.276 73.9756 80
    endloop
  endfacet
  facet normal -0.522674 -0.852533 -0
    outer loop
      vertex 103.49 73.8444 80
      vertex 103.276 73.9756 2.4
      vertex 103.49 73.8444 2.4
    endloop
  endfacet
  facet normal 0.382692 0.923876 -0
    outer loop
      vertex 102.056 71.0283 11.9
      vertex 101.824 71.1244 80
      vertex 102.056 71.0283 80
    endloop
  endfacet
  facet normal 0.38099 0.924579 -6.78839e-06
    outer loop
      vertex 101.882 71.1 11.9
      vertex 101.824 71.1244 80
      vertex 102.056 71.0283 11.9
    endloop
  endfacet
  facet normal 0.387773 0.921755 0
    outer loop
      vertex 101.824 71.1244 2.4
      vertex 101.882 71.1 11.9
      vertex 101.882 71.1 2.4
    endloop
  endfacet
  facet normal 0.387773 0.921755 0
    outer loop
      vertex 101.882 71.1 11.9
      vertex 101.824 71.1244 2.4
      vertex 101.824 71.1244 80
    endloop
  endfacet
  facet normal 0.233524 -0.972351 0
    outer loop
      vertex 102.056 74.0717 2.4
      vertex 102.3 74.1303 80
      vertex 102.056 74.0717 80
    endloop
  endfacet
  facet normal 0.233524 -0.972351 0
    outer loop
      vertex 102.3 74.1303 80
      vertex 102.056 74.0717 2.4
      vertex 102.3 74.1303 2.4
    endloop
  endfacet
  facet normal -0.924017 0.382352 0
    outer loop
      vertex 103.976 71.8236 2.4
      vertex 104.072 72.0556 80
      vertex 104.072 72.0556 2.4
    endloop
  endfacet
  facet normal -0.924017 0.382352 0
    outer loop
      vertex 104.072 72.0556 80
      vertex 103.976 71.8236 2.4
      vertex 103.976 71.8236 80
    endloop
  endfacet
  facet normal 0.382692 -0.923876 0
    outer loop
      vertex 101.824 73.9756 2.4
      vertex 102.056 74.0717 80
      vertex 101.824 73.9756 80
    endloop
  endfacet
  facet normal 0.382692 -0.923876 0
    outer loop
      vertex 102.056 74.0717 80
      vertex 101.824 73.9756 2.4
      vertex 102.056 74.0717 2.4
    endloop
  endfacet
  facet normal 0.522674 -0.852533 0
    outer loop
      vertex 101.61 73.8444 2.4
      vertex 101.824 73.9756 80
      vertex 101.61 73.8444 80
    endloop
  endfacet
  facet normal 0.522674 -0.852533 0
    outer loop
      vertex 101.824 73.9756 80
      vertex 101.61 73.8444 2.4
      vertex 101.824 73.9756 2.4
    endloop
  endfacet
  facet normal 0.924017 0.382352 0
    outer loop
      vertex 101.124 71.8236 80
      vertex 101.028 72.0556 2.4
      vertex 101.028 72.0556 80
    endloop
  endfacet
  facet normal 0.924017 0.382352 0
    outer loop
      vertex 101.028 72.0556 2.4
      vertex 101.124 71.8236 80
      vertex 101.124 71.8236 2.4
    endloop
  endfacet
  facet normal -0.924017 -0.382352 0
    outer loop
      vertex 104.072 73.0444 2.4
      vertex 103.976 73.2764 80
      vertex 103.976 73.2764 2.4
    endloop
  endfacet
  facet normal -0.924017 -0.382352 0
    outer loop
      vertex 103.976 73.2764 80
      vertex 104.072 73.0444 2.4
      vertex 104.072 73.0444 80
    endloop
  endfacet
  facet normal 0.0785565 0.99691 -0
    outer loop
      vertex 102.55 70.95 11.9
      vertex 102.3 70.9697 80
      vertex 102.55 70.95 80
    endloop
  endfacet
  facet normal 0.0785565 0.99691 0
    outer loop
      vertex 102.3 70.9697 80
      vertex 102.55 70.95 11.9
      vertex 102.3 70.9697 11.9
    endloop
  endfacet
  facet normal 0.522674 0.852533 -0
    outer loop
      vertex 101.824 71.1244 2.4
      vertex 101.61 71.2556 80
      vertex 101.824 71.1244 80
    endloop
  endfacet
  facet normal 0.522674 0.852533 0
    outer loop
      vertex 101.61 71.2556 80
      vertex 101.824 71.1244 2.4
      vertex 101.61 71.2556 2.4
    endloop
  endfacet
  facet normal 0.97235 0.233529 0
    outer loop
      vertex 66.81 12.4084 8.4
      vertex 66.6909 12.9043 2.4
      vertex 66.6909 12.9043 8.4
    endloop
  endfacet
  facet normal 0.97235 0.233529 0
    outer loop
      vertex 66.6909 12.9043 2.4
      vertex 66.81 12.4084 8.4
      vertex 66.81 12.4084 2.4
    endloop
  endfacet
  facet normal 0.996919 0.0784358 0
    outer loop
      vertex 66.85 11.9 8.4
      vertex 66.81 12.4084 2.4
      vertex 66.81 12.4084 8.4
    endloop
  endfacet
  facet normal 0.996919 0.0784358 0
    outer loop
      vertex 66.81 12.4084 2.4
      vertex 66.85 11.9 8.4
      vertex 66.85 11.9 2.4
    endloop
  endfacet
  facet normal 0.923933 0.382554 0
    outer loop
      vertex 66.6909 12.9043 8.4
      vertex 66.4958 13.3755 2.4
      vertex 66.4958 13.3755 8.4
    endloop
  endfacet
  facet normal 0.923933 0.382554 0
    outer loop
      vertex 66.4958 13.3755 2.4
      vertex 66.6909 12.9043 8.4
      vertex 66.6909 12.9043 2.4
    endloop
  endfacet
  facet normal 0.233529 0.97235 -0
    outer loop
      vertex 64.6043 14.9909 2.4
      vertex 64.1084 15.11 8.4
      vertex 64.6043 14.9909 8.4
    endloop
  endfacet
  facet normal 0.233529 0.97235 0
    outer loop
      vertex 64.1084 15.11 8.4
      vertex 64.6043 14.9909 2.4
      vertex 64.1084 15.11 2.4
    endloop
  endfacet
  facet normal 0.760418 0.649434 0
    outer loop
      vertex 66.2293 13.8103 8.4
      vertex 65.8981 14.1981 2.4
      vertex 65.8981 14.1981 8.4
    endloop
  endfacet
  facet normal 0.760418 0.649434 0
    outer loop
      vertex 65.8981 14.1981 2.4
      vertex 66.2293 13.8103 8.4
      vertex 66.2293 13.8103 2.4
    endloop
  endfacet
  facet normal -0.649434 0.760418 0
    outer loop
      vertex 61.6897 14.5293 2.4
      vertex 61.3019 14.1981 8.4
      vertex 61.6897 14.5293 8.4
    endloop
  endfacet
  facet normal -0.649434 0.760418 0
    outer loop
      vertex 61.3019 14.1981 8.4
      vertex 61.6897 14.5293 2.4
      vertex 61.3019 14.1981 2.4
    endloop
  endfacet
  facet normal 0.382654 -0.923892 0
    outer loop
      vertex 64.6043 8.80907 2.4
      vertex 65.0755 9.00423 8.4
      vertex 64.6043 8.80907 8.4
    endloop
  endfacet
  facet normal 0.382654 -0.923892 0
    outer loop
      vertex 65.0755 9.00423 8.4
      vertex 64.6043 8.80907 2.4
      vertex 65.0755 9.00423 2.4
    endloop
  endfacet
  facet normal -0.996919 0.0784358 0
    outer loop
      vertex 60.35 11.9 2.4
      vertex 60.39 12.4084 8.4
      vertex 60.39 12.4084 2.4
    endloop
  endfacet
  facet normal -0.996919 0.0784358 0
    outer loop
      vertex 60.39 12.4084 8.4
      vertex 60.35 11.9 2.4
      vertex 60.35 11.9 8.4
    endloop
  endfacet
  facet normal -0.996919 -0.0784358 0
    outer loop
      vertex 60.39 11.3916 2.4
      vertex 60.35 11.9 8.4
      vertex 60.35 11.9 2.4
    endloop
  endfacet
  facet normal -0.996919 -0.0784358 0
    outer loop
      vertex 60.35 11.9 8.4
      vertex 60.39 11.3916 2.4
      vertex 60.39 11.3916 8.4
    endloop
  endfacet
  facet normal 0.233506 -0.972355 0
    outer loop
      vertex 64.1084 8.69001 2.4
      vertex 64.15 8.7 8.4
      vertex 64.1084 8.69001 8.4
    endloop
  endfacet
  facet normal 0.233506 -0.972355 0
    outer loop
      vertex 64.15 8.7 8.4
      vertex 64.1084 8.69001 2.4
      vertex 64.15 8.7 2.4
    endloop
  endfacet
  facet normal 0.233454 -0.972368 0
    outer loop
      vertex 64.4 8.76002 2.4
      vertex 64.6043 8.80907 8.4
      vertex 64.4 8.76002 8.4
    endloop
  endfacet
  facet normal 0.233454 -0.972368 0
    outer loop
      vertex 64.6043 8.80907 8.4
      vertex 64.4 8.76002 2.4
      vertex 64.6043 8.80907 2.4
    endloop
  endfacet
  facet normal -0.382554 0.923933 0
    outer loop
      vertex 62.5957 14.9909 2.4
      vertex 62.1245 14.7958 8.4
      vertex 62.5957 14.9909 8.4
    endloop
  endfacet
  facet normal -0.382554 0.923933 0
    outer loop
      vertex 62.1245 14.7958 8.4
      vertex 62.5957 14.9909 2.4
      vertex 62.1245 14.7958 2.4
    endloop
  endfacet
  facet normal 0.760418 -0.649434 0
    outer loop
      vertex 65.8981 9.6019 8.4
      vertex 66.2293 9.9897 2.4
      vertex 66.2293 9.9897 8.4
    endloop
  endfacet
  facet normal 0.760418 -0.649434 0
    outer loop
      vertex 66.2293 9.9897 2.4
      vertex 65.8981 9.6019 8.4
      vertex 65.8981 9.6019 2.4
    endloop
  endfacet
  facet normal -0.852593 0.522576 0
    outer loop
      vertex 60.7042 13.3755 2.4
      vertex 60.9707 13.8103 8.4
      vertex 60.9707 13.8103 2.4
    endloop
  endfacet
  facet normal -0.852593 0.522576 0
    outer loop
      vertex 60.9707 13.8103 8.4
      vertex 60.7042 13.3755 2.4
      vertex 60.7042 13.3755 8.4
    endloop
  endfacet
  facet normal 0.0784553 -0.996918 0
    outer loop
      vertex 63.6 8.65 2.4
      vertex 64.1084 8.69001 8.4
      vertex 63.6 8.65 8.4
    endloop
  endfacet
  facet normal 0.0784553 -0.996918 0
    outer loop
      vertex 64.1084 8.69001 8.4
      vertex 63.6 8.65 2.4
      vertex 64.1084 8.69001 2.4
    endloop
  endfacet
  facet normal -0.972302 -0.233727 0
    outer loop
      vertex 60.4 11.35 2.4
      vertex 60.39 11.3916 8.4
      vertex 60.39 11.3916 2.4
    endloop
  endfacet
  facet normal -0.972302 -0.233727 0
    outer loop
      vertex 60.39 11.3916 8.4
      vertex 60.4 11.35 2.4
      vertex 60.4 11.35 8.4
    endloop
  endfacet
  facet normal -0.522576 0.852593 0
    outer loop
      vertex 62.1245 14.7958 2.4
      vertex 61.6897 14.5293 8.4
      vertex 62.1245 14.7958 8.4
    endloop
  endfacet
  facet normal -0.522576 0.852593 0
    outer loop
      vertex 61.6897 14.5293 8.4
      vertex 62.1245 14.7958 2.4
      vertex 61.6897 14.5293 2.4
    endloop
  endfacet
  facet normal 0.649445 -0.760408 0
    outer loop
      vertex 65.5103 9.27069 2.4
      vertex 65.8981 9.6019 8.4
      vertex 65.5103 9.27069 8.4
    endloop
  endfacet
  facet normal 0.649445 -0.760408 0
    outer loop
      vertex 65.8981 9.6019 8.4
      vertex 65.5103 9.27069 2.4
      vertex 65.8981 9.6019 2.4
    endloop
  endfacet
  facet normal 0.0784358 0.996919 -0
    outer loop
      vertex 64.1084 15.11 2.4
      vertex 63.6 15.15 8.4
      vertex 64.1084 15.11 8.4
    endloop
  endfacet
  facet normal 0.0784358 0.996919 0
    outer loop
      vertex 63.6 15.15 8.4
      vertex 64.1084 15.11 2.4
      vertex 63.6 15.15 2.4
    endloop
  endfacet
  facet normal 0.522576 0.852593 -0
    outer loop
      vertex 65.5103 14.5293 2.4
      vertex 65.0755 14.7958 8.4
      vertex 65.5103 14.5293 8.4
    endloop
  endfacet
  facet normal 0.522576 0.852593 0
    outer loop
      vertex 65.0755 14.7958 8.4
      vertex 65.5103 14.5293 2.4
      vertex 65.0755 14.7958 2.4
    endloop
  endfacet
  facet normal 0.382554 0.923933 -0
    outer loop
      vertex 65.0755 14.7958 2.4
      vertex 64.6043 14.9909 8.4
      vertex 65.0755 14.7958 8.4
    endloop
  endfacet
  facet normal 0.382554 0.923933 0
    outer loop
      vertex 64.6043 14.9909 8.4
      vertex 65.0755 14.7958 2.4
      vertex 64.6043 14.9909 2.4
    endloop
  endfacet
  facet normal 0.852593 0.522576 0
    outer loop
      vertex 66.4958 13.3755 8.4
      vertex 66.2293 13.8103 2.4
      vertex 66.2293 13.8103 8.4
    endloop
  endfacet
  facet normal 0.852593 0.522576 0
    outer loop
      vertex 66.2293 13.8103 2.4
      vertex 66.4958 13.3755 8.4
      vertex 66.4958 13.3755 2.4
    endloop
  endfacet
  facet normal 0.649434 0.760418 -0
    outer loop
      vertex 65.8981 14.1981 2.4
      vertex 65.5103 14.5293 8.4
      vertex 65.8981 14.1981 8.4
    endloop
  endfacet
  facet normal 0.649434 0.760418 0
    outer loop
      vertex 65.5103 14.5293 8.4
      vertex 65.8981 14.1981 2.4
      vertex 65.5103 14.5293 2.4
    endloop
  endfacet
  facet normal 0.996919 -0.0784358 0
    outer loop
      vertex 66.81 11.3916 8.4
      vertex 66.85 11.9 2.4
      vertex 66.85 11.9 8.4
    endloop
  endfacet
  facet normal 0.996919 -0.0784358 0
    outer loop
      vertex 66.85 11.9 2.4
      vertex 66.81 11.3916 8.4
      vertex 66.81 11.3916 2.4
    endloop
  endfacet
  facet normal 0.97235 -0.233529 0
    outer loop
      vertex 66.6909 10.8957 8.4
      vertex 66.81 11.3916 2.4
      vertex 66.81 11.3916 8.4
    endloop
  endfacet
  facet normal 0.97235 -0.233529 0
    outer loop
      vertex 66.81 11.3916 2.4
      vertex 66.6909 10.8957 8.4
      vertex 66.6909 10.8957 2.4
    endloop
  endfacet
  facet normal 0 0 -1
    outer loop
      vertex 64.8 11.9 2.4
      vertex 66.85 11.9 2.4
      vertex 66.81 11.3916 2.4
    endloop
  endfacet
  facet normal 0 0 -1
    outer loop
      vertex 64.7852 11.7123 2.4
      vertex 66.81 11.3916 2.4
      vertex 66.6909 10.8957 2.4
    endloop
  endfacet
  facet normal 0 0 -1
    outer loop
      vertex 66.85 11.9 2.4
      vertex 64.8 11.9 2.4
      vertex 66.81 12.4084 2.4
    endloop
  endfacet
  facet normal 0 0 -1
    outer loop
      vertex 64.7413 11.5292 2.4
      vertex 66.6909 10.8957 2.4
      vertex 66.4958 10.4245 2.4
    endloop
  endfacet
  facet normal 0 0 -1
    outer loop
      vertex 64.7852 12.0877 2.4
      vertex 66.81 12.4084 2.4
      vertex 64.8 11.9 2.4
    endloop
  endfacet
  facet normal 0 0 -1
    outer loop
      vertex 64.6692 11.3552 2.4
      vertex 66.4958 10.4245 2.4
      vertex 66.2293 9.9897 2.4
    endloop
  endfacet
  facet normal -0 0 -1
    outer loop
      vertex 66.81 12.4084 2.4
      vertex 64.7852 12.0877 2.4
      vertex 66.6909 12.9043 2.4
    endloop
  endfacet
  facet normal 0 0 -1
    outer loop
      vertex 64.5708 11.1947 2.4
      vertex 66.2293 9.9897 2.4
      vertex 65.8981 9.6019 2.4
    endloop
  endfacet
  facet normal 0 0 -1
    outer loop
      vertex 64.7413 12.2708 2.4
      vertex 66.6909 12.9043 2.4
      vertex 64.7852 12.0877 2.4
    endloop
  endfacet
  facet normal 0 0 -1
    outer loop
      vertex 64.4 9.9 2.4
      vertex 65.8981 9.6019 2.4
      vertex 65.5103 9.27069 2.4
    endloop
  endfacet
  facet normal -0 0 -1
    outer loop
      vertex 66.6909 12.9043 2.4
      vertex 64.7413 12.2708 2.4
      vertex 66.4958 13.3755 2.4
    endloop
  endfacet
  facet normal 0 0 -1
    outer loop
      vertex 64.4 9.9 2.4
      vertex 65.5103 9.27069 2.4
      vertex 65.0755 9.00423 2.4
    endloop
  endfacet
  facet normal 0 0 -1
    outer loop
      vertex 64.6692 12.4448 2.4
      vertex 66.4958 13.3755 2.4
      vertex 64.7413 12.2708 2.4
    endloop
  endfacet
  facet normal -0 0 -1
    outer loop
      vertex 66.4958 13.3755 2.4
      vertex 64.6692 12.4448 2.4
      vertex 66.2293 13.8103 2.4
    endloop
  endfacet
  facet normal 0 0 -1
    outer loop
      vertex 66.81 11.3916 2.4
      vertex 64.7852 11.7123 2.4
      vertex 64.8 11.9 2.4
    endloop
  endfacet
  facet normal 0 0 -1
    outer loop
      vertex 66.6909 10.8957 2.4
      vertex 64.7413 11.5292 2.4
      vertex 64.7852 11.7123 2.4
    endloop
  endfacet
  facet normal 0 0 -1
    outer loop
      vertex 66.4958 10.4245 2.4
      vertex 64.6692 11.3552 2.4
      vertex 64.7413 11.5292 2.4
    endloop
  endfacet
  facet normal 0 0 -1
    outer loop
      vertex 64.4 9.9 2.4
      vertex 65.0755 9.00423 2.4
      vertex 64.6043 8.80907 2.4
    endloop
  endfacet
  facet normal 0 -0 -1
    outer loop
      vertex 64.4485 11.0515 2.4
      vertex 65.8981 9.6019 2.4
      vertex 64.4 9.9 2.4
    endloop
  endfacet
  facet normal 0 0 -1
    outer loop
      vertex 66.2293 9.9897 2.4
      vertex 64.5708 11.1947 2.4
      vertex 64.6692 11.3552 2.4
    endloop
  endfacet
  facet normal 0 0 -1
    outer loop
      vertex 64.4 9.9 2.4
      vertex 64.6043 8.80907 2.4
      vertex 64.4 8.76002 2.4
    endloop
  endfacet
  facet normal 0 0 -1
    outer loop
      vertex 65.8981 9.6019 2.4
      vertex 64.4485 11.0515 2.4
      vertex 64.5708 11.1947 2.4
    endloop
  endfacet
  facet normal 0 0 -1
    outer loop
      vertex 64.4 9.9 2.4
      vertex 64.3053 10.9292 2.4
      vertex 64.4485 11.0515 2.4
    endloop
  endfacet
  facet normal 0 0 -1
    outer loop
      vertex 64.4 9.9 2.4
      vertex 64.1448 10.8308 2.4
      vertex 64.3053 10.9292 2.4
    endloop
  endfacet
  facet normal 0 0 -1
    outer loop
      vertex 64.4 9.9 2.4
      vertex 63.9708 10.7587 2.4
      vertex 64.1448 10.8308 2.4
    endloop
  endfacet
  facet normal 0 0 -1
    outer loop
      vertex 64.4 9.9 2.4
      vertex 63.7877 10.7148 2.4
      vertex 63.9708 10.7587 2.4
    endloop
  endfacet
  facet normal 0 0 -1
    outer loop
      vertex 64.4 9.9 2.4
      vertex 63.6 10.7 2.4
      vertex 63.7877 10.7148 2.4
    endloop
  endfacet
  facet normal 0 0 -1
    outer loop
      vertex 64.4 9.9 2.4
      vertex 63.4123 10.7148 2.4
      vertex 63.6 10.7 2.4
    endloop
  endfacet
  facet normal 0 0 -1
    outer loop
      vertex 61.6 9.9 2.4
      vertex 63.4123 10.7148 2.4
      vertex 64.4 9.9 2.4
    endloop
  endfacet
  facet normal -0 0 -1
    outer loop
      vertex 63.4123 10.7148 2.4
      vertex 61.6 9.9 2.4
      vertex 63.2292 10.7587 2.4
    endloop
  endfacet
  facet normal -0 0 -1
    outer loop
      vertex 63.2292 10.7587 2.4
      vertex 61.6 9.9 2.4
      vertex 63.0552 10.8308 2.4
    endloop
  endfacet
  facet normal 0 0 -1
    outer loop
      vertex 61.6 12.7 2.4
      vertex 62.4 11.9 2.4
      vertex 62.4148 11.7123 2.4
    endloop
  endfacet
  facet normal 0 0 -1
    outer loop
      vertex 62.4 11.9 2.4
      vertex 61.6 12.7 2.4
      vertex 62.1245 14.7958 2.4
    endloop
  endfacet
  facet normal 0 0 -1
    outer loop
      vertex 61.6 9.9 2.4
      vertex 62.4148 11.7123 2.4
      vertex 62.4587 11.5292 2.4
    endloop
  endfacet
  facet normal -0 0 -1
    outer loop
      vertex 63.0552 10.8308 2.4
      vertex 61.6 9.9 2.4
      vertex 62.8947 10.9292 2.4
    endloop
  endfacet
  facet normal 0 0 -1
    outer loop
      vertex 61.6 9.9 2.4
      vertex 62.7515 11.0515 2.4
      vertex 62.8947 10.9292 2.4
    endloop
  endfacet
  facet normal 0 0 -1
    outer loop
      vertex 61.6 9.9 2.4
      vertex 62.6292 11.1947 2.4
      vertex 62.7515 11.0515 2.4
    endloop
  endfacet
  facet normal 0 0 -1
    outer loop
      vertex 61.6 9.9 2.4
      vertex 62.5308 11.3552 2.4
      vertex 62.6292 11.1947 2.4
    endloop
  endfacet
  facet normal 0 0 -1
    outer loop
      vertex 61.6 9.9 2.4
      vertex 62.4587 11.5292 2.4
      vertex 62.5308 11.3552 2.4
    endloop
  endfacet
  facet normal -0 0 -1
    outer loop
      vertex 62.4148 11.7123 2.4
      vertex 61.6 9.9 2.4
      vertex 61.6 12.7 2.4
    endloop
  endfacet
  facet normal 0 0 -1
    outer loop
      vertex 62.1245 14.7958 2.4
      vertex 61.6 12.7 2.4
      vertex 61.6897 14.5293 2.4
    endloop
  endfacet
  facet normal 0 0 -1
    outer loop
      vertex 61.6 12.7 2.4
      vertex 61.3019 14.1981 2.4
      vertex 61.6897 14.5293 2.4
    endloop
  endfacet
  facet normal 0 0 -1
    outer loop
      vertex 61.6 12.7 2.4
      vertex 60.9707 13.8103 2.4
      vertex 61.3019 14.1981 2.4
    endloop
  endfacet
  facet normal 0 0 -1
    outer loop
      vertex 61.6 12.7 2.4
      vertex 60.7042 13.3755 2.4
      vertex 60.9707 13.8103 2.4
    endloop
  endfacet
  facet normal 0 0 -1
    outer loop
      vertex 61.6 12.7 2.4
      vertex 60.5091 12.9043 2.4
      vertex 60.7042 13.3755 2.4
    endloop
  endfacet
  facet normal 0 -0 -1
    outer loop
      vertex 60.5091 12.9043 2.4
      vertex 61.6 12.7 2.4
      vertex 60.46 12.7 2.4
    endloop
  endfacet
  facet normal 0 0 -1
    outer loop
      vertex 64.5708 12.6053 2.4
      vertex 66.2293 13.8103 2.4
      vertex 64.6692 12.4448 2.4
    endloop
  endfacet
  facet normal -0 0 -1
    outer loop
      vertex 66.2293 13.8103 2.4
      vertex 64.5708 12.6053 2.4
      vertex 65.8981 14.1981 2.4
    endloop
  endfacet
  facet normal 0 0 -1
    outer loop
      vertex 64.4485 12.7485 2.4
      vertex 65.8981 14.1981 2.4
      vertex 64.5708 12.6053 2.4
    endloop
  endfacet
  facet normal -0 0 -1
    outer loop
      vertex 65.8981 14.1981 2.4
      vertex 64.4485 12.7485 2.4
      vertex 65.5103 14.5293 2.4
    endloop
  endfacet
  facet normal 0 0 -1
    outer loop
      vertex 64.3053 12.8708 2.4
      vertex 65.5103 14.5293 2.4
      vertex 64.4485 12.7485 2.4
    endloop
  endfacet
  facet normal -0 0 -1
    outer loop
      vertex 65.5103 14.5293 2.4
      vertex 64.3053 12.8708 2.4
      vertex 65.0755 14.7958 2.4
    endloop
  endfacet
  facet normal 0 0 -1
    outer loop
      vertex 64.1448 12.9692 2.4
      vertex 65.0755 14.7958 2.4
      vertex 64.3053 12.8708 2.4
    endloop
  endfacet
  facet normal -0 0 -1
    outer loop
      vertex 65.0755 14.7958 2.4
      vertex 64.1448 12.9692 2.4
      vertex 64.6043 14.9909 2.4
    endloop
  endfacet
  facet normal 0 0 -1
    outer loop
      vertex 63.9708 13.0413 2.4
      vertex 64.6043 14.9909 2.4
      vertex 64.1448 12.9692 2.4
    endloop
  endfacet
  facet normal -0 0 -1
    outer loop
      vertex 64.6043 14.9909 2.4
      vertex 63.9708 13.0413 2.4
      vertex 64.1084 15.11 2.4
    endloop
  endfacet
  facet normal 0 0 -1
    outer loop
      vertex 63.7877 13.0852 2.4
      vertex 64.1084 15.11 2.4
      vertex 63.9708 13.0413 2.4
    endloop
  endfacet
  facet normal 0 0 -1
    outer loop
      vertex 63.6 13.1 2.4
      vertex 64.1084 15.11 2.4
      vertex 63.7877 13.0852 2.4
    endloop
  endfacet
  facet normal 0 0 -1
    outer loop
      vertex 63.6 13.1 2.4
      vertex 63.6 15.15 2.4
      vertex 64.1084 15.11 2.4
    endloop
  endfacet
  facet normal 0 0 -1
    outer loop
      vertex 63.4123 13.0852 2.4
      vertex 63.6 15.15 2.4
      vertex 63.6 13.1 2.4
    endloop
  endfacet
  facet normal 0 0 -1
    outer loop
      vertex 63.0916 15.11 2.4
      vertex 63.4123 13.0852 2.4
      vertex 63.2292 13.0413 2.4
    endloop
  endfacet
  facet normal 0 0 -1
    outer loop
      vertex 63.4123 13.0852 2.4
      vertex 63.0916 15.11 2.4
      vertex 63.6 15.15 2.4
    endloop
  endfacet
  facet normal 0 0 -1
    outer loop
      vertex 62.5957 14.9909 2.4
      vertex 63.2292 13.0413 2.4
      vertex 63.0552 12.9692 2.4
    endloop
  endfacet
  facet normal 0 0 -1
    outer loop
      vertex 62.1245 14.7958 2.4
      vertex 63.0552 12.9692 2.4
      vertex 62.8947 12.8708 2.4
    endloop
  endfacet
  facet normal 0 0 -1
    outer loop
      vertex 62.1245 14.7958 2.4
      vertex 62.8947 12.8708 2.4
      vertex 62.7515 12.7485 2.4
    endloop
  endfacet
  facet normal 0 0 -1
    outer loop
      vertex 62.1245 14.7958 2.4
      vertex 62.7515 12.7485 2.4
      vertex 62.6292 12.6053 2.4
    endloop
  endfacet
  facet normal 0 0 -1
    outer loop
      vertex 63.2292 13.0413 2.4
      vertex 62.5957 14.9909 2.4
      vertex 63.0916 15.11 2.4
    endloop
  endfacet
  facet normal 0 0 -1
    outer loop
      vertex 62.1245 14.7958 2.4
      vertex 62.6292 12.6053 2.4
      vertex 62.5308 12.4448 2.4
    endloop
  endfacet
  facet normal 0 0 -1
    outer loop
      vertex 62.1245 14.7958 2.4
      vertex 62.5308 12.4448 2.4
      vertex 62.4587 12.2708 2.4
    endloop
  endfacet
  facet normal 0 0 -1
    outer loop
      vertex 62.1245 14.7958 2.4
      vertex 62.4587 12.2708 2.4
      vertex 62.4148 12.0877 2.4
    endloop
  endfacet
  facet normal 0 0 -1
    outer loop
      vertex 62.1245 14.7958 2.4
      vertex 62.4148 12.0877 2.4
      vertex 62.4 11.9 2.4
    endloop
  endfacet
  facet normal 0 0 -1
    outer loop
      vertex 63.0552 12.9692 2.4
      vertex 62.1245 14.7958 2.4
      vertex 62.5957 14.9909 2.4
    endloop
  endfacet
  facet normal 0 0 -1
    outer loop
      vertex 63.6 8.65 2.4
      vertex 64.15 8.7 2.4
      vertex 64.1084 8.69001 2.4
    endloop
  endfacet
  facet normal 0 0 -1
    outer loop
      vertex 63.05 8.7 2.4
      vertex 63.6 8.65 2.4
      vertex 63.0916 8.69001 2.4
    endloop
  endfacet
  facet normal 0 0 -1
    outer loop
      vertex 63.6 8.65 2.4
      vertex 63.05 8.7 2.4
      vertex 64.15 8.7 2.4
    endloop
  endfacet
  facet normal 0 0 -1
    outer loop
      vertex 60.35 11.9 2.4
      vertex 60.4 11.35 2.4
      vertex 60.39 11.3916 2.4
    endloop
  endfacet
  facet normal 0 0 -1
    outer loop
      vertex 60.4 11.35 2.4
      vertex 60.35 11.9 2.4
      vertex 60.4 12.45 2.4
    endloop
  endfacet
  facet normal 0 0 -1
    outer loop
      vertex 60.4 12.45 2.4
      vertex 60.35 11.9 2.4
      vertex 60.39 12.4084 2.4
    endloop
  endfacet
  facet normal -0.0784358 0.996919 0
    outer loop
      vertex 63.6 15.15 2.4
      vertex 63.0916 15.11 8.4
      vertex 63.6 15.15 8.4
    endloop
  endfacet
  facet normal -0.0784358 0.996919 0
    outer loop
      vertex 63.0916 15.11 8.4
      vertex 63.6 15.15 2.4
      vertex 63.0916 15.11 2.4
    endloop
  endfacet
  facet normal -0.923933 0.382554 0
    outer loop
      vertex 60.5091 12.9043 2.4
      vertex 60.7042 13.3755 8.4
      vertex 60.7042 13.3755 2.4
    endloop
  endfacet
  facet normal -0.923933 0.382554 0
    outer loop
      vertex 60.7042 13.3755 8.4
      vertex 60.5091 12.9043 2.4
      vertex 60.5091 12.9043 8.4
    endloop
  endfacet
  facet normal 0.923933 -0.382554 0
    outer loop
      vertex 66.4958 10.4245 8.4
      vertex 66.6909 10.8957 2.4
      vertex 66.6909 10.8957 8.4
    endloop
  endfacet
  facet normal 0.923933 -0.382554 0
    outer loop
      vertex 66.6909 10.8957 2.4
      vertex 66.4958 10.4245 8.4
      vertex 66.4958 10.4245 2.4
    endloop
  endfacet
  facet normal 0.522519 -0.852628 0
    outer loop
      vertex 65.0755 9.00423 2.4
      vertex 65.5103 9.27069 8.4
      vertex 65.0755 9.00423 8.4
    endloop
  endfacet
  facet normal 0.522519 -0.852628 0
    outer loop
      vertex 65.5103 9.27069 8.4
      vertex 65.0755 9.00423 2.4
      vertex 65.5103 9.27069 2.4
    endloop
  endfacet
  facet normal -0 0 1
    outer loop
      vertex 61.3019 14.1981 8.4
      vertex 61.6 12.7 8.4
      vertex 61.6897 14.5293 8.4
    endloop
  endfacet
  facet normal -0 0 1
    outer loop
      vertex 60.9707 13.8103 8.4
      vertex 61.6 12.7 8.4
      vertex 61.3019 14.1981 8.4
    endloop
  endfacet
  facet normal -0 0 1
    outer loop
      vertex 60.7042 13.3755 8.4
      vertex 61.6 12.7 8.4
      vertex 60.9707 13.8103 8.4
    endloop
  endfacet
  facet normal -0 0 1
    outer loop
      vertex 60.5091 12.9043 8.4
      vertex 61.6 12.7 8.4
      vertex 60.7042 13.3755 8.4
    endloop
  endfacet
  facet normal 0 0 1
    outer loop
      vertex 61.6 12.7 8.4
      vertex 60.5091 12.9043 8.4
      vertex 60.46 12.7 8.4
    endloop
  endfacet
  facet normal -0 0 1
    outer loop
      vertex 64.3053 10.9292 8.4
      vertex 64.4 9.9 8.4
      vertex 64.4485 11.0515 8.4
    endloop
  endfacet
  facet normal -0 0 1
    outer loop
      vertex 64.1448 10.8308 8.4
      vertex 64.4 9.9 8.4
      vertex 64.3053 10.9292 8.4
    endloop
  endfacet
  facet normal -0 0 1
    outer loop
      vertex 63.9708 10.7587 8.4
      vertex 64.4 9.9 8.4
      vertex 64.1448 10.8308 8.4
    endloop
  endfacet
  facet normal -0 0 1
    outer loop
      vertex 63.7877 10.7148 8.4
      vertex 64.4 9.9 8.4
      vertex 63.9708 10.7587 8.4
    endloop
  endfacet
  facet normal -0 0 1
    outer loop
      vertex 63.6 10.7 8.4
      vertex 64.4 9.9 8.4
      vertex 63.7877 10.7148 8.4
    endloop
  endfacet
  facet normal 0 0 1
    outer loop
      vertex 63.4123 10.7148 8.4
      vertex 64.4 9.9 8.4
      vertex 63.6 10.7 8.4
    endloop
  endfacet
  facet normal 0 0 1
    outer loop
      vertex 61.6 9.9 8.4
      vertex 63.4123 10.7148 8.4
      vertex 63.2292 10.7587 8.4
    endloop
  endfacet
  facet normal 0 0 1
    outer loop
      vertex 61.6 9.9 8.4
      vertex 63.2292 10.7587 8.4
      vertex 63.0552 10.8308 8.4
    endloop
  endfacet
  facet normal 0 0 1
    outer loop
      vertex 61.6 9.9 8.4
      vertex 63.0552 10.8308 8.4
      vertex 62.8947 10.9292 8.4
    endloop
  endfacet
  facet normal 0 0 1
    outer loop
      vertex 62.4148 12.0877 8.4
      vertex 61.6 12.7 8.4
      vertex 62.4 11.9 8.4
    endloop
  endfacet
  facet normal 0 0 1
    outer loop
      vertex 61.6 12.7 8.4
      vertex 62.1245 14.7958 8.4
      vertex 61.6897 14.5293 8.4
    endloop
  endfacet
  facet normal 0 0 1
    outer loop
      vertex 62.4 11.9 8.4
      vertex 61.6 12.7 8.4
      vertex 62.4148 11.7123 8.4
    endloop
  endfacet
  facet normal 0 0 1
    outer loop
      vertex 61.6 9.9 8.4
      vertex 62.4148 11.7123 8.4
      vertex 61.6 12.7 8.4
    endloop
  endfacet
  facet normal 0 0 1
    outer loop
      vertex 62.4148 11.7123 8.4
      vertex 61.6 9.9 8.4
      vertex 62.4587 11.5292 8.4
    endloop
  endfacet
  facet normal 0 0 1
    outer loop
      vertex 62.4587 11.5292 8.4
      vertex 61.6 9.9 8.4
      vertex 62.5308 11.3552 8.4
    endloop
  endfacet
  facet normal 0 0 1
    outer loop
      vertex 63.4123 10.7148 8.4
      vertex 61.6 9.9 8.4
      vertex 64.4 9.9 8.4
    endloop
  endfacet
  facet normal 0 0 1
    outer loop
      vertex 62.7515 11.0515 8.4
      vertex 61.6 9.9 8.4
      vertex 62.8947 10.9292 8.4
    endloop
  endfacet
  facet normal 0 0 1
    outer loop
      vertex 62.6292 11.1947 8.4
      vertex 61.6 9.9 8.4
      vertex 62.7515 11.0515 8.4
    endloop
  endfacet
  facet normal 0 0 1
    outer loop
      vertex 62.5308 11.3552 8.4
      vertex 61.6 9.9 8.4
      vertex 62.6292 11.1947 8.4
    endloop
  endfacet
  facet normal 0 0 1
    outer loop
      vertex 64.8 11.9 8.4
      vertex 66.85 11.9 8.4
      vertex 66.81 12.4084 8.4
    endloop
  endfacet
  facet normal 0 0 1
    outer loop
      vertex 64.7852 12.0877 8.4
      vertex 66.81 12.4084 8.4
      vertex 66.6909 12.9043 8.4
    endloop
  endfacet
  facet normal 0 0 1
    outer loop
      vertex 66.85 11.9 8.4
      vertex 64.8 11.9 8.4
      vertex 66.81 11.3916 8.4
    endloop
  endfacet
  facet normal 0 0 1
    outer loop
      vertex 64.7413 12.2708 8.4
      vertex 66.6909 12.9043 8.4
      vertex 66.4958 13.3755 8.4
    endloop
  endfacet
  facet normal -0 0 1
    outer loop
      vertex 64.7852 11.7123 8.4
      vertex 66.81 11.3916 8.4
      vertex 64.8 11.9 8.4
    endloop
  endfacet
  facet normal 0 0 1
    outer loop
      vertex 64.6692 12.4448 8.4
      vertex 66.4958 13.3755 8.4
      vertex 66.2293 13.8103 8.4
    endloop
  endfacet
  facet normal 0 0 1
    outer loop
      vertex 66.81 11.3916 8.4
      vertex 64.7852 11.7123 8.4
      vertex 66.6909 10.8957 8.4
    endloop
  endfacet
  facet normal 0 0 1
    outer loop
      vertex 64.5708 12.6053 8.4
      vertex 66.2293 13.8103 8.4
      vertex 65.8981 14.1981 8.4
    endloop
  endfacet
  facet normal -0 0 1
    outer loop
      vertex 64.7413 11.5292 8.4
      vertex 66.6909 10.8957 8.4
      vertex 64.7852 11.7123 8.4
    endloop
  endfacet
  facet normal 0 0 1
    outer loop
      vertex 64.4485 12.7485 8.4
      vertex 65.8981 14.1981 8.4
      vertex 65.5103 14.5293 8.4
    endloop
  endfacet
  facet normal 0 0 1
    outer loop
      vertex 66.6909 10.8957 8.4
      vertex 64.7413 11.5292 8.4
      vertex 66.4958 10.4245 8.4
    endloop
  endfacet
  facet normal 0 0 1
    outer loop
      vertex 64.3053 12.8708 8.4
      vertex 65.5103 14.5293 8.4
      vertex 65.0755 14.7958 8.4
    endloop
  endfacet
  facet normal -0 0 1
    outer loop
      vertex 64.6692 11.3552 8.4
      vertex 66.4958 10.4245 8.4
      vertex 64.7413 11.5292 8.4
    endloop
  endfacet
  facet normal 0 0 1
    outer loop
      vertex 66.4958 10.4245 8.4
      vertex 64.6692 11.3552 8.4
      vertex 66.2293 9.9897 8.4
    endloop
  endfacet
  facet normal 0 0 1
    outer loop
      vertex 66.81 12.4084 8.4
      vertex 64.7852 12.0877 8.4
      vertex 64.8 11.9 8.4
    endloop
  endfacet
  facet normal 0 0 1
    outer loop
      vertex 66.6909 12.9043 8.4
      vertex 64.7413 12.2708 8.4
      vertex 64.7852 12.0877 8.4
    endloop
  endfacet
  facet normal 0 0 1
    outer loop
      vertex 66.4958 13.3755 8.4
      vertex 64.6692 12.4448 8.4
      vertex 64.7413 12.2708 8.4
    endloop
  endfacet
  facet normal 0 0 1
    outer loop
      vertex 64.1448 12.9692 8.4
      vertex 65.0755 14.7958 8.4
      vertex 64.6043 14.9909 8.4
    endloop
  endfacet
  facet normal 0 0 1
    outer loop
      vertex 66.2293 13.8103 8.4
      vertex 64.5708 12.6053 8.4
      vertex 64.6692 12.4448 8.4
    endloop
  endfacet
  facet normal 0 0 1
    outer loop
      vertex 65.8981 14.1981 8.4
      vertex 64.4485 12.7485 8.4
      vertex 64.5708 12.6053 8.4
    endloop
  endfacet
  facet normal 0 0 1
    outer loop
      vertex 65.5103 14.5293 8.4
      vertex 64.3053 12.8708 8.4
      vertex 64.4485 12.7485 8.4
    endloop
  endfacet
  facet normal 0 0 1
    outer loop
      vertex 65.0755 14.7958 8.4
      vertex 64.1448 12.9692 8.4
      vertex 64.3053 12.8708 8.4
    endloop
  endfacet
  facet normal 0 0 1
    outer loop
      vertex 63.9708 13.0413 8.4
      vertex 64.6043 14.9909 8.4
      vertex 64.1084 15.11 8.4
    endloop
  endfacet
  facet normal 0 0 1
    outer loop
      vertex 64.6043 14.9909 8.4
      vertex 63.9708 13.0413 8.4
      vertex 64.1448 12.9692 8.4
    endloop
  endfacet
  facet normal 0 0 1
    outer loop
      vertex 64.1084 15.11 8.4
      vertex 63.7877 13.0852 8.4
      vertex 63.9708 13.0413 8.4
    endloop
  endfacet
  facet normal 0 0 1
    outer loop
      vertex 63.6 15.15 8.4
      vertex 63.7877 13.0852 8.4
      vertex 64.1084 15.11 8.4
    endloop
  endfacet
  facet normal 0 0 1
    outer loop
      vertex 63.6 15.15 8.4
      vertex 63.6 13.1 8.4
      vertex 63.7877 13.0852 8.4
    endloop
  endfacet
  facet normal 0 0 1
    outer loop
      vertex 63.6 15.15 8.4
      vertex 63.4123 13.0852 8.4
      vertex 63.6 13.1 8.4
    endloop
  endfacet
  facet normal -0 0 1
    outer loop
      vertex 63.0916 15.11 8.4
      vertex 63.4123 13.0852 8.4
      vertex 63.6 15.15 8.4
    endloop
  endfacet
  facet normal 0 0 1
    outer loop
      vertex 63.4123 13.0852 8.4
      vertex 63.0916 15.11 8.4
      vertex 63.2292 13.0413 8.4
    endloop
  endfacet
  facet normal -0 0 1
    outer loop
      vertex 62.5957 14.9909 8.4
      vertex 63.2292 13.0413 8.4
      vertex 63.0916 15.11 8.4
    endloop
  endfacet
  facet normal 0 0 1
    outer loop
      vertex 63.2292 13.0413 8.4
      vertex 62.5957 14.9909 8.4
      vertex 63.0552 12.9692 8.4
    endloop
  endfacet
  facet normal -0 0 1
    outer loop
      vertex 62.1245 14.7958 8.4
      vertex 63.0552 12.9692 8.4
      vertex 62.5957 14.9909 8.4
    endloop
  endfacet
  facet normal 0 0 1
    outer loop
      vertex 63.0552 12.9692 8.4
      vertex 62.1245 14.7958 8.4
      vertex 62.8947 12.8708 8.4
    endloop
  endfacet
  facet normal 0 0 1
    outer loop
      vertex 61.6 12.7 8.4
      vertex 62.8947 12.8708 8.4
      vertex 62.1245 14.7958 8.4
    endloop
  endfacet
  facet normal 0 0 1
    outer loop
      vertex 62.8947 12.8708 8.4
      vertex 61.6 12.7 8.4
      vertex 62.7515 12.7485 8.4
    endloop
  endfacet
  facet normal 0 0 1
    outer loop
      vertex 62.7515 12.7485 8.4
      vertex 61.6 12.7 8.4
      vertex 62.6292 12.6053 8.4
    endloop
  endfacet
  facet normal 0 0 1
    outer loop
      vertex 62.6292 12.6053 8.4
      vertex 61.6 12.7 8.4
      vertex 62.5308 12.4448 8.4
    endloop
  endfacet
  facet normal 0 0 1
    outer loop
      vertex 62.5308 12.4448 8.4
      vertex 61.6 12.7 8.4
      vertex 62.4587 12.2708 8.4
    endloop
  endfacet
  facet normal 0 0 1
    outer loop
      vertex 62.4587 12.2708 8.4
      vertex 61.6 12.7 8.4
      vertex 62.4148 12.0877 8.4
    endloop
  endfacet
  facet normal -0 0 1
    outer loop
      vertex 64.5708 11.1947 8.4
      vertex 66.2293 9.9897 8.4
      vertex 64.6692 11.3552 8.4
    endloop
  endfacet
  facet normal 0 0 1
    outer loop
      vertex 66.2293 9.9897 8.4
      vertex 64.5708 11.1947 8.4
      vertex 65.8981 9.6019 8.4
    endloop
  endfacet
  facet normal -0 0 1
    outer loop
      vertex 64.4485 11.0515 8.4
      vertex 65.8981 9.6019 8.4
      vertex 64.5708 11.1947 8.4
    endloop
  endfacet
  facet normal 0 0 1
    outer loop
      vertex 65.8981 9.6019 8.4
      vertex 64.4 9.9 8.4
      vertex 65.5103 9.27069 8.4
    endloop
  endfacet
  facet normal 0 0 1
    outer loop
      vertex 65.5103 9.27069 8.4
      vertex 64.4 9.9 8.4
      vertex 65.0755 9.00423 8.4
    endloop
  endfacet
  facet normal 0 0 1
    outer loop
      vertex 65.8981 9.6019 8.4
      vertex 64.4485 11.0515 8.4
      vertex 64.4 9.9 8.4
    endloop
  endfacet
  facet normal 0 0 1
    outer loop
      vertex 65.0755 9.00423 8.4
      vertex 64.4 9.9 8.4
      vertex 64.6043 8.80907 8.4
    endloop
  endfacet
  facet normal 0 0 1
    outer loop
      vertex 64.6043 8.80907 8.4
      vertex 64.4 9.9 8.4
      vertex 64.4 8.76002 8.4
    endloop
  endfacet
  facet normal 0 0 1
    outer loop
      vertex 64.15 8.7 8.4
      vertex 63.6 8.65 8.4
      vertex 64.1084 8.69001 8.4
    endloop
  endfacet
  facet normal -0 0 1
    outer loop
      vertex 63.05 8.7 8.4
      vertex 63.6 8.65 8.4
      vertex 64.15 8.7 8.4
    endloop
  endfacet
  facet normal 0 0 1
    outer loop
      vertex 63.6 8.65 8.4
      vertex 63.05 8.7 8.4
      vertex 63.0916 8.69001 8.4
    endloop
  endfacet
  facet normal 0 0 1
    outer loop
      vertex 60.35 11.9 8.4
      vertex 60.4 12.45 8.4
      vertex 60.39 12.4084 8.4
    endloop
  endfacet
  facet normal 0 0 1
    outer loop
      vertex 60.4 12.45 8.4
      vertex 60.35 11.9 8.4
      vertex 60.4 11.35 8.4
    endloop
  endfacet
  facet normal 0 0 1
    outer loop
      vertex 60.4 11.35 8.4
      vertex 60.35 11.9 8.4
      vertex 60.39 11.3916 8.4
    endloop
  endfacet
  facet normal -0.233529 0.97235 0
    outer loop
      vertex 63.0916 15.11 2.4
      vertex 62.5957 14.9909 8.4
      vertex 63.0916 15.11 8.4
    endloop
  endfacet
  facet normal -0.233529 0.97235 0
    outer loop
      vertex 62.5957 14.9909 8.4
      vertex 63.0916 15.11 2.4
      vertex 62.5957 14.9909 2.4
    endloop
  endfacet
  facet normal -0.233506 -0.972355 0
    outer loop
      vertex 63.05 8.7 2.4
      vertex 63.0916 8.69001 8.4
      vertex 63.05 8.7 8.4
    endloop
  endfacet
  facet normal -0.233506 -0.972355 -0
    outer loop
      vertex 63.0916 8.69001 8.4
      vertex 63.05 8.7 2.4
      vertex 63.0916 8.69001 2.4
    endloop
  endfacet
  facet normal 0.852593 -0.522576 0
    outer loop
      vertex 66.2293 9.9897 8.4
      vertex 66.4958 10.4245 2.4
      vertex 66.4958 10.4245 8.4
    endloop
  endfacet
  facet normal 0.852593 -0.522576 0
    outer loop
      vertex 66.4958 10.4245 2.4
      vertex 66.2293 9.9897 8.4
      vertex 66.2293 9.9897 2.4
    endloop
  endfacet
  facet normal -0.972302 0.233727 0
    outer loop
      vertex 60.39 12.4084 2.4
      vertex 60.4 12.45 8.4
      vertex 60.4 12.45 2.4
    endloop
  endfacet
  facet normal -0.972302 0.233727 0
    outer loop
      vertex 60.4 12.45 8.4
      vertex 60.39 12.4084 2.4
      vertex 60.39 12.4084 8.4
    endloop
  endfacet
  facet normal -0.972314 0.233679 0
    outer loop
      vertex 60.46 12.7 2.4
      vertex 60.5091 12.9043 8.4
      vertex 60.5091 12.9043 2.4
    endloop
  endfacet
  facet normal -0.972314 0.233679 0
    outer loop
      vertex 60.5091 12.9043 8.4
      vertex 60.46 12.7 2.4
      vertex 60.46 12.7 8.4
    endloop
  endfacet
  facet normal -0.0784553 -0.996918 0
    outer loop
      vertex 63.0916 8.69001 2.4
      vertex 63.6 8.65 8.4
      vertex 63.0916 8.69001 8.4
    endloop
  endfacet
  facet normal -0.0784553 -0.996918 -0
    outer loop
      vertex 63.6 8.65 8.4
      vertex 63.0916 8.69001 2.4
      vertex 63.6 8.65 2.4
    endloop
  endfacet
  facet normal -0.760418 0.649434 0
    outer loop
      vertex 60.9707 13.8103 2.4
      vertex 61.3019 14.1981 8.4
      vertex 61.3019 14.1981 2.4
    endloop
  endfacet
  facet normal -0.760418 0.649434 0
    outer loop
      vertex 61.3019 14.1981 8.4
      vertex 60.9707 13.8103 2.4
      vertex 60.9707 13.8103 8.4
    endloop
  endfacet
  facet normal 0.0786053 -0.996906 0
    outer loop
      vertex 63.4123 13.0852 2.4
      vertex 63.6 13.1 8.4
      vertex 63.4123 13.0852 8.4
    endloop
  endfacet
  facet normal 0.0786053 -0.996906 0
    outer loop
      vertex 63.6 13.1 8.4
      vertex 63.4123 13.0852 2.4
      vertex 63.6 13.1 2.4
    endloop
  endfacet
  facet normal -0.649435 -0.760417 0
    outer loop
      vertex 64.3053 12.8708 2.4
      vertex 64.4485 12.7485 8.4
      vertex 64.3053 12.8708 8.4
    endloop
  endfacet
  facet normal -0.649435 -0.760417 -0
    outer loop
      vertex 64.4485 12.7485 8.4
      vertex 64.3053 12.8708 2.4
      vertex 64.4485 12.7485 2.4
    endloop
  endfacet
  facet normal -0.522674 0.852533 0
    outer loop
      vertex 64.3053 10.9292 2.4
      vertex 64.1448 10.8308 8.4
      vertex 64.3053 10.9292 8.4
    endloop
  endfacet
  facet normal -0.522674 0.852533 0
    outer loop
      vertex 64.1448 10.8308 8.4
      vertex 64.3053 10.9292 2.4
      vertex 64.1448 10.8308 2.4
    endloop
  endfacet
  facet normal -0.97244 -0.233152 0
    outer loop
      vertex 64.7852 12.0877 2.4
      vertex 64.7413 12.2708 8.4
      vertex 64.7413 12.2708 2.4
    endloop
  endfacet
  facet normal -0.97244 -0.233152 0
    outer loop
      vertex 64.7413 12.2708 8.4
      vertex 64.7852 12.0877 2.4
      vertex 64.7852 12.0877 8.4
    endloop
  endfacet
  facet normal -0.233152 0.97244 0
    outer loop
      vertex 63.9708 10.7587 2.4
      vertex 63.7877 10.7148 8.4
      vertex 63.9708 10.7587 8.4
    endloop
  endfacet
  facet normal -0.233152 0.97244 0
    outer loop
      vertex 63.7877 10.7148 8.4
      vertex 63.9708 10.7587 2.4
      vertex 63.7877 10.7148 2.4
    endloop
  endfacet
  facet normal -0.760417 -0.649435 0
    outer loop
      vertex 64.5708 12.6053 2.4
      vertex 64.4485 12.7485 8.4
      vertex 64.4485 12.7485 2.4
    endloop
  endfacet
  facet normal -0.760417 -0.649435 0
    outer loop
      vertex 64.4485 12.7485 8.4
      vertex 64.5708 12.6053 2.4
      vertex 64.5708 12.6053 8.4
    endloop
  endfacet
  facet normal 0.996906 0.0786053 0
    outer loop
      vertex 62.4148 11.7123 8.4
      vertex 62.4 11.9 2.4
      vertex 62.4 11.9 8.4
    endloop
  endfacet
  facet normal 0.996906 0.0786053 0
    outer loop
      vertex 62.4 11.9 2.4
      vertex 62.4148 11.7123 8.4
      vertex 62.4148 11.7123 2.4
    endloop
  endfacet
  facet normal -0.0786053 0.996906 0
    outer loop
      vertex 63.7877 10.7148 2.4
      vertex 63.6 10.7 8.4
      vertex 63.7877 10.7148 8.4
    endloop
  endfacet
  facet normal -0.0786053 0.996906 0
    outer loop
      vertex 63.6 10.7 8.4
      vertex 63.7877 10.7148 2.4
      vertex 63.6 10.7 2.4
    endloop
  endfacet
  facet normal -0.382805 -0.923829 0
    outer loop
      vertex 63.9708 13.0413 2.4
      vertex 64.1448 12.9692 8.4
      vertex 63.9708 13.0413 8.4
    endloop
  endfacet
  facet normal -0.382805 -0.923829 -0
    outer loop
      vertex 64.1448 12.9692 8.4
      vertex 63.9708 13.0413 2.4
      vertex 64.1448 12.9692 2.4
    endloop
  endfacet
  facet normal -0.996906 -0.0786053 0
    outer loop
      vertex 64.8 11.9 2.4
      vertex 64.7852 12.0877 8.4
      vertex 64.7852 12.0877 2.4
    endloop
  endfacet
  facet normal -0.996906 -0.0786053 0
    outer loop
      vertex 64.7852 12.0877 8.4
      vertex 64.8 11.9 2.4
      vertex 64.8 11.9 8.4
    endloop
  endfacet
  facet normal 0.97244 -0.233152 0
    outer loop
      vertex 62.4148 12.0877 8.4
      vertex 62.4587 12.2708 2.4
      vertex 62.4587 12.2708 8.4
    endloop
  endfacet
  facet normal 0.97244 -0.233152 0
    outer loop
      vertex 62.4587 12.2708 2.4
      vertex 62.4148 12.0877 8.4
      vertex 62.4148 12.0877 2.4
    endloop
  endfacet
  facet normal 0.522674 -0.852533 0
    outer loop
      vertex 62.8947 12.8708 2.4
      vertex 63.0552 12.9692 8.4
      vertex 62.8947 12.8708 8.4
    endloop
  endfacet
  facet normal 0.522674 -0.852533 0
    outer loop
      vertex 63.0552 12.9692 8.4
      vertex 62.8947 12.8708 2.4
      vertex 63.0552 12.9692 2.4
    endloop
  endfacet
  facet normal -0.923829 -0.382805 0
    outer loop
      vertex 64.7413 12.2708 2.4
      vertex 64.6692 12.4448 8.4
      vertex 64.6692 12.4448 2.4
    endloop
  endfacet
  facet normal -0.923829 -0.382805 0
    outer loop
      vertex 64.6692 12.4448 8.4
      vertex 64.7413 12.2708 2.4
      vertex 64.7413 12.2708 8.4
    endloop
  endfacet
  facet normal 0.649435 -0.760417 0
    outer loop
      vertex 62.7515 12.7485 2.4
      vertex 62.8947 12.8708 8.4
      vertex 62.7515 12.7485 8.4
    endloop
  endfacet
  facet normal 0.649435 -0.760417 0
    outer loop
      vertex 62.8947 12.8708 8.4
      vertex 62.7515 12.7485 2.4
      vertex 62.8947 12.8708 2.4
    endloop
  endfacet
  facet normal -0.923829 0.382805 0
    outer loop
      vertex 64.6692 11.3552 2.4
      vertex 64.7413 11.5292 8.4
      vertex 64.7413 11.5292 2.4
    endloop
  endfacet
  facet normal -0.923829 0.382805 0
    outer loop
      vertex 64.7413 11.5292 8.4
      vertex 64.6692 11.3552 2.4
      vertex 64.6692 11.3552 8.4
    endloop
  endfacet
  facet normal 0.97244 0.233152 0
    outer loop
      vertex 62.4587 11.5292 8.4
      vertex 62.4148 11.7123 2.4
      vertex 62.4148 11.7123 8.4
    endloop
  endfacet
  facet normal 0.97244 0.233152 0
    outer loop
      vertex 62.4148 11.7123 2.4
      vertex 62.4587 11.5292 8.4
      vertex 62.4587 11.5292 2.4
    endloop
  endfacet
  facet normal -0.649435 0.760417 0
    outer loop
      vertex 64.4485 11.0515 2.4
      vertex 64.3053 10.9292 8.4
      vertex 64.4485 11.0515 8.4
    endloop
  endfacet
  facet normal -0.649435 0.760417 0
    outer loop
      vertex 64.3053 10.9292 8.4
      vertex 64.4485 11.0515 2.4
      vertex 64.3053 10.9292 2.4
    endloop
  endfacet
  facet normal 0.923829 -0.382805 0
    outer loop
      vertex 62.4587 12.2708 8.4
      vertex 62.5308 12.4448 2.4
      vertex 62.5308 12.4448 8.4
    endloop
  endfacet
  facet normal 0.923829 -0.382805 0
    outer loop
      vertex 62.5308 12.4448 2.4
      vertex 62.4587 12.2708 8.4
      vertex 62.4587 12.2708 2.4
    endloop
  endfacet
  facet normal -0.522674 -0.852533 0
    outer loop
      vertex 64.1448 12.9692 2.4
      vertex 64.3053 12.8708 8.4
      vertex 64.1448 12.9692 8.4
    endloop
  endfacet
  facet normal -0.522674 -0.852533 -0
    outer loop
      vertex 64.3053 12.8708 8.4
      vertex 64.1448 12.9692 2.4
      vertex 64.3053 12.8708 2.4
    endloop
  endfacet
  facet normal 0.233152 0.97244 -0
    outer loop
      vertex 63.4123 10.7148 2.4
      vertex 63.2292 10.7587 8.4
      vertex 63.4123 10.7148 8.4
    endloop
  endfacet
  facet normal 0.233152 0.97244 0
    outer loop
      vertex 63.2292 10.7587 8.4
      vertex 63.4123 10.7148 2.4
      vertex 63.2292 10.7587 2.4
    endloop
  endfacet
  facet normal 0.760417 0.649435 0
    outer loop
      vertex 62.7515 11.0515 8.4
      vertex 62.6292 11.1947 2.4
      vertex 62.6292 11.1947 8.4
    endloop
  endfacet
  facet normal 0.760417 0.649435 0
    outer loop
      vertex 62.6292 11.1947 2.4
      vertex 62.7515 11.0515 8.4
      vertex 62.7515 11.0515 2.4
    endloop
  endfacet
  facet normal -0.852533 -0.522674 0
    outer loop
      vertex 64.6692 12.4448 2.4
      vertex 64.5708 12.6053 8.4
      vertex 64.5708 12.6053 2.4
    endloop
  endfacet
  facet normal -0.852533 -0.522674 0
    outer loop
      vertex 64.5708 12.6053 8.4
      vertex 64.6692 12.4448 2.4
      vertex 64.6692 12.4448 8.4
    endloop
  endfacet
  facet normal 0.996906 -0.0786053 0
    outer loop
      vertex 62.4 11.9 8.4
      vertex 62.4148 12.0877 2.4
      vertex 62.4148 12.0877 8.4
    endloop
  endfacet
  facet normal 0.996906 -0.0786053 0
    outer loop
      vertex 62.4148 12.0877 2.4
      vertex 62.4 11.9 8.4
      vertex 62.4 11.9 2.4
    endloop
  endfacet
  facet normal 0.382805 0.923829 -0
    outer loop
      vertex 63.2292 10.7587 2.4
      vertex 63.0552 10.8308 8.4
      vertex 63.2292 10.7587 8.4
    endloop
  endfacet
  facet normal 0.382805 0.923829 0
    outer loop
      vertex 63.0552 10.8308 8.4
      vertex 63.2292 10.7587 2.4
      vertex 63.0552 10.8308 2.4
    endloop
  endfacet
  facet normal -0.852533 0.522674 0
    outer loop
      vertex 64.5708 11.1947 2.4
      vertex 64.6692 11.3552 8.4
      vertex 64.6692 11.3552 2.4
    endloop
  endfacet
  facet normal -0.852533 0.522674 0
    outer loop
      vertex 64.6692 11.3552 8.4
      vertex 64.5708 11.1947 2.4
      vertex 64.5708 11.1947 8.4
    endloop
  endfacet
  facet normal -0.0786053 -0.996906 0
    outer loop
      vertex 63.6 13.1 2.4
      vertex 63.7877 13.0852 8.4
      vertex 63.6 13.1 8.4
    endloop
  endfacet
  facet normal -0.0786053 -0.996906 -0
    outer loop
      vertex 63.7877 13.0852 8.4
      vertex 63.6 13.1 2.4
      vertex 63.7877 13.0852 2.4
    endloop
  endfacet
  facet normal 0.760417 -0.649435 0
    outer loop
      vertex 62.6292 12.6053 8.4
      vertex 62.7515 12.7485 2.4
      vertex 62.7515 12.7485 8.4
    endloop
  endfacet
  facet normal 0.760417 -0.649435 0
    outer loop
      vertex 62.7515 12.7485 2.4
      vertex 62.6292 12.6053 8.4
      vertex 62.6292 12.6053 2.4
    endloop
  endfacet
  facet normal -0.760417 0.649435 0
    outer loop
      vertex 64.4485 11.0515 2.4
      vertex 64.5708 11.1947 8.4
      vertex 64.5708 11.1947 2.4
    endloop
  endfacet
  facet normal -0.760417 0.649435 0
    outer loop
      vertex 64.5708 11.1947 8.4
      vertex 64.4485 11.0515 2.4
      vertex 64.4485 11.0515 8.4
    endloop
  endfacet
  facet normal 0.382805 -0.923829 0
    outer loop
      vertex 63.0552 12.9692 2.4
      vertex 63.2292 13.0413 8.4
      vertex 63.0552 12.9692 8.4
    endloop
  endfacet
  facet normal 0.382805 -0.923829 0
    outer loop
      vertex 63.2292 13.0413 8.4
      vertex 63.0552 12.9692 2.4
      vertex 63.2292 13.0413 2.4
    endloop
  endfacet
  facet normal -0.233152 -0.97244 0
    outer loop
      vertex 63.7877 13.0852 2.4
      vertex 63.9708 13.0413 8.4
      vertex 63.7877 13.0852 8.4
    endloop
  endfacet
  facet normal -0.233152 -0.97244 -0
    outer loop
      vertex 63.9708 13.0413 8.4
      vertex 63.7877 13.0852 2.4
      vertex 63.9708 13.0413 2.4
    endloop
  endfacet
  facet normal 0.233152 -0.97244 0
    outer loop
      vertex 63.2292 13.0413 2.4
      vertex 63.4123 13.0852 8.4
      vertex 63.2292 13.0413 8.4
    endloop
  endfacet
  facet normal 0.233152 -0.97244 0
    outer loop
      vertex 63.4123 13.0852 8.4
      vertex 63.2292 13.0413 2.4
      vertex 63.4123 13.0852 2.4
    endloop
  endfacet
  facet normal 0.923829 0.382805 0
    outer loop
      vertex 62.5308 11.3552 8.4
      vertex 62.4587 11.5292 2.4
      vertex 62.4587 11.5292 8.4
    endloop
  endfacet
  facet normal 0.923829 0.382805 0
    outer loop
      vertex 62.4587 11.5292 2.4
      vertex 62.5308 11.3552 8.4
      vertex 62.5308 11.3552 2.4
    endloop
  endfacet
  facet normal -0.996906 0.0786053 0
    outer loop
      vertex 64.7852 11.7123 2.4
      vertex 64.8 11.9 8.4
      vertex 64.8 11.9 2.4
    endloop
  endfacet
  facet normal -0.996906 0.0786053 0
    outer loop
      vertex 64.8 11.9 8.4
      vertex 64.7852 11.7123 2.4
      vertex 64.7852 11.7123 8.4
    endloop
  endfacet
  facet normal 0.852533 0.522674 0
    outer loop
      vertex 62.6292 11.1947 8.4
      vertex 62.5308 11.3552 2.4
      vertex 62.5308 11.3552 8.4
    endloop
  endfacet
  facet normal 0.852533 0.522674 0
    outer loop
      vertex 62.5308 11.3552 2.4
      vertex 62.6292 11.1947 8.4
      vertex 62.6292 11.1947 2.4
    endloop
  endfacet
  facet normal 0.649435 0.760417 -0
    outer loop
      vertex 62.8947 10.9292 2.4
      vertex 62.7515 11.0515 8.4
      vertex 62.8947 10.9292 8.4
    endloop
  endfacet
  facet normal 0.649435 0.760417 0
    outer loop
      vertex 62.7515 11.0515 8.4
      vertex 62.8947 10.9292 2.4
      vertex 62.7515 11.0515 2.4
    endloop
  endfacet
  facet normal -0.382805 0.923829 0
    outer loop
      vertex 64.1448 10.8308 2.4
      vertex 63.9708 10.7587 8.4
      vertex 64.1448 10.8308 8.4
    endloop
  endfacet
  facet normal -0.382805 0.923829 0
    outer loop
      vertex 63.9708 10.7587 8.4
      vertex 64.1448 10.8308 2.4
      vertex 63.9708 10.7587 2.4
    endloop
  endfacet
  facet normal -0.97244 0.233152 0
    outer loop
      vertex 64.7413 11.5292 2.4
      vertex 64.7852 11.7123 8.4
      vertex 64.7852 11.7123 2.4
    endloop
  endfacet
  facet normal -0.97244 0.233152 0
    outer loop
      vertex 64.7852 11.7123 8.4
      vertex 64.7413 11.5292 2.4
      vertex 64.7413 11.5292 8.4
    endloop
  endfacet
  facet normal 0.0786053 0.996906 -0
    outer loop
      vertex 63.6 10.7 2.4
      vertex 63.4123 10.7148 8.4
      vertex 63.6 10.7 8.4
    endloop
  endfacet
  facet normal 0.0786053 0.996906 0
    outer loop
      vertex 63.4123 10.7148 8.4
      vertex 63.6 10.7 2.4
      vertex 63.4123 10.7148 2.4
    endloop
  endfacet
  facet normal 0.852533 -0.522674 0
    outer loop
      vertex 62.5308 12.4448 8.4
      vertex 62.6292 12.6053 2.4
      vertex 62.6292 12.6053 8.4
    endloop
  endfacet
  facet normal 0.852533 -0.522674 0
    outer loop
      vertex 62.6292 12.6053 2.4
      vertex 62.5308 12.4448 8.4
      vertex 62.5308 12.4448 2.4
    endloop
  endfacet
  facet normal 0.522674 0.852533 -0
    outer loop
      vertex 63.0552 10.8308 2.4
      vertex 62.8947 10.9292 8.4
      vertex 63.0552 10.8308 8.4
    endloop
  endfacet
  facet normal 0.522674 0.852533 0
    outer loop
      vertex 62.8947 10.9292 8.4
      vertex 63.0552 10.8308 2.4
      vertex 62.8947 10.9292 2.4
    endloop
  endfacet
  facet normal -0.649445 -0.760408 0
    outer loop
      vertex 97.3019 9.6019 2.4
      vertex 97.6897 9.27069 8.4
      vertex 97.3019 9.6019 8.4
    endloop
  endfacet
  facet normal -0.649445 -0.760408 -0
    outer loop
      vertex 97.6897 9.27069 8.4
      vertex 97.3019 9.6019 2.4
      vertex 97.6897 9.27069 2.4
    endloop
  endfacet
  facet normal 0.972422 0.233229 0
    outer loop
      vertex 102.74 12.7 8.4
      vertex 102.691 12.9043 2.4
      vertex 102.691 12.9043 8.4
    endloop
  endfacet
  facet normal 0.972422 0.233229 0
    outer loop
      vertex 102.691 12.9043 2.4
      vertex 102.74 12.7 8.4
      vertex 102.74 12.7 2.4
    endloop
  endfacet
  facet normal 0.972302 0.233727 0
    outer loop
      vertex 102.81 12.4084 8.4
      vertex 102.8 12.45 2.4
      vertex 102.8 12.45 8.4
    endloop
  endfacet
  facet normal 0.972302 0.233727 0
    outer loop
      vertex 102.8 12.45 2.4
      vertex 102.81 12.4084 8.4
      vertex 102.81 12.4084 2.4
    endloop
  endfacet
  facet normal 0.996919 0.0784358 0
    outer loop
      vertex 102.85 11.9 8.4
      vertex 102.81 12.4084 2.4
      vertex 102.81 12.4084 8.4
    endloop
  endfacet
  facet normal 0.996919 0.0784358 0
    outer loop
      vertex 102.81 12.4084 2.4
      vertex 102.85 11.9 8.4
      vertex 102.85 11.9 2.4
    endloop
  endfacet
  facet normal 0.924002 0.382386 0
    outer loop
      vertex 102.691 12.9043 8.4
      vertex 102.496 13.3755 2.4
      vertex 102.496 13.3755 8.4
    endloop
  endfacet
  facet normal 0.924002 0.382386 0
    outer loop
      vertex 102.496 13.3755 2.4
      vertex 102.691 12.9043 8.4
      vertex 102.691 12.9043 2.4
    endloop
  endfacet
  facet normal 0.233484 0.972361 -0
    outer loop
      vertex 100.604 14.9909 2.4
      vertex 100.108 15.11 8.4
      vertex 100.604 14.9909 8.4
    endloop
  endfacet
  facet normal 0.233484 0.972361 0
    outer loop
      vertex 100.108 15.11 8.4
      vertex 100.604 14.9909 2.4
      vertex 100.108 15.11 2.4
    endloop
  endfacet
  facet normal 0.760612 0.649207 0
    outer loop
      vertex 102.229 13.8103 8.4
      vertex 101.898 14.1981 2.4
      vertex 101.898 14.1981 8.4
    endloop
  endfacet
  facet normal 0.760612 0.649207 0
    outer loop
      vertex 101.898 14.1981 2.4
      vertex 102.229 13.8103 8.4
      vertex 102.229 13.8103 2.4
    endloop
  endfacet
  facet normal -0.382678 -0.923882 0
    outer loop
      vertex 98.1245 9.00423 2.4
      vertex 98.537 8.83337 8.4
      vertex 98.1245 9.00423 8.4
    endloop
  endfacet
  facet normal -0.382678 -0.923882 -0
    outer loop
      vertex 98.537 8.83337 8.4
      vertex 98.1245 9.00423 2.4
      vertex 98.537 8.83337 2.4
    endloop
  endfacet
  facet normal -0.649434 0.760418 0
    outer loop
      vertex 97.6897 14.5293 2.4
      vertex 97.3019 14.1981 8.4
      vertex 97.6897 14.5293 8.4
    endloop
  endfacet
  facet normal -0.649434 0.760418 0
    outer loop
      vertex 97.3019 14.1981 8.4
      vertex 97.6897 14.5293 2.4
      vertex 97.3019 14.1981 2.4
    endloop
  endfacet
  facet normal -0.996919 0.0784358 0
    outer loop
      vertex 96.35 11.9 2.4
      vertex 96.39 12.4084 8.4
      vertex 96.39 12.4084 2.4
    endloop
  endfacet
  facet normal -0.996919 0.0784358 0
    outer loop
      vertex 96.39 12.4084 8.4
      vertex 96.35 11.9 2.4
      vertex 96.35 11.9 8.4
    endloop
  endfacet
  facet normal -0.996919 -0.0784358 0
    outer loop
      vertex 96.39 11.3916 2.4
      vertex 96.35 11.9 8.4
      vertex 96.35 11.9 2.4
    endloop
  endfacet
  facet normal -0.996919 -0.0784358 0
    outer loop
      vertex 96.35 11.9 8.4
      vertex 96.39 11.3916 2.4
      vertex 96.39 11.3916 8.4
    endloop
  endfacet
  facet normal -0.382554 0.923933 0
    outer loop
      vertex 98.5957 14.9909 2.4
      vertex 98.1245 14.7958 8.4
      vertex 98.5957 14.9909 8.4
    endloop
  endfacet
  facet normal -0.382554 0.923933 0
    outer loop
      vertex 98.1245 14.7958 8.4
      vertex 98.5957 14.9909 2.4
      vertex 98.1245 14.7958 2.4
    endloop
  endfacet
  facet normal -0.852593 0.522576 0
    outer loop
      vertex 96.7042 13.3755 2.4
      vertex 96.9707 13.8103 8.4
      vertex 96.9707 13.8103 2.4
    endloop
  endfacet
  facet normal -0.852593 0.522576 0
    outer loop
      vertex 96.9707 13.8103 8.4
      vertex 96.7042 13.3755 2.4
      vertex 96.7042 13.3755 8.4
    endloop
  endfacet
  facet normal -0.97235 -0.233529 0
    outer loop
      vertex 96.5091 10.8957 2.4
      vertex 96.39 11.3916 8.4
      vertex 96.39 11.3916 2.4
    endloop
  endfacet
  facet normal -0.97235 -0.233529 0
    outer loop
      vertex 96.39 11.3916 8.4
      vertex 96.5091 10.8957 2.4
      vertex 96.5091 10.8957 8.4
    endloop
  endfacet
  facet normal -0.522576 0.852593 0
    outer loop
      vertex 98.1245 14.7958 2.4
      vertex 97.6897 14.5293 8.4
      vertex 98.1245 14.7958 8.4
    endloop
  endfacet
  facet normal -0.522576 0.852593 0
    outer loop
      vertex 97.6897 14.5293 8.4
      vertex 98.1245 14.7958 2.4
      vertex 97.6897 14.5293 2.4
    endloop
  endfacet
  facet normal 0.0784972 0.996914 -0
    outer loop
      vertex 100.108 15.11 2.4
      vertex 99.6 15.15 8.4
      vertex 100.108 15.11 8.4
    endloop
  endfacet
  facet normal 0.0784972 0.996914 0
    outer loop
      vertex 99.6 15.15 8.4
      vertex 100.108 15.11 2.4
      vertex 99.6 15.15 2.4
    endloop
  endfacet
  facet normal 0.522401 0.8527 -0
    outer loop
      vertex 101.51 14.5293 2.4
      vertex 101.075 14.7958 8.4
      vertex 101.51 14.5293 8.4
    endloop
  endfacet
  facet normal 0.522401 0.8527 0
    outer loop
      vertex 101.075 14.7958 8.4
      vertex 101.51 14.5293 2.4
      vertex 101.075 14.7958 2.4
    endloop
  endfacet
  facet normal 0.382692 0.923876 -0
    outer loop
      vertex 101.075 14.7958 2.4
      vertex 100.604 14.9909 8.4
      vertex 101.075 14.7958 8.4
    endloop
  endfacet
  facet normal 0.382692 0.923876 0
    outer loop
      vertex 100.604 14.9909 8.4
      vertex 101.075 14.7958 2.4
      vertex 100.604 14.9909 2.4
    endloop
  endfacet
  facet normal 0.852156 0.523288 0
    outer loop
      vertex 102.496 13.3755 8.4
      vertex 102.229 13.8103 2.4
      vertex 102.229 13.8103 8.4
    endloop
  endfacet
  facet normal 0.852156 0.523288 0
    outer loop
      vertex 102.229 13.8103 2.4
      vertex 102.496 13.3755 8.4
      vertex 102.496 13.3755 2.4
    endloop
  endfacet
  facet normal -0.923933 -0.382554 0
    outer loop
      vertex 96.7042 10.4245 2.4
      vertex 96.5091 10.8957 8.4
      vertex 96.5091 10.8957 2.4
    endloop
  endfacet
  facet normal -0.923933 -0.382554 0
    outer loop
      vertex 96.5091 10.8957 8.4
      vertex 96.7042 10.4245 2.4
      vertex 96.7042 10.4245 8.4
    endloop
  endfacet
  facet normal 0.64924 0.760583 -0
    outer loop
      vertex 101.898 14.1981 2.4
      vertex 101.51 14.5293 8.4
      vertex 101.898 14.1981 8.4
    endloop
  endfacet
  facet normal 0.64924 0.760583 0
    outer loop
      vertex 101.51 14.5293 8.4
      vertex 101.898 14.1981 2.4
      vertex 101.51 14.5293 2.4
    endloop
  endfacet
  facet normal 0.997086 -0.0762847 0
    outer loop
      vertex 102.833 11.6778 8.4
      vertex 102.85 11.9 2.4
      vertex 102.85 11.9 8.4
    endloop
  endfacet
  facet normal 0.997086 -0.0762847 0
    outer loop
      vertex 102.85 11.9 2.4
      vertex 102.833 11.6778 8.4
      vertex 102.833 11.6778 2.4
    endloop
  endfacet
  facet normal -0.0784358 0.996919 0
    outer loop
      vertex 99.6 15.15 2.4
      vertex 99.0916 15.11 8.4
      vertex 99.6 15.15 8.4
    endloop
  endfacet
  facet normal -0.0784358 0.996919 0
    outer loop
      vertex 99.0916 15.11 8.4
      vertex 99.6 15.15 2.4
      vertex 99.0916 15.11 2.4
    endloop
  endfacet
  facet normal -0.852593 -0.522576 0
    outer loop
      vertex 96.9707 9.9897 2.4
      vertex 96.7042 10.4245 8.4
      vertex 96.7042 10.4245 2.4
    endloop
  endfacet
  facet normal -0.852593 -0.522576 0
    outer loop
      vertex 96.7042 10.4245 8.4
      vertex 96.9707 9.9897 2.4
      vertex 96.9707 9.9897 8.4
    endloop
  endfacet
  facet normal -0.923933 0.382554 0
    outer loop
      vertex 96.5091 12.9043 2.4
      vertex 96.7042 13.3755 8.4
      vertex 96.7042 13.3755 2.4
    endloop
  endfacet
  facet normal -0.923933 0.382554 0
    outer loop
      vertex 96.7042 13.3755 8.4
      vertex 96.5091 12.9043 2.4
      vertex 96.5091 12.9043 8.4
    endloop
  endfacet
  facet normal -0.760418 -0.649434 0
    outer loop
      vertex 97.3019 9.6019 2.4
      vertex 96.9707 9.9897 8.4
      vertex 96.9707 9.9897 2.4
    endloop
  endfacet
  facet normal -0.760418 -0.649434 0
    outer loop
      vertex 96.9707 9.9897 8.4
      vertex 97.3019 9.6019 2.4
      vertex 97.3019 9.6019 8.4
    endloop
  endfacet
  facet normal 0 0 1
    outer loop
      vertex 101.6 11.5792 8.4
      vertex 100.785 12.0877 8.4
      vertex 100.8 11.9 8.4
    endloop
  endfacet
  facet normal 0 0 1
    outer loop
      vertex 101.6 12.7 8.4
      vertex 100.741 12.2708 8.4
      vertex 100.785 12.0877 8.4
    endloop
  endfacet
  facet normal 0 0 1
    outer loop
      vertex 101.6 12.7 8.4
      vertex 100.669 12.4448 8.4
      vertex 100.741 12.2708 8.4
    endloop
  endfacet
  facet normal 0 0 1
    outer loop
      vertex 100.145 12.9692 8.4
      vertex 101.075 14.7958 8.4
      vertex 100.604 14.9909 8.4
    endloop
  endfacet
  facet normal 0 0 1
    outer loop
      vertex 101.6 12.7 8.4
      vertex 100.571 12.6053 8.4
      vertex 100.669 12.4448 8.4
    endloop
  endfacet
  facet normal 0 0 1
    outer loop
      vertex 101.6 12.7 8.4
      vertex 100.449 12.7485 8.4
      vertex 100.571 12.6053 8.4
    endloop
  endfacet
  facet normal 0 0 1
    outer loop
      vertex 101.898 14.1981 8.4
      vertex 100.449 12.7485 8.4
      vertex 101.6 12.7 8.4
    endloop
  endfacet
  facet normal 0 0 1
    outer loop
      vertex 101.075 14.7958 8.4
      vertex 100.145 12.9692 8.4
      vertex 100.305 12.8708 8.4
    endloop
  endfacet
  facet normal 0 0 1
    outer loop
      vertex 99.9708 13.0413 8.4
      vertex 100.604 14.9909 8.4
      vertex 100.108 15.11 8.4
    endloop
  endfacet
  facet normal 0 0 1
    outer loop
      vertex 100.604 14.9909 8.4
      vertex 99.9708 13.0413 8.4
      vertex 100.145 12.9692 8.4
    endloop
  endfacet
  facet normal 0 0 1
    outer loop
      vertex 100.108 15.11 8.4
      vertex 99.7877 13.0852 8.4
      vertex 99.9708 13.0413 8.4
    endloop
  endfacet
  facet normal 0 0 1
    outer loop
      vertex 99.6 15.15 8.4
      vertex 99.7877 13.0852 8.4
      vertex 100.108 15.11 8.4
    endloop
  endfacet
  facet normal 0 0 1
    outer loop
      vertex 99.6 15.15 8.4
      vertex 99.6 13.1 8.4
      vertex 99.7877 13.0852 8.4
    endloop
  endfacet
  facet normal 0 0 1
    outer loop
      vertex 99.6 15.15 8.4
      vertex 99.4123 13.0852 8.4
      vertex 99.6 13.1 8.4
    endloop
  endfacet
  facet normal -0 0 1
    outer loop
      vertex 99.0916 15.11 8.4
      vertex 99.4123 13.0852 8.4
      vertex 99.6 15.15 8.4
    endloop
  endfacet
  facet normal 0 0 1
    outer loop
      vertex 99.4123 13.0852 8.4
      vertex 99.0916 15.11 8.4
      vertex 99.2292 13.0413 8.4
    endloop
  endfacet
  facet normal -0 0 1
    outer loop
      vertex 98.5957 14.9909 8.4
      vertex 99.2292 13.0413 8.4
      vertex 99.0916 15.11 8.4
    endloop
  endfacet
  facet normal 0 0 1
    outer loop
      vertex 99.2292 13.0413 8.4
      vertex 98.5957 14.9909 8.4
      vertex 99.0552 12.9692 8.4
    endloop
  endfacet
  facet normal -0 0 1
    outer loop
      vertex 98.1245 14.7958 8.4
      vertex 99.0552 12.9692 8.4
      vertex 98.5957 14.9909 8.4
    endloop
  endfacet
  facet normal 0 0 1
    outer loop
      vertex 99.0552 12.9692 8.4
      vertex 98.1245 14.7958 8.4
      vertex 98.8947 12.8708 8.4
    endloop
  endfacet
  facet normal -0 0 1
    outer loop
      vertex 97.6897 14.5293 8.4
      vertex 98.8947 12.8708 8.4
      vertex 98.1245 14.7958 8.4
    endloop
  endfacet
  facet normal 0 0 1
    outer loop
      vertex 98.8947 12.8708 8.4
      vertex 97.6897 14.5293 8.4
      vertex 98.7515 12.7485 8.4
    endloop
  endfacet
  facet normal -0 0 1
    outer loop
      vertex 97.3019 14.1981 8.4
      vertex 98.7515 12.7485 8.4
      vertex 97.6897 14.5293 8.4
    endloop
  endfacet
  facet normal 0 0 1
    outer loop
      vertex 98.7515 12.7485 8.4
      vertex 97.3019 14.1981 8.4
      vertex 98.6292 12.6053 8.4
    endloop
  endfacet
  facet normal -0 0 1
    outer loop
      vertex 96.9707 13.8103 8.4
      vertex 98.6292 12.6053 8.4
      vertex 97.3019 14.1981 8.4
    endloop
  endfacet
  facet normal 0 0 1
    outer loop
      vertex 98.6292 12.6053 8.4
      vertex 96.9707 13.8103 8.4
      vertex 98.5308 12.4448 8.4
    endloop
  endfacet
  facet normal 0 0 1
    outer loop
      vertex 101.6 12.7 8.4
      vertex 102.691 12.9043 8.4
      vertex 102.496 13.3755 8.4
    endloop
  endfacet
  facet normal 0 0 1
    outer loop
      vertex 101.6 12.7 8.4
      vertex 102.496 13.3755 8.4
      vertex 102.229 13.8103 8.4
    endloop
  endfacet
  facet normal 0 0 1
    outer loop
      vertex 101.6 12.7 8.4
      vertex 102.229 13.8103 8.4
      vertex 101.898 14.1981 8.4
    endloop
  endfacet
  facet normal 0 0 1
    outer loop
      vertex 102.691 12.9043 8.4
      vertex 101.6 12.7 8.4
      vertex 102.74 12.7 8.4
    endloop
  endfacet
  facet normal 0 0 1
    outer loop
      vertex 100.305 12.8708 8.4
      vertex 101.898 14.1981 8.4
      vertex 101.51 14.5293 8.4
    endloop
  endfacet
  facet normal 0 0 1
    outer loop
      vertex 100.305 12.8708 8.4
      vertex 101.51 14.5293 8.4
      vertex 101.075 14.7958 8.4
    endloop
  endfacet
  facet normal -0 0 1
    outer loop
      vertex 100.785 12.0877 8.4
      vertex 101.6 11.5792 8.4
      vertex 101.6 12.7 8.4
    endloop
  endfacet
  facet normal 0 -0 1
    outer loop
      vertex 100.449 12.7485 8.4
      vertex 101.898 14.1981 8.4
      vertex 100.305 12.8708 8.4
    endloop
  endfacet
  facet normal 0 0 1
    outer loop
      vertex 101.6 11.5792 8.4
      vertex 100.8 11.9 8.4
      vertex 101.237 11.492 8.4
    endloop
  endfacet
  facet normal -0 0 1
    outer loop
      vertex 100.785 11.7123 8.4
      vertex 101.237 11.492 8.4
      vertex 100.8 11.9 8.4
    endloop
  endfacet
  facet normal -0 0 1
    outer loop
      vertex 100.741 11.5292 8.4
      vertex 101.237 11.492 8.4
      vertex 100.785 11.7123 8.4
    endloop
  endfacet
  facet normal 0 0 1
    outer loop
      vertex 100.669 11.3552 8.4
      vertex 101.237 11.492 8.4
      vertex 100.741 11.5292 8.4
    endloop
  endfacet
  facet normal -0 0 1
    outer loop
      vertex 100.669 11.3552 8.4
      vertex 100.621 11.2368 8.4
      vertex 101.237 11.492 8.4
    endloop
  endfacet
  facet normal 0 -0 1
    outer loop
      vertex 100.621 11.2368 8.4
      vertex 100.669 11.3552 8.4
      vertex 100.582 11.2133 8.4
    endloop
  endfacet
  facet normal -0 0 1
    outer loop
      vertex 99.7877 10.7148 8.4
      vertex 99.5448 10.4552 8.4
      vertex 99.8726 10.7351 8.4
    endloop
  endfacet
  facet normal -0 0 1
    outer loop
      vertex 99.6 10.7 8.4
      vertex 99.5448 10.4552 8.4
      vertex 99.7877 10.7148 8.4
    endloop
  endfacet
  facet normal 0 0 1
    outer loop
      vertex 99.4123 10.7148 8.4
      vertex 99.5448 10.4552 8.4
      vertex 99.6 10.7 8.4
    endloop
  endfacet
  facet normal 0 0 1
    outer loop
      vertex 99.2292 10.7587 8.4
      vertex 99.5448 10.4552 8.4
      vertex 99.4123 10.7148 8.4
    endloop
  endfacet
  facet normal 0 0 1
    outer loop
      vertex 99.2292 10.7587 8.4
      vertex 99.1117 9.94809 8.4
      vertex 99.5448 10.4552 8.4
    endloop
  endfacet
  facet normal 0 0 1
    outer loop
      vertex 99.0552 10.8308 8.4
      vertex 99.1117 9.94809 8.4
      vertex 99.2292 10.7587 8.4
    endloop
  endfacet
  facet normal 0 0 1
    outer loop
      vertex 98.8 9.9 8.4
      vertex 99.1117 9.94809 8.4
      vertex 99.0552 10.8308 8.4
    endloop
  endfacet
  facet normal 0 0 1
    outer loop
      vertex 98.8 9.9 8.4
      vertex 99.0552 10.8308 8.4
      vertex 98.8947 10.9292 8.4
    endloop
  endfacet
  facet normal 0 0 1
    outer loop
      vertex 99.1117 9.94809 8.4
      vertex 98.8 9.9 8.4
      vertex 99.0822 9.9 8.4
    endloop
  endfacet
  facet normal 0 0 1
    outer loop
      vertex 98.8 9.9 8.4
      vertex 98.7632 9.37946 8.4
      vertex 98.8 9.43947 8.4
    endloop
  endfacet
  facet normal 0 0 1
    outer loop
      vertex 98.7515 11.0515 8.4
      vertex 98.8 9.9 8.4
      vertex 98.8947 10.9292 8.4
    endloop
  endfacet
  facet normal 0 0 1
    outer loop
      vertex 97.3019 9.6019 8.4
      vertex 98.8 9.9 8.4
      vertex 98.7515 11.0515 8.4
    endloop
  endfacet
  facet normal 0 0 1
    outer loop
      vertex 97.3019 9.6019 8.4
      vertex 98.7515 11.0515 8.4
      vertex 98.6292 11.1947 8.4
    endloop
  endfacet
  facet normal 0 -0 1
    outer loop
      vertex 97.6897 9.27069 8.4
      vertex 98.8 9.9 8.4
      vertex 97.3019 9.6019 8.4
    endloop
  endfacet
  facet normal 0 0 1
    outer loop
      vertex 96.9707 9.9897 8.4
      vertex 98.6292 11.1947 8.4
      vertex 98.5308 11.3552 8.4
    endloop
  endfacet
  facet normal 0 0 1
    outer loop
      vertex 96.7042 10.4245 8.4
      vertex 98.5308 11.3552 8.4
      vertex 98.4587 11.5292 8.4
    endloop
  endfacet
  facet normal 0 0 1
    outer loop
      vertex 96.5091 10.8957 8.4
      vertex 98.4587 11.5292 8.4
      vertex 98.4148 11.7123 8.4
    endloop
  endfacet
  facet normal 0 0 1
    outer loop
      vertex 96.39 11.3916 8.4
      vertex 98.4148 11.7123 8.4
      vertex 98.4 11.9 8.4
    endloop
  endfacet
  facet normal -0 0 1
    outer loop
      vertex 96.7042 13.3755 8.4
      vertex 98.5308 12.4448 8.4
      vertex 96.9707 13.8103 8.4
    endloop
  endfacet
  facet normal 0 0 1
    outer loop
      vertex 98.7632 9.37946 8.4
      vertex 98.1245 9.00423 8.4
      vertex 98.537 8.83337 8.4
    endloop
  endfacet
  facet normal 0 0 1
    outer loop
      vertex 98.5308 12.4448 8.4
      vertex 96.7042 13.3755 8.4
      vertex 98.4587 12.2708 8.4
    endloop
  endfacet
  facet normal 0 0 1
    outer loop
      vertex 98.7632 9.37946 8.4
      vertex 97.6897 9.27069 8.4
      vertex 98.1245 9.00423 8.4
    endloop
  endfacet
  facet normal -0 0 1
    outer loop
      vertex 96.5091 12.9043 8.4
      vertex 98.4587 12.2708 8.4
      vertex 96.7042 13.3755 8.4
    endloop
  endfacet
  facet normal 0 0 1
    outer loop
      vertex 98.8 9.9 8.4
      vertex 97.6897 9.27069 8.4
      vertex 98.7632 9.37946 8.4
    endloop
  endfacet
  facet normal 0 0 1
    outer loop
      vertex 98.4587 12.2708 8.4
      vertex 96.5091 12.9043 8.4
      vertex 98.4148 12.0877 8.4
    endloop
  endfacet
  facet normal 0 0 1
    outer loop
      vertex 98.6292 11.1947 8.4
      vertex 96.9707 9.9897 8.4
      vertex 97.3019 9.6019 8.4
    endloop
  endfacet
  facet normal -0 0 1
    outer loop
      vertex 96.39 12.4084 8.4
      vertex 98.4148 12.0877 8.4
      vertex 96.5091 12.9043 8.4
    endloop
  endfacet
  facet normal 0 0 1
    outer loop
      vertex 98.5308 11.3552 8.4
      vertex 96.7042 10.4245 8.4
      vertex 96.9707 9.9897 8.4
    endloop
  endfacet
  facet normal 0 0 1
    outer loop
      vertex 98.4148 12.0877 8.4
      vertex 96.39 12.4084 8.4
      vertex 98.4 11.9 8.4
    endloop
  endfacet
  facet normal 0 0 1
    outer loop
      vertex 98.4587 11.5292 8.4
      vertex 96.5091 10.8957 8.4
      vertex 96.7042 10.4245 8.4
    endloop
  endfacet
  facet normal 0 0 1
    outer loop
      vertex 96.35 11.9 8.4
      vertex 98.4 11.9 8.4
      vertex 96.39 12.4084 8.4
    endloop
  endfacet
  facet normal 0 0 1
    outer loop
      vertex 98.4148 11.7123 8.4
      vertex 96.39 11.3916 8.4
      vertex 96.5091 10.8957 8.4
    endloop
  endfacet
  facet normal 0 0 1
    outer loop
      vertex 98.4 11.9 8.4
      vertex 96.35 11.9 8.4
      vertex 96.39 11.3916 8.4
    endloop
  endfacet
  facet normal 0 0 1
    outer loop
      vertex 102.8 11.6803 8.4
      vertex 102.85 11.9 8.4
      vertex 102.81 12.4084 8.4
    endloop
  endfacet
  facet normal 0 0 1
    outer loop
      vertex 102.8 11.6803 8.4
      vertex 102.81 12.4084 8.4
      vertex 102.8 12.45 8.4
    endloop
  endfacet
  facet normal 0 0 1
    outer loop
      vertex 102.85 11.9 8.4
      vertex 102.8 11.6803 8.4
      vertex 102.833 11.6778 8.4
    endloop
  endfacet
  facet normal -0.233529 0.97235 0
    outer loop
      vertex 99.0916 15.11 2.4
      vertex 98.5957 14.9909 8.4
      vertex 99.0916 15.11 8.4
    endloop
  endfacet
  facet normal -0.233529 0.97235 0
    outer loop
      vertex 98.5957 14.9909 8.4
      vertex 99.0916 15.11 2.4
      vertex 98.5957 14.9909 2.4
    endloop
  endfacet
  facet normal -0.97235 0.233529 0
    outer loop
      vertex 96.39 12.4084 2.4
      vertex 96.5091 12.9043 8.4
      vertex 96.5091 12.9043 2.4
    endloop
  endfacet
  facet normal -0.97235 0.233529 0
    outer loop
      vertex 96.5091 12.9043 8.4
      vertex 96.39 12.4084 2.4
      vertex 96.39 12.4084 8.4
    endloop
  endfacet
  facet normal -0.522519 -0.852628 0
    outer loop
      vertex 97.6897 9.27069 2.4
      vertex 98.1245 9.00423 8.4
      vertex 97.6897 9.27069 8.4
    endloop
  endfacet
  facet normal -0.522519 -0.852628 -0
    outer loop
      vertex 98.1245 9.00423 8.4
      vertex 97.6897 9.27069 2.4
      vertex 98.1245 9.00423 2.4
    endloop
  endfacet
  facet normal -0.760418 0.649434 0
    outer loop
      vertex 96.9707 13.8103 2.4
      vertex 97.3019 14.1981 8.4
      vertex 97.3019 14.1981 2.4
    endloop
  endfacet
  facet normal -0.760418 0.649434 0
    outer loop
      vertex 97.3019 14.1981 8.4
      vertex 96.9707 13.8103 2.4
      vertex 96.9707 13.8103 8.4
    endloop
  endfacet
  facet normal 0.0786053 -0.996906 0
    outer loop
      vertex 99.4123 13.0852 2.4
      vertex 99.6 13.1 8.4
      vertex 99.4123 13.0852 8.4
    endloop
  endfacet
  facet normal 0.0786053 -0.996906 0
    outer loop
      vertex 99.6 13.1 8.4
      vertex 99.4123 13.0852 2.4
      vertex 99.6 13.1 2.4
    endloop
  endfacet
  facet normal -0.647341 -0.7622 0
    outer loop
      vertex 100.305 12.8708 2.4
      vertex 100.449 12.7485 8.4
      vertex 100.305 12.8708 8.4
    endloop
  endfacet
  facet normal -0.647341 -0.7622 -0
    outer loop
      vertex 100.449 12.7485 8.4
      vertex 100.305 12.8708 2.4
      vertex 100.449 12.7485 2.4
    endloop
  endfacet
  facet normal -0.97232 -0.233654 0
    outer loop
      vertex 100.785 12.0877 2.4
      vertex 100.741 12.2708 8.4
      vertex 100.741 12.2708 2.4
    endloop
  endfacet
  facet normal -0.97232 -0.233654 0
    outer loop
      vertex 100.741 12.2708 8.4
      vertex 100.785 12.0877 2.4
      vertex 100.785 12.0877 8.4
    endloop
  endfacet
  facet normal -0.23255 0.972585 0
    outer loop
      vertex 99.8726 10.7351 2.4
      vertex 99.7877 10.7148 8.4
      vertex 99.8726 10.7351 8.4
    endloop
  endfacet
  facet normal -0.23255 0.972585 0
    outer loop
      vertex 99.7877 10.7148 8.4
      vertex 99.8726 10.7351 2.4
      vertex 99.7877 10.7148 2.4
    endloop
  endfacet
  facet normal -0.761204 -0.648512 0
    outer loop
      vertex 100.571 12.6053 2.4
      vertex 100.449 12.7485 8.4
      vertex 100.449 12.7485 2.4
    endloop
  endfacet
  facet normal -0.761204 -0.648512 0
    outer loop
      vertex 100.449 12.7485 8.4
      vertex 100.571 12.6053 2.4
      vertex 100.571 12.6053 8.4
    endloop
  endfacet
  facet normal 0.996906 0.0786053 0
    outer loop
      vertex 98.4148 11.7123 8.4
      vertex 98.4 11.9 2.4
      vertex 98.4 11.9 8.4
    endloop
  endfacet
  facet normal 0.996906 0.0786053 0
    outer loop
      vertex 98.4 11.9 2.4
      vertex 98.4148 11.7123 8.4
      vertex 98.4148 11.7123 2.4
    endloop
  endfacet
  facet normal -0.0786053 0.996906 0
    outer loop
      vertex 99.7877 10.7148 2.4
      vertex 99.6 10.7 8.4
      vertex 99.7877 10.7148 8.4
    endloop
  endfacet
  facet normal -0.0786053 0.996906 0
    outer loop
      vertex 99.6 10.7 8.4
      vertex 99.7877 10.7148 2.4
      vertex 99.6 10.7 2.4
    endloop
  endfacet
  facet normal -0.38243 -0.923985 0
    outer loop
      vertex 99.9708 13.0413 2.4
      vertex 100.145 12.9692 8.4
      vertex 99.9708 13.0413 8.4
    endloop
  endfacet
  facet normal -0.38243 -0.923985 -0
    outer loop
      vertex 100.145 12.9692 8.4
      vertex 99.9708 13.0413 2.4
      vertex 100.145 12.9692 2.4
    endloop
  endfacet
  facet normal -0.996822 -0.0796608 0
    outer loop
      vertex 100.8 11.9 2.4
      vertex 100.785 12.0877 8.4
      vertex 100.785 12.0877 2.4
    endloop
  endfacet
  facet normal -0.996822 -0.0796608 0
    outer loop
      vertex 100.785 12.0877 8.4
      vertex 100.8 11.9 2.4
      vertex 100.8 11.9 8.4
    endloop
  endfacet
  facet normal 0.97244 -0.233152 0
    outer loop
      vertex 98.4148 12.0877 8.4
      vertex 98.4587 12.2708 2.4
      vertex 98.4587 12.2708 8.4
    endloop
  endfacet
  facet normal 0.97244 -0.233152 0
    outer loop
      vertex 98.4587 12.2708 2.4
      vertex 98.4148 12.0877 8.4
      vertex 98.4148 12.0877 2.4
    endloop
  endfacet
  facet normal 0.522674 -0.852533 0
    outer loop
      vertex 98.8947 12.8708 2.4
      vertex 99.0552 12.9692 8.4
      vertex 98.8947 12.8708 8.4
    endloop
  endfacet
  facet normal 0.522674 -0.852533 0
    outer loop
      vertex 99.0552 12.9692 8.4
      vertex 98.8947 12.8708 2.4
      vertex 99.0552 12.9692 2.4
    endloop
  endfacet
  facet normal -0.924017 -0.382352 0
    outer loop
      vertex 100.741 12.2708 2.4
      vertex 100.669 12.4448 8.4
      vertex 100.669 12.4448 2.4
    endloop
  endfacet
  facet normal -0.924017 -0.382352 0
    outer loop
      vertex 100.669 12.4448 8.4
      vertex 100.741 12.2708 2.4
      vertex 100.741 12.2708 8.4
    endloop
  endfacet
  facet normal 0.649435 -0.760417 0
    outer loop
      vertex 98.7515 12.7485 2.4
      vertex 98.8947 12.8708 8.4
      vertex 98.7515 12.7485 8.4
    endloop
  endfacet
  facet normal 0.649435 -0.760417 0
    outer loop
      vertex 98.8947 12.8708 8.4
      vertex 98.7515 12.7485 2.4
      vertex 98.8947 12.8708 2.4
    endloop
  endfacet
  facet normal -0.924017 0.382352 0
    outer loop
      vertex 100.669 11.3552 2.4
      vertex 100.741 11.5292 8.4
      vertex 100.741 11.5292 2.4
    endloop
  endfacet
  facet normal -0.924017 0.382352 0
    outer loop
      vertex 100.741 11.5292 8.4
      vertex 100.669 11.3552 2.4
      vertex 100.669 11.3552 8.4
    endloop
  endfacet
  facet normal 0.97244 0.233152 0
    outer loop
      vertex 98.4587 11.5292 8.4
      vertex 98.4148 11.7123 2.4
      vertex 98.4148 11.7123 8.4
    endloop
  endfacet
  facet normal 0.97244 0.233152 0
    outer loop
      vertex 98.4148 11.7123 2.4
      vertex 98.4587 11.5292 8.4
      vertex 98.4587 11.5292 2.4
    endloop
  endfacet
  facet normal 0.923829 -0.382805 0
    outer loop
      vertex 98.4587 12.2708 8.4
      vertex 98.5308 12.4448 2.4
      vertex 98.5308 12.4448 8.4
    endloop
  endfacet
  facet normal 0.923829 -0.382805 0
    outer loop
      vertex 98.5308 12.4448 2.4
      vertex 98.4587 12.2708 8.4
      vertex 98.4587 12.2708 2.4
    endloop
  endfacet
  facet normal -0.52386 -0.851805 0
    outer loop
      vertex 100.145 12.9692 2.4
      vertex 100.305 12.8708 8.4
      vertex 100.145 12.9692 8.4
    endloop
  endfacet
  facet normal -0.52386 -0.851805 -0
    outer loop
      vertex 100.305 12.8708 8.4
      vertex 100.145 12.9692 2.4
      vertex 100.305 12.8708 2.4
    endloop
  endfacet
  facet normal 0.233152 0.97244 -0
    outer loop
      vertex 99.4123 10.7148 2.4
      vertex 99.2292 10.7587 8.4
      vertex 99.4123 10.7148 8.4
    endloop
  endfacet
  facet normal 0.233152 0.97244 0
    outer loop
      vertex 99.2292 10.7587 8.4
      vertex 99.4123 10.7148 2.4
      vertex 99.2292 10.7587 2.4
    endloop
  endfacet
  facet normal 0.760417 0.649435 0
    outer loop
      vertex 98.7515 11.0515 8.4
      vertex 98.6292 11.1947 2.4
      vertex 98.6292 11.1947 8.4
    endloop
  endfacet
  facet normal 0.760417 0.649435 0
    outer loop
      vertex 98.6292 11.1947 2.4
      vertex 98.7515 11.0515 8.4
      vertex 98.7515 11.0515 2.4
    endloop
  endfacet
  facet normal -0.853479 -0.521127 0
    outer loop
      vertex 100.669 12.4448 2.4
      vertex 100.571 12.6053 8.4
      vertex 100.571 12.6053 2.4
    endloop
  endfacet
  facet normal -0.853479 -0.521127 0
    outer loop
      vertex 100.571 12.6053 8.4
      vertex 100.669 12.4448 2.4
      vertex 100.669 12.4448 8.4
    endloop
  endfacet
  facet normal 0.996906 -0.0786053 0
    outer loop
      vertex 98.4 11.9 8.4
      vertex 98.4148 12.0877 2.4
      vertex 98.4148 12.0877 8.4
    endloop
  endfacet
  facet normal 0.996906 -0.0786053 0
    outer loop
      vertex 98.4148 12.0877 2.4
      vertex 98.4 11.9 8.4
      vertex 98.4 11.9 2.4
    endloop
  endfacet
  facet normal 0.382805 0.923829 -0
    outer loop
      vertex 99.2292 10.7587 2.4
      vertex 99.0552 10.8308 8.4
      vertex 99.2292 10.7587 8.4
    endloop
  endfacet
  facet normal 0.382805 0.923829 0
    outer loop
      vertex 99.0552 10.8308 8.4
      vertex 99.2292 10.7587 2.4
      vertex 99.0552 10.8308 2.4
    endloop
  endfacet
  facet normal -0.852524 0.522689 0
    outer loop
      vertex 100.582 11.2133 2.4
      vertex 100.669 11.3552 8.4
      vertex 100.669 11.3552 2.4
    endloop
  endfacet
  facet normal -0.852524 0.522689 0
    outer loop
      vertex 100.669 11.3552 8.4
      vertex 100.582 11.2133 2.4
      vertex 100.582 11.2133 8.4
    endloop
  endfacet
  facet normal -0.0786053 -0.996906 0
    outer loop
      vertex 99.6 13.1 2.4
      vertex 99.7877 13.0852 8.4
      vertex 99.6 13.1 8.4
    endloop
  endfacet
  facet normal -0.0786053 -0.996906 -0
    outer loop
      vertex 99.7877 13.0852 8.4
      vertex 99.6 13.1 2.4
      vertex 99.7877 13.0852 2.4
    endloop
  endfacet
  facet normal 0.760417 -0.649435 0
    outer loop
      vertex 98.6292 12.6053 8.4
      vertex 98.7515 12.7485 2.4
      vertex 98.7515 12.7485 8.4
    endloop
  endfacet
  facet normal 0.760417 -0.649435 0
    outer loop
      vertex 98.7515 12.7485 2.4
      vertex 98.6292 12.6053 8.4
      vertex 98.6292 12.6053 2.4
    endloop
  endfacet
  facet normal 0.382805 -0.923829 0
    outer loop
      vertex 99.0552 12.9692 2.4
      vertex 99.2292 13.0413 8.4
      vertex 99.0552 12.9692 8.4
    endloop
  endfacet
  facet normal 0.382805 -0.923829 0
    outer loop
      vertex 99.2292 13.0413 8.4
      vertex 99.0552 12.9692 2.4
      vertex 99.2292 13.0413 2.4
    endloop
  endfacet
  facet normal -0.233152 -0.97244 0
    outer loop
      vertex 99.7877 13.0852 2.4
      vertex 99.9708 13.0413 8.4
      vertex 99.7877 13.0852 8.4
    endloop
  endfacet
  facet normal -0.233152 -0.97244 -0
    outer loop
      vertex 99.9708 13.0413 8.4
      vertex 99.7877 13.0852 2.4
      vertex 99.9708 13.0413 2.4
    endloop
  endfacet
  facet normal 0.233152 -0.97244 0
    outer loop
      vertex 99.2292 13.0413 2.4
      vertex 99.4123 13.0852 8.4
      vertex 99.2292 13.0413 8.4
    endloop
  endfacet
  facet normal 0.233152 -0.97244 0
    outer loop
      vertex 99.4123 13.0852 8.4
      vertex 99.2292 13.0413 2.4
      vertex 99.4123 13.0852 2.4
    endloop
  endfacet
  facet normal 0.923829 0.382805 0
    outer loop
      vertex 98.5308 11.3552 8.4
      vertex 98.4587 11.5292 2.4
      vertex 98.4587 11.5292 8.4
    endloop
  endfacet
  facet normal 0.923829 0.382805 0
    outer loop
      vertex 98.4587 11.5292 2.4
      vertex 98.5308 11.3552 8.4
      vertex 98.5308 11.3552 2.4
    endloop
  endfacet
  facet normal -0.996822 0.0796608 0
    outer loop
      vertex 100.785 11.7123 2.4
      vertex 100.8 11.9 8.4
      vertex 100.8 11.9 2.4
    endloop
  endfacet
  facet normal -0.996822 0.0796608 0
    outer loop
      vertex 100.8 11.9 8.4
      vertex 100.785 11.7123 2.4
      vertex 100.785 11.7123 8.4
    endloop
  endfacet
  facet normal 0.852533 0.522674 0
    outer loop
      vertex 98.6292 11.1947 8.4
      vertex 98.5308 11.3552 2.4
      vertex 98.5308 11.3552 8.4
    endloop
  endfacet
  facet normal 0.852533 0.522674 0
    outer loop
      vertex 98.5308 11.3552 2.4
      vertex 98.6292 11.1947 8.4
      vertex 98.6292 11.1947 2.4
    endloop
  endfacet
  facet normal 0.649435 0.760417 -0
    outer loop
      vertex 98.8947 10.9292 2.4
      vertex 98.7515 11.0515 8.4
      vertex 98.8947 10.9292 8.4
    endloop
  endfacet
  facet normal 0.649435 0.760417 0
    outer loop
      vertex 98.7515 11.0515 8.4
      vertex 98.8947 10.9292 2.4
      vertex 98.7515 11.0515 2.4
    endloop
  endfacet
  facet normal -0.97232 0.233654 0
    outer loop
      vertex 100.741 11.5292 2.4
      vertex 100.785 11.7123 8.4
      vertex 100.785 11.7123 2.4
    endloop
  endfacet
  facet normal -0.97232 0.233654 0
    outer loop
      vertex 100.785 11.7123 8.4
      vertex 100.741 11.5292 2.4
      vertex 100.741 11.5292 8.4
    endloop
  endfacet
  facet normal 0.0786053 0.996906 -0
    outer loop
      vertex 99.6 10.7 2.4
      vertex 99.4123 10.7148 8.4
      vertex 99.6 10.7 8.4
    endloop
  endfacet
  facet normal 0.0786053 0.996906 0
    outer loop
      vertex 99.4123 10.7148 8.4
      vertex 99.6 10.7 2.4
      vertex 99.4123 10.7148 2.4
    endloop
  endfacet
  facet normal 0.852533 -0.522674 0
    outer loop
      vertex 98.5308 12.4448 8.4
      vertex 98.6292 12.6053 2.4
      vertex 98.6292 12.6053 8.4
    endloop
  endfacet
  facet normal 0.852533 -0.522674 0
    outer loop
      vertex 98.6292 12.6053 2.4
      vertex 98.5308 12.4448 8.4
      vertex 98.5308 12.4448 2.4
    endloop
  endfacet
  facet normal 0.522674 0.852533 -0
    outer loop
      vertex 99.0552 10.8308 2.4
      vertex 98.8947 10.9292 8.4
      vertex 99.0552 10.8308 8.4
    endloop
  endfacet
  facet normal 0.522674 0.852533 0
    outer loop
      vertex 98.8947 10.9292 8.4
      vertex 99.0552 10.8308 2.4
      vertex 98.8947 10.9292 2.4
    endloop
  endfacet
  facet normal -0.649434 -0.760418 0
    outer loop
      vertex 61.3019 65.6019 2.4
      vertex 61.6897 65.2707 8.4
      vertex 61.3019 65.6019 8.4
    endloop
  endfacet
  facet normal -0.649434 -0.760418 -0
    outer loop
      vertex 61.6897 65.2707 8.4
      vertex 61.3019 65.6019 2.4
      vertex 61.6897 65.2707 2.4
    endloop
  endfacet
  facet normal 0.97235 0.233529 0
    outer loop
      vertex 66.81 68.4084 8.4
      vertex 66.6909 68.9043 2.4
      vertex 66.6909 68.9043 8.4
    endloop
  endfacet
  facet normal 0.97235 0.233529 0
    outer loop
      vertex 66.6909 68.9043 2.4
      vertex 66.81 68.4084 8.4
      vertex 66.81 68.4084 2.4
    endloop
  endfacet
  facet normal 0.996919 0.0784358 0
    outer loop
      vertex 66.85 67.9 8.4
      vertex 66.81 68.4084 2.4
      vertex 66.81 68.4084 8.4
    endloop
  endfacet
  facet normal 0.996919 0.0784358 0
    outer loop
      vertex 66.81 68.4084 2.4
      vertex 66.85 67.9 8.4
      vertex 66.85 67.9 2.4
    endloop
  endfacet
  facet normal 0.923933 0.382554 0
    outer loop
      vertex 66.6909 68.9043 8.4
      vertex 66.4958 69.3755 2.4
      vertex 66.4958 69.3755 8.4
    endloop
  endfacet
  facet normal 0.923933 0.382554 0
    outer loop
      vertex 66.4958 69.3755 2.4
      vertex 66.6909 68.9043 8.4
      vertex 66.6909 68.9043 2.4
    endloop
  endfacet
  facet normal 0.233727 0.972302 -0
    outer loop
      vertex 64.15 71.1 2.4
      vertex 64.1084 71.11 8.4
      vertex 64.15 71.1 8.4
    endloop
  endfacet
  facet normal 0.233727 0.972302 0
    outer loop
      vertex 64.1084 71.11 8.4
      vertex 64.15 71.1 2.4
      vertex 64.1084 71.11 2.4
    endloop
  endfacet
  facet normal 0.233679 0.972314 -0
    outer loop
      vertex 64.6043 70.9909 2.4
      vertex 64.4 71.04 8.4
      vertex 64.6043 70.9909 8.4
    endloop
  endfacet
  facet normal 0.233679 0.972314 0
    outer loop
      vertex 64.4 71.04 8.4
      vertex 64.6043 70.9909 2.4
      vertex 64.4 71.04 2.4
    endloop
  endfacet
  facet normal 0.760418 0.649434 0
    outer loop
      vertex 66.2293 69.8103 8.4
      vertex 65.8981 70.1981 2.4
      vertex 65.8981 70.1981 8.4
    endloop
  endfacet
  facet normal 0.760418 0.649434 0
    outer loop
      vertex 65.8981 70.1981 2.4
      vertex 66.2293 69.8103 8.4
      vertex 66.2293 69.8103 2.4
    endloop
  endfacet
  facet normal -0.382554 -0.923933 0
    outer loop
      vertex 62.1245 65.0042 2.4
      vertex 62.5957 64.8091 8.4
      vertex 62.1245 65.0042 8.4
    endloop
  endfacet
  facet normal -0.382554 -0.923933 -0
    outer loop
      vertex 62.5957 64.8091 8.4
      vertex 62.1245 65.0042 2.4
      vertex 62.5957 64.8091 2.4
    endloop
  endfacet
  facet normal 0.382554 -0.923933 0
    outer loop
      vertex 64.6043 64.8091 2.4
      vertex 65.0755 65.0042 8.4
      vertex 64.6043 64.8091 8.4
    endloop
  endfacet
  facet normal 0.382554 -0.923933 0
    outer loop
      vertex 65.0755 65.0042 8.4
      vertex 64.6043 64.8091 2.4
      vertex 65.0755 65.0042 2.4
    endloop
  endfacet
  facet normal -0.996919 0.0784358 0
    outer loop
      vertex 60.35 67.9 2.4
      vertex 60.39 68.4084 8.4
      vertex 60.39 68.4084 2.4
    endloop
  endfacet
  facet normal -0.996919 0.0784358 0
    outer loop
      vertex 60.39 68.4084 8.4
      vertex 60.35 67.9 2.4
      vertex 60.35 67.9 8.4
    endloop
  endfacet
  facet normal -0.996919 -0.0784358 0
    outer loop
      vertex 60.39 67.3916 2.4
      vertex 60.35 67.9 8.4
      vertex 60.35 67.9 2.4
    endloop
  endfacet
  facet normal -0.996919 -0.0784358 0
    outer loop
      vertex 60.35 67.9 8.4
      vertex 60.39 67.3916 2.4
      vertex 60.39 67.3916 8.4
    endloop
  endfacet
  facet normal 0.233529 -0.97235 0
    outer loop
      vertex 64.1084 64.69 2.4
      vertex 64.6043 64.8091 8.4
      vertex 64.1084 64.69 8.4
    endloop
  endfacet
  facet normal 0.233529 -0.97235 0
    outer loop
      vertex 64.6043 64.8091 8.4
      vertex 64.1084 64.69 2.4
      vertex 64.6043 64.8091 2.4
    endloop
  endfacet
  facet normal 0.760418 -0.649434 0
    outer loop
      vertex 65.8981 65.6019 8.4
      vertex 66.2293 65.9897 2.4
      vertex 66.2293 65.9897 8.4
    endloop
  endfacet
  facet normal 0.760418 -0.649434 0
    outer loop
      vertex 66.2293 65.9897 2.4
      vertex 65.8981 65.6019 8.4
      vertex 65.8981 65.6019 2.4
    endloop
  endfacet
  facet normal 0.0784358 -0.996919 0
    outer loop
      vertex 63.6 64.65 2.4
      vertex 64.1084 64.69 8.4
      vertex 63.6 64.65 8.4
    endloop
  endfacet
  facet normal 0.0784358 -0.996919 0
    outer loop
      vertex 64.1084 64.69 8.4
      vertex 63.6 64.65 2.4
      vertex 64.1084 64.69 2.4
    endloop
  endfacet
  facet normal -0.972302 -0.233727 0
    outer loop
      vertex 60.4 67.35 2.4
      vertex 60.39 67.3916 8.4
      vertex 60.39 67.3916 2.4
    endloop
  endfacet
  facet normal -0.972302 -0.233727 0
    outer loop
      vertex 60.39 67.3916 8.4
      vertex 60.4 67.35 2.4
      vertex 60.4 67.35 8.4
    endloop
  endfacet
  facet normal -0.972314 -0.233679 0
    outer loop
      vertex 60.5091 66.8957 2.4
      vertex 60.46 67.1 8.4
      vertex 60.46 67.1 2.4
    endloop
  endfacet
  facet normal -0.972314 -0.233679 0
    outer loop
      vertex 60.46 67.1 8.4
      vertex 60.5091 66.8957 2.4
      vertex 60.5091 66.8957 8.4
    endloop
  endfacet
  facet normal 0.649434 -0.760418 0
    outer loop
      vertex 65.5103 65.2707 2.4
      vertex 65.8981 65.6019 8.4
      vertex 65.5103 65.2707 8.4
    endloop
  endfacet
  facet normal 0.649434 -0.760418 0
    outer loop
      vertex 65.8981 65.6019 8.4
      vertex 65.5103 65.2707 2.4
      vertex 65.8981 65.6019 2.4
    endloop
  endfacet
  facet normal 0.0784358 0.996919 -0
    outer loop
      vertex 64.1084 71.11 2.4
      vertex 63.6 71.15 8.4
      vertex 64.1084 71.11 8.4
    endloop
  endfacet
  facet normal 0.0784358 0.996919 0
    outer loop
      vertex 63.6 71.15 8.4
      vertex 64.1084 71.11 2.4
      vertex 63.6 71.15 2.4
    endloop
  endfacet
  facet normal 0.522576 0.852593 -0
    outer loop
      vertex 65.5103 70.5293 2.4
      vertex 65.0755 70.7958 8.4
      vertex 65.5103 70.5293 8.4
    endloop
  endfacet
  facet normal 0.522576 0.852593 0
    outer loop
      vertex 65.0755 70.7958 8.4
      vertex 65.5103 70.5293 2.4
      vertex 65.0755 70.7958 2.4
    endloop
  endfacet
  facet normal 0.382554 0.923933 -0
    outer loop
      vertex 65.0755 70.7958 2.4
      vertex 64.6043 70.9909 8.4
      vertex 65.0755 70.7958 8.4
    endloop
  endfacet
  facet normal 0.382554 0.923933 0
    outer loop
      vertex 64.6043 70.9909 8.4
      vertex 65.0755 70.7958 2.4
      vertex 64.6043 70.9909 2.4
    endloop
  endfacet
  facet normal 0.852593 0.522576 0
    outer loop
      vertex 66.4958 69.3755 8.4
      vertex 66.2293 69.8103 2.4
      vertex 66.2293 69.8103 8.4
    endloop
  endfacet
  facet normal 0.852593 0.522576 0
    outer loop
      vertex 66.2293 69.8103 2.4
      vertex 66.4958 69.3755 8.4
      vertex 66.4958 69.3755 2.4
    endloop
  endfacet
  facet normal -0.923933 -0.382554 0
    outer loop
      vertex 60.7042 66.4245 2.4
      vertex 60.5091 66.8957 8.4
      vertex 60.5091 66.8957 2.4
    endloop
  endfacet
  facet normal -0.923933 -0.382554 0
    outer loop
      vertex 60.5091 66.8957 8.4
      vertex 60.7042 66.4245 2.4
      vertex 60.7042 66.4245 8.4
    endloop
  endfacet
  facet normal 0.649434 0.760418 -0
    outer loop
      vertex 65.8981 70.1981 2.4
      vertex 65.5103 70.5293 8.4
      vertex 65.8981 70.1981 8.4
    endloop
  endfacet
  facet normal 0.649434 0.760418 0
    outer loop
      vertex 65.5103 70.5293 8.4
      vertex 65.8981 70.1981 2.4
      vertex 65.5103 70.5293 2.4
    endloop
  endfacet
  facet normal 0.996919 -0.0784358 0
    outer loop
      vertex 66.81 67.3916 8.4
      vertex 66.85 67.9 2.4
      vertex 66.85 67.9 8.4
    endloop
  endfacet
  facet normal 0.996919 -0.0784358 0
    outer loop
      vertex 66.85 67.9 2.4
      vertex 66.81 67.3916 8.4
      vertex 66.81 67.3916 2.4
    endloop
  endfacet
  facet normal 0.97235 -0.233529 0
    outer loop
      vertex 66.6909 66.8957 8.4
      vertex 66.81 67.3916 2.4
      vertex 66.81 67.3916 8.4
    endloop
  endfacet
  facet normal 0.97235 -0.233529 0
    outer loop
      vertex 66.81 67.3916 2.4
      vertex 66.6909 66.8957 8.4
      vertex 66.6909 66.8957 2.4
    endloop
  endfacet
  facet normal 0 0 -1
    outer loop
      vertex 61.3019 65.6019 2.4
      vertex 61.6 67.1 2.4
      vertex 61.6897 65.2707 2.4
    endloop
  endfacet
  facet normal 0 0 -1
    outer loop
      vertex 60.9707 65.9897 2.4
      vertex 61.6 67.1 2.4
      vertex 61.3019 65.6019 2.4
    endloop
  endfacet
  facet normal 0 0 -1
    outer loop
      vertex 60.7042 66.4245 2.4
      vertex 61.6 67.1 2.4
      vertex 60.9707 65.9897 2.4
    endloop
  endfacet
  facet normal 0 0 -1
    outer loop
      vertex 60.5091 66.8957 2.4
      vertex 61.6 67.1 2.4
      vertex 60.7042 66.4245 2.4
    endloop
  endfacet
  facet normal -0 0 -1
    outer loop
      vertex 61.6 67.1 2.4
      vertex 60.5091 66.8957 2.4
      vertex 60.46 67.1 2.4
    endloop
  endfacet
  facet normal 0 0 -1
    outer loop
      vertex 64.3053 68.8708 2.4
      vertex 64.4 69.9 2.4
      vertex 64.4485 68.7485 2.4
    endloop
  endfacet
  facet normal 0 0 -1
    outer loop
      vertex 64.1448 68.9692 2.4
      vertex 64.4 69.9 2.4
      vertex 64.3053 68.8708 2.4
    endloop
  endfacet
  facet normal 0 0 -1
    outer loop
      vertex 63.9708 69.0413 2.4
      vertex 64.4 69.9 2.4
      vertex 64.1448 68.9692 2.4
    endloop
  endfacet
  facet normal 0 0 -1
    outer loop
      vertex 63.7877 69.0852 2.4
      vertex 64.4 69.9 2.4
      vertex 63.9708 69.0413 2.4
    endloop
  endfacet
  facet normal 0 0 -1
    outer loop
      vertex 63.6 69.1 2.4
      vertex 64.4 69.9 2.4
      vertex 63.7877 69.0852 2.4
    endloop
  endfacet
  facet normal 0 0 -1
    outer loop
      vertex 63.4123 69.0852 2.4
      vertex 64.4 69.9 2.4
      vertex 63.6 69.1 2.4
    endloop
  endfacet
  facet normal 0 0 -1
    outer loop
      vertex 61.6 69.9 2.4
      vertex 63.4123 69.0852 2.4
      vertex 63.2292 69.0413 2.4
    endloop
  endfacet
  facet normal 0 0 -1
    outer loop
      vertex 61.6 69.9 2.4
      vertex 63.2292 69.0413 2.4
      vertex 63.0552 68.9692 2.4
    endloop
  endfacet
  facet normal 0 0 -1
    outer loop
      vertex 61.6 69.9 2.4
      vertex 63.0552 68.9692 2.4
      vertex 62.8947 68.8708 2.4
    endloop
  endfacet
  facet normal -0 0 -1
    outer loop
      vertex 62.4148 67.7123 2.4
      vertex 61.6 67.1 2.4
      vertex 62.4 67.9 2.4
    endloop
  endfacet
  facet normal 0 0 -1
    outer loop
      vertex 61.6 67.1 2.4
      vertex 62.1245 65.0042 2.4
      vertex 61.6897 65.2707 2.4
    endloop
  endfacet
  facet normal -0 0 -1
    outer loop
      vertex 62.4 67.9 2.4
      vertex 61.6 67.1 2.4
      vertex 62.4148 68.0877 2.4
    endloop
  endfacet
  facet normal 0 0 -1
    outer loop
      vertex 61.6 69.9 2.4
      vertex 62.4148 68.0877 2.4
      vertex 61.6 67.1 2.4
    endloop
  endfacet
  facet normal 0 0 -1
    outer loop
      vertex 62.4148 68.0877 2.4
      vertex 61.6 69.9 2.4
      vertex 62.4587 68.2708 2.4
    endloop
  endfacet
  facet normal 0 0 -1
    outer loop
      vertex 62.4587 68.2708 2.4
      vertex 61.6 69.9 2.4
      vertex 62.5308 68.4448 2.4
    endloop
  endfacet
  facet normal 0 0 -1
    outer loop
      vertex 63.4123 69.0852 2.4
      vertex 61.6 69.9 2.4
      vertex 64.4 69.9 2.4
    endloop
  endfacet
  facet normal 0 0 -1
    outer loop
      vertex 62.7515 68.7485 2.4
      vertex 61.6 69.9 2.4
      vertex 62.8947 68.8708 2.4
    endloop
  endfacet
  facet normal 0 0 -1
    outer loop
      vertex 62.6292 68.6053 2.4
      vertex 61.6 69.9 2.4
      vertex 62.7515 68.7485 2.4
    endloop
  endfacet
  facet normal 0 0 -1
    outer loop
      vertex 62.5308 68.4448 2.4
      vertex 61.6 69.9 2.4
      vertex 62.6292 68.6053 2.4
    endloop
  endfacet
  facet normal 0 0 -1
    outer loop
      vertex 64.8 67.9 2.4
      vertex 66.85 67.9 2.4
      vertex 66.81 67.3916 2.4
    endloop
  endfacet
  facet normal 0 0 -1
    outer loop
      vertex 64.7852 67.7123 2.4
      vertex 66.81 67.3916 2.4
      vertex 66.6909 66.8957 2.4
    endloop
  endfacet
  facet normal 0 0 -1
    outer loop
      vertex 66.85 67.9 2.4
      vertex 64.8 67.9 2.4
      vertex 66.81 68.4084 2.4
    endloop
  endfacet
  facet normal 0 0 -1
    outer loop
      vertex 64.7413 67.5292 2.4
      vertex 66.6909 66.8957 2.4
      vertex 66.4958 66.4245 2.4
    endloop
  endfacet
  facet normal 0 0 -1
    outer loop
      vertex 64.7852 68.0877 2.4
      vertex 66.81 68.4084 2.4
      vertex 64.8 67.9 2.4
    endloop
  endfacet
  facet normal 0 0 -1
    outer loop
      vertex 64.6692 67.3552 2.4
      vertex 66.4958 66.4245 2.4
      vertex 66.2293 65.9897 2.4
    endloop
  endfacet
  facet normal -0 0 -1
    outer loop
      vertex 66.81 68.4084 2.4
      vertex 64.7852 68.0877 2.4
      vertex 66.6909 68.9043 2.4
    endloop
  endfacet
  facet normal 0 0 -1
    outer loop
      vertex 64.5708 67.1947 2.4
      vertex 66.2293 65.9897 2.4
      vertex 65.8981 65.6019 2.4
    endloop
  endfacet
  facet normal 0 0 -1
    outer loop
      vertex 64.7413 68.2708 2.4
      vertex 66.6909 68.9043 2.4
      vertex 64.7852 68.0877 2.4
    endloop
  endfacet
  facet normal 0 0 -1
    outer loop
      vertex 64.4485 67.0515 2.4
      vertex 65.8981 65.6019 2.4
      vertex 65.5103 65.2707 2.4
    endloop
  endfacet
  facet normal -0 0 -1
    outer loop
      vertex 66.6909 68.9043 2.4
      vertex 64.7413 68.2708 2.4
      vertex 66.4958 69.3755 2.4
    endloop
  endfacet
  facet normal 0 0 -1
    outer loop
      vertex 64.3053 66.9292 2.4
      vertex 65.5103 65.2707 2.4
      vertex 65.0755 65.0042 2.4
    endloop
  endfacet
  facet normal 0 0 -1
    outer loop
      vertex 64.6692 68.4448 2.4
      vertex 66.4958 69.3755 2.4
      vertex 64.7413 68.2708 2.4
    endloop
  endfacet
  facet normal -0 0 -1
    outer loop
      vertex 66.4958 69.3755 2.4
      vertex 64.6692 68.4448 2.4
      vertex 66.2293 69.8103 2.4
    endloop
  endfacet
  facet normal 0 0 -1
    outer loop
      vertex 66.81 67.3916 2.4
      vertex 64.7852 67.7123 2.4
      vertex 64.8 67.9 2.4
    endloop
  endfacet
  facet normal 0 0 -1
    outer loop
      vertex 66.6909 66.8957 2.4
      vertex 64.7413 67.5292 2.4
      vertex 64.7852 67.7123 2.4
    endloop
  endfacet
  facet normal 0 0 -1
    outer loop
      vertex 66.4958 66.4245 2.4
      vertex 64.6692 67.3552 2.4
      vertex 64.7413 67.5292 2.4
    endloop
  endfacet
  facet normal 0 0 -1
    outer loop
      vertex 64.1448 66.8308 2.4
      vertex 65.0755 65.0042 2.4
      vertex 64.6043 64.8091 2.4
    endloop
  endfacet
  facet normal 0 0 -1
    outer loop
      vertex 66.2293 65.9897 2.4
      vertex 64.5708 67.1947 2.4
      vertex 64.6692 67.3552 2.4
    endloop
  endfacet
  facet normal 0 0 -1
    outer loop
      vertex 65.8981 65.6019 2.4
      vertex 64.4485 67.0515 2.4
      vertex 64.5708 67.1947 2.4
    endloop
  endfacet
  facet normal 0 0 -1
    outer loop
      vertex 65.5103 65.2707 2.4
      vertex 64.3053 66.9292 2.4
      vertex 64.4485 67.0515 2.4
    endloop
  endfacet
  facet normal 0 0 -1
    outer loop
      vertex 65.0755 65.0042 2.4
      vertex 64.1448 66.8308 2.4
      vertex 64.3053 66.9292 2.4
    endloop
  endfacet
  facet normal 0 0 -1
    outer loop
      vertex 63.9708 66.7587 2.4
      vertex 64.6043 64.8091 2.4
      vertex 64.1084 64.69 2.4
    endloop
  endfacet
  facet normal 0 0 -1
    outer loop
      vertex 64.6043 64.8091 2.4
      vertex 63.9708 66.7587 2.4
      vertex 64.1448 66.8308 2.4
    endloop
  endfacet
  facet normal 0 0 -1
    outer loop
      vertex 64.1084 64.69 2.4
      vertex 63.7877 66.7148 2.4
      vertex 63.9708 66.7587 2.4
    endloop
  endfacet
  facet normal 0 0 -1
    outer loop
      vertex 63.6 64.65 2.4
      vertex 63.7877 66.7148 2.4
      vertex 64.1084 64.69 2.4
    endloop
  endfacet
  facet normal 0 0 -1
    outer loop
      vertex 63.6 64.65 2.4
      vertex 63.6 66.7 2.4
      vertex 63.7877 66.7148 2.4
    endloop
  endfacet
  facet normal 0 0 -1
    outer loop
      vertex 63.6 64.65 2.4
      vertex 63.4123 66.7148 2.4
      vertex 63.6 66.7 2.4
    endloop
  endfacet
  facet normal 0 0 -1
    outer loop
      vertex 63.0916 64.69 2.4
      vertex 63.4123 66.7148 2.4
      vertex 63.6 64.65 2.4
    endloop
  endfacet
  facet normal -0 0 -1
    outer loop
      vertex 63.4123 66.7148 2.4
      vertex 63.0916 64.69 2.4
      vertex 63.2292 66.7587 2.4
    endloop
  endfacet
  facet normal 0 0 -1
    outer loop
      vertex 62.5957 64.8091 2.4
      vertex 63.2292 66.7587 2.4
      vertex 63.0916 64.69 2.4
    endloop
  endfacet
  facet normal -0 0 -1
    outer loop
      vertex 63.2292 66.7587 2.4
      vertex 62.5957 64.8091 2.4
      vertex 63.0552 66.8308 2.4
    endloop
  endfacet
  facet normal 0 0 -1
    outer loop
      vertex 62.1245 65.0042 2.4
      vertex 63.0552 66.8308 2.4
      vertex 62.5957 64.8091 2.4
    endloop
  endfacet
  facet normal -0 0 -1
    outer loop
      vertex 63.0552 66.8308 2.4
      vertex 62.1245 65.0042 2.4
      vertex 62.8947 66.9292 2.4
    endloop
  endfacet
  facet normal 0 0 -1
    outer loop
      vertex 61.6 67.1 2.4
      vertex 62.8947 66.9292 2.4
      vertex 62.1245 65.0042 2.4
    endloop
  endfacet
  facet normal 0 0 -1
    outer loop
      vertex 62.8947 66.9292 2.4
      vertex 61.6 67.1 2.4
      vertex 62.7515 67.0515 2.4
    endloop
  endfacet
  facet normal 0 0 -1
    outer loop
      vertex 62.7515 67.0515 2.4
      vertex 61.6 67.1 2.4
      vertex 62.6292 67.1947 2.4
    endloop
  endfacet
  facet normal -0 0 -1
    outer loop
      vertex 62.6292 67.1947 2.4
      vertex 61.6 67.1 2.4
      vertex 62.5308 67.3552 2.4
    endloop
  endfacet
  facet normal -0 0 -1
    outer loop
      vertex 62.5308 67.3552 2.4
      vertex 61.6 67.1 2.4
      vertex 62.4587 67.5292 2.4
    endloop
  endfacet
  facet normal -0 0 -1
    outer loop
      vertex 62.4587 67.5292 2.4
      vertex 61.6 67.1 2.4
      vertex 62.4148 67.7123 2.4
    endloop
  endfacet
  facet normal 0 0 -1
    outer loop
      vertex 64.5708 68.6053 2.4
      vertex 66.2293 69.8103 2.4
      vertex 64.6692 68.4448 2.4
    endloop
  endfacet
  facet normal -0 0 -1
    outer loop
      vertex 66.2293 69.8103 2.4
      vertex 64.5708 68.6053 2.4
      vertex 65.8981 70.1981 2.4
    endloop
  endfacet
  facet normal 0 0 -1
    outer loop
      vertex 64.4485 68.7485 2.4
      vertex 65.8981 70.1981 2.4
      vertex 64.5708 68.6053 2.4
    endloop
  endfacet
  facet normal -0 0 -1
    outer loop
      vertex 65.8981 70.1981 2.4
      vertex 64.4 69.9 2.4
      vertex 65.5103 70.5293 2.4
    endloop
  endfacet
  facet normal -0 0 -1
    outer loop
      vertex 65.5103 70.5293 2.4
      vertex 64.4 69.9 2.4
      vertex 65.0755 70.7958 2.4
    endloop
  endfacet
  facet normal 0 0 -1
    outer loop
      vertex 65.8981 70.1981 2.4
      vertex 64.4485 68.7485 2.4
      vertex 64.4 69.9 2.4
    endloop
  endfacet
  facet normal -0 0 -1
    outer loop
      vertex 65.0755 70.7958 2.4
      vertex 64.4 69.9 2.4
      vertex 64.6043 70.9909 2.4
    endloop
  endfacet
  facet normal -0 0 -1
    outer loop
      vertex 64.6043 70.9909 2.4
      vertex 64.4 69.9 2.4
      vertex 64.4 71.04 2.4
    endloop
  endfacet
  facet normal 0 0 -1
    outer loop
      vertex 64.15 71.1 2.4
      vertex 63.6 71.15 2.4
      vertex 64.1084 71.11 2.4
    endloop
  endfacet
  facet normal 0 0 -1
    outer loop
      vertex 63.05 71.1 2.4
      vertex 63.6 71.15 2.4
      vertex 64.15 71.1 2.4
    endloop
  endfacet
  facet normal 0 0 -1
    outer loop
      vertex 63.6 71.15 2.4
      vertex 63.05 71.1 2.4
      vertex 63.0916 71.11 2.4
    endloop
  endfacet
  facet normal 0 0 -1
    outer loop
      vertex 60.35 67.9 2.4
      vertex 60.4 67.35 2.4
      vertex 60.39 67.3916 2.4
    endloop
  endfacet
  facet normal 0 0 -1
    outer loop
      vertex 60.4 67.35 2.4
      vertex 60.35 67.9 2.4
      vertex 60.4 68.45 2.4
    endloop
  endfacet
  facet normal 0 0 -1
    outer loop
      vertex 60.4 68.45 2.4
      vertex 60.35 67.9 2.4
      vertex 60.39 68.4084 2.4
    endloop
  endfacet
  facet normal -0.0784358 0.996919 0
    outer loop
      vertex 63.6 71.15 2.4
      vertex 63.0916 71.11 8.4
      vertex 63.6 71.15 8.4
    endloop
  endfacet
  facet normal -0.0784358 0.996919 0
    outer loop
      vertex 63.0916 71.11 8.4
      vertex 63.6 71.15 2.4
      vertex 63.0916 71.11 2.4
    endloop
  endfacet
  facet normal -0.852593 -0.522576 0
    outer loop
      vertex 60.9707 65.9897 2.4
      vertex 60.7042 66.4245 8.4
      vertex 60.7042 66.4245 2.4
    endloop
  endfacet
  facet normal -0.852593 -0.522576 0
    outer loop
      vertex 60.7042 66.4245 8.4
      vertex 60.9707 65.9897 2.4
      vertex 60.9707 65.9897 8.4
    endloop
  endfacet
  facet normal 0.923933 -0.382554 0
    outer loop
      vertex 66.4958 66.4245 8.4
      vertex 66.6909 66.8957 2.4
      vertex 66.6909 66.8957 8.4
    endloop
  endfacet
  facet normal 0.923933 -0.382554 0
    outer loop
      vertex 66.6909 66.8957 2.4
      vertex 66.4958 66.4245 8.4
      vertex 66.4958 66.4245 2.4
    endloop
  endfacet
  facet normal -0.760418 -0.649434 0
    outer loop
      vertex 61.3019 65.6019 2.4
      vertex 60.9707 65.9897 8.4
      vertex 60.9707 65.9897 2.4
    endloop
  endfacet
  facet normal -0.760418 -0.649434 0
    outer loop
      vertex 60.9707 65.9897 8.4
      vertex 61.3019 65.6019 2.4
      vertex 61.3019 65.6019 8.4
    endloop
  endfacet
  facet normal 0.522576 -0.852593 0
    outer loop
      vertex 65.0755 65.0042 2.4
      vertex 65.5103 65.2707 8.4
      vertex 65.0755 65.0042 8.4
    endloop
  endfacet
  facet normal 0.522576 -0.852593 0
    outer loop
      vertex 65.5103 65.2707 8.4
      vertex 65.0755 65.0042 2.4
      vertex 65.5103 65.2707 2.4
    endloop
  endfacet
  facet normal 0 0 1
    outer loop
      vertex 64.8 67.9 8.4
      vertex 66.85 67.9 8.4
      vertex 66.81 68.4084 8.4
    endloop
  endfacet
  facet normal 0 0 1
    outer loop
      vertex 64.7852 68.0877 8.4
      vertex 66.81 68.4084 8.4
      vertex 66.6909 68.9043 8.4
    endloop
  endfacet
  facet normal 0 0 1
    outer loop
      vertex 66.85 67.9 8.4
      vertex 64.8 67.9 8.4
      vertex 66.81 67.3916 8.4
    endloop
  endfacet
  facet normal 0 0 1
    outer loop
      vertex 64.7413 68.2708 8.4
      vertex 66.6909 68.9043 8.4
      vertex 66.4958 69.3755 8.4
    endloop
  endfacet
  facet normal -0 0 1
    outer loop
      vertex 64.7852 67.7123 8.4
      vertex 66.81 67.3916 8.4
      vertex 64.8 67.9 8.4
    endloop
  endfacet
  facet normal 0 0 1
    outer loop
      vertex 64.6692 68.4448 8.4
      vertex 66.4958 69.3755 8.4
      vertex 66.2293 69.8103 8.4
    endloop
  endfacet
  facet normal 0 0 1
    outer loop
      vertex 66.81 67.3916 8.4
      vertex 64.7852 67.7123 8.4
      vertex 66.6909 66.8957 8.4
    endloop
  endfacet
  facet normal 0 0 1
    outer loop
      vertex 64.5708 68.6053 8.4
      vertex 66.2293 69.8103 8.4
      vertex 65.8981 70.1981 8.4
    endloop
  endfacet
  facet normal -0 0 1
    outer loop
      vertex 64.7413 67.5292 8.4
      vertex 66.6909 66.8957 8.4
      vertex 64.7852 67.7123 8.4
    endloop
  endfacet
  facet normal 0 0 1
    outer loop
      vertex 64.4 69.9 8.4
      vertex 65.8981 70.1981 8.4
      vertex 65.5103 70.5293 8.4
    endloop
  endfacet
  facet normal 0 0 1
    outer loop
      vertex 66.6909 66.8957 8.4
      vertex 64.7413 67.5292 8.4
      vertex 66.4958 66.4245 8.4
    endloop
  endfacet
  facet normal 0 0 1
    outer loop
      vertex 64.4 69.9 8.4
      vertex 65.5103 70.5293 8.4
      vertex 65.0755 70.7958 8.4
    endloop
  endfacet
  facet normal -0 0 1
    outer loop
      vertex 64.6692 67.3552 8.4
      vertex 66.4958 66.4245 8.4
      vertex 64.7413 67.5292 8.4
    endloop
  endfacet
  facet normal 0 0 1
    outer loop
      vertex 66.4958 66.4245 8.4
      vertex 64.6692 67.3552 8.4
      vertex 66.2293 65.9897 8.4
    endloop
  endfacet
  facet normal 0 0 1
    outer loop
      vertex 66.81 68.4084 8.4
      vertex 64.7852 68.0877 8.4
      vertex 64.8 67.9 8.4
    endloop
  endfacet
  facet normal 0 0 1
    outer loop
      vertex 66.6909 68.9043 8.4
      vertex 64.7413 68.2708 8.4
      vertex 64.7852 68.0877 8.4
    endloop
  endfacet
  facet normal 0 0 1
    outer loop
      vertex 66.4958 69.3755 8.4
      vertex 64.6692 68.4448 8.4
      vertex 64.7413 68.2708 8.4
    endloop
  endfacet
  facet normal 0 0 1
    outer loop
      vertex 64.4 69.9 8.4
      vertex 65.0755 70.7958 8.4
      vertex 64.6043 70.9909 8.4
    endloop
  endfacet
  facet normal 0 -0 1
    outer loop
      vertex 64.4485 68.7485 8.4
      vertex 65.8981 70.1981 8.4
      vertex 64.4 69.9 8.4
    endloop
  endfacet
  facet normal 0 0 1
    outer loop
      vertex 66.2293 69.8103 8.4
      vertex 64.5708 68.6053 8.4
      vertex 64.6692 68.4448 8.4
    endloop
  endfacet
  facet normal 0 0 1
    outer loop
      vertex 64.4 69.9 8.4
      vertex 64.6043 70.9909 8.4
      vertex 64.4 71.04 8.4
    endloop
  endfacet
  facet normal 0 0 1
    outer loop
      vertex 65.8981 70.1981 8.4
      vertex 64.4485 68.7485 8.4
      vertex 64.5708 68.6053 8.4
    endloop
  endfacet
  facet normal 0 0 1
    outer loop
      vertex 64.4 69.9 8.4
      vertex 64.3053 68.8708 8.4
      vertex 64.4485 68.7485 8.4
    endloop
  endfacet
  facet normal 0 0 1
    outer loop
      vertex 64.4 69.9 8.4
      vertex 64.1448 68.9692 8.4
      vertex 64.3053 68.8708 8.4
    endloop
  endfacet
  facet normal 0 0 1
    outer loop
      vertex 64.4 69.9 8.4
      vertex 63.9708 69.0413 8.4
      vertex 64.1448 68.9692 8.4
    endloop
  endfacet
  facet normal 0 0 1
    outer loop
      vertex 64.4 69.9 8.4
      vertex 63.7877 69.0852 8.4
      vertex 63.9708 69.0413 8.4
    endloop
  endfacet
  facet normal 0 0 1
    outer loop
      vertex 64.4 69.9 8.4
      vertex 63.6 69.1 8.4
      vertex 63.7877 69.0852 8.4
    endloop
  endfacet
  facet normal 0 0 1
    outer loop
      vertex 64.4 69.9 8.4
      vertex 63.4123 69.0852 8.4
      vertex 63.6 69.1 8.4
    endloop
  endfacet
  facet normal -0 0 1
    outer loop
      vertex 61.6 69.9 8.4
      vertex 63.4123 69.0852 8.4
      vertex 64.4 69.9 8.4
    endloop
  endfacet
  facet normal 0 0 1
    outer loop
      vertex 63.4123 69.0852 8.4
      vertex 61.6 69.9 8.4
      vertex 63.2292 69.0413 8.4
    endloop
  endfacet
  facet normal 0 0 1
    outer loop
      vertex 63.2292 69.0413 8.4
      vertex 61.6 69.9 8.4
      vertex 63.0552 68.9692 8.4
    endloop
  endfacet
  facet normal 0 0 1
    outer loop
      vertex 61.6 67.1 8.4
      vertex 62.4 67.9 8.4
      vertex 62.4148 68.0877 8.4
    endloop
  endfacet
  facet normal 0 0 1
    outer loop
      vertex 62.4 67.9 8.4
      vertex 61.6 67.1 8.4
      vertex 62.1245 65.0042 8.4
    endloop
  endfacet
  facet normal 0 0 1
    outer loop
      vertex 61.6 69.9 8.4
      vertex 62.4148 68.0877 8.4
      vertex 62.4587 68.2708 8.4
    endloop
  endfacet
  facet normal 0 0 1
    outer loop
      vertex 63.0552 68.9692 8.4
      vertex 61.6 69.9 8.4
      vertex 62.8947 68.8708 8.4
    endloop
  endfacet
  facet normal 0 0 1
    outer loop
      vertex 61.6 69.9 8.4
      vertex 62.7515 68.7485 8.4
      vertex 62.8947 68.8708 8.4
    endloop
  endfacet
  facet normal 0 0 1
    outer loop
      vertex 61.6 69.9 8.4
      vertex 62.6292 68.6053 8.4
      vertex 62.7515 68.7485 8.4
    endloop
  endfacet
  facet normal 0 0 1
    outer loop
      vertex 61.6 69.9 8.4
      vertex 62.5308 68.4448 8.4
      vertex 62.6292 68.6053 8.4
    endloop
  endfacet
  facet normal 0 0 1
    outer loop
      vertex 61.6 69.9 8.4
      vertex 62.4587 68.2708 8.4
      vertex 62.5308 68.4448 8.4
    endloop
  endfacet
  facet normal 0 0 1
    outer loop
      vertex 62.4148 68.0877 8.4
      vertex 61.6 69.9 8.4
      vertex 61.6 67.1 8.4
    endloop
  endfacet
  facet normal 0 0 1
    outer loop
      vertex 62.1245 65.0042 8.4
      vertex 61.6 67.1 8.4
      vertex 61.6897 65.2707 8.4
    endloop
  endfacet
  facet normal 0 0 1
    outer loop
      vertex 61.6 67.1 8.4
      vertex 61.3019 65.6019 8.4
      vertex 61.6897 65.2707 8.4
    endloop
  endfacet
  facet normal 0 0 1
    outer loop
      vertex 61.6 67.1 8.4
      vertex 60.9707 65.9897 8.4
      vertex 61.3019 65.6019 8.4
    endloop
  endfacet
  facet normal 0 0 1
    outer loop
      vertex 61.6 67.1 8.4
      vertex 60.7042 66.4245 8.4
      vertex 60.9707 65.9897 8.4
    endloop
  endfacet
  facet normal 0 0 1
    outer loop
      vertex 61.6 67.1 8.4
      vertex 60.5091 66.8957 8.4
      vertex 60.7042 66.4245 8.4
    endloop
  endfacet
  facet normal 0 -0 1
    outer loop
      vertex 60.5091 66.8957 8.4
      vertex 61.6 67.1 8.4
      vertex 60.46 67.1 8.4
    endloop
  endfacet
  facet normal -0 0 1
    outer loop
      vertex 64.5708 67.1947 8.4
      vertex 66.2293 65.9897 8.4
      vertex 64.6692 67.3552 8.4
    endloop
  endfacet
  facet normal 0 0 1
    outer loop
      vertex 66.2293 65.9897 8.4
      vertex 64.5708 67.1947 8.4
      vertex 65.8981 65.6019 8.4
    endloop
  endfacet
  facet normal -0 0 1
    outer loop
      vertex 64.4485 67.0515 8.4
      vertex 65.8981 65.6019 8.4
      vertex 64.5708 67.1947 8.4
    endloop
  endfacet
  facet normal 0 0 1
    outer loop
      vertex 65.8981 65.6019 8.4
      vertex 64.4485 67.0515 8.4
      vertex 65.5103 65.2707 8.4
    endloop
  endfacet
  facet normal -0 0 1
    outer loop
      vertex 64.3053 66.9292 8.4
      vertex 65.5103 65.2707 8.4
      vertex 64.4485 67.0515 8.4
    endloop
  endfacet
  facet normal 0 0 1
    outer loop
      vertex 65.5103 65.2707 8.4
      vertex 64.3053 66.9292 8.4
      vertex 65.0755 65.0042 8.4
    endloop
  endfacet
  facet normal -0 0 1
    outer loop
      vertex 64.1448 66.8308 8.4
      vertex 65.0755 65.0042 8.4
      vertex 64.3053 66.9292 8.4
    endloop
  endfacet
  facet normal 0 0 1
    outer loop
      vertex 65.0755 65.0042 8.4
      vertex 64.1448 66.8308 8.4
      vertex 64.6043 64.8091 8.4
    endloop
  endfacet
  facet normal -0 0 1
    outer loop
      vertex 63.9708 66.7587 8.4
      vertex 64.6043 64.8091 8.4
      vertex 64.1448 66.8308 8.4
    endloop
  endfacet
  facet normal 0 0 1
    outer loop
      vertex 64.6043 64.8091 8.4
      vertex 63.9708 66.7587 8.4
      vertex 64.1084 64.69 8.4
    endloop
  endfacet
  facet normal -0 0 1
    outer loop
      vertex 63.7877 66.7148 8.4
      vertex 64.1084 64.69 8.4
      vertex 63.9708 66.7587 8.4
    endloop
  endfacet
  facet normal -0 0 1
    outer loop
      vertex 63.6 66.7 8.4
      vertex 64.1084 64.69 8.4
      vertex 63.7877 66.7148 8.4
    endloop
  endfacet
  facet normal 0 0 1
    outer loop
      vertex 63.6 66.7 8.4
      vertex 63.6 64.65 8.4
      vertex 64.1084 64.69 8.4
    endloop
  endfacet
  facet normal 0 0 1
    outer loop
      vertex 63.4123 66.7148 8.4
      vertex 63.6 64.65 8.4
      vertex 63.6 66.7 8.4
    endloop
  endfacet
  facet normal 0 0 1
    outer loop
      vertex 63.0916 64.69 8.4
      vertex 63.4123 66.7148 8.4
      vertex 63.2292 66.7587 8.4
    endloop
  endfacet
  facet normal 0 0 1
    outer loop
      vertex 63.4123 66.7148 8.4
      vertex 63.0916 64.69 8.4
      vertex 63.6 64.65 8.4
    endloop
  endfacet
  facet normal 0 0 1
    outer loop
      vertex 62.5957 64.8091 8.4
      vertex 63.2292 66.7587 8.4
      vertex 63.0552 66.8308 8.4
    endloop
  endfacet
  facet normal 0 0 1
    outer loop
      vertex 62.1245 65.0042 8.4
      vertex 63.0552 66.8308 8.4
      vertex 62.8947 66.9292 8.4
    endloop
  endfacet
  facet normal 0 0 1
    outer loop
      vertex 62.1245 65.0042 8.4
      vertex 62.8947 66.9292 8.4
      vertex 62.7515 67.0515 8.4
    endloop
  endfacet
  facet normal 0 0 1
    outer loop
      vertex 62.1245 65.0042 8.4
      vertex 62.7515 67.0515 8.4
      vertex 62.6292 67.1947 8.4
    endloop
  endfacet
  facet normal 0 0 1
    outer loop
      vertex 63.2292 66.7587 8.4
      vertex 62.5957 64.8091 8.4
      vertex 63.0916 64.69 8.4
    endloop
  endfacet
  facet normal 0 0 1
    outer loop
      vertex 62.1245 65.0042 8.4
      vertex 62.6292 67.1947 8.4
      vertex 62.5308 67.3552 8.4
    endloop
  endfacet
  facet normal 0 0 1
    outer loop
      vertex 62.1245 65.0042 8.4
      vertex 62.5308 67.3552 8.4
      vertex 62.4587 67.5292 8.4
    endloop
  endfacet
  facet normal 0 0 1
    outer loop
      vertex 62.1245 65.0042 8.4
      vertex 62.4587 67.5292 8.4
      vertex 62.4148 67.7123 8.4
    endloop
  endfacet
  facet normal 0 0 1
    outer loop
      vertex 62.1245 65.0042 8.4
      vertex 62.4148 67.7123 8.4
      vertex 62.4 67.9 8.4
    endloop
  endfacet
  facet normal 0 0 1
    outer loop
      vertex 63.0552 66.8308 8.4
      vertex 62.1245 65.0042 8.4
      vertex 62.5957 64.8091 8.4
    endloop
  endfacet
  facet normal 0 0 1
    outer loop
      vertex 63.6 71.15 8.4
      vertex 64.15 71.1 8.4
      vertex 64.1084 71.11 8.4
    endloop
  endfacet
  facet normal 0 0 1
    outer loop
      vertex 63.05 71.1 8.4
      vertex 63.6 71.15 8.4
      vertex 63.0916 71.11 8.4
    endloop
  endfacet
  facet normal 0 0 1
    outer loop
      vertex 63.6 71.15 8.4
      vertex 63.05 71.1 8.4
      vertex 64.15 71.1 8.4
    endloop
  endfacet
  facet normal 0 0 1
    outer loop
      vertex 60.35 67.9 8.4
      vertex 60.4 68.45 8.4
      vertex 60.39 68.4084 8.4
    endloop
  endfacet
  facet normal 0 0 1
    outer loop
      vertex 60.4 68.45 8.4
      vertex 60.35 67.9 8.4
      vertex 60.4 67.35 8.4
    endloop
  endfacet
  facet normal 0 0 1
    outer loop
      vertex 60.4 67.35 8.4
      vertex 60.35 67.9 8.4
      vertex 60.39 67.3916 8.4
    endloop
  endfacet
  facet normal -0.233727 0.972302 0
    outer loop
      vertex 63.0916 71.11 2.4
      vertex 63.05 71.1 8.4
      vertex 63.0916 71.11 8.4
    endloop
  endfacet
  facet normal -0.233727 0.972302 0
    outer loop
      vertex 63.05 71.1 8.4
      vertex 63.0916 71.11 2.4
      vertex 63.05 71.1 2.4
    endloop
  endfacet
  facet normal -0.233529 -0.97235 0
    outer loop
      vertex 62.5957 64.8091 2.4
      vertex 63.0916 64.69 8.4
      vertex 62.5957 64.8091 8.4
    endloop
  endfacet
  facet normal -0.233529 -0.97235 -0
    outer loop
      vertex 63.0916 64.69 8.4
      vertex 62.5957 64.8091 2.4
      vertex 63.0916 64.69 2.4
    endloop
  endfacet
  facet normal 0.852593 -0.522576 0
    outer loop
      vertex 66.2293 65.9897 8.4
      vertex 66.4958 66.4245 2.4
      vertex 66.4958 66.4245 8.4
    endloop
  endfacet
  facet normal 0.852593 -0.522576 0
    outer loop
      vertex 66.4958 66.4245 2.4
      vertex 66.2293 65.9897 8.4
      vertex 66.2293 65.9897 2.4
    endloop
  endfacet
  facet normal -0.972302 0.233727 0
    outer loop
      vertex 60.39 68.4084 2.4
      vertex 60.4 68.45 8.4
      vertex 60.4 68.45 2.4
    endloop
  endfacet
  facet normal -0.972302 0.233727 0
    outer loop
      vertex 60.4 68.45 8.4
      vertex 60.39 68.4084 2.4
      vertex 60.39 68.4084 8.4
    endloop
  endfacet
  facet normal -0.0784358 -0.996919 0
    outer loop
      vertex 63.0916 64.69 2.4
      vertex 63.6 64.65 8.4
      vertex 63.0916 64.69 8.4
    endloop
  endfacet
  facet normal -0.0784358 -0.996919 -0
    outer loop
      vertex 63.6 64.65 8.4
      vertex 63.0916 64.69 2.4
      vertex 63.6 64.65 2.4
    endloop
  endfacet
  facet normal -0.522576 -0.852593 0
    outer loop
      vertex 61.6897 65.2707 2.4
      vertex 62.1245 65.0042 8.4
      vertex 61.6897 65.2707 8.4
    endloop
  endfacet
  facet normal -0.522576 -0.852593 -0
    outer loop
      vertex 62.1245 65.0042 8.4
      vertex 61.6897 65.2707 2.4
      vertex 62.1245 65.0042 2.4
    endloop
  endfacet
  facet normal 0.0786053 -0.996906 0
    outer loop
      vertex 63.4123 69.0852 2.4
      vertex 63.6 69.1 8.4
      vertex 63.4123 69.0852 8.4
    endloop
  endfacet
  facet normal 0.0786053 -0.996906 0
    outer loop
      vertex 63.6 69.1 8.4
      vertex 63.4123 69.0852 2.4
      vertex 63.6 69.1 2.4
    endloop
  endfacet
  facet normal -0.649435 -0.760417 0
    outer loop
      vertex 64.3053 68.8708 2.4
      vertex 64.4485 68.7485 8.4
      vertex 64.3053 68.8708 8.4
    endloop
  endfacet
  facet normal -0.649435 -0.760417 -0
    outer loop
      vertex 64.4485 68.7485 8.4
      vertex 64.3053 68.8708 2.4
      vertex 64.4485 68.7485 2.4
    endloop
  endfacet
  facet normal -0.522674 0.852533 0
    outer loop
      vertex 64.3053 66.9292 2.4
      vertex 64.1448 66.8308 8.4
      vertex 64.3053 66.9292 8.4
    endloop
  endfacet
  facet normal -0.522674 0.852533 0
    outer loop
      vertex 64.1448 66.8308 8.4
      vertex 64.3053 66.9292 2.4
      vertex 64.1448 66.8308 2.4
    endloop
  endfacet
  facet normal -0.97244 -0.233152 0
    outer loop
      vertex 64.7852 68.0877 2.4
      vertex 64.7413 68.2708 8.4
      vertex 64.7413 68.2708 2.4
    endloop
  endfacet
  facet normal -0.97244 -0.233152 0
    outer loop
      vertex 64.7413 68.2708 8.4
      vertex 64.7852 68.0877 2.4
      vertex 64.7852 68.0877 8.4
    endloop
  endfacet
  facet normal -0.233152 0.97244 0
    outer loop
      vertex 63.9708 66.7587 2.4
      vertex 63.7877 66.7148 8.4
      vertex 63.9708 66.7587 8.4
    endloop
  endfacet
  facet normal -0.233152 0.97244 0
    outer loop
      vertex 63.7877 66.7148 8.4
      vertex 63.9708 66.7587 2.4
      vertex 63.7877 66.7148 2.4
    endloop
  endfacet
  facet normal -0.760417 -0.649435 0
    outer loop
      vertex 64.5708 68.6053 2.4
      vertex 64.4485 68.7485 8.4
      vertex 64.4485 68.7485 2.4
    endloop
  endfacet
  facet normal -0.760417 -0.649435 0
    outer loop
      vertex 64.4485 68.7485 8.4
      vertex 64.5708 68.6053 2.4
      vertex 64.5708 68.6053 8.4
    endloop
  endfacet
  facet normal 0.996906 0.0786053 0
    outer loop
      vertex 62.4148 67.7123 8.4
      vertex 62.4 67.9 2.4
      vertex 62.4 67.9 8.4
    endloop
  endfacet
  facet normal 0.996906 0.0786053 0
    outer loop
      vertex 62.4 67.9 2.4
      vertex 62.4148 67.7123 8.4
      vertex 62.4148 67.7123 2.4
    endloop
  endfacet
  facet normal -0.0786053 0.996906 0
    outer loop
      vertex 63.7877 66.7148 2.4
      vertex 63.6 66.7 8.4
      vertex 63.7877 66.7148 8.4
    endloop
  endfacet
  facet normal -0.0786053 0.996906 0
    outer loop
      vertex 63.6 66.7 8.4
      vertex 63.7877 66.7148 2.4
      vertex 63.6 66.7 2.4
    endloop
  endfacet
  facet normal -0.382805 -0.923829 0
    outer loop
      vertex 63.9708 69.0413 2.4
      vertex 64.1448 68.9692 8.4
      vertex 63.9708 69.0413 8.4
    endloop
  endfacet
  facet normal -0.382805 -0.923829 -0
    outer loop
      vertex 64.1448 68.9692 8.4
      vertex 63.9708 69.0413 2.4
      vertex 64.1448 68.9692 2.4
    endloop
  endfacet
  facet normal -0.996906 -0.0786053 0
    outer loop
      vertex 64.8 67.9 2.4
      vertex 64.7852 68.0877 8.4
      vertex 64.7852 68.0877 2.4
    endloop
  endfacet
  facet normal -0.996906 -0.0786053 0
    outer loop
      vertex 64.7852 68.0877 8.4
      vertex 64.8 67.9 2.4
      vertex 64.8 67.9 8.4
    endloop
  endfacet
  facet normal 0.97244 -0.233152 0
    outer loop
      vertex 62.4148 68.0877 8.4
      vertex 62.4587 68.2708 2.4
      vertex 62.4587 68.2708 8.4
    endloop
  endfacet
  facet normal 0.97244 -0.233152 0
    outer loop
      vertex 62.4587 68.2708 2.4
      vertex 62.4148 68.0877 8.4
      vertex 62.4148 68.0877 2.4
    endloop
  endfacet
  facet normal 0.522674 -0.852533 0
    outer loop
      vertex 62.8947 68.8708 2.4
      vertex 63.0552 68.9692 8.4
      vertex 62.8947 68.8708 8.4
    endloop
  endfacet
  facet normal 0.522674 -0.852533 0
    outer loop
      vertex 63.0552 68.9692 8.4
      vertex 62.8947 68.8708 2.4
      vertex 63.0552 68.9692 2.4
    endloop
  endfacet
  facet normal -0.923829 -0.382805 0
    outer loop
      vertex 64.7413 68.2708 2.4
      vertex 64.6692 68.4448 8.4
      vertex 64.6692 68.4448 2.4
    endloop
  endfacet
  facet normal -0.923829 -0.382805 0
    outer loop
      vertex 64.6692 68.4448 8.4
      vertex 64.7413 68.2708 2.4
      vertex 64.7413 68.2708 8.4
    endloop
  endfacet
  facet normal 0.649435 -0.760417 0
    outer loop
      vertex 62.7515 68.7485 2.4
      vertex 62.8947 68.8708 8.4
      vertex 62.7515 68.7485 8.4
    endloop
  endfacet
  facet normal 0.649435 -0.760417 0
    outer loop
      vertex 62.8947 68.8708 8.4
      vertex 62.7515 68.7485 2.4
      vertex 62.8947 68.8708 2.4
    endloop
  endfacet
  facet normal -0.923829 0.382805 0
    outer loop
      vertex 64.6692 67.3552 2.4
      vertex 64.7413 67.5292 8.4
      vertex 64.7413 67.5292 2.4
    endloop
  endfacet
  facet normal -0.923829 0.382805 0
    outer loop
      vertex 64.7413 67.5292 8.4
      vertex 64.6692 67.3552 2.4
      vertex 64.6692 67.3552 8.4
    endloop
  endfacet
  facet normal 0.97244 0.233152 0
    outer loop
      vertex 62.4587 67.5292 8.4
      vertex 62.4148 67.7123 2.4
      vertex 62.4148 67.7123 8.4
    endloop
  endfacet
  facet normal 0.97244 0.233152 0
    outer loop
      vertex 62.4148 67.7123 2.4
      vertex 62.4587 67.5292 8.4
      vertex 62.4587 67.5292 2.4
    endloop
  endfacet
  facet normal -0.649435 0.760417 0
    outer loop
      vertex 64.4485 67.0515 2.4
      vertex 64.3053 66.9292 8.4
      vertex 64.4485 67.0515 8.4
    endloop
  endfacet
  facet normal -0.649435 0.760417 0
    outer loop
      vertex 64.3053 66.9292 8.4
      vertex 64.4485 67.0515 2.4
      vertex 64.3053 66.9292 2.4
    endloop
  endfacet
  facet normal 0.923829 -0.382805 0
    outer loop
      vertex 62.4587 68.2708 8.4
      vertex 62.5308 68.4448 2.4
      vertex 62.5308 68.4448 8.4
    endloop
  endfacet
  facet normal 0.923829 -0.382805 0
    outer loop
      vertex 62.5308 68.4448 2.4
      vertex 62.4587 68.2708 8.4
      vertex 62.4587 68.2708 2.4
    endloop
  endfacet
  facet normal -0.522674 -0.852533 0
    outer loop
      vertex 64.1448 68.9692 2.4
      vertex 64.3053 68.8708 8.4
      vertex 64.1448 68.9692 8.4
    endloop
  endfacet
  facet normal -0.522674 -0.852533 -0
    outer loop
      vertex 64.3053 68.8708 8.4
      vertex 64.1448 68.9692 2.4
      vertex 64.3053 68.8708 2.4
    endloop
  endfacet
  facet normal 0.233152 0.97244 -0
    outer loop
      vertex 63.4123 66.7148 2.4
      vertex 63.2292 66.7587 8.4
      vertex 63.4123 66.7148 8.4
    endloop
  endfacet
  facet normal 0.233152 0.97244 0
    outer loop
      vertex 63.2292 66.7587 8.4
      vertex 63.4123 66.7148 2.4
      vertex 63.2292 66.7587 2.4
    endloop
  endfacet
  facet normal 0.760417 0.649435 0
    outer loop
      vertex 62.7515 67.0515 8.4
      vertex 62.6292 67.1947 2.4
      vertex 62.6292 67.1947 8.4
    endloop
  endfacet
  facet normal 0.760417 0.649435 0
    outer loop
      vertex 62.6292 67.1947 2.4
      vertex 62.7515 67.0515 8.4
      vertex 62.7515 67.0515 2.4
    endloop
  endfacet
  facet normal -0.852533 -0.522674 0
    outer loop
      vertex 64.6692 68.4448 2.4
      vertex 64.5708 68.6053 8.4
      vertex 64.5708 68.6053 2.4
    endloop
  endfacet
  facet normal -0.852533 -0.522674 0
    outer loop
      vertex 64.5708 68.6053 8.4
      vertex 64.6692 68.4448 2.4
      vertex 64.6692 68.4448 8.4
    endloop
  endfacet
  facet normal 0.996906 -0.0786053 0
    outer loop
      vertex 62.4 67.9 8.4
      vertex 62.4148 68.0877 2.4
      vertex 62.4148 68.0877 8.4
    endloop
  endfacet
  facet normal 0.996906 -0.0786053 0
    outer loop
      vertex 62.4148 68.0877 2.4
      vertex 62.4 67.9 8.4
      vertex 62.4 67.9 2.4
    endloop
  endfacet
  facet normal 0.382805 0.923829 -0
    outer loop
      vertex 63.2292 66.7587 2.4
      vertex 63.0552 66.8308 8.4
      vertex 63.2292 66.7587 8.4
    endloop
  endfacet
  facet normal 0.382805 0.923829 0
    outer loop
      vertex 63.0552 66.8308 8.4
      vertex 63.2292 66.7587 2.4
      vertex 63.0552 66.8308 2.4
    endloop
  endfacet
  facet normal -0.852533 0.522674 0
    outer loop
      vertex 64.5708 67.1947 2.4
      vertex 64.6692 67.3552 8.4
      vertex 64.6692 67.3552 2.4
    endloop
  endfacet
  facet normal -0.852533 0.522674 0
    outer loop
      vertex 64.6692 67.3552 8.4
      vertex 64.5708 67.1947 2.4
      vertex 64.5708 67.1947 8.4
    endloop
  endfacet
  facet normal -0.0786053 -0.996906 0
    outer loop
      vertex 63.6 69.1 2.4
      vertex 63.7877 69.0852 8.4
      vertex 63.6 69.1 8.4
    endloop
  endfacet
  facet normal -0.0786053 -0.996906 -0
    outer loop
      vertex 63.7877 69.0852 8.4
      vertex 63.6 69.1 2.4
      vertex 63.7877 69.0852 2.4
    endloop
  endfacet
  facet normal 0.760417 -0.649435 0
    outer loop
      vertex 62.6292 68.6053 8.4
      vertex 62.7515 68.7485 2.4
      vertex 62.7515 68.7485 8.4
    endloop
  endfacet
  facet normal 0.760417 -0.649435 0
    outer loop
      vertex 62.7515 68.7485 2.4
      vertex 62.6292 68.6053 8.4
      vertex 62.6292 68.6053 2.4
    endloop
  endfacet
  facet normal -0.760417 0.649435 0
    outer loop
      vertex 64.4485 67.0515 2.4
      vertex 64.5708 67.1947 8.4
      vertex 64.5708 67.1947 2.4
    endloop
  endfacet
  facet normal -0.760417 0.649435 0
    outer loop
      vertex 64.5708 67.1947 8.4
      vertex 64.4485 67.0515 2.4
      vertex 64.4485 67.0515 8.4
    endloop
  endfacet
  facet normal 0.382805 -0.923829 0
    outer loop
      vertex 63.0552 68.9692 2.4
      vertex 63.2292 69.0413 8.4
      vertex 63.0552 68.9692 8.4
    endloop
  endfacet
  facet normal 0.382805 -0.923829 0
    outer loop
      vertex 63.2292 69.0413 8.4
      vertex 63.0552 68.9692 2.4
      vertex 63.2292 69.0413 2.4
    endloop
  endfacet
  facet normal -0.233152 -0.97244 0
    outer loop
      vertex 63.7877 69.0852 2.4
      vertex 63.9708 69.0413 8.4
      vertex 63.7877 69.0852 8.4
    endloop
  endfacet
  facet normal -0.233152 -0.97244 -0
    outer loop
      vertex 63.9708 69.0413 8.4
      vertex 63.7877 69.0852 2.4
      vertex 63.9708 69.0413 2.4
    endloop
  endfacet
  facet normal 0.233152 -0.97244 0
    outer loop
      vertex 63.2292 69.0413 2.4
      vertex 63.4123 69.0852 8.4
      vertex 63.2292 69.0413 8.4
    endloop
  endfacet
  facet normal 0.233152 -0.97244 0
    outer loop
      vertex 63.4123 69.0852 8.4
      vertex 63.2292 69.0413 2.4
      vertex 63.4123 69.0852 2.4
    endloop
  endfacet
  facet normal 0.923829 0.382805 0
    outer loop
      vertex 62.5308 67.3552 8.4
      vertex 62.4587 67.5292 2.4
      vertex 62.4587 67.5292 8.4
    endloop
  endfacet
  facet normal 0.923829 0.382805 0
    outer loop
      vertex 62.4587 67.5292 2.4
      vertex 62.5308 67.3552 8.4
      vertex 62.5308 67.3552 2.4
    endloop
  endfacet
  facet normal -0.996906 0.0786053 0
    outer loop
      vertex 64.7852 67.7123 2.4
      vertex 64.8 67.9 8.4
      vertex 64.8 67.9 2.4
    endloop
  endfacet
  facet normal -0.996906 0.0786053 0
    outer loop
      vertex 64.8 67.9 8.4
      vertex 64.7852 67.7123 2.4
      vertex 64.7852 67.7123 8.4
    endloop
  endfacet
  facet normal 0.852533 0.522674 0
    outer loop
      vertex 62.6292 67.1947 8.4
      vertex 62.5308 67.3552 2.4
      vertex 62.5308 67.3552 8.4
    endloop
  endfacet
  facet normal 0.852533 0.522674 0
    outer loop
      vertex 62.5308 67.3552 2.4
      vertex 62.6292 67.1947 8.4
      vertex 62.6292 67.1947 2.4
    endloop
  endfacet
  facet normal 0.649435 0.760417 -0
    outer loop
      vertex 62.8947 66.9292 2.4
      vertex 62.7515 67.0515 8.4
      vertex 62.8947 66.9292 8.4
    endloop
  endfacet
  facet normal 0.649435 0.760417 0
    outer loop
      vertex 62.7515 67.0515 8.4
      vertex 62.8947 66.9292 2.4
      vertex 62.7515 67.0515 2.4
    endloop
  endfacet
  facet normal -0.382805 0.923829 0
    outer loop
      vertex 64.1448 66.8308 2.4
      vertex 63.9708 66.7587 8.4
      vertex 64.1448 66.8308 8.4
    endloop
  endfacet
  facet normal -0.382805 0.923829 0
    outer loop
      vertex 63.9708 66.7587 8.4
      vertex 64.1448 66.8308 2.4
      vertex 63.9708 66.7587 2.4
    endloop
  endfacet
  facet normal -0.97244 0.233152 0
    outer loop
      vertex 64.7413 67.5292 2.4
      vertex 64.7852 67.7123 8.4
      vertex 64.7852 67.7123 2.4
    endloop
  endfacet
  facet normal -0.97244 0.233152 0
    outer loop
      vertex 64.7852 67.7123 8.4
      vertex 64.7413 67.5292 2.4
      vertex 64.7413 67.5292 8.4
    endloop
  endfacet
  facet normal 0.0786053 0.996906 -0
    outer loop
      vertex 63.6 66.7 2.4
      vertex 63.4123 66.7148 8.4
      vertex 63.6 66.7 8.4
    endloop
  endfacet
  facet normal 0.0786053 0.996906 0
    outer loop
      vertex 63.4123 66.7148 8.4
      vertex 63.6 66.7 2.4
      vertex 63.4123 66.7148 2.4
    endloop
  endfacet
  facet normal 0.852533 -0.522674 0
    outer loop
      vertex 62.5308 68.4448 8.4
      vertex 62.6292 68.6053 2.4
      vertex 62.6292 68.6053 8.4
    endloop
  endfacet
  facet normal 0.852533 -0.522674 0
    outer loop
      vertex 62.6292 68.6053 2.4
      vertex 62.5308 68.4448 8.4
      vertex 62.5308 68.4448 2.4
    endloop
  endfacet
  facet normal 0.522674 0.852533 -0
    outer loop
      vertex 63.0552 66.8308 2.4
      vertex 62.8947 66.9292 8.4
      vertex 63.0552 66.8308 8.4
    endloop
  endfacet
  facet normal 0.522674 0.852533 0
    outer loop
      vertex 62.8947 66.9292 8.4
      vertex 63.0552 66.8308 2.4
      vertex 62.8947 66.9292 2.4
    endloop
  endfacet
  facet normal -0.649434 -0.760418 0
    outer loop
      vertex 97.3019 65.6019 2.4
      vertex 97.6897 65.2707 8.4
      vertex 97.3019 65.6019 8.4
    endloop
  endfacet
  facet normal -0.649434 -0.760418 -0
    outer loop
      vertex 97.6897 65.2707 8.4
      vertex 97.3019 65.6019 2.4
      vertex 97.6897 65.2707 2.4
    endloop
  endfacet
  facet normal 0.996942 0.0781451 0
    outer loop
      vertex 102.85 67.9 8.4
      vertex 102.817 68.321 2.4
      vertex 102.817 68.321 8.4
    endloop
  endfacet
  facet normal 0.996942 0.0781451 0
    outer loop
      vertex 102.817 68.321 2.4
      vertex 102.85 67.9 8.4
      vertex 102.85 67.9 2.4
    endloop
  endfacet
  facet normal -0.382554 -0.923933 0
    outer loop
      vertex 98.1245 65.0042 2.4
      vertex 98.5957 64.8091 8.4
      vertex 98.1245 65.0042 8.4
    endloop
  endfacet
  facet normal -0.382554 -0.923933 -0
    outer loop
      vertex 98.5957 64.8091 8.4
      vertex 98.1245 65.0042 2.4
      vertex 98.5957 64.8091 2.4
    endloop
  endfacet
  facet normal -0.649434 0.760418 0
    outer loop
      vertex 97.6897 70.5293 2.4
      vertex 97.3019 70.1981 8.4
      vertex 97.6897 70.5293 8.4
    endloop
  endfacet
  facet normal -0.649434 0.760418 0
    outer loop
      vertex 97.3019 70.1981 8.4
      vertex 97.6897 70.5293 2.4
      vertex 97.3019 70.1981 2.4
    endloop
  endfacet
  facet normal 0.382692 -0.923876 0
    outer loop
      vertex 100.604 64.8091 2.4
      vertex 101.075 65.0042 8.4
      vertex 100.604 64.8091 8.4
    endloop
  endfacet
  facet normal 0.382692 -0.923876 0
    outer loop
      vertex 101.075 65.0042 8.4
      vertex 100.604 64.8091 2.4
      vertex 101.075 65.0042 2.4
    endloop
  endfacet
  facet normal -0.996919 0.0784358 0
    outer loop
      vertex 96.35 67.9 2.4
      vertex 96.39 68.4084 8.4
      vertex 96.39 68.4084 2.4
    endloop
  endfacet
  facet normal -0.996919 0.0784358 0
    outer loop
      vertex 96.39 68.4084 8.4
      vertex 96.35 67.9 2.4
      vertex 96.35 67.9 8.4
    endloop
  endfacet
  facet normal -0.996919 -0.0784358 0
    outer loop
      vertex 96.39 67.3916 2.4
      vertex 96.35 67.9 8.4
      vertex 96.35 67.9 2.4
    endloop
  endfacet
  facet normal -0.996919 -0.0784358 0
    outer loop
      vertex 96.35 67.9 8.4
      vertex 96.39 67.3916 2.4
      vertex 96.39 67.3916 8.4
    endloop
  endfacet
  facet normal 0.233484 -0.972361 0
    outer loop
      vertex 100.108 64.69 2.4
      vertex 100.604 64.8091 8.4
      vertex 100.108 64.69 8.4
    endloop
  endfacet
  facet normal 0.233484 -0.972361 0
    outer loop
      vertex 100.604 64.8091 8.4
      vertex 100.108 64.69 2.4
      vertex 100.604 64.8091 2.4
    endloop
  endfacet
  facet normal -0.382554 0.923933 0
    outer loop
      vertex 98.5957 70.9909 2.4
      vertex 98.1245 70.7958 8.4
      vertex 98.5957 70.9909 8.4
    endloop
  endfacet
  facet normal -0.382554 0.923933 0
    outer loop
      vertex 98.1245 70.7958 8.4
      vertex 98.5957 70.9909 2.4
      vertex 98.1245 70.7958 2.4
    endloop
  endfacet
  facet normal 0.760612 -0.649207 0
    outer loop
      vertex 101.898 65.6019 8.4
      vertex 102.229 65.9897 2.4
      vertex 102.229 65.9897 8.4
    endloop
  endfacet
  facet normal 0.760612 -0.649207 0
    outer loop
      vertex 102.229 65.9897 2.4
      vertex 101.898 65.6019 8.4
      vertex 101.898 65.6019 2.4
    endloop
  endfacet
  facet normal -0.852593 0.522576 0
    outer loop
      vertex 96.7042 69.3755 2.4
      vertex 96.9707 69.8103 8.4
      vertex 96.9707 69.8103 2.4
    endloop
  endfacet
  facet normal -0.852593 0.522576 0
    outer loop
      vertex 96.9707 69.8103 8.4
      vertex 96.7042 69.3755 2.4
      vertex 96.7042 69.3755 8.4
    endloop
  endfacet
  facet normal 0.0784972 -0.996914 0
    outer loop
      vertex 99.6 64.65 2.4
      vertex 100.108 64.69 8.4
      vertex 99.6 64.65 8.4
    endloop
  endfacet
  facet normal 0.0784972 -0.996914 0
    outer loop
      vertex 100.108 64.69 8.4
      vertex 99.6 64.65 2.4
      vertex 100.108 64.69 2.4
    endloop
  endfacet
  facet normal -0.97235 -0.233529 0
    outer loop
      vertex 96.5091 66.8957 2.4
      vertex 96.39 67.3916 8.4
      vertex 96.39 67.3916 2.4
    endloop
  endfacet
  facet normal -0.97235 -0.233529 0
    outer loop
      vertex 96.39 67.3916 8.4
      vertex 96.5091 66.8957 2.4
      vertex 96.5091 66.8957 8.4
    endloop
  endfacet
  facet normal -0.522576 0.852593 0
    outer loop
      vertex 98.1245 70.7958 2.4
      vertex 97.6897 70.5293 8.4
      vertex 98.1245 70.7958 8.4
    endloop
  endfacet
  facet normal -0.522576 0.852593 0
    outer loop
      vertex 97.6897 70.5293 8.4
      vertex 98.1245 70.7958 2.4
      vertex 97.6897 70.5293 2.4
    endloop
  endfacet
  facet normal 0.64924 -0.760583 0
    outer loop
      vertex 101.51 65.2707 2.4
      vertex 101.898 65.6019 8.4
      vertex 101.51 65.2707 8.4
    endloop
  endfacet
  facet normal 0.64924 -0.760583 0
    outer loop
      vertex 101.898 65.6019 8.4
      vertex 101.51 65.2707 2.4
      vertex 101.898 65.6019 2.4
    endloop
  endfacet
  facet normal -0.923933 -0.382554 0
    outer loop
      vertex 96.7042 66.4245 2.4
      vertex 96.5091 66.8957 8.4
      vertex 96.5091 66.8957 2.4
    endloop
  endfacet
  facet normal -0.923933 -0.382554 0
    outer loop
      vertex 96.5091 66.8957 8.4
      vertex 96.7042 66.4245 2.4
      vertex 96.7042 66.4245 8.4
    endloop
  endfacet
  facet normal 0.996919 -0.0784358 0
    outer loop
      vertex 102.81 67.3916 8.4
      vertex 102.85 67.9 2.4
      vertex 102.85 67.9 8.4
    endloop
  endfacet
  facet normal 0.996919 -0.0784358 0
    outer loop
      vertex 102.85 67.9 2.4
      vertex 102.81 67.3916 8.4
      vertex 102.81 67.3916 2.4
    endloop
  endfacet
  facet normal 0.972422 -0.233229 0
    outer loop
      vertex 102.691 66.8957 8.4
      vertex 102.74 67.1 2.4
      vertex 102.74 67.1 8.4
    endloop
  endfacet
  facet normal 0.972422 -0.233229 0
    outer loop
      vertex 102.74 67.1 2.4
      vertex 102.691 66.8957 8.4
      vertex 102.691 66.8957 2.4
    endloop
  endfacet
  facet normal 0.972302 -0.233727 0
    outer loop
      vertex 102.8 67.35 8.4
      vertex 102.81 67.3916 2.4
      vertex 102.81 67.3916 8.4
    endloop
  endfacet
  facet normal 0.972302 -0.233727 0
    outer loop
      vertex 102.81 67.3916 2.4
      vertex 102.8 67.35 8.4
      vertex 102.8 67.35 2.4
    endloop
  endfacet
  facet normal -0.852593 -0.522576 0
    outer loop
      vertex 96.9707 65.9897 2.4
      vertex 96.7042 66.4245 8.4
      vertex 96.7042 66.4245 2.4
    endloop
  endfacet
  facet normal -0.852593 -0.522576 0
    outer loop
      vertex 96.7042 66.4245 8.4
      vertex 96.9707 65.9897 2.4
      vertex 96.9707 65.9897 8.4
    endloop
  endfacet
  facet normal -0.923933 0.382554 0
    outer loop
      vertex 96.5091 68.9043 2.4
      vertex 96.7042 69.3755 8.4
      vertex 96.7042 69.3755 2.4
    endloop
  endfacet
  facet normal -0.923933 0.382554 0
    outer loop
      vertex 96.7042 69.3755 8.4
      vertex 96.5091 68.9043 2.4
      vertex 96.5091 68.9043 8.4
    endloop
  endfacet
  facet normal 0.924002 -0.382386 0
    outer loop
      vertex 102.496 66.4245 8.4
      vertex 102.691 66.8957 2.4
      vertex 102.691 66.8957 8.4
    endloop
  endfacet
  facet normal 0.924002 -0.382386 0
    outer loop
      vertex 102.691 66.8957 2.4
      vertex 102.496 66.4245 8.4
      vertex 102.496 66.4245 2.4
    endloop
  endfacet
  facet normal -0.760418 -0.649434 0
    outer loop
      vertex 97.3019 65.6019 2.4
      vertex 96.9707 65.9897 8.4
      vertex 96.9707 65.9897 2.4
    endloop
  endfacet
  facet normal -0.760418 -0.649434 0
    outer loop
      vertex 96.9707 65.9897 8.4
      vertex 97.3019 65.6019 2.4
      vertex 97.3019 65.6019 8.4
    endloop
  endfacet
  facet normal 0.522401 -0.8527 0
    outer loop
      vertex 101.075 65.0042 2.4
      vertex 101.51 65.2707 8.4
      vertex 101.075 65.0042 8.4
    endloop
  endfacet
  facet normal 0.522401 -0.8527 0
    outer loop
      vertex 101.51 65.2707 8.4
      vertex 101.075 65.0042 2.4
      vertex 101.51 65.2707 2.4
    endloop
  endfacet
  facet normal 0 0 1
    outer loop
      vertex 98.1245 70.7958 8.4
      vertex 98.8 70.5605 8.4
      vertex 98.7632 70.6205 8.4
    endloop
  endfacet
  facet normal -0 0 1
    outer loop
      vertex 100.8 67.9 8.4
      vertex 101.6 67.1 8.4
      vertex 101.6 68.4208 8.4
    endloop
  endfacet
  facet normal 0 0 1
    outer loop
      vertex 100.8 67.9 8.4
      vertex 101.6 68.4208 8.4
      vertex 101.237 68.508 8.4
    endloop
  endfacet
  facet normal -0 0 1
    outer loop
      vertex 100.669 67.3552 8.4
      vertex 101.6 67.1 8.4
      vertex 100.741 67.5292 8.4
    endloop
  endfacet
  facet normal 0 0 1
    outer loop
      vertex 101.6 67.1 8.4
      vertex 100.8 67.9 8.4
      vertex 100.785 67.7123 8.4
    endloop
  endfacet
  facet normal 0 0 1
    outer loop
      vertex 101.237 68.508 8.4
      vertex 100.785 68.0877 8.4
      vertex 100.8 67.9 8.4
    endloop
  endfacet
  facet normal 0 0 1
    outer loop
      vertex 101.237 68.508 8.4
      vertex 100.741 68.2708 8.4
      vertex 100.785 68.0877 8.4
    endloop
  endfacet
  facet normal 0 0 1
    outer loop
      vertex 101.237 68.508 8.4
      vertex 100.669 68.4448 8.4
      vertex 100.741 68.2708 8.4
    endloop
  endfacet
  facet normal 0 0 1
    outer loop
      vertex 100.621 68.7632 8.4
      vertex 100.669 68.4448 8.4
      vertex 101.237 68.508 8.4
    endloop
  endfacet
  facet normal 0 0 1
    outer loop
      vertex 100.621 68.7632 8.4
      vertex 100.571 68.6053 8.4
      vertex 100.669 68.4448 8.4
    endloop
  endfacet
  facet normal 0 0 1
    outer loop
      vertex 100.621 68.7632 8.4
      vertex 100.449 68.7485 8.4
      vertex 100.571 68.6053 8.4
    endloop
  endfacet
  facet normal 0 0 1
    outer loop
      vertex 100.621 68.7632 8.4
      vertex 100.305 68.8708 8.4
      vertex 100.449 68.7485 8.4
    endloop
  endfacet
  facet normal 0 0 1
    outer loop
      vertex 100.052 69.1117 8.4
      vertex 100.305 68.8708 8.4
      vertex 100.621 68.7632 8.4
    endloop
  endfacet
  facet normal 0 0 1
    outer loop
      vertex 100.305 68.8708 8.4
      vertex 100.052 69.1117 8.4
      vertex 100.145 68.9692 8.4
    endloop
  endfacet
  facet normal 0 0 1
    outer loop
      vertex 100.052 69.1117 8.4
      vertex 99.9708 69.0413 8.4
      vertex 100.145 68.9692 8.4
    endloop
  endfacet
  facet normal 0 0 1
    outer loop
      vertex 100.052 69.1117 8.4
      vertex 99.7877 69.0852 8.4
      vertex 99.9708 69.0413 8.4
    endloop
  endfacet
  facet normal 0 0 1
    outer loop
      vertex 99.5448 69.5448 8.4
      vertex 99.7877 69.0852 8.4
      vertex 100.052 69.1117 8.4
    endloop
  endfacet
  facet normal 0 0 1
    outer loop
      vertex 99.7877 69.0852 8.4
      vertex 99.5448 69.5448 8.4
      vertex 99.6 69.1 8.4
    endloop
  endfacet
  facet normal 0 0 1
    outer loop
      vertex 99.5448 69.5448 8.4
      vertex 99.4123 69.0852 8.4
      vertex 99.6 69.1 8.4
    endloop
  endfacet
  facet normal 0 0 1
    outer loop
      vertex 99.2292 69.0413 8.4
      vertex 99.5448 69.5448 8.4
      vertex 99.2414 69.9 8.4
    endloop
  endfacet
  facet normal 0 0 1
    outer loop
      vertex 99.5448 69.5448 8.4
      vertex 99.2292 69.0413 8.4
      vertex 99.4123 69.0852 8.4
    endloop
  endfacet
  facet normal -0 0 1
    outer loop
      vertex 98.8 69.9 8.4
      vertex 99.2292 69.0413 8.4
      vertex 99.2414 69.9 8.4
    endloop
  endfacet
  facet normal 0 0 1
    outer loop
      vertex 99.2292 69.0413 8.4
      vertex 98.8 69.9 8.4
      vertex 99.0552 68.9692 8.4
    endloop
  endfacet
  facet normal 0 0 1
    outer loop
      vertex 99.0552 68.9692 8.4
      vertex 98.8 69.9 8.4
      vertex 98.8947 68.8708 8.4
    endloop
  endfacet
  facet normal 0 0 1
    outer loop
      vertex 98.8 69.9 8.4
      vertex 98.7515 68.7485 8.4
      vertex 98.8947 68.8708 8.4
    endloop
  endfacet
  facet normal 0 0 1
    outer loop
      vertex 98.8 70.5605 8.4
      vertex 98.1245 70.7958 8.4
      vertex 98.8 69.9 8.4
    endloop
  endfacet
  facet normal -0 0 1
    outer loop
      vertex 97.3019 70.1981 8.4
      vertex 98.8 69.9 8.4
      vertex 97.6897 70.5293 8.4
    endloop
  endfacet
  facet normal -0 0 1
    outer loop
      vertex 98.5957 70.9909 8.4
      vertex 98.7632 70.6205 8.4
      vertex 98.6085 70.994 8.4
    endloop
  endfacet
  facet normal -0 0 1
    outer loop
      vertex 98.1245 70.7958 8.4
      vertex 98.7632 70.6205 8.4
      vertex 98.5957 70.9909 8.4
    endloop
  endfacet
  facet normal 0 0 1
    outer loop
      vertex 98.8 69.9 8.4
      vertex 98.1245 70.7958 8.4
      vertex 97.6897 70.5293 8.4
    endloop
  endfacet
  facet normal 0 0 1
    outer loop
      vertex 98.8 69.9 8.4
      vertex 97.3019 70.1981 8.4
      vertex 98.7515 68.7485 8.4
    endloop
  endfacet
  facet normal 0 0 1
    outer loop
      vertex 98.7515 68.7485 8.4
      vertex 97.3019 70.1981 8.4
      vertex 98.6292 68.6053 8.4
    endloop
  endfacet
  facet normal -0 0 1
    outer loop
      vertex 96.9707 69.8103 8.4
      vertex 98.6292 68.6053 8.4
      vertex 97.3019 70.1981 8.4
    endloop
  endfacet
  facet normal 0 0 1
    outer loop
      vertex 98.6292 68.6053 8.4
      vertex 96.9707 69.8103 8.4
      vertex 98.5308 68.4448 8.4
    endloop
  endfacet
  facet normal -0 0 1
    outer loop
      vertex 101.6 67.1 8.4
      vertex 102.691 66.8957 8.4
      vertex 102.74 67.1 8.4
    endloop
  endfacet
  facet normal 0 0 1
    outer loop
      vertex 102.691 66.8957 8.4
      vertex 101.6 67.1 8.4
      vertex 102.496 66.4245 8.4
    endloop
  endfacet
  facet normal 0 0 1
    outer loop
      vertex 102.496 66.4245 8.4
      vertex 101.6 67.1 8.4
      vertex 102.229 65.9897 8.4
    endloop
  endfacet
  facet normal 0 0 1
    outer loop
      vertex 102.229 65.9897 8.4
      vertex 101.6 67.1 8.4
      vertex 101.898 65.6019 8.4
    endloop
  endfacet
  facet normal 0 0 1
    outer loop
      vertex 101.898 65.6019 8.4
      vertex 101.6 67.1 8.4
      vertex 101.51 65.2707 8.4
    endloop
  endfacet
  facet normal 0 0 1
    outer loop
      vertex 101.6 67.1 8.4
      vertex 100.785 67.7123 8.4
      vertex 100.741 67.5292 8.4
    endloop
  endfacet
  facet normal -0 0 1
    outer loop
      vertex 100.571 67.1947 8.4
      vertex 101.6 67.1 8.4
      vertex 100.669 67.3552 8.4
    endloop
  endfacet
  facet normal 0 0 1
    outer loop
      vertex 100.449 67.0515 8.4
      vertex 101.6 67.1 8.4
      vertex 100.571 67.1947 8.4
    endloop
  endfacet
  facet normal 0 0 1
    outer loop
      vertex 101.6 67.1 8.4
      vertex 100.449 67.0515 8.4
      vertex 101.51 65.2707 8.4
    endloop
  endfacet
  facet normal -0 0 1
    outer loop
      vertex 100.305 66.9292 8.4
      vertex 101.51 65.2707 8.4
      vertex 100.449 67.0515 8.4
    endloop
  endfacet
  facet normal 0 0 1
    outer loop
      vertex 101.51 65.2707 8.4
      vertex 100.305 66.9292 8.4
      vertex 101.075 65.0042 8.4
    endloop
  endfacet
  facet normal -0 0 1
    outer loop
      vertex 100.145 66.8308 8.4
      vertex 101.075 65.0042 8.4
      vertex 100.305 66.9292 8.4
    endloop
  endfacet
  facet normal 0 0 1
    outer loop
      vertex 101.075 65.0042 8.4
      vertex 100.145 66.8308 8.4
      vertex 100.604 64.8091 8.4
    endloop
  endfacet
  facet normal -0 0 1
    outer loop
      vertex 99.9708 66.7587 8.4
      vertex 100.604 64.8091 8.4
      vertex 100.145 66.8308 8.4
    endloop
  endfacet
  facet normal 0 0 1
    outer loop
      vertex 100.604 64.8091 8.4
      vertex 99.9708 66.7587 8.4
      vertex 100.108 64.69 8.4
    endloop
  endfacet
  facet normal -0 0 1
    outer loop
      vertex 99.7877 66.7148 8.4
      vertex 100.108 64.69 8.4
      vertex 99.9708 66.7587 8.4
    endloop
  endfacet
  facet normal -0 0 1
    outer loop
      vertex 99.6 66.7 8.4
      vertex 100.108 64.69 8.4
      vertex 99.7877 66.7148 8.4
    endloop
  endfacet
  facet normal 0 0 1
    outer loop
      vertex 99.6 66.7 8.4
      vertex 99.6 64.65 8.4
      vertex 100.108 64.69 8.4
    endloop
  endfacet
  facet normal 0 0 1
    outer loop
      vertex 99.4123 66.7148 8.4
      vertex 99.6 64.65 8.4
      vertex 99.6 66.7 8.4
    endloop
  endfacet
  facet normal 0 0 1
    outer loop
      vertex 99.0916 64.69 8.4
      vertex 99.4123 66.7148 8.4
      vertex 99.2292 66.7587 8.4
    endloop
  endfacet
  facet normal 0 0 1
    outer loop
      vertex 99.4123 66.7148 8.4
      vertex 99.0916 64.69 8.4
      vertex 99.6 64.65 8.4
    endloop
  endfacet
  facet normal 0 0 1
    outer loop
      vertex 98.5957 64.8091 8.4
      vertex 99.2292 66.7587 8.4
      vertex 99.0552 66.8308 8.4
    endloop
  endfacet
  facet normal 0 0 1
    outer loop
      vertex 98.1245 65.0042 8.4
      vertex 99.0552 66.8308 8.4
      vertex 98.8947 66.9292 8.4
    endloop
  endfacet
  facet normal 0 0 1
    outer loop
      vertex 97.6897 65.2707 8.4
      vertex 98.8947 66.9292 8.4
      vertex 98.7515 67.0515 8.4
    endloop
  endfacet
  facet normal 0 0 1
    outer loop
      vertex 97.3019 65.6019 8.4
      vertex 98.7515 67.0515 8.4
      vertex 98.6292 67.1947 8.4
    endloop
  endfacet
  facet normal 0 0 1
    outer loop
      vertex 99.2292 66.7587 8.4
      vertex 98.5957 64.8091 8.4
      vertex 99.0916 64.69 8.4
    endloop
  endfacet
  facet normal 0 0 1
    outer loop
      vertex 96.9707 65.9897 8.4
      vertex 98.6292 67.1947 8.4
      vertex 98.5308 67.3552 8.4
    endloop
  endfacet
  facet normal 0 0 1
    outer loop
      vertex 96.7042 66.4245 8.4
      vertex 98.5308 67.3552 8.4
      vertex 98.4587 67.5292 8.4
    endloop
  endfacet
  facet normal 0 0 1
    outer loop
      vertex 96.5091 66.8957 8.4
      vertex 98.4587 67.5292 8.4
      vertex 98.4148 67.7123 8.4
    endloop
  endfacet
  facet normal 0 0 1
    outer loop
      vertex 96.39 67.3916 8.4
      vertex 98.4148 67.7123 8.4
      vertex 98.4 67.9 8.4
    endloop
  endfacet
  facet normal -0 0 1
    outer loop
      vertex 96.7042 69.3755 8.4
      vertex 98.5308 68.4448 8.4
      vertex 96.9707 69.8103 8.4
    endloop
  endfacet
  facet normal 0 0 1
    outer loop
      vertex 99.0552 66.8308 8.4
      vertex 98.1245 65.0042 8.4
      vertex 98.5957 64.8091 8.4
    endloop
  endfacet
  facet normal 0 0 1
    outer loop
      vertex 98.5308 68.4448 8.4
      vertex 96.7042 69.3755 8.4
      vertex 98.4587 68.2708 8.4
    endloop
  endfacet
  facet normal 0 0 1
    outer loop
      vertex 98.8947 66.9292 8.4
      vertex 97.6897 65.2707 8.4
      vertex 98.1245 65.0042 8.4
    endloop
  endfacet
  facet normal -0 0 1
    outer loop
      vertex 96.5091 68.9043 8.4
      vertex 98.4587 68.2708 8.4
      vertex 96.7042 69.3755 8.4
    endloop
  endfacet
  facet normal 0 0 1
    outer loop
      vertex 98.7515 67.0515 8.4
      vertex 97.3019 65.6019 8.4
      vertex 97.6897 65.2707 8.4
    endloop
  endfacet
  facet normal 0 0 1
    outer loop
      vertex 98.4587 68.2708 8.4
      vertex 96.5091 68.9043 8.4
      vertex 98.4148 68.0877 8.4
    endloop
  endfacet
  facet normal 0 0 1
    outer loop
      vertex 98.6292 67.1947 8.4
      vertex 96.9707 65.9897 8.4
      vertex 97.3019 65.6019 8.4
    endloop
  endfacet
  facet normal -0 0 1
    outer loop
      vertex 96.39 68.4084 8.4
      vertex 98.4148 68.0877 8.4
      vertex 96.5091 68.9043 8.4
    endloop
  endfacet
  facet normal 0 0 1
    outer loop
      vertex 98.5308 67.3552 8.4
      vertex 96.7042 66.4245 8.4
      vertex 96.9707 65.9897 8.4
    endloop
  endfacet
  facet normal 0 0 1
    outer loop
      vertex 98.4148 68.0877 8.4
      vertex 96.39 68.4084 8.4
      vertex 98.4 67.9 8.4
    endloop
  endfacet
  facet normal 0 0 1
    outer loop
      vertex 98.4587 67.5292 8.4
      vertex 96.5091 66.8957 8.4
      vertex 96.7042 66.4245 8.4
    endloop
  endfacet
  facet normal 0 0 1
    outer loop
      vertex 96.35 67.9 8.4
      vertex 98.4 67.9 8.4
      vertex 96.39 68.4084 8.4
    endloop
  endfacet
  facet normal 0 0 1
    outer loop
      vertex 98.4148 67.7123 8.4
      vertex 96.39 67.3916 8.4
      vertex 96.5091 66.8957 8.4
    endloop
  endfacet
  facet normal 0 0 1
    outer loop
      vertex 98.4 67.9 8.4
      vertex 96.35 67.9 8.4
      vertex 96.39 67.3916 8.4
    endloop
  endfacet
  facet normal -0 0 1
    outer loop
      vertex 102.8 68.3197 8.4
      vertex 102.85 67.9 8.4
      vertex 102.817 68.321 8.4
    endloop
  endfacet
  facet normal 0 0 1
    outer loop
      vertex 102.8 67.35 8.4
      vertex 102.85 67.9 8.4
      vertex 102.8 68.3197 8.4
    endloop
  endfacet
  facet normal 0 0 1
    outer loop
      vertex 102.85 67.9 8.4
      vertex 102.8 67.35 8.4
      vertex 102.81 67.3916 8.4
    endloop
  endfacet
  facet normal -0.235383 0.971903 0
    outer loop
      vertex 98.6085 70.994 2.4
      vertex 98.5957 70.9909 8.4
      vertex 98.6085 70.994 8.4
    endloop
  endfacet
  facet normal -0.235383 0.971903 0
    outer loop
      vertex 98.5957 70.9909 8.4
      vertex 98.6085 70.994 2.4
      vertex 98.5957 70.9909 2.4
    endloop
  endfacet
  facet normal -0.233529 -0.97235 0
    outer loop
      vertex 98.5957 64.8091 2.4
      vertex 99.0916 64.69 8.4
      vertex 98.5957 64.8091 8.4
    endloop
  endfacet
  facet normal -0.233529 -0.97235 -0
    outer loop
      vertex 99.0916 64.69 8.4
      vertex 98.5957 64.8091 2.4
      vertex 99.0916 64.69 2.4
    endloop
  endfacet
  facet normal 0.852156 -0.523288 0
    outer loop
      vertex 102.229 65.9897 8.4
      vertex 102.496 66.4245 2.4
      vertex 102.496 66.4245 8.4
    endloop
  endfacet
  facet normal 0.852156 -0.523288 0
    outer loop
      vertex 102.496 66.4245 2.4
      vertex 102.229 65.9897 8.4
      vertex 102.229 65.9897 2.4
    endloop
  endfacet
  facet normal -0.97235 0.233529 0
    outer loop
      vertex 96.39 68.4084 2.4
      vertex 96.5091 68.9043 8.4
      vertex 96.5091 68.9043 2.4
    endloop
  endfacet
  facet normal -0.97235 0.233529 0
    outer loop
      vertex 96.5091 68.9043 8.4
      vertex 96.39 68.4084 2.4
      vertex 96.39 68.4084 8.4
    endloop
  endfacet
  facet normal -0.0784358 -0.996919 0
    outer loop
      vertex 99.0916 64.69 2.4
      vertex 99.6 64.65 8.4
      vertex 99.0916 64.69 8.4
    endloop
  endfacet
  facet normal -0.0784358 -0.996919 -0
    outer loop
      vertex 99.6 64.65 8.4
      vertex 99.0916 64.69 2.4
      vertex 99.6 64.65 2.4
    endloop
  endfacet
  facet normal -0.522576 -0.852593 0
    outer loop
      vertex 97.6897 65.2707 2.4
      vertex 98.1245 65.0042 8.4
      vertex 97.6897 65.2707 8.4
    endloop
  endfacet
  facet normal -0.522576 -0.852593 -0
    outer loop
      vertex 98.1245 65.0042 8.4
      vertex 97.6897 65.2707 2.4
      vertex 98.1245 65.0042 2.4
    endloop
  endfacet
  facet normal -0.760418 0.649434 0
    outer loop
      vertex 96.9707 69.8103 2.4
      vertex 97.3019 70.1981 8.4
      vertex 97.3019 70.1981 2.4
    endloop
  endfacet
  facet normal -0.760418 0.649434 0
    outer loop
      vertex 97.3019 70.1981 8.4
      vertex 96.9707 69.8103 2.4
      vertex 96.9707 69.8103 8.4
    endloop
  endfacet
  facet normal 0.0786053 -0.996906 0
    outer loop
      vertex 99.4123 69.0852 2.4
      vertex 99.6 69.1 8.4
      vertex 99.4123 69.0852 8.4
    endloop
  endfacet
  facet normal 0.0786053 -0.996906 0
    outer loop
      vertex 99.6 69.1 8.4
      vertex 99.4123 69.0852 2.4
      vertex 99.6 69.1 2.4
    endloop
  endfacet
  facet normal -0.647341 -0.7622 0
    outer loop
      vertex 100.305 68.8708 2.4
      vertex 100.449 68.7485 8.4
      vertex 100.305 68.8708 8.4
    endloop
  endfacet
  facet normal -0.647341 -0.7622 -0
    outer loop
      vertex 100.449 68.7485 8.4
      vertex 100.305 68.8708 2.4
      vertex 100.449 68.7485 2.4
    endloop
  endfacet
  facet normal -0.52386 0.851805 0
    outer loop
      vertex 100.305 66.9292 2.4
      vertex 100.145 66.8308 8.4
      vertex 100.305 66.9292 8.4
    endloop
  endfacet
  facet normal -0.52386 0.851805 0
    outer loop
      vertex 100.145 66.8308 8.4
      vertex 100.305 66.9292 2.4
      vertex 100.145 66.8308 2.4
    endloop
  endfacet
  facet normal -0.97232 -0.233654 0
    outer loop
      vertex 100.785 68.0877 2.4
      vertex 100.741 68.2708 8.4
      vertex 100.741 68.2708 2.4
    endloop
  endfacet
  facet normal -0.97232 -0.233654 0
    outer loop
      vertex 100.741 68.2708 8.4
      vertex 100.785 68.0877 2.4
      vertex 100.785 68.0877 8.4
    endloop
  endfacet
  facet normal -0.233152 0.97244 0
    outer loop
      vertex 99.9708 66.7587 2.4
      vertex 99.7877 66.7148 8.4
      vertex 99.9708 66.7587 8.4
    endloop
  endfacet
  facet normal -0.233152 0.97244 0
    outer loop
      vertex 99.7877 66.7148 8.4
      vertex 99.9708 66.7587 2.4
      vertex 99.7877 66.7148 2.4
    endloop
  endfacet
  facet normal -0.761204 -0.648512 0
    outer loop
      vertex 100.571 68.6053 2.4
      vertex 100.449 68.7485 8.4
      vertex 100.449 68.7485 2.4
    endloop
  endfacet
  facet normal -0.761204 -0.648512 0
    outer loop
      vertex 100.449 68.7485 8.4
      vertex 100.571 68.6053 2.4
      vertex 100.571 68.6053 8.4
    endloop
  endfacet
  facet normal 0.996906 0.0786053 0
    outer loop
      vertex 98.4148 67.7123 8.4
      vertex 98.4 67.9 2.4
      vertex 98.4 67.9 8.4
    endloop
  endfacet
  facet normal 0.996906 0.0786053 0
    outer loop
      vertex 98.4 67.9 2.4
      vertex 98.4148 67.7123 8.4
      vertex 98.4148 67.7123 2.4
    endloop
  endfacet
  facet normal -0.0786053 0.996906 0
    outer loop
      vertex 99.7877 66.7148 2.4
      vertex 99.6 66.7 8.4
      vertex 99.7877 66.7148 8.4
    endloop
  endfacet
  facet normal -0.0786053 0.996906 0
    outer loop
      vertex 99.6 66.7 8.4
      vertex 99.7877 66.7148 2.4
      vertex 99.6 66.7 2.4
    endloop
  endfacet
  facet normal -0.38243 -0.923985 0
    outer loop
      vertex 99.9708 69.0413 2.4
      vertex 100.145 68.9692 8.4
      vertex 99.9708 69.0413 8.4
    endloop
  endfacet
  facet normal -0.38243 -0.923985 -0
    outer loop
      vertex 100.145 68.9692 8.4
      vertex 99.9708 69.0413 2.4
      vertex 100.145 68.9692 2.4
    endloop
  endfacet
  facet normal -0.996822 -0.0796608 0
    outer loop
      vertex 100.8 67.9 2.4
      vertex 100.785 68.0877 8.4
      vertex 100.785 68.0877 2.4
    endloop
  endfacet
  facet normal -0.996822 -0.0796608 0
    outer loop
      vertex 100.785 68.0877 8.4
      vertex 100.8 67.9 2.4
      vertex 100.8 67.9 8.4
    endloop
  endfacet
  facet normal 0.97244 -0.233152 0
    outer loop
      vertex 98.4148 68.0877 8.4
      vertex 98.4587 68.2708 2.4
      vertex 98.4587 68.2708 8.4
    endloop
  endfacet
  facet normal 0.97244 -0.233152 0
    outer loop
      vertex 98.4587 68.2708 2.4
      vertex 98.4148 68.0877 8.4
      vertex 98.4148 68.0877 2.4
    endloop
  endfacet
  facet normal 0.522674 -0.852533 0
    outer loop
      vertex 98.8947 68.8708 2.4
      vertex 99.0552 68.9692 8.4
      vertex 98.8947 68.8708 8.4
    endloop
  endfacet
  facet normal 0.522674 -0.852533 0
    outer loop
      vertex 99.0552 68.9692 8.4
      vertex 98.8947 68.8708 2.4
      vertex 99.0552 68.9692 2.4
    endloop
  endfacet
  facet normal -0.924017 -0.382352 0
    outer loop
      vertex 100.741 68.2708 2.4
      vertex 100.669 68.4448 8.4
      vertex 100.669 68.4448 2.4
    endloop
  endfacet
  facet normal -0.924017 -0.382352 0
    outer loop
      vertex 100.669 68.4448 8.4
      vertex 100.741 68.2708 2.4
      vertex 100.741 68.2708 8.4
    endloop
  endfacet
  facet normal 0.649435 -0.760417 0
    outer loop
      vertex 98.7515 68.7485 2.4
      vertex 98.8947 68.8708 8.4
      vertex 98.7515 68.7485 8.4
    endloop
  endfacet
  facet normal 0.649435 -0.760417 0
    outer loop
      vertex 98.8947 68.8708 8.4
      vertex 98.7515 68.7485 2.4
      vertex 98.8947 68.8708 2.4
    endloop
  endfacet
  facet normal -0.924017 0.382352 0
    outer loop
      vertex 100.669 67.3552 2.4
      vertex 100.741 67.5292 8.4
      vertex 100.741 67.5292 2.4
    endloop
  endfacet
  facet normal -0.924017 0.382352 0
    outer loop
      vertex 100.741 67.5292 8.4
      vertex 100.669 67.3552 2.4
      vertex 100.669 67.3552 8.4
    endloop
  endfacet
  facet normal 0.97244 0.233152 0
    outer loop
      vertex 98.4587 67.5292 8.4
      vertex 98.4148 67.7123 2.4
      vertex 98.4148 67.7123 8.4
    endloop
  endfacet
  facet normal 0.97244 0.233152 0
    outer loop
      vertex 98.4148 67.7123 2.4
      vertex 98.4587 67.5292 8.4
      vertex 98.4587 67.5292 2.4
    endloop
  endfacet
  facet normal -0.647341 0.7622 0
    outer loop
      vertex 100.449 67.0515 2.4
      vertex 100.305 66.9292 8.4
      vertex 100.449 67.0515 8.4
    endloop
  endfacet
  facet normal -0.647341 0.7622 0
    outer loop
      vertex 100.305 66.9292 8.4
      vertex 100.449 67.0515 2.4
      vertex 100.305 66.9292 2.4
    endloop
  endfacet
  facet normal 0.923829 -0.382805 0
    outer loop
      vertex 98.4587 68.2708 8.4
      vertex 98.5308 68.4448 2.4
      vertex 98.5308 68.4448 8.4
    endloop
  endfacet
  facet normal 0.923829 -0.382805 0
    outer loop
      vertex 98.5308 68.4448 2.4
      vertex 98.4587 68.2708 8.4
      vertex 98.4587 68.2708 2.4
    endloop
  endfacet
  facet normal -0.52386 -0.851805 0
    outer loop
      vertex 100.145 68.9692 2.4
      vertex 100.305 68.8708 8.4
      vertex 100.145 68.9692 8.4
    endloop
  endfacet
  facet normal -0.52386 -0.851805 -0
    outer loop
      vertex 100.305 68.8708 8.4
      vertex 100.145 68.9692 2.4
      vertex 100.305 68.8708 2.4
    endloop
  endfacet
  facet normal 0.233152 0.97244 -0
    outer loop
      vertex 99.4123 66.7148 2.4
      vertex 99.2292 66.7587 8.4
      vertex 99.4123 66.7148 8.4
    endloop
  endfacet
  facet normal 0.233152 0.97244 0
    outer loop
      vertex 99.2292 66.7587 8.4
      vertex 99.4123 66.7148 2.4
      vertex 99.2292 66.7587 2.4
    endloop
  endfacet
  facet normal 0.760417 0.649435 0
    outer loop
      vertex 98.7515 67.0515 8.4
      vertex 98.6292 67.1947 2.4
      vertex 98.6292 67.1947 8.4
    endloop
  endfacet
  facet normal 0.760417 0.649435 0
    outer loop
      vertex 98.6292 67.1947 2.4
      vertex 98.7515 67.0515 8.4
      vertex 98.7515 67.0515 2.4
    endloop
  endfacet
  facet normal -0.853479 -0.521127 0
    outer loop
      vertex 100.669 68.4448 2.4
      vertex 100.571 68.6053 8.4
      vertex 100.571 68.6053 2.4
    endloop
  endfacet
  facet normal -0.853479 -0.521127 0
    outer loop
      vertex 100.571 68.6053 8.4
      vertex 100.669 68.4448 2.4
      vertex 100.669 68.4448 8.4
    endloop
  endfacet
  facet normal 0.996906 -0.0786053 0
    outer loop
      vertex 98.4 67.9 8.4
      vertex 98.4148 68.0877 2.4
      vertex 98.4148 68.0877 8.4
    endloop
  endfacet
  facet normal 0.996906 -0.0786053 0
    outer loop
      vertex 98.4148 68.0877 2.4
      vertex 98.4 67.9 8.4
      vertex 98.4 67.9 2.4
    endloop
  endfacet
  facet normal 0.382805 0.923829 -0
    outer loop
      vertex 99.2292 66.7587 2.4
      vertex 99.0552 66.8308 8.4
      vertex 99.2292 66.7587 8.4
    endloop
  endfacet
  facet normal 0.382805 0.923829 0
    outer loop
      vertex 99.0552 66.8308 8.4
      vertex 99.2292 66.7587 2.4
      vertex 99.0552 66.8308 2.4
    endloop
  endfacet
  facet normal -0.853479 0.521127 0
    outer loop
      vertex 100.571 67.1947 2.4
      vertex 100.669 67.3552 8.4
      vertex 100.669 67.3552 2.4
    endloop
  endfacet
  facet normal -0.853479 0.521127 0
    outer loop
      vertex 100.669 67.3552 8.4
      vertex 100.571 67.1947 2.4
      vertex 100.571 67.1947 8.4
    endloop
  endfacet
  facet normal -0.0786053 -0.996906 0
    outer loop
      vertex 99.6 69.1 2.4
      vertex 99.7877 69.0852 8.4
      vertex 99.6 69.1 8.4
    endloop
  endfacet
  facet normal -0.0786053 -0.996906 -0
    outer loop
      vertex 99.7877 69.0852 8.4
      vertex 99.6 69.1 2.4
      vertex 99.7877 69.0852 2.4
    endloop
  endfacet
  facet normal 0.760417 -0.649435 0
    outer loop
      vertex 98.6292 68.6053 8.4
      vertex 98.7515 68.7485 2.4
      vertex 98.7515 68.7485 8.4
    endloop
  endfacet
  facet normal 0.760417 -0.649435 0
    outer loop
      vertex 98.7515 68.7485 2.4
      vertex 98.6292 68.6053 8.4
      vertex 98.6292 68.6053 2.4
    endloop
  endfacet
  facet normal -0.761204 0.648512 0
    outer loop
      vertex 100.449 67.0515 2.4
      vertex 100.571 67.1947 8.4
      vertex 100.571 67.1947 2.4
    endloop
  endfacet
  facet normal -0.761204 0.648512 0
    outer loop
      vertex 100.571 67.1947 8.4
      vertex 100.449 67.0515 2.4
      vertex 100.449 67.0515 8.4
    endloop
  endfacet
  facet normal 0.382805 -0.923829 0
    outer loop
      vertex 99.0552 68.9692 2.4
      vertex 99.2292 69.0413 8.4
      vertex 99.0552 68.9692 8.4
    endloop
  endfacet
  facet normal 0.382805 -0.923829 0
    outer loop
      vertex 99.2292 69.0413 8.4
      vertex 99.0552 68.9692 2.4
      vertex 99.2292 69.0413 2.4
    endloop
  endfacet
  facet normal -0.233152 -0.97244 0
    outer loop
      vertex 99.7877 69.0852 2.4
      vertex 99.9708 69.0413 8.4
      vertex 99.7877 69.0852 8.4
    endloop
  endfacet
  facet normal -0.233152 -0.97244 -0
    outer loop
      vertex 99.9708 69.0413 8.4
      vertex 99.7877 69.0852 2.4
      vertex 99.9708 69.0413 2.4
    endloop
  endfacet
  facet normal 0.233152 -0.97244 0
    outer loop
      vertex 99.2292 69.0413 2.4
      vertex 99.4123 69.0852 8.4
      vertex 99.2292 69.0413 8.4
    endloop
  endfacet
  facet normal 0.233152 -0.97244 0
    outer loop
      vertex 99.4123 69.0852 8.4
      vertex 99.2292 69.0413 2.4
      vertex 99.4123 69.0852 2.4
    endloop
  endfacet
  facet normal 0.923829 0.382805 0
    outer loop
      vertex 98.5308 67.3552 8.4
      vertex 98.4587 67.5292 2.4
      vertex 98.4587 67.5292 8.4
    endloop
  endfacet
  facet normal 0.923829 0.382805 0
    outer loop
      vertex 98.4587 67.5292 2.4
      vertex 98.5308 67.3552 8.4
      vertex 98.5308 67.3552 2.4
    endloop
  endfacet
  facet normal -0.996822 0.0796608 0
    outer loop
      vertex 100.785 67.7123 2.4
      vertex 100.8 67.9 8.4
      vertex 100.8 67.9 2.4
    endloop
  endfacet
  facet normal -0.996822 0.0796608 0
    outer loop
      vertex 100.8 67.9 8.4
      vertex 100.785 67.7123 2.4
      vertex 100.785 67.7123 8.4
    endloop
  endfacet
  facet normal 0.852533 0.522674 0
    outer loop
      vertex 98.6292 67.1947 8.4
      vertex 98.5308 67.3552 2.4
      vertex 98.5308 67.3552 8.4
    endloop
  endfacet
  facet normal 0.852533 0.522674 0
    outer loop
      vertex 98.5308 67.3552 2.4
      vertex 98.6292 67.1947 8.4
      vertex 98.6292 67.1947 2.4
    endloop
  endfacet
  facet normal 0.649435 0.760417 -0
    outer loop
      vertex 98.8947 66.9292 2.4
      vertex 98.7515 67.0515 8.4
      vertex 98.8947 66.9292 8.4
    endloop
  endfacet
  facet normal 0.649435 0.760417 0
    outer loop
      vertex 98.7515 67.0515 8.4
      vertex 98.8947 66.9292 2.4
      vertex 98.7515 67.0515 2.4
    endloop
  endfacet
  facet normal -0.38243 0.923985 0
    outer loop
      vertex 100.145 66.8308 2.4
      vertex 99.9708 66.7587 8.4
      vertex 100.145 66.8308 8.4
    endloop
  endfacet
  facet normal -0.38243 0.923985 0
    outer loop
      vertex 99.9708 66.7587 8.4
      vertex 100.145 66.8308 2.4
      vertex 99.9708 66.7587 2.4
    endloop
  endfacet
  facet normal -0.97232 0.233654 0
    outer loop
      vertex 100.741 67.5292 2.4
      vertex 100.785 67.7123 8.4
      vertex 100.785 67.7123 2.4
    endloop
  endfacet
  facet normal -0.97232 0.233654 0
    outer loop
      vertex 100.785 67.7123 8.4
      vertex 100.741 67.5292 2.4
      vertex 100.741 67.5292 8.4
    endloop
  endfacet
  facet normal 0.0786053 0.996906 -0
    outer loop
      vertex 99.6 66.7 2.4
      vertex 99.4123 66.7148 8.4
      vertex 99.6 66.7 8.4
    endloop
  endfacet
  facet normal 0.0786053 0.996906 0
    outer loop
      vertex 99.4123 66.7148 8.4
      vertex 99.6 66.7 2.4
      vertex 99.4123 66.7148 2.4
    endloop
  endfacet
  facet normal 0.852533 -0.522674 0
    outer loop
      vertex 98.5308 68.4448 8.4
      vertex 98.6292 68.6053 2.4
      vertex 98.6292 68.6053 8.4
    endloop
  endfacet
  facet normal 0.852533 -0.522674 0
    outer loop
      vertex 98.6292 68.6053 2.4
      vertex 98.5308 68.4448 8.4
      vertex 98.5308 68.4448 2.4
    endloop
  endfacet
  facet normal 0.522674 0.852533 -0
    outer loop
      vertex 99.0552 66.8308 2.4
      vertex 98.8947 66.9292 8.4
      vertex 99.0552 66.8308 8.4
    endloop
  endfacet
  facet normal 0.522674 0.852533 0
    outer loop
      vertex 98.8947 66.9292 8.4
      vertex 99.0552 66.8308 2.4
      vertex 98.8947 66.9292 2.4
    endloop
  endfacet
  facet normal 1 0 0
    outer loop
      vertex 64.4 9.9 11.9
      vertex 64.4 8.76002 8.4
      vertex 64.4 9.9 8.4
    endloop
  endfacet
  facet normal 1 0 0
    outer loop
      vertex 64.4 8.7 2.4
      vertex 64.4 8.76002 8.4
      vertex 64.4 8.7 11.9
    endloop
  endfacet
  facet normal 1 -0 0
    outer loop
      vertex 64.4 8.7 11.9
      vertex 64.4 8.76002 8.4
      vertex 64.4 9.9 11.9
    endloop
  endfacet
  facet normal -0 0 0
    outer loop
      vertex 64.4 8.76002 2.4
      vertex 64.4 8.7 2.4
      vertex 64.4 9.9 2.4
    endloop
  endfacet
  facet normal 1 0 0
    outer loop
      vertex 64.4 8.76002 8.4
      vertex 64.4 8.7 2.4
      vertex 64.4 8.76002 2.4
    endloop
  endfacet
  facet normal 0 0 1
    outer loop
      vertex 61.6 12.7 11.9
      vertex 60.4 12.7 11.9
      vertex 61.6 9.9 11.9
    endloop
  endfacet
  facet normal -0 0 1
    outer loop
      vertex 61.6 9.9 11.9
      vertex 64.4 8.7 11.9
      vertex 64.4 9.9 11.9
    endloop
  endfacet
  facet normal 0 0 1
    outer loop
      vertex 61.6 9.9 11.9
      vertex 60.4 8.7 11.9
      vertex 64.4 8.7 11.9
    endloop
  endfacet
  facet normal 0 0 1
    outer loop
      vertex 60.4 8.7 11.9
      vertex 61.6 9.9 11.9
      vertex 60.4 12.7 11.9
    endloop
  endfacet
  facet normal -1 0 0
    outer loop
      vertex 60.4 12.45 8.4
      vertex 60.4 12.7 2.4
      vertex 60.4 12.45 2.4
    endloop
  endfacet
  facet normal 0 0 0
    outer loop
      vertex 60.4 12.7 2.4
      vertex 60.4 11.35 2.4
      vertex 60.4 12.45 2.4
    endloop
  endfacet
  facet normal -1 0 0
    outer loop
      vertex 60.4 11.35 2.4
      vertex 60.4 8.7 2.4
      vertex 60.4 11.35 8.4
    endloop
  endfacet
  facet normal 0 0 0
    outer loop
      vertex 60.4 8.7 2.4
      vertex 60.4 11.35 2.4
      vertex 60.4 12.7 2.4
    endloop
  endfacet
  facet normal -1 0 0
    outer loop
      vertex 60.4 12.7 2.4
      vertex 60.4 12.45 8.4
      vertex 60.4 12.7 11.9
    endloop
  endfacet
  facet normal -1 0 0
    outer loop
      vertex 60.4 11.35 8.4
      vertex 60.4 12.7 11.9
      vertex 60.4 12.45 8.4
    endloop
  endfacet
  facet normal -1 0 0
    outer loop
      vertex 60.4 8.7 11.9
      vertex 60.4 11.35 8.4
      vertex 60.4 8.7 2.4
    endloop
  endfacet
  facet normal -1 0 0
    outer loop
      vertex 60.4 11.35 8.4
      vertex 60.4 8.7 11.9
      vertex 60.4 12.7 11.9
    endloop
  endfacet
  facet normal 0 1 -0
    outer loop
      vertex 64.4 9.9 8.4
      vertex 61.6 9.9 11.9
      vertex 64.4 9.9 11.9
    endloop
  endfacet
  facet normal 0 1 0
    outer loop
      vertex 61.6 9.9 11.9
      vertex 64.4 9.9 8.4
      vertex 61.6 9.9 8.4
    endloop
  endfacet
  facet normal 0 -1 0
    outer loop
      vertex 60.4 8.7 11.9
      vertex 63.05 8.7 8.4
      vertex 64.4 8.7 11.9
    endloop
  endfacet
  facet normal 0 -1 0
    outer loop
      vertex 60.4 8.7 2.4
      vertex 63.05 8.7 8.4
      vertex 60.4 8.7 11.9
    endloop
  endfacet
  facet normal 0 0 -0
    outer loop
      vertex 63.05 8.7 2.4
      vertex 60.4 8.7 2.4
      vertex 64.15 8.7 2.4
    endloop
  endfacet
  facet normal 0 -1 -0
    outer loop
      vertex 63.05 8.7 8.4
      vertex 60.4 8.7 2.4
      vertex 63.05 8.7 2.4
    endloop
  endfacet
  facet normal 0 -1 0
    outer loop
      vertex 64.15 8.7 8.4
      vertex 64.4 8.7 11.9
      vertex 63.05 8.7 8.4
    endloop
  endfacet
  facet normal 0 -1 0
    outer loop
      vertex 64.4 8.7 2.4
      vertex 64.15 8.7 8.4
      vertex 64.15 8.7 2.4
    endloop
  endfacet
  facet normal 0 -1 0
    outer loop
      vertex 64.15 8.7 8.4
      vertex 64.4 8.7 2.4
      vertex 64.4 8.7 11.9
    endloop
  endfacet
  facet normal 0 0 0
    outer loop
      vertex 64.4 8.7 2.4
      vertex 64.15 8.7 2.4
      vertex 60.4 8.7 2.4
    endloop
  endfacet
  facet normal 1 -0 0
    outer loop
      vertex 61.6 9.9 11.9
      vertex 61.6 12.7 8.4
      vertex 61.6 12.7 11.9
    endloop
  endfacet
  facet normal 1 0 0
    outer loop
      vertex 61.6 12.7 8.4
      vertex 61.6 9.9 11.9
      vertex 61.6 9.9 8.4
    endloop
  endfacet
  facet normal 0 1 0
    outer loop
      vertex 60.46 12.7 8.4
      vertex 61.6 12.7 11.9
      vertex 61.6 12.7 8.4
    endloop
  endfacet
  facet normal 0 1 0
    outer loop
      vertex 61.6 12.7 11.9
      vertex 60.46 12.7 8.4
      vertex 60.4 12.7 11.9
    endloop
  endfacet
  facet normal 0 1 0
    outer loop
      vertex 60.4 12.7 2.4
      vertex 60.46 12.7 8.4
      vertex 60.46 12.7 2.4
    endloop
  endfacet
  facet normal 0 1 0
    outer loop
      vertex 60.46 12.7 8.4
      vertex 60.4 12.7 2.4
      vertex 60.4 12.7 11.9
    endloop
  endfacet
  facet normal 0 0 0
    outer loop
      vertex 60.4 12.7 2.4
      vertex 60.46 12.7 2.4
      vertex 61.6 12.7 2.4
    endloop
  endfacet
  facet normal 1 0 0
    outer loop
      vertex 102.8 9.03032 11.9
      vertex 102.8 8.7 11.9
      vertex 102.8 9.03032 2.4
    endloop
  endfacet
  facet normal 1 0 0
    outer loop
      vertex 102.8 12.7 11.9
      vertex 102.8 12.45 8.4
      vertex 102.8 12.7 2.4
    endloop
  endfacet
  facet normal 1 -0 0
    outer loop
      vertex 102.8 11.6803 11.9
      vertex 102.8 12.45 8.4
      vertex 102.8 12.7 11.9
    endloop
  endfacet
  facet normal 1 0 0
    outer loop
      vertex 102.8 12.45 8.4
      vertex 102.8 11.6803 11.9
      vertex 102.8 11.6803 8.4
    endloop
  endfacet
  facet normal 1 0 0
    outer loop
      vertex 102.8 12.45 2.4
      vertex 102.8 12.7 2.4
      vertex 102.8 12.45 8.4
    endloop
  endfacet
  facet normal 0 0 0
    outer loop
      vertex 102.8 9.03032 2.4
      vertex 102.8 12.7 2.4
      vertex 102.8 12.45 2.4
    endloop
  endfacet
  facet normal -0 0 0
    outer loop
      vertex 102.8 9.03032 2.4
      vertex 102.8 8.7 2.4
      vertex 102.8 12.7 2.4
    endloop
  endfacet
  facet normal 1 0 0
    outer loop
      vertex 102.8 8.7 2.4
      vertex 102.8 9.03032 2.4
      vertex 102.8 8.7 11.9
    endloop
  endfacet
  facet normal -0 0 1
    outer loop
      vertex 98.8 9.9 11.9
      vertex 98.8 9.43947 11.9
      vertex 99.0822 9.9 11.9
    endloop
  endfacet
  facet normal 0 0 1
    outer loop
      vertex 102.55 9.05 11.9
      vertex 102.8 8.7 11.9
      vertex 102.8 9.03032 11.9
    endloop
  endfacet
  facet normal -0 0 1
    outer loop
      vertex 102.3 9.0303 11.9
      vertex 102.8 8.7 11.9
      vertex 102.55 9.05 11.9
    endloop
  endfacet
  facet normal -0 0 1
    outer loop
      vertex 102.056 8.97169 11.9
      vertex 102.8 8.7 11.9
      vertex 102.3 9.0303 11.9
    endloop
  endfacet
  facet normal -0 0 1
    outer loop
      vertex 101.824 8.87561 11.9
      vertex 102.8 8.7 11.9
      vertex 102.056 8.97169 11.9
    endloop
  endfacet
  facet normal -0 0 1
    outer loop
      vertex 101.61 8.74443 11.9
      vertex 102.8 8.7 11.9
      vertex 101.824 8.87561 11.9
    endloop
  endfacet
  facet normal 0 0 1
    outer loop
      vertex 102.8 8.7 11.9
      vertex 101.61 8.74443 11.9
      vertex 101.558 8.7 11.9
    endloop
  endfacet
  facet normal 0 0 1
    outer loop
      vertex 102.8 12.7 11.9
      vertex 102.55 11.7 11.9
      vertex 102.8 11.6803 11.9
    endloop
  endfacet
  facet normal -0 0 1
    outer loop
      vertex 101.6 12.7 11.9
      vertex 102.55 11.7 11.9
      vertex 102.8 12.7 11.9
    endloop
  endfacet
  facet normal 0 0 1
    outer loop
      vertex 102.55 11.7 11.9
      vertex 101.6 12.7 11.9
      vertex 101.885 11.6477 11.9
    endloop
  endfacet
  facet normal 0 0 1
    outer loop
      vertex 101.885 11.6477 11.9
      vertex 101.6 12.7 11.9
      vertex 101.6 11.5792 11.9
    endloop
  endfacet
  facet normal -1 0 0
    outer loop
      vertex 98.8 9.43947 8.4
      vertex 98.8 9.9 11.9
      vertex 98.8 9.9 8.4
    endloop
  endfacet
  facet normal -1 -0 0
    outer loop
      vertex 98.8 9.9 11.9
      vertex 98.8 9.43947 8.4
      vertex 98.8 9.43947 11.9
    endloop
  endfacet
  facet normal 0 1 -0
    outer loop
      vertex 99.0822 9.9 8.4
      vertex 98.8 9.9 11.9
      vertex 99.0822 9.9 11.9
    endloop
  endfacet
  facet normal 0 1 0
    outer loop
      vertex 98.8 9.9 11.9
      vertex 99.0822 9.9 8.4
      vertex 98.8 9.9 8.4
    endloop
  endfacet
  facet normal 0 -1 0
    outer loop
      vertex 101.558 8.7 2.4
      vertex 102.8 8.7 11.9
      vertex 101.558 8.7 11.9
    endloop
  endfacet
  facet normal 0 -1 0
    outer loop
      vertex 101.558 8.7 2.4
      vertex 102.8 8.7 2.4
      vertex 102.8 8.7 11.9
    endloop
  endfacet
  facet normal 0 0 0
    outer loop
      vertex 102.8 8.7 2.4
      vertex 101.558 8.7 2.4
      vertex 98.8 8.7 2.4
    endloop
  endfacet
  facet normal -1 0 0
    outer loop
      vertex 101.6 11.5792 8.4
      vertex 101.6 12.7 11.9
      vertex 101.6 12.7 8.4
    endloop
  endfacet
  facet normal -1 -0 0
    outer loop
      vertex 101.6 12.7 11.9
      vertex 101.6 11.5792 8.4
      vertex 101.6 11.5792 11.9
    endloop
  endfacet
  facet normal 0 1 0
    outer loop
      vertex 102.8 12.7 11.9
      vertex 102.74 12.7 8.4
      vertex 101.6 12.7 11.9
    endloop
  endfacet
  facet normal 0 1 -0
    outer loop
      vertex 102.8 12.7 2.4
      vertex 102.74 12.7 8.4
      vertex 102.8 12.7 11.9
    endloop
  endfacet
  facet normal 0 1 0
    outer loop
      vertex 102.74 12.7 8.4
      vertex 102.8 12.7 2.4
      vertex 102.74 12.7 2.4
    endloop
  endfacet
  facet normal 0 0 0
    outer loop
      vertex 101.6 12.7 2.4
      vertex 102.74 12.7 2.4
      vertex 102.8 12.7 2.4
    endloop
  endfacet
  facet normal 0 1 0
    outer loop
      vertex 101.6 12.7 11.9
      vertex 102.74 12.7 8.4
      vertex 101.6 12.7 8.4
    endloop
  endfacet
  facet normal 1 0 0
    outer loop
      vertex 64.4 71.1 11.9
      vertex 64.4 71.04 8.4
      vertex 64.4 71.1 2.4
    endloop
  endfacet
  facet normal 1 -0 0
    outer loop
      vertex 64.4 69.9 11.9
      vertex 64.4 71.04 8.4
      vertex 64.4 71.1 11.9
    endloop
  endfacet
  facet normal 1 0 0
    outer loop
      vertex 64.4 71.04 8.4
      vertex 64.4 69.9 11.9
      vertex 64.4 69.9 8.4
    endloop
  endfacet
  facet normal 1 0 0
    outer loop
      vertex 64.4 71.04 2.4
      vertex 64.4 71.1 2.4
      vertex 64.4 71.04 8.4
    endloop
  endfacet
  facet normal -0 0 0
    outer loop
      vertex 64.4 71.04 2.4
      vertex 64.4 69.9 2.4
      vertex 64.4 71.1 2.4
    endloop
  endfacet
  facet normal 0 0 1
    outer loop
      vertex 64.4 71.1 11.9
      vertex 61.6 69.9 11.9
      vertex 64.4 69.9 11.9
    endloop
  endfacet
  facet normal -0 0 1
    outer loop
      vertex 60.4 71.1 11.9
      vertex 61.6 69.9 11.9
      vertex 64.4 71.1 11.9
    endloop
  endfacet
  facet normal 0 0 1
    outer loop
      vertex 60.4 67.1 11.9
      vertex 61.6 69.9 11.9
      vertex 60.4 71.1 11.9
    endloop
  endfacet
  facet normal 0 0 1
    outer loop
      vertex 61.6 69.9 11.9
      vertex 60.4 67.1 11.9
      vertex 61.6 67.1 11.9
    endloop
  endfacet
  facet normal -1 0 0
    outer loop
      vertex 60.4 68.45 8.4
      vertex 60.4 71.1 2.4
      vertex 60.4 68.45 2.4
    endloop
  endfacet
  facet normal 0 0 0
    outer loop
      vertex 60.4 71.1 2.4
      vertex 60.4 67.35 2.4
      vertex 60.4 68.45 2.4
    endloop
  endfacet
  facet normal -1 0 0
    outer loop
      vertex 60.4 67.35 2.4
      vertex 60.4 67.1 2.4
      vertex 60.4 67.35 8.4
    endloop
  endfacet
  facet normal 0 0 0
    outer loop
      vertex 60.4 67.1 2.4
      vertex 60.4 67.35 2.4
      vertex 60.4 71.1 2.4
    endloop
  endfacet
  facet normal -1 0 0
    outer loop
      vertex 60.4 71.1 2.4
      vertex 60.4 68.45 8.4
      vertex 60.4 71.1 11.9
    endloop
  endfacet
  facet normal -1 0 0
    outer loop
      vertex 60.4 67.1 11.9
      vertex 60.4 68.45 8.4
      vertex 60.4 67.35 8.4
    endloop
  endfacet
  facet normal -1 0 0
    outer loop
      vertex 60.4 68.45 8.4
      vertex 60.4 67.1 11.9
      vertex 60.4 71.1 11.9
    endloop
  endfacet
  facet normal -1 0 0
    outer loop
      vertex 60.4 67.1 11.9
      vertex 60.4 67.35 8.4
      vertex 60.4 67.1 2.4
    endloop
  endfacet
  facet normal 0 1 0
    outer loop
      vertex 63.05 71.1 8.4
      vertex 64.4 71.1 11.9
      vertex 64.15 71.1 8.4
    endloop
  endfacet
  facet normal 0 1 -0
    outer loop
      vertex 64.4 71.1 2.4
      vertex 64.15 71.1 8.4
      vertex 64.4 71.1 11.9
    endloop
  endfacet
  facet normal 0 -0 0
    outer loop
      vertex 64.15 71.1 2.4
      vertex 64.4 71.1 2.4
      vertex 63.05 71.1 2.4
    endloop
  endfacet
  facet normal 0 1 0
    outer loop
      vertex 64.15 71.1 8.4
      vertex 64.4 71.1 2.4
      vertex 64.15 71.1 2.4
    endloop
  endfacet
  facet normal 0 1 0
    outer loop
      vertex 64.4 71.1 11.9
      vertex 63.05 71.1 8.4
      vertex 60.4 71.1 11.9
    endloop
  endfacet
  facet normal 0 1 0
    outer loop
      vertex 60.4 71.1 2.4
      vertex 63.05 71.1 8.4
      vertex 63.05 71.1 2.4
    endloop
  endfacet
  facet normal 0 1 0
    outer loop
      vertex 63.05 71.1 8.4
      vertex 60.4 71.1 2.4
      vertex 60.4 71.1 11.9
    endloop
  endfacet
  facet normal 0 0 0
    outer loop
      vertex 60.4 71.1 2.4
      vertex 63.05 71.1 2.4
      vertex 64.4 71.1 2.4
    endloop
  endfacet
  facet normal 0 -1 0
    outer loop
      vertex 61.6 69.9 8.4
      vertex 64.4 69.9 11.9
      vertex 61.6 69.9 11.9
    endloop
  endfacet
  facet normal 0 -1 -0
    outer loop
      vertex 64.4 69.9 11.9
      vertex 61.6 69.9 8.4
      vertex 64.4 69.9 8.4
    endloop
  endfacet
  facet normal 1 -0 0
    outer loop
      vertex 61.6 67.1 11.9
      vertex 61.6 69.9 8.4
      vertex 61.6 69.9 11.9
    endloop
  endfacet
  facet normal 1 0 0
    outer loop
      vertex 61.6 69.9 8.4
      vertex 61.6 67.1 11.9
      vertex 61.6 67.1 8.4
    endloop
  endfacet
  facet normal 0 -1 0
    outer loop
      vertex 60.4 67.1 11.9
      vertex 60.46 67.1 8.4
      vertex 61.6 67.1 11.9
    endloop
  endfacet
  facet normal 0 -1 0
    outer loop
      vertex 60.4 67.1 2.4
      vertex 60.46 67.1 8.4
      vertex 60.4 67.1 11.9
    endloop
  endfacet
  facet normal 0 -1 -0
    outer loop
      vertex 60.46 67.1 8.4
      vertex 60.4 67.1 2.4
      vertex 60.46 67.1 2.4
    endloop
  endfacet
  facet normal 0 0 0
    outer loop
      vertex 61.6 67.1 2.4
      vertex 60.46 67.1 2.4
      vertex 60.4 67.1 2.4
    endloop
  endfacet
  facet normal 0 -1 -0
    outer loop
      vertex 61.6 67.1 11.9
      vertex 60.46 67.1 8.4
      vertex 61.6 67.1 8.4
    endloop
  endfacet
  facet normal 1 0 0
    outer loop
      vertex 102.8 68.3197 11.9
      vertex 102.8 67.35 8.4
      vertex 102.8 68.3197 8.4
    endloop
  endfacet
  facet normal 1 0 0
    outer loop
      vertex 102.8 67.1 2.4
      vertex 102.8 67.35 8.4
      vertex 102.8 67.1 11.9
    endloop
  endfacet
  facet normal 1 -0 0
    outer loop
      vertex 102.8 67.1 11.9
      vertex 102.8 67.35 8.4
      vertex 102.8 68.3197 11.9
    endloop
  endfacet
  facet normal 1 -0 0
    outer loop
      vertex 102.8 70.9697 11.9
      vertex 102.8 71.1 2.4
      vertex 102.8 71.1 11.9
    endloop
  endfacet
  facet normal 1 0 0
    outer loop
      vertex 102.8 70.9697 2.4
      vertex 102.8 71.1 2.4
      vertex 102.8 70.9697 11.9
    endloop
  endfacet
  facet normal 0 0 0
    outer loop
      vertex 102.8 67.35 2.4
      vertex 102.8 71.1 2.4
      vertex 102.8 70.9697 2.4
    endloop
  endfacet
  facet normal -0 0 0
    outer loop
      vertex 102.8 67.35 2.4
      vertex 102.8 67.1 2.4
      vertex 102.8 71.1 2.4
    endloop
  endfacet
  facet normal 1 0 0
    outer loop
      vertex 102.8 67.35 8.4
      vertex 102.8 67.1 2.4
      vertex 102.8 67.35 2.4
    endloop
  endfacet
  facet normal 0 0 1
    outer loop
      vertex 102.8 71.1 11.9
      vertex 102.55 70.95 11.9
      vertex 102.8 70.9697 11.9
    endloop
  endfacet
  facet normal 0 0 1
    outer loop
      vertex 102.8 71.1 11.9
      vertex 102.3 70.9697 11.9
      vertex 102.55 70.95 11.9
    endloop
  endfacet
  facet normal 0 0 1
    outer loop
      vertex 102.8 71.1 11.9
      vertex 102.056 71.0283 11.9
      vertex 102.3 70.9697 11.9
    endloop
  endfacet
  facet normal 0 -0 1
    outer loop
      vertex 102.056 71.0283 11.9
      vertex 102.8 71.1 11.9
      vertex 101.882 71.1 11.9
    endloop
  endfacet
  facet normal 0 0 1
    outer loop
      vertex 99.1117 70.0519 11.9
      vertex 98.8 69.9 11.9
      vertex 99.2414 69.9 11.9
    endloop
  endfacet
  facet normal 0 0 1
    outer loop
      vertex 98.8 69.9 11.9
      vertex 99.1117 70.0519 11.9
      vertex 98.8 70.5605 11.9
    endloop
  endfacet
  facet normal -0 0 1
    outer loop
      vertex 102.55 68.3 11.9
      vertex 102.8 67.1 11.9
      vertex 102.8 68.3197 11.9
    endloop
  endfacet
  facet normal 0 0 1
    outer loop
      vertex 101.6 67.1 11.9
      vertex 102.55 68.3 11.9
      vertex 101.885 68.3523 11.9
    endloop
  endfacet
  facet normal 0 0 1
    outer loop
      vertex 101.6 67.1 11.9
      vertex 101.885 68.3523 11.9
      vertex 101.6 68.4208 11.9
    endloop
  endfacet
  facet normal 0 0 1
    outer loop
      vertex 102.55 68.3 11.9
      vertex 101.6 67.1 11.9
      vertex 102.8 67.1 11.9
    endloop
  endfacet
  facet normal -1 0 0
    outer loop
      vertex 98.8 69.9 8.4
      vertex 98.8 70.5605 11.9
      vertex 98.8 70.5605 8.4
    endloop
  endfacet
  facet normal -1 -0 0
    outer loop
      vertex 98.8 70.5605 11.9
      vertex 98.8 69.9 8.4
      vertex 98.8 69.9 11.9
    endloop
  endfacet
  facet normal 0 1 0
    outer loop
      vertex 102.8 71.1 11.9
      vertex 101.882 71.1 2.4
      vertex 101.882 71.1 11.9
    endloop
  endfacet
  facet normal 0 1 -0
    outer loop
      vertex 102.8 71.1 2.4
      vertex 101.882 71.1 2.4
      vertex 102.8 71.1 11.9
    endloop
  endfacet
  facet normal 0 0 0
    outer loop
      vertex 98.8 71.1 2.4
      vertex 101.882 71.1 2.4
      vertex 102.8 71.1 2.4
    endloop
  endfacet
  facet normal 0 -1 0
    outer loop
      vertex 98.8 69.9 8.4
      vertex 99.2414 69.9 11.9
      vertex 98.8 69.9 11.9
    endloop
  endfacet
  facet normal 0 -1 -0
    outer loop
      vertex 99.2414 69.9 11.9
      vertex 98.8 69.9 8.4
      vertex 99.2414 69.9 8.4
    endloop
  endfacet
  facet normal -1 0 0
    outer loop
      vertex 101.6 67.1 8.4
      vertex 101.6 68.4208 11.9
      vertex 101.6 68.4208 8.4
    endloop
  endfacet
  facet normal -1 -0 0
    outer loop
      vertex 101.6 68.4208 11.9
      vertex 101.6 67.1 8.4
      vertex 101.6 67.1 11.9
    endloop
  endfacet
  facet normal 0 -1 0
    outer loop
      vertex 102.74 67.1 8.4
      vertex 101.6 67.1 11.9
      vertex 101.6 67.1 8.4
    endloop
  endfacet
  facet normal 0 -1 0
    outer loop
      vertex 101.6 67.1 11.9
      vertex 102.74 67.1 8.4
      vertex 102.8 67.1 11.9
    endloop
  endfacet
  facet normal 0 -1 0
    outer loop
      vertex 102.8 67.1 2.4
      vertex 102.74 67.1 8.4
      vertex 102.74 67.1 2.4
    endloop
  endfacet
  facet normal 0 -1 0
    outer loop
      vertex 102.74 67.1 8.4
      vertex 102.8 67.1 2.4
      vertex 102.8 67.1 11.9
    endloop
  endfacet
  facet normal 0 0 0
    outer loop
      vertex 102.8 67.1 2.4
      vertex 102.74 67.1 2.4
      vertex 101.6 67.1 2.4
    endloop
  endfacet
  facet normal 0.97235 0.233529 0
    outer loop
      vertex 13.61 12.4084 8.4
      vertex 13.4909 12.9043 2.4
      vertex 13.4909 12.9043 8.4
    endloop
  endfacet
  facet normal 0.97235 0.233529 0
    outer loop
      vertex 13.4909 12.9043 2.4
      vertex 13.61 12.4084 8.4
      vertex 13.61 12.4084 2.4
    endloop
  endfacet
  facet normal 0.996919 0.0784358 0
    outer loop
      vertex 13.65 11.9 8.4
      vertex 13.61 12.4084 2.4
      vertex 13.61 12.4084 8.4
    endloop
  endfacet
  facet normal 0.996919 0.0784358 0
    outer loop
      vertex 13.61 12.4084 2.4
      vertex 13.65 11.9 8.4
      vertex 13.65 11.9 2.4
    endloop
  endfacet
  facet normal 0.923933 0.382554 0
    outer loop
      vertex 13.4909 12.9043 8.4
      vertex 13.2958 13.3755 2.4
      vertex 13.2958 13.3755 8.4
    endloop
  endfacet
  facet normal 0.923933 0.382554 0
    outer loop
      vertex 13.2958 13.3755 2.4
      vertex 13.4909 12.9043 8.4
      vertex 13.4909 12.9043 2.4
    endloop
  endfacet
  facet normal 0.233529 0.97235 -0
    outer loop
      vertex 11.4043 14.9909 2.4
      vertex 10.9084 15.11 8.4
      vertex 11.4043 14.9909 8.4
    endloop
  endfacet
  facet normal 0.233529 0.97235 0
    outer loop
      vertex 10.9084 15.11 8.4
      vertex 11.4043 14.9909 2.4
      vertex 10.9084 15.11 2.4
    endloop
  endfacet
  facet normal 0.760418 0.649434 0
    outer loop
      vertex 13.0293 13.8103 8.4
      vertex 12.6981 14.1981 2.4
      vertex 12.6981 14.1981 8.4
    endloop
  endfacet
  facet normal 0.760418 0.649434 0
    outer loop
      vertex 12.6981 14.1981 2.4
      vertex 13.0293 13.8103 8.4
      vertex 13.0293 13.8103 2.4
    endloop
  endfacet
  facet normal -0.649434 0.760418 0
    outer loop
      vertex 8.4897 14.5293 2.4
      vertex 8.1019 14.1981 8.4
      vertex 8.4897 14.5293 8.4
    endloop
  endfacet
  facet normal -0.649434 0.760418 0
    outer loop
      vertex 8.1019 14.1981 8.4
      vertex 8.4897 14.5293 2.4
      vertex 8.1019 14.1981 2.4
    endloop
  endfacet
  facet normal 0.382678 -0.923882 0
    outer loop
      vertex 11.463 8.83337 2.4
      vertex 11.8755 9.00423 8.4
      vertex 11.463 8.83337 8.4
    endloop
  endfacet
  facet normal 0.382678 -0.923882 0
    outer loop
      vertex 11.8755 9.00423 8.4
      vertex 11.463 8.83337 2.4
      vertex 11.8755 9.00423 2.4
    endloop
  endfacet
  facet normal -0.996918 0.0784553 0
    outer loop
      vertex 7.15 11.9 2.4
      vertex 7.19001 12.4084 8.4
      vertex 7.19001 12.4084 2.4
    endloop
  endfacet
  facet normal -0.996918 0.0784553 0
    outer loop
      vertex 7.19001 12.4084 8.4
      vertex 7.15 11.9 2.4
      vertex 7.15 11.9 8.4
    endloop
  endfacet
  facet normal -0.996916 -0.0784702 0
    outer loop
      vertex 7.16749 11.6778 2.4
      vertex 7.15 11.9 8.4
      vertex 7.15 11.9 2.4
    endloop
  endfacet
  facet normal -0.996916 -0.0784702 0
    outer loop
      vertex 7.15 11.9 8.4
      vertex 7.16749 11.6778 2.4
      vertex 7.16749 11.6778 8.4
    endloop
  endfacet
  facet normal -0.382582 0.923922 0
    outer loop
      vertex 9.39569 14.9909 2.4
      vertex 8.92453 14.7958 8.4
      vertex 9.39569 14.9909 8.4
    endloop
  endfacet
  facet normal -0.382582 0.923922 0
    outer loop
      vertex 8.92453 14.7958 8.4
      vertex 9.39569 14.9909 2.4
      vertex 8.92453 14.7958 2.4
    endloop
  endfacet
  facet normal 0.760418 -0.649434 0
    outer loop
      vertex 12.6981 9.6019 8.4
      vertex 13.0293 9.9897 2.4
      vertex 13.0293 9.9897 8.4
    endloop
  endfacet
  facet normal 0.760418 -0.649434 0
    outer loop
      vertex 13.0293 9.9897 2.4
      vertex 12.6981 9.6019 8.4
      vertex 12.6981 9.6019 2.4
    endloop
  endfacet
  facet normal -0.852619 0.522533 0
    outer loop
      vertex 7.50423 13.3755 2.4
      vertex 7.7707 13.8103 8.4
      vertex 7.7707 13.8103 2.4
    endloop
  endfacet
  facet normal -0.852619 0.522533 0
    outer loop
      vertex 7.7707 13.8103 8.4
      vertex 7.50423 13.3755 2.4
      vertex 7.50423 13.3755 8.4
    endloop
  endfacet
  facet normal -0.52255 0.852609 0
    outer loop
      vertex 8.92453 14.7958 2.4
      vertex 8.4897 14.5293 8.4
      vertex 8.92453 14.7958 8.4
    endloop
  endfacet
  facet normal -0.52255 0.852609 0
    outer loop
      vertex 8.4897 14.5293 8.4
      vertex 8.92453 14.7958 2.4
      vertex 8.4897 14.5293 2.4
    endloop
  endfacet
  facet normal 0.649445 -0.760408 0
    outer loop
      vertex 12.3103 9.27069 2.4
      vertex 12.6981 9.6019 8.4
      vertex 12.3103 9.27069 8.4
    endloop
  endfacet
  facet normal 0.649445 -0.760408 0
    outer loop
      vertex 12.6981 9.6019 8.4
      vertex 12.3103 9.27069 2.4
      vertex 12.6981 9.6019 2.4
    endloop
  endfacet
  facet normal 0.0784358 0.996919 -0
    outer loop
      vertex 10.9084 15.11 2.4
      vertex 10.4 15.15 8.4
      vertex 10.9084 15.11 8.4
    endloop
  endfacet
  facet normal 0.0784358 0.996919 0
    outer loop
      vertex 10.4 15.15 8.4
      vertex 10.9084 15.11 2.4
      vertex 10.4 15.15 2.4
    endloop
  endfacet
  facet normal 0.522576 0.852593 -0
    outer loop
      vertex 12.3103 14.5293 2.4
      vertex 11.8755 14.7958 8.4
      vertex 12.3103 14.5293 8.4
    endloop
  endfacet
  facet normal 0.522576 0.852593 0
    outer loop
      vertex 11.8755 14.7958 8.4
      vertex 12.3103 14.5293 2.4
      vertex 11.8755 14.7958 2.4
    endloop
  endfacet
  facet normal 0.382554 0.923933 -0
    outer loop
      vertex 11.8755 14.7958 2.4
      vertex 11.4043 14.9909 8.4
      vertex 11.8755 14.7958 8.4
    endloop
  endfacet
  facet normal 0.382554 0.923933 0
    outer loop
      vertex 11.4043 14.9909 8.4
      vertex 11.8755 14.7958 2.4
      vertex 11.4043 14.9909 2.4
    endloop
  endfacet
  facet normal 0.852593 0.522576 0
    outer loop
      vertex 13.2958 13.3755 8.4
      vertex 13.0293 13.8103 2.4
      vertex 13.0293 13.8103 8.4
    endloop
  endfacet
  facet normal 0.852593 0.522576 0
    outer loop
      vertex 13.0293 13.8103 2.4
      vertex 13.2958 13.3755 8.4
      vertex 13.2958 13.3755 2.4
    endloop
  endfacet
  facet normal 0.649434 0.760418 -0
    outer loop
      vertex 12.6981 14.1981 2.4
      vertex 12.3103 14.5293 8.4
      vertex 12.6981 14.1981 8.4
    endloop
  endfacet
  facet normal 0.649434 0.760418 0
    outer loop
      vertex 12.3103 14.5293 8.4
      vertex 12.6981 14.1981 2.4
      vertex 12.3103 14.5293 2.4
    endloop
  endfacet
  facet normal 0.996919 -0.0784358 0
    outer loop
      vertex 13.61 11.3916 8.4
      vertex 13.65 11.9 2.4
      vertex 13.65 11.9 8.4
    endloop
  endfacet
  facet normal 0.996919 -0.0784358 0
    outer loop
      vertex 13.65 11.9 2.4
      vertex 13.61 11.3916 8.4
      vertex 13.61 11.3916 2.4
    endloop
  endfacet
  facet normal 0.97235 -0.233529 0
    outer loop
      vertex 13.4909 10.8957 8.4
      vertex 13.61 11.3916 2.4
      vertex 13.61 11.3916 8.4
    endloop
  endfacet
  facet normal 0.97235 -0.233529 0
    outer loop
      vertex 13.61 11.3916 2.4
      vertex 13.4909 10.8957 8.4
      vertex 13.4909 10.8957 2.4
    endloop
  endfacet
  facet normal -0.0784343 0.996919 0
    outer loop
      vertex 10.4 15.15 2.4
      vertex 9.89159 15.11 8.4
      vertex 10.4 15.15 8.4
    endloop
  endfacet
  facet normal -0.0784343 0.996919 0
    outer loop
      vertex 9.89159 15.11 8.4
      vertex 10.4 15.15 2.4
      vertex 9.89159 15.11 2.4
    endloop
  endfacet
  facet normal -0.923892 0.382654 0
    outer loop
      vertex 7.30907 12.9043 2.4
      vertex 7.50423 13.3755 8.4
      vertex 7.50423 13.3755 2.4
    endloop
  endfacet
  facet normal -0.923892 0.382654 0
    outer loop
      vertex 7.50423 13.3755 8.4
      vertex 7.30907 12.9043 2.4
      vertex 7.30907 12.9043 8.4
    endloop
  endfacet
  facet normal 0.923933 -0.382554 0
    outer loop
      vertex 13.2958 10.4245 8.4
      vertex 13.4909 10.8957 2.4
      vertex 13.4909 10.8957 8.4
    endloop
  endfacet
  facet normal 0.923933 -0.382554 0
    outer loop
      vertex 13.4909 10.8957 2.4
      vertex 13.2958 10.4245 8.4
      vertex 13.2958 10.4245 2.4
    endloop
  endfacet
  facet normal 0.522519 -0.852628 0
    outer loop
      vertex 11.8755 9.00423 2.4
      vertex 12.3103 9.27069 8.4
      vertex 11.8755 9.00423 8.4
    endloop
  endfacet
  facet normal 0.522519 -0.852628 0
    outer loop
      vertex 12.3103 9.27069 8.4
      vertex 11.8755 9.00423 2.4
      vertex 12.3103 9.27069 2.4
    endloop
  endfacet
  facet normal 0 0 1
    outer loop
      vertex 11.6 11.9 8.4
      vertex 13.65 11.9 8.4
      vertex 13.61 12.4084 8.4
    endloop
  endfacet
  facet normal 0 0 1
    outer loop
      vertex 11.5852 12.0877 8.4
      vertex 13.61 12.4084 8.4
      vertex 13.4909 12.9043 8.4
    endloop
  endfacet
  facet normal 0 0 1
    outer loop
      vertex 13.65 11.9 8.4
      vertex 11.6 11.9 8.4
      vertex 13.61 11.3916 8.4
    endloop
  endfacet
  facet normal 0 0 1
    outer loop
      vertex 11.5413 12.2708 8.4
      vertex 13.4909 12.9043 8.4
      vertex 13.2958 13.3755 8.4
    endloop
  endfacet
  facet normal -0 0 1
    outer loop
      vertex 11.5852 11.7123 8.4
      vertex 13.61 11.3916 8.4
      vertex 11.6 11.9 8.4
    endloop
  endfacet
  facet normal 0 0 1
    outer loop
      vertex 11.4692 12.4448 8.4
      vertex 13.2958 13.3755 8.4
      vertex 13.0293 13.8103 8.4
    endloop
  endfacet
  facet normal 0 0 1
    outer loop
      vertex 13.61 11.3916 8.4
      vertex 11.5852 11.7123 8.4
      vertex 13.4909 10.8957 8.4
    endloop
  endfacet
  facet normal 0 0 1
    outer loop
      vertex 11.3708 12.6053 8.4
      vertex 13.0293 13.8103 8.4
      vertex 12.6981 14.1981 8.4
    endloop
  endfacet
  facet normal -0 0 1
    outer loop
      vertex 11.5413 11.5292 8.4
      vertex 13.4909 10.8957 8.4
      vertex 11.5852 11.7123 8.4
    endloop
  endfacet
  facet normal 0 0 1
    outer loop
      vertex 11.2485 12.7485 8.4
      vertex 12.6981 14.1981 8.4
      vertex 12.3103 14.5293 8.4
    endloop
  endfacet
  facet normal 0 0 1
    outer loop
      vertex 13.4909 10.8957 8.4
      vertex 11.5413 11.5292 8.4
      vertex 13.2958 10.4245 8.4
    endloop
  endfacet
  facet normal 0 0 1
    outer loop
      vertex 11.1053 12.8708 8.4
      vertex 12.3103 14.5293 8.4
      vertex 11.8755 14.7958 8.4
    endloop
  endfacet
  facet normal -0 0 1
    outer loop
      vertex 11.4692 11.3552 8.4
      vertex 13.2958 10.4245 8.4
      vertex 11.5413 11.5292 8.4
    endloop
  endfacet
  facet normal 0 0 1
    outer loop
      vertex 13.2958 10.4245 8.4
      vertex 11.4692 11.3552 8.4
      vertex 13.0293 9.9897 8.4
    endloop
  endfacet
  facet normal 0 0 1
    outer loop
      vertex 13.61 12.4084 8.4
      vertex 11.5852 12.0877 8.4
      vertex 11.6 11.9 8.4
    endloop
  endfacet
  facet normal 0 0 1
    outer loop
      vertex 13.4909 12.9043 8.4
      vertex 11.5413 12.2708 8.4
      vertex 11.5852 12.0877 8.4
    endloop
  endfacet
  facet normal 0 0 1
    outer loop
      vertex 13.2958 13.3755 8.4
      vertex 11.4692 12.4448 8.4
      vertex 11.5413 12.2708 8.4
    endloop
  endfacet
  facet normal 0 0 1
    outer loop
      vertex 10.9448 12.9692 8.4
      vertex 11.8755 14.7958 8.4
      vertex 11.4043 14.9909 8.4
    endloop
  endfacet
  facet normal 0 0 1
    outer loop
      vertex 13.0293 13.8103 8.4
      vertex 11.3708 12.6053 8.4
      vertex 11.4692 12.4448 8.4
    endloop
  endfacet
  facet normal 0 0 1
    outer loop
      vertex 12.6981 14.1981 8.4
      vertex 11.2485 12.7485 8.4
      vertex 11.3708 12.6053 8.4
    endloop
  endfacet
  facet normal 0 0 1
    outer loop
      vertex 12.3103 14.5293 8.4
      vertex 11.1053 12.8708 8.4
      vertex 11.2485 12.7485 8.4
    endloop
  endfacet
  facet normal 0 0 1
    outer loop
      vertex 11.8755 14.7958 8.4
      vertex 10.9448 12.9692 8.4
      vertex 11.1053 12.8708 8.4
    endloop
  endfacet
  facet normal 0 0 1
    outer loop
      vertex 10.7708 13.0413 8.4
      vertex 11.4043 14.9909 8.4
      vertex 10.9084 15.11 8.4
    endloop
  endfacet
  facet normal 0 0 1
    outer loop
      vertex 11.4043 14.9909 8.4
      vertex 10.7708 13.0413 8.4
      vertex 10.9448 12.9692 8.4
    endloop
  endfacet
  facet normal 0 0 1
    outer loop
      vertex 10.9084 15.11 8.4
      vertex 10.5877 13.0852 8.4
      vertex 10.7708 13.0413 8.4
    endloop
  endfacet
  facet normal 0 0 1
    outer loop
      vertex 10.4 15.15 8.4
      vertex 10.5877 13.0852 8.4
      vertex 10.9084 15.11 8.4
    endloop
  endfacet
  facet normal 0 0 1
    outer loop
      vertex 10.4 15.15 8.4
      vertex 10.4 13.1 8.4
      vertex 10.5877 13.0852 8.4
    endloop
  endfacet
  facet normal 0 0 1
    outer loop
      vertex 10.4 15.15 8.4
      vertex 10.2123 13.0852 8.4
      vertex 10.4 13.1 8.4
    endloop
  endfacet
  facet normal -0 0 1
    outer loop
      vertex 9.89159 15.11 8.4
      vertex 10.2123 13.0852 8.4
      vertex 10.4 15.15 8.4
    endloop
  endfacet
  facet normal 0 0 1
    outer loop
      vertex 10.2123 13.0852 8.4
      vertex 9.89159 15.11 8.4
      vertex 10.0292 13.0413 8.4
    endloop
  endfacet
  facet normal -0 0 1
    outer loop
      vertex 9.39569 14.9909 8.4
      vertex 10.0292 13.0413 8.4
      vertex 9.89159 15.11 8.4
    endloop
  endfacet
  facet normal 0 0 1
    outer loop
      vertex 10.0292 13.0413 8.4
      vertex 9.39569 14.9909 8.4
      vertex 9.85521 12.9692 8.4
    endloop
  endfacet
  facet normal -0 0 1
    outer loop
      vertex 8.92453 14.7958 8.4
      vertex 9.85521 12.9692 8.4
      vertex 9.39569 14.9909 8.4
    endloop
  endfacet
  facet normal 0 0 1
    outer loop
      vertex 9.85521 12.9692 8.4
      vertex 8.92453 14.7958 8.4
      vertex 9.69466 12.8708 8.4
    endloop
  endfacet
  facet normal -0 0 1
    outer loop
      vertex 8.4897 14.5293 8.4
      vertex 9.69466 12.8708 8.4
      vertex 8.92453 14.7958 8.4
    endloop
  endfacet
  facet normal 0 0 1
    outer loop
      vertex 9.69466 12.8708 8.4
      vertex 8.4897 14.5293 8.4
      vertex 9.55147 12.7485 8.4
    endloop
  endfacet
  facet normal -0 0 1
    outer loop
      vertex 8.1019 14.1981 8.4
      vertex 9.55147 12.7485 8.4
      vertex 8.4897 14.5293 8.4
    endloop
  endfacet
  facet normal 0 0 1
    outer loop
      vertex 9.55147 12.7485 8.4
      vertex 8.4 12.7 8.4
      vertex 9.42918 12.6053 8.4
    endloop
  endfacet
  facet normal 0 0 1
    outer loop
      vertex 9.33079 12.4448 8.4
      vertex 8.4 12.7 8.4
      vertex 9.25873 12.2708 8.4
    endloop
  endfacet
  facet normal 0 0 1
    outer loop
      vertex 9.25873 12.2708 8.4
      vertex 8.4 12.7 8.4
      vertex 9.21477 12.0877 8.4
    endloop
  endfacet
  facet normal -0 0 1
    outer loop
      vertex 11.3708 11.1947 8.4
      vertex 13.0293 9.9897 8.4
      vertex 11.4692 11.3552 8.4
    endloop
  endfacet
  facet normal 0 0 1
    outer loop
      vertex 13.0293 9.9897 8.4
      vertex 11.3708 11.1947 8.4
      vertex 12.6981 9.6019 8.4
    endloop
  endfacet
  facet normal -0 0 1
    outer loop
      vertex 11.2485 11.0515 8.4
      vertex 12.6981 9.6019 8.4
      vertex 11.3708 11.1947 8.4
    endloop
  endfacet
  facet normal 0 0 1
    outer loop
      vertex 12.6981 9.6019 8.4
      vertex 11.2 9.9 8.4
      vertex 12.3103 9.27069 8.4
    endloop
  endfacet
  facet normal -0 -0 1
    outer loop
      vertex 11.2368 9.37946 8.4
      vertex 12.3103 9.27069 8.4
      vertex 11.2 9.9 8.4
    endloop
  endfacet
  facet normal 0 0 1
    outer loop
      vertex 12.6981 9.6019 8.4
      vertex 11.2485 11.0515 8.4
      vertex 11.2 9.9 8.4
    endloop
  endfacet
  facet normal 0 0 1
    outer loop
      vertex 12.3103 9.27069 8.4
      vertex 11.2368 9.37946 8.4
      vertex 11.8755 9.00423 8.4
    endloop
  endfacet
  facet normal 0 0 1
    outer loop
      vertex 11.8755 9.00423 8.4
      vertex 11.2368 9.37946 8.4
      vertex 11.463 8.83337 8.4
    endloop
  endfacet
  facet normal -0 0 1
    outer loop
      vertex 11.1053 10.9292 8.4
      vertex 11.2 9.9 8.4
      vertex 11.2485 11.0515 8.4
    endloop
  endfacet
  facet normal -0 0 1
    outer loop
      vertex 10.9448 10.8308 8.4
      vertex 11.2 9.9 8.4
      vertex 11.1053 10.9292 8.4
    endloop
  endfacet
  facet normal -0 0 1
    outer loop
      vertex 10.8883 9.94809 8.4
      vertex 11.2 9.9 8.4
      vertex 10.9448 10.8308 8.4
    endloop
  endfacet
  facet normal 0 0 1
    outer loop
      vertex 11.2 9.9 8.4
      vertex 10.8883 9.94809 8.4
      vertex 10.9178 9.9 8.4
    endloop
  endfacet
  facet normal -0 0 1
    outer loop
      vertex 10.7708 10.7587 8.4
      vertex 10.8883 9.94809 8.4
      vertex 10.9448 10.8308 8.4
    endloop
  endfacet
  facet normal 0 0 1
    outer loop
      vertex 10.4552 10.4552 8.4
      vertex 10.7708 10.7587 8.4
      vertex 10.5877 10.7148 8.4
    endloop
  endfacet
  facet normal 0 0 1
    outer loop
      vertex 10.7708 10.7587 8.4
      vertex 10.4552 10.4552 8.4
      vertex 10.8883 9.94809 8.4
    endloop
  endfacet
  facet normal -0 0 1
    outer loop
      vertex 10.4 10.7 8.4
      vertex 10.4552 10.4552 8.4
      vertex 10.5877 10.7148 8.4
    endloop
  endfacet
  facet normal 0 0 1
    outer loop
      vertex 10.2123 10.7148 8.4
      vertex 10.4552 10.4552 8.4
      vertex 10.4 10.7 8.4
    endloop
  endfacet
  facet normal 0 0 1
    outer loop
      vertex 10.4552 10.4552 8.4
      vertex 10.2123 10.7148 8.4
      vertex 10.1274 10.7351 8.4
    endloop
  endfacet
  facet normal 0 0 1
    outer loop
      vertex 11.2368 9.37946 8.4
      vertex 11.2 9.9 8.4
      vertex 11.2 9.43948 8.4
    endloop
  endfacet
  facet normal 0 0 1
    outer loop
      vertex 9.33079 11.3552 8.4
      vertex 9.37946 11.2368 8.4
      vertex 9.41775 11.2133 8.4
    endloop
  endfacet
  facet normal -0 0 1
    outer loop
      vertex 8.76332 11.492 8.4
      vertex 9.33079 11.3552 8.4
      vertex 9.25873 11.5292 8.4
    endloop
  endfacet
  facet normal 0 0 1
    outer loop
      vertex 8.4 11.5792 8.4
      vertex 9.21477 12.0877 8.4
      vertex 8.4 12.7 8.4
    endloop
  endfacet
  facet normal 0 0 1
    outer loop
      vertex 9.33079 11.3552 8.4
      vertex 8.76332 11.492 8.4
      vertex 9.37946 11.2368 8.4
    endloop
  endfacet
  facet normal 0 0 1
    outer loop
      vertex 9.21477 11.7123 8.4
      vertex 8.76332 11.492 8.4
      vertex 9.25873 11.5292 8.4
    endloop
  endfacet
  facet normal 0 0 1
    outer loop
      vertex 9.21477 12.0877 8.4
      vertex 8.4 11.5792 8.4
      vertex 9.2 11.9 8.4
    endloop
  endfacet
  facet normal 0 0 1
    outer loop
      vertex 9.42918 12.6053 8.4
      vertex 8.4 12.7 8.4
      vertex 9.33079 12.4448 8.4
    endloop
  endfacet
  facet normal 0 0 1
    outer loop
      vertex 9.2 11.9 8.4
      vertex 8.76332 11.492 8.4
      vertex 9.21477 11.7123 8.4
    endloop
  endfacet
  facet normal 0 0 1
    outer loop
      vertex 9.2 11.9 8.4
      vertex 8.4 11.5792 8.4
      vertex 8.76332 11.492 8.4
    endloop
  endfacet
  facet normal 0 0 1
    outer loop
      vertex 9.55147 12.7485 8.4
      vertex 8.1019 14.1981 8.4
      vertex 8.4 12.7 8.4
    endloop
  endfacet
  facet normal -0 0 1
    outer loop
      vertex 7.7707 13.8103 8.4
      vertex 8.4 12.7 8.4
      vertex 8.1019 14.1981 8.4
    endloop
  endfacet
  facet normal -0 0 1
    outer loop
      vertex 7.50423 13.3755 8.4
      vertex 8.4 12.7 8.4
      vertex 7.7707 13.8103 8.4
    endloop
  endfacet
  facet normal -0 0 1
    outer loop
      vertex 7.30907 12.9043 8.4
      vertex 8.4 12.7 8.4
      vertex 7.50423 13.3755 8.4
    endloop
  endfacet
  facet normal 0 0 1
    outer loop
      vertex 8.4 12.7 8.4
      vertex 7.30907 12.9043 8.4
      vertex 7.26002 12.7 8.4
    endloop
  endfacet
  facet normal -0 0 1
    outer loop
      vertex 7.19001 12.4084 8.4
      vertex 7.2 11.6803 8.4
      vertex 7.2 12.45 8.4
    endloop
  endfacet
  facet normal -0 0 1
    outer loop
      vertex 7.15 11.9 8.4
      vertex 7.2 11.6803 8.4
      vertex 7.19001 12.4084 8.4
    endloop
  endfacet
  facet normal 0 0 1
    outer loop
      vertex 7.2 11.6803 8.4
      vertex 7.15 11.9 8.4
      vertex 7.16749 11.6778 8.4
    endloop
  endfacet
  facet normal -0.233529 0.97235 0
    outer loop
      vertex 9.89159 15.11 2.4
      vertex 9.39569 14.9909 8.4
      vertex 9.89159 15.11 8.4
    endloop
  endfacet
  facet normal -0.233529 0.97235 0
    outer loop
      vertex 9.39569 14.9909 8.4
      vertex 9.89159 15.11 2.4
      vertex 9.39569 14.9909 2.4
    endloop
  endfacet
  facet normal 0.852593 -0.522576 0
    outer loop
      vertex 13.0293 9.9897 8.4
      vertex 13.2958 10.4245 2.4
      vertex 13.2958 10.4245 8.4
    endloop
  endfacet
  facet normal 0.852593 -0.522576 0
    outer loop
      vertex 13.2958 10.4245 2.4
      vertex 13.0293 9.9897 8.4
      vertex 13.0293 9.9897 2.4
    endloop
  endfacet
  facet normal -0.972355 0.233506 0
    outer loop
      vertex 7.19001 12.4084 2.4
      vertex 7.2 12.45 8.4
      vertex 7.2 12.45 2.4
    endloop
  endfacet
  facet normal -0.972355 0.233506 0
    outer loop
      vertex 7.2 12.45 8.4
      vertex 7.19001 12.4084 2.4
      vertex 7.19001 12.4084 8.4
    endloop
  endfacet
  facet normal -0.972368 0.233454 0
    outer loop
      vertex 7.26002 12.7 2.4
      vertex 7.30907 12.9043 8.4
      vertex 7.30907 12.9043 2.4
    endloop
  endfacet
  facet normal -0.972368 0.233454 0
    outer loop
      vertex 7.30907 12.9043 8.4
      vertex 7.26002 12.7 2.4
      vertex 7.26002 12.7 8.4
    endloop
  endfacet
  facet normal -0.760418 0.649434 0
    outer loop
      vertex 7.7707 13.8103 2.4
      vertex 8.1019 14.1981 8.4
      vertex 8.1019 14.1981 2.4
    endloop
  endfacet
  facet normal -0.760418 0.649434 0
    outer loop
      vertex 8.1019 14.1981 8.4
      vertex 7.7707 13.8103 2.4
      vertex 7.7707 13.8103 8.4
    endloop
  endfacet
  facet normal 0.0786053 -0.996906 0
    outer loop
      vertex 10.2123 13.0852 2.4
      vertex 10.4 13.1 8.4
      vertex 10.2123 13.0852 8.4
    endloop
  endfacet
  facet normal 0.0786053 -0.996906 0
    outer loop
      vertex 10.4 13.1 8.4
      vertex 10.2123 13.0852 2.4
      vertex 10.4 13.1 2.4
    endloop
  endfacet
  facet normal -0.649435 -0.760417 0
    outer loop
      vertex 11.1053 12.8708 2.4
      vertex 11.2485 12.7485 8.4
      vertex 11.1053 12.8708 8.4
    endloop
  endfacet
  facet normal -0.649435 -0.760417 -0
    outer loop
      vertex 11.2485 12.7485 8.4
      vertex 11.1053 12.8708 2.4
      vertex 11.2485 12.7485 2.4
    endloop
  endfacet
  facet normal -0.522674 0.852533 0
    outer loop
      vertex 11.1053 10.9292 2.4
      vertex 10.9448 10.8308 8.4
      vertex 11.1053 10.9292 8.4
    endloop
  endfacet
  facet normal -0.522674 0.852533 0
    outer loop
      vertex 10.9448 10.8308 8.4
      vertex 11.1053 10.9292 2.4
      vertex 10.9448 10.8308 2.4
    endloop
  endfacet
  facet normal -0.97244 -0.233152 0
    outer loop
      vertex 11.5852 12.0877 2.4
      vertex 11.5413 12.2708 8.4
      vertex 11.5413 12.2708 2.4
    endloop
  endfacet
  facet normal -0.97244 -0.233152 0
    outer loop
      vertex 11.5413 12.2708 8.4
      vertex 11.5852 12.0877 2.4
      vertex 11.5852 12.0877 8.4
    endloop
  endfacet
  facet normal -0.233152 0.97244 0
    outer loop
      vertex 10.7708 10.7587 2.4
      vertex 10.5877 10.7148 8.4
      vertex 10.7708 10.7587 8.4
    endloop
  endfacet
  facet normal -0.233152 0.97244 0
    outer loop
      vertex 10.5877 10.7148 8.4
      vertex 10.7708 10.7587 2.4
      vertex 10.5877 10.7148 2.4
    endloop
  endfacet
  facet normal -0.760417 -0.649435 0
    outer loop
      vertex 11.3708 12.6053 2.4
      vertex 11.2485 12.7485 8.4
      vertex 11.2485 12.7485 2.4
    endloop
  endfacet
  facet normal -0.760417 -0.649435 0
    outer loop
      vertex 11.2485 12.7485 8.4
      vertex 11.3708 12.6053 2.4
      vertex 11.3708 12.6053 8.4
    endloop
  endfacet
  facet normal 0.996918 0.0784469 0
    outer loop
      vertex 9.21477 11.7123 8.4
      vertex 9.2 11.9 2.4
      vertex 9.2 11.9 8.4
    endloop
  endfacet
  facet normal 0.996918 0.0784469 0
    outer loop
      vertex 9.2 11.9 2.4
      vertex 9.21477 11.7123 8.4
      vertex 9.21477 11.7123 2.4
    endloop
  endfacet
  facet normal -0.0786053 0.996906 0
    outer loop
      vertex 10.5877 10.7148 2.4
      vertex 10.4 10.7 8.4
      vertex 10.5877 10.7148 8.4
    endloop
  endfacet
  facet normal -0.0786053 0.996906 0
    outer loop
      vertex 10.4 10.7 8.4
      vertex 10.5877 10.7148 2.4
      vertex 10.4 10.7 2.4
    endloop
  endfacet
  facet normal -0.382805 -0.923829 0
    outer loop
      vertex 10.7708 13.0413 2.4
      vertex 10.9448 12.9692 8.4
      vertex 10.7708 13.0413 8.4
    endloop
  endfacet
  facet normal -0.382805 -0.923829 -0
    outer loop
      vertex 10.9448 12.9692 8.4
      vertex 10.7708 13.0413 2.4
      vertex 10.9448 12.9692 2.4
    endloop
  endfacet
  facet normal -0.996906 -0.0786053 0
    outer loop
      vertex 11.6 11.9 2.4
      vertex 11.5852 12.0877 8.4
      vertex 11.5852 12.0877 2.4
    endloop
  endfacet
  facet normal -0.996906 -0.0786053 0
    outer loop
      vertex 11.5852 12.0877 8.4
      vertex 11.6 11.9 2.4
      vertex 11.6 11.9 8.4
    endloop
  endfacet
  facet normal 0.972368 -0.233453 0
    outer loop
      vertex 9.21477 12.0877 8.4
      vertex 9.25873 12.2708 2.4
      vertex 9.25873 12.2708 8.4
    endloop
  endfacet
  facet normal 0.972368 -0.233453 0
    outer loop
      vertex 9.25873 12.2708 2.4
      vertex 9.21477 12.0877 8.4
      vertex 9.21477 12.0877 2.4
    endloop
  endfacet
  facet normal 0.522556 -0.852605 0
    outer loop
      vertex 9.69466 12.8708 2.4
      vertex 9.85521 12.9692 8.4
      vertex 9.69466 12.8708 8.4
    endloop
  endfacet
  facet normal 0.522556 -0.852605 0
    outer loop
      vertex 9.85521 12.9692 8.4
      vertex 9.69466 12.8708 2.4
      vertex 9.85521 12.9692 2.4
    endloop
  endfacet
  facet normal -0.923829 -0.382805 0
    outer loop
      vertex 11.5413 12.2708 2.4
      vertex 11.4692 12.4448 8.4
      vertex 11.4692 12.4448 2.4
    endloop
  endfacet
  facet normal -0.923829 -0.382805 0
    outer loop
      vertex 11.4692 12.4448 8.4
      vertex 11.5413 12.2708 2.4
      vertex 11.5413 12.2708 8.4
    endloop
  endfacet
  facet normal 0.649461 -0.760395 0
    outer loop
      vertex 9.55147 12.7485 2.4
      vertex 9.69466 12.8708 8.4
      vertex 9.55147 12.7485 8.4
    endloop
  endfacet
  facet normal 0.649461 -0.760395 0
    outer loop
      vertex 9.69466 12.8708 8.4
      vertex 9.55147 12.7485 2.4
      vertex 9.69466 12.8708 2.4
    endloop
  endfacet
  facet normal -0.923829 0.382805 0
    outer loop
      vertex 11.4692 11.3552 2.4
      vertex 11.5413 11.5292 8.4
      vertex 11.5413 11.5292 2.4
    endloop
  endfacet
  facet normal -0.923829 0.382805 0
    outer loop
      vertex 11.5413 11.5292 8.4
      vertex 11.4692 11.3552 2.4
      vertex 11.4692 11.3552 8.4
    endloop
  endfacet
  facet normal 0.972368 0.233453 0
    outer loop
      vertex 9.25873 11.5292 8.4
      vertex 9.21477 11.7123 2.4
      vertex 9.21477 11.7123 8.4
    endloop
  endfacet
  facet normal 0.972368 0.233453 0
    outer loop
      vertex 9.21477 11.7123 2.4
      vertex 9.25873 11.5292 8.4
      vertex 9.25873 11.5292 2.4
    endloop
  endfacet
  facet normal -0.649435 0.760417 0
    outer loop
      vertex 11.2485 11.0515 2.4
      vertex 11.1053 10.9292 8.4
      vertex 11.2485 11.0515 8.4
    endloop
  endfacet
  facet normal -0.649435 0.760417 0
    outer loop
      vertex 11.1053 10.9292 8.4
      vertex 11.2485 11.0515 2.4
      vertex 11.1053 10.9292 2.4
    endloop
  endfacet
  facet normal 0.923904 -0.382624 0
    outer loop
      vertex 9.25873 12.2708 8.4
      vertex 9.33079 12.4448 2.4
      vertex 9.33079 12.4448 8.4
    endloop
  endfacet
  facet normal 0.923904 -0.382624 0
    outer loop
      vertex 9.33079 12.4448 2.4
      vertex 9.25873 12.2708 8.4
      vertex 9.25873 12.2708 2.4
    endloop
  endfacet
  facet normal -0.522674 -0.852533 0
    outer loop
      vertex 10.9448 12.9692 2.4
      vertex 11.1053 12.8708 8.4
      vertex 10.9448 12.9692 8.4
    endloop
  endfacet
  facet normal -0.522674 -0.852533 -0
    outer loop
      vertex 11.1053 12.8708 8.4
      vertex 10.9448 12.9692 2.4
      vertex 11.1053 12.8708 2.4
    endloop
  endfacet
  facet normal 0.23255 0.972585 -0
    outer loop
      vertex 10.2123 10.7148 2.4
      vertex 10.1274 10.7351 8.4
      vertex 10.2123 10.7148 8.4
    endloop
  endfacet
  facet normal 0.23255 0.972585 0
    outer loop
      vertex 10.1274 10.7351 8.4
      vertex 10.2123 10.7148 2.4
      vertex 10.1274 10.7351 2.4
    endloop
  endfacet
  facet normal -0.852533 -0.522674 0
    outer loop
      vertex 11.4692 12.4448 2.4
      vertex 11.3708 12.6053 8.4
      vertex 11.3708 12.6053 2.4
    endloop
  endfacet
  facet normal -0.852533 -0.522674 0
    outer loop
      vertex 11.3708 12.6053 8.4
      vertex 11.4692 12.4448 2.4
      vertex 11.4692 12.4448 8.4
    endloop
  endfacet
  facet normal 0.996918 -0.0784469 0
    outer loop
      vertex 9.2 11.9 8.4
      vertex 9.21477 12.0877 2.4
      vertex 9.21477 12.0877 8.4
    endloop
  endfacet
  facet normal 0.996918 -0.0784469 0
    outer loop
      vertex 9.21477 12.0877 2.4
      vertex 9.2 11.9 8.4
      vertex 9.2 11.9 2.4
    endloop
  endfacet
  facet normal -0.852533 0.522674 0
    outer loop
      vertex 11.3708 11.1947 2.4
      vertex 11.4692 11.3552 8.4
      vertex 11.4692 11.3552 2.4
    endloop
  endfacet
  facet normal -0.852533 0.522674 0
    outer loop
      vertex 11.4692 11.3552 8.4
      vertex 11.3708 11.1947 2.4
      vertex 11.3708 11.1947 8.4
    endloop
  endfacet
  facet normal -0.0786053 -0.996906 0
    outer loop
      vertex 10.4 13.1 2.4
      vertex 10.5877 13.0852 8.4
      vertex 10.4 13.1 8.4
    endloop
  endfacet
  facet normal -0.0786053 -0.996906 -0
    outer loop
      vertex 10.5877 13.0852 8.4
      vertex 10.4 13.1 2.4
      vertex 10.5877 13.0852 2.4
    endloop
  endfacet
  facet normal 0.760444 -0.649404 0
    outer loop
      vertex 9.42918 12.6053 8.4
      vertex 9.55147 12.7485 2.4
      vertex 9.55147 12.7485 8.4
    endloop
  endfacet
  facet normal 0.760444 -0.649404 0
    outer loop
      vertex 9.55147 12.7485 2.4
      vertex 9.42918 12.6053 8.4
      vertex 9.42918 12.6053 2.4
    endloop
  endfacet
  facet normal -0.760417 0.649435 0
    outer loop
      vertex 11.2485 11.0515 2.4
      vertex 11.3708 11.1947 8.4
      vertex 11.3708 11.1947 2.4
    endloop
  endfacet
  facet normal -0.760417 0.649435 0
    outer loop
      vertex 11.3708 11.1947 8.4
      vertex 11.2485 11.0515 2.4
      vertex 11.2485 11.0515 8.4
    endloop
  endfacet
  facet normal 0.382824 -0.923821 0
    outer loop
      vertex 9.85521 12.9692 2.4
      vertex 10.0292 13.0413 8.4
      vertex 9.85521 12.9692 8.4
    endloop
  endfacet
  facet normal 0.382824 -0.923821 0
    outer loop
      vertex 10.0292 13.0413 8.4
      vertex 9.85521 12.9692 2.4
      vertex 10.0292 13.0413 2.4
    endloop
  endfacet
  facet normal -0.233152 -0.97244 0
    outer loop
      vertex 10.5877 13.0852 2.4
      vertex 10.7708 13.0413 8.4
      vertex 10.5877 13.0852 8.4
    endloop
  endfacet
  facet normal -0.233152 -0.97244 -0
    outer loop
      vertex 10.7708 13.0413 8.4
      vertex 10.5877 13.0852 2.4
      vertex 10.7708 13.0413 2.4
    endloop
  endfacet
  facet normal 0.233152 -0.97244 0
    outer loop
      vertex 10.0292 13.0413 2.4
      vertex 10.2123 13.0852 8.4
      vertex 10.0292 13.0413 8.4
    endloop
  endfacet
  facet normal 0.233152 -0.97244 0
    outer loop
      vertex 10.2123 13.0852 8.4
      vertex 10.0292 13.0413 2.4
      vertex 10.2123 13.0852 2.4
    endloop
  endfacet
  facet normal 0.923904 0.382624 0
    outer loop
      vertex 9.33079 11.3552 8.4
      vertex 9.25873 11.5292 2.4
      vertex 9.25873 11.5292 8.4
    endloop
  endfacet
  facet normal 0.923904 0.382624 0
    outer loop
      vertex 9.25873 11.5292 2.4
      vertex 9.33079 11.3552 8.4
      vertex 9.33079 11.3552 2.4
    endloop
  endfacet
  facet normal -0.996906 0.0786053 0
    outer loop
      vertex 11.5852 11.7123 2.4
      vertex 11.6 11.9 8.4
      vertex 11.6 11.9 2.4
    endloop
  endfacet
  facet normal -0.996906 0.0786053 0
    outer loop
      vertex 11.6 11.9 8.4
      vertex 11.5852 11.7123 2.4
      vertex 11.5852 11.7123 8.4
    endloop
  endfacet
  facet normal 0.852631 0.522514 0
    outer loop
      vertex 9.41775 11.2133 8.4
      vertex 9.33079 11.3552 2.4
      vertex 9.33079 11.3552 8.4
    endloop
  endfacet
  facet normal 0.852631 0.522514 0
    outer loop
      vertex 9.33079 11.3552 2.4
      vertex 9.41775 11.2133 8.4
      vertex 9.41775 11.2133 2.4
    endloop
  endfacet
  facet normal -0.382805 0.923829 0
    outer loop
      vertex 10.9448 10.8308 2.4
      vertex 10.7708 10.7587 8.4
      vertex 10.9448 10.8308 8.4
    endloop
  endfacet
  facet normal -0.382805 0.923829 0
    outer loop
      vertex 10.7708 10.7587 8.4
      vertex 10.9448 10.8308 2.4
      vertex 10.7708 10.7587 2.4
    endloop
  endfacet
  facet normal -0.97244 0.233152 0
    outer loop
      vertex 11.5413 11.5292 2.4
      vertex 11.5852 11.7123 8.4
      vertex 11.5852 11.7123 2.4
    endloop
  endfacet
  facet normal -0.97244 0.233152 0
    outer loop
      vertex 11.5852 11.7123 8.4
      vertex 11.5413 11.5292 2.4
      vertex 11.5413 11.5292 8.4
    endloop
  endfacet
  facet normal 0.0786053 0.996906 -0
    outer loop
      vertex 10.4 10.7 2.4
      vertex 10.2123 10.7148 8.4
      vertex 10.4 10.7 8.4
    endloop
  endfacet
  facet normal 0.0786053 0.996906 0
    outer loop
      vertex 10.2123 10.7148 8.4
      vertex 10.4 10.7 2.4
      vertex 10.2123 10.7148 2.4
    endloop
  endfacet
  facet normal 0.852556 -0.522636 0
    outer loop
      vertex 9.33079 12.4448 8.4
      vertex 9.42918 12.6053 2.4
      vertex 9.42918 12.6053 8.4
    endloop
  endfacet
  facet normal 0.852556 -0.522636 0
    outer loop
      vertex 9.42918 12.6053 2.4
      vertex 9.33079 12.4448 8.4
      vertex 9.33079 12.4448 2.4
    endloop
  endfacet
  facet normal -0.649445 -0.760408 0
    outer loop
      vertex 44.1019 9.6019 2.4
      vertex 44.4897 9.27069 8.4
      vertex 44.1019 9.6019 8.4
    endloop
  endfacet
  facet normal -0.649445 -0.760408 -0
    outer loop
      vertex 44.4897 9.27069 8.4
      vertex 44.1019 9.6019 2.4
      vertex 44.4897 9.27069 2.4
    endloop
  endfacet
  facet normal 0.972314 0.233679 0
    outer loop
      vertex 49.54 12.7 8.4
      vertex 49.4909 12.9043 2.4
      vertex 49.4909 12.9043 8.4
    endloop
  endfacet
  facet normal 0.972314 0.233679 0
    outer loop
      vertex 49.4909 12.9043 2.4
      vertex 49.54 12.7 8.4
      vertex 49.54 12.7 2.4
    endloop
  endfacet
  facet normal 0.972302 0.233727 0
    outer loop
      vertex 49.61 12.4084 8.4
      vertex 49.6 12.45 2.4
      vertex 49.6 12.45 8.4
    endloop
  endfacet
  facet normal 0.972302 0.233727 0
    outer loop
      vertex 49.6 12.45 2.4
      vertex 49.61 12.4084 8.4
      vertex 49.61 12.4084 2.4
    endloop
  endfacet
  facet normal 0.996919 0.0784358 0
    outer loop
      vertex 49.65 11.9 8.4
      vertex 49.61 12.4084 2.4
      vertex 49.61 12.4084 8.4
    endloop
  endfacet
  facet normal 0.996919 0.0784358 0
    outer loop
      vertex 49.61 12.4084 2.4
      vertex 49.65 11.9 8.4
      vertex 49.65 11.9 2.4
    endloop
  endfacet
  facet normal 0.923933 0.382554 0
    outer loop
      vertex 49.4909 12.9043 8.4
      vertex 49.2958 13.3755 2.4
      vertex 49.2958 13.3755 8.4
    endloop
  endfacet
  facet normal 0.923933 0.382554 0
    outer loop
      vertex 49.2958 13.3755 2.4
      vertex 49.4909 12.9043 8.4
      vertex 49.4909 12.9043 2.4
    endloop
  endfacet
  facet normal 0.233529 0.97235 -0
    outer loop
      vertex 47.4043 14.9909 2.4
      vertex 46.9084 15.11 8.4
      vertex 47.4043 14.9909 8.4
    endloop
  endfacet
  facet normal 0.233529 0.97235 0
    outer loop
      vertex 46.9084 15.11 8.4
      vertex 47.4043 14.9909 2.4
      vertex 46.9084 15.11 2.4
    endloop
  endfacet
  facet normal 0.760418 0.649434 0
    outer loop
      vertex 49.0293 13.8103 8.4
      vertex 48.6981 14.1981 2.4
      vertex 48.6981 14.1981 8.4
    endloop
  endfacet
  facet normal 0.760418 0.649434 0
    outer loop
      vertex 48.6981 14.1981 2.4
      vertex 49.0293 13.8103 8.4
      vertex 49.0293 13.8103 2.4
    endloop
  endfacet
  facet normal -0.382654 -0.923892 0
    outer loop
      vertex 44.9245 9.00423 2.4
      vertex 45.3957 8.80907 8.4
      vertex 44.9245 9.00423 8.4
    endloop
  endfacet
  facet normal -0.382654 -0.923892 -0
    outer loop
      vertex 45.3957 8.80907 8.4
      vertex 44.9245 9.00423 2.4
      vertex 45.3957 8.80907 2.4
    endloop
  endfacet
  facet normal -0.649434 0.760418 0
    outer loop
      vertex 44.4897 14.5293 2.4
      vertex 44.1019 14.1981 8.4
      vertex 44.4897 14.5293 8.4
    endloop
  endfacet
  facet normal -0.649434 0.760418 0
    outer loop
      vertex 44.1019 14.1981 8.4
      vertex 44.4897 14.5293 2.4
      vertex 44.1019 14.1981 2.4
    endloop
  endfacet
  facet normal -0.996919 0.0784358 0
    outer loop
      vertex 43.15 11.9 2.4
      vertex 43.19 12.4084 8.4
      vertex 43.19 12.4084 2.4
    endloop
  endfacet
  facet normal -0.996919 0.0784358 0
    outer loop
      vertex 43.19 12.4084 8.4
      vertex 43.15 11.9 2.4
      vertex 43.15 11.9 8.4
    endloop
  endfacet
  facet normal -0.996919 -0.0784358 0
    outer loop
      vertex 43.19 11.3916 2.4
      vertex 43.15 11.9 8.4
      vertex 43.15 11.9 2.4
    endloop
  endfacet
  facet normal -0.996919 -0.0784358 0
    outer loop
      vertex 43.15 11.9 8.4
      vertex 43.19 11.3916 2.4
      vertex 43.19 11.3916 8.4
    endloop
  endfacet
  facet normal 0.233506 -0.972355 0
    outer loop
      vertex 46.9084 8.69001 2.4
      vertex 46.95 8.7 8.4
      vertex 46.9084 8.69001 8.4
    endloop
  endfacet
  facet normal 0.233506 -0.972355 0
    outer loop
      vertex 46.95 8.7 8.4
      vertex 46.9084 8.69001 2.4
      vertex 46.95 8.7 2.4
    endloop
  endfacet
  facet normal -0.382554 0.923933 0
    outer loop
      vertex 45.3957 14.9909 2.4
      vertex 44.9245 14.7958 8.4
      vertex 45.3957 14.9909 8.4
    endloop
  endfacet
  facet normal -0.382554 0.923933 0
    outer loop
      vertex 44.9245 14.7958 8.4
      vertex 45.3957 14.9909 2.4
      vertex 44.9245 14.7958 2.4
    endloop
  endfacet
  facet normal -0.852593 0.522576 0
    outer loop
      vertex 43.5042 13.3755 2.4
      vertex 43.7707 13.8103 8.4
      vertex 43.7707 13.8103 2.4
    endloop
  endfacet
  facet normal -0.852593 0.522576 0
    outer loop
      vertex 43.7707 13.8103 8.4
      vertex 43.5042 13.3755 2.4
      vertex 43.5042 13.3755 8.4
    endloop
  endfacet
  facet normal 0.0784553 -0.996918 0
    outer loop
      vertex 46.4 8.65 2.4
      vertex 46.9084 8.69001 8.4
      vertex 46.4 8.65 8.4
    endloop
  endfacet
  facet normal 0.0784553 -0.996918 0
    outer loop
      vertex 46.9084 8.69001 8.4
      vertex 46.4 8.65 2.4
      vertex 46.9084 8.69001 2.4
    endloop
  endfacet
  facet normal -0.97235 -0.233529 0
    outer loop
      vertex 43.3091 10.8957 2.4
      vertex 43.19 11.3916 8.4
      vertex 43.19 11.3916 2.4
    endloop
  endfacet
  facet normal -0.97235 -0.233529 0
    outer loop
      vertex 43.19 11.3916 8.4
      vertex 43.3091 10.8957 2.4
      vertex 43.3091 10.8957 8.4
    endloop
  endfacet
  facet normal -0.522576 0.852593 0
    outer loop
      vertex 44.9245 14.7958 2.4
      vertex 44.4897 14.5293 8.4
      vertex 44.9245 14.7958 8.4
    endloop
  endfacet
  facet normal -0.522576 0.852593 0
    outer loop
      vertex 44.4897 14.5293 8.4
      vertex 44.9245 14.7958 2.4
      vertex 44.4897 14.5293 2.4
    endloop
  endfacet
  facet normal 0.0784358 0.996919 -0
    outer loop
      vertex 46.9084 15.11 2.4
      vertex 46.4 15.15 8.4
      vertex 46.9084 15.11 8.4
    endloop
  endfacet
  facet normal 0.0784358 0.996919 0
    outer loop
      vertex 46.4 15.15 8.4
      vertex 46.9084 15.11 2.4
      vertex 46.4 15.15 2.4
    endloop
  endfacet
  facet normal 0.522576 0.852593 -0
    outer loop
      vertex 48.3103 14.5293 2.4
      vertex 47.8755 14.7958 8.4
      vertex 48.3103 14.5293 8.4
    endloop
  endfacet
  facet normal 0.522576 0.852593 0
    outer loop
      vertex 47.8755 14.7958 8.4
      vertex 48.3103 14.5293 2.4
      vertex 47.8755 14.7958 2.4
    endloop
  endfacet
  facet normal 0.382554 0.923933 -0
    outer loop
      vertex 47.8755 14.7958 2.4
      vertex 47.4043 14.9909 8.4
      vertex 47.8755 14.7958 8.4
    endloop
  endfacet
  facet normal 0.382554 0.923933 0
    outer loop
      vertex 47.4043 14.9909 8.4
      vertex 47.8755 14.7958 2.4
      vertex 47.4043 14.9909 2.4
    endloop
  endfacet
  facet normal 0.852593 0.522576 0
    outer loop
      vertex 49.2958 13.3755 8.4
      vertex 49.0293 13.8103 2.4
      vertex 49.0293 13.8103 8.4
    endloop
  endfacet
  facet normal 0.852593 0.522576 0
    outer loop
      vertex 49.0293 13.8103 2.4
      vertex 49.2958 13.3755 8.4
      vertex 49.2958 13.3755 2.4
    endloop
  endfacet
  facet normal -0.923933 -0.382554 0
    outer loop
      vertex 43.5042 10.4245 2.4
      vertex 43.3091 10.8957 8.4
      vertex 43.3091 10.8957 2.4
    endloop
  endfacet
  facet normal -0.923933 -0.382554 0
    outer loop
      vertex 43.3091 10.8957 8.4
      vertex 43.5042 10.4245 2.4
      vertex 43.5042 10.4245 8.4
    endloop
  endfacet
  facet normal 0.649434 0.760418 -0
    outer loop
      vertex 48.6981 14.1981 2.4
      vertex 48.3103 14.5293 8.4
      vertex 48.6981 14.1981 8.4
    endloop
  endfacet
  facet normal 0.649434 0.760418 0
    outer loop
      vertex 48.3103 14.5293 8.4
      vertex 48.6981 14.1981 2.4
      vertex 48.3103 14.5293 2.4
    endloop
  endfacet
  facet normal 0.996919 -0.0784358 0
    outer loop
      vertex 49.61 11.3916 8.4
      vertex 49.65 11.9 2.4
      vertex 49.65 11.9 8.4
    endloop
  endfacet
  facet normal 0.996919 -0.0784358 0
    outer loop
      vertex 49.65 11.9 2.4
      vertex 49.61 11.3916 8.4
      vertex 49.61 11.3916 2.4
    endloop
  endfacet
  facet normal 0.972302 -0.233727 0
    outer loop
      vertex 49.6 11.35 8.4
      vertex 49.61 11.3916 2.4
      vertex 49.61 11.3916 8.4
    endloop
  endfacet
  facet normal 0.972302 -0.233727 0
    outer loop
      vertex 49.61 11.3916 2.4
      vertex 49.6 11.35 8.4
      vertex 49.6 11.35 2.4
    endloop
  endfacet
  facet normal 0 0 -1
    outer loop
      vertex 45.3957 8.80907 2.4
      vertex 45.6 9.9 2.4
      vertex 45.6 8.76002 2.4
    endloop
  endfacet
  facet normal 0 0 -1
    outer loop
      vertex 44.9245 9.00423 2.4
      vertex 45.6 9.9 2.4
      vertex 45.3957 8.80907 2.4
    endloop
  endfacet
  facet normal 0 0 -1
    outer loop
      vertex 44.4897 9.27069 2.4
      vertex 45.6 9.9 2.4
      vertex 44.9245 9.00423 2.4
    endloop
  endfacet
  facet normal 0 0 -1
    outer loop
      vertex 44.1019 9.6019 2.4
      vertex 45.6 9.9 2.4
      vertex 44.4897 9.27069 2.4
    endloop
  endfacet
  facet normal -0 0 -1
    outer loop
      vertex 45.6 9.9 2.4
      vertex 44.1019 9.6019 2.4
      vertex 45.5515 11.0515 2.4
    endloop
  endfacet
  facet normal -0 0 -1
    outer loop
      vertex 45.5515 11.0515 2.4
      vertex 44.1019 9.6019 2.4
      vertex 45.4292 11.1947 2.4
    endloop
  endfacet
  facet normal 0 0 -1
    outer loop
      vertex 43.7707 9.9897 2.4
      vertex 45.4292 11.1947 2.4
      vertex 44.1019 9.6019 2.4
    endloop
  endfacet
  facet normal -0 0 -1
    outer loop
      vertex 45.4292 11.1947 2.4
      vertex 43.7707 9.9897 2.4
      vertex 45.3308 11.3552 2.4
    endloop
  endfacet
  facet normal 0 0 -1
    outer loop
      vertex 47.5852 11.7123 2.4
      vertex 48.4 12.7 2.4
      vertex 48.4 9.9 2.4
    endloop
  endfacet
  facet normal 0 0 -1
    outer loop
      vertex 47.5413 12.2708 2.4
      vertex 48.4 12.7 2.4
      vertex 47.5852 12.0877 2.4
    endloop
  endfacet
  facet normal 0 0 -1
    outer loop
      vertex 48.4 12.7 2.4
      vertex 47.6 11.9 2.4
      vertex 47.5852 12.0877 2.4
    endloop
  endfacet
  facet normal 0 0 -1
    outer loop
      vertex 48.4 12.7 2.4
      vertex 47.5852 11.7123 2.4
      vertex 47.6 11.9 2.4
    endloop
  endfacet
  facet normal 0 0 -1
    outer loop
      vertex 48.4 9.9 2.4
      vertex 47.5413 11.5292 2.4
      vertex 47.5852 11.7123 2.4
    endloop
  endfacet
  facet normal 0 0 -1
    outer loop
      vertex 48.4 9.9 2.4
      vertex 47.4692 11.3552 2.4
      vertex 47.5413 11.5292 2.4
    endloop
  endfacet
  facet normal 0 0 -1
    outer loop
      vertex 48.4 9.9 2.4
      vertex 47.3708 11.1947 2.4
      vertex 47.4692 11.3552 2.4
    endloop
  endfacet
  facet normal 0 0 -1
    outer loop
      vertex 48.4 9.9 2.4
      vertex 47.2485 11.0515 2.4
      vertex 47.3708 11.1947 2.4
    endloop
  endfacet
  facet normal 0 0 -1
    outer loop
      vertex 48.4 9.9 2.4
      vertex 47.1053 10.9292 2.4
      vertex 47.2485 11.0515 2.4
    endloop
  endfacet
  facet normal 0 0 -1
    outer loop
      vertex 48.4 9.9 2.4
      vertex 46.9448 10.8308 2.4
      vertex 47.1053 10.9292 2.4
    endloop
  endfacet
  facet normal 0 0 -1
    outer loop
      vertex 48.4 9.9 2.4
      vertex 46.7708 10.7587 2.4
      vertex 46.9448 10.8308 2.4
    endloop
  endfacet
  facet normal 0 0 -1
    outer loop
      vertex 48.4 9.9 2.4
      vertex 46.5877 10.7148 2.4
      vertex 46.7708 10.7587 2.4
    endloop
  endfacet
  facet normal 0 0 -1
    outer loop
      vertex 45.6 9.9 2.4
      vertex 46.5877 10.7148 2.4
      vertex 48.4 9.9 2.4
    endloop
  endfacet
  facet normal 0 0 -1
    outer loop
      vertex 46.5877 10.7148 2.4
      vertex 45.6 9.9 2.4
      vertex 46.4 10.7 2.4
    endloop
  endfacet
  facet normal -0 0 -1
    outer loop
      vertex 46.4 10.7 2.4
      vertex 45.6 9.9 2.4
      vertex 46.2123 10.7148 2.4
    endloop
  endfacet
  facet normal -0 0 -1
    outer loop
      vertex 46.2123 10.7148 2.4
      vertex 45.6 9.9 2.4
      vertex 46.0292 10.7587 2.4
    endloop
  endfacet
  facet normal 0 0 -1
    outer loop
      vertex 45.6 9.9 2.4
      vertex 45.8552 10.8308 2.4
      vertex 46.0292 10.7587 2.4
    endloop
  endfacet
  facet normal 0 0 -1
    outer loop
      vertex 45.6 9.9 2.4
      vertex 45.6947 10.9292 2.4
      vertex 45.8552 10.8308 2.4
    endloop
  endfacet
  facet normal -0 0 -1
    outer loop
      vertex 45.6947 10.9292 2.4
      vertex 45.6 9.9 2.4
      vertex 45.5515 11.0515 2.4
    endloop
  endfacet
  facet normal 0 0 -1
    outer loop
      vertex 48.4 12.7 2.4
      vertex 49.4909 12.9043 2.4
      vertex 49.54 12.7 2.4
    endloop
  endfacet
  facet normal -0 0 -1
    outer loop
      vertex 49.4909 12.9043 2.4
      vertex 48.4 12.7 2.4
      vertex 49.2958 13.3755 2.4
    endloop
  endfacet
  facet normal -0 0 -1
    outer loop
      vertex 49.2958 13.3755 2.4
      vertex 48.4 12.7 2.4
      vertex 49.0293 13.8103 2.4
    endloop
  endfacet
  facet normal -0 0 -1
    outer loop
      vertex 49.0293 13.8103 2.4
      vertex 48.4 12.7 2.4
      vertex 48.6981 14.1981 2.4
    endloop
  endfacet
  facet normal -0 0 -1
    outer loop
      vertex 48.6981 14.1981 2.4
      vertex 48.4 12.7 2.4
      vertex 48.3103 14.5293 2.4
    endloop
  endfacet
  facet normal 0 0 -1
    outer loop
      vertex 47.4692 12.4448 2.4
      vertex 48.4 12.7 2.4
      vertex 47.5413 12.2708 2.4
    endloop
  endfacet
  facet normal 0 0 -1
    outer loop
      vertex 47.3708 12.6053 2.4
      vertex 48.4 12.7 2.4
      vertex 47.4692 12.4448 2.4
    endloop
  endfacet
  facet normal 0 0 -1
    outer loop
      vertex 47.2485 12.7485 2.4
      vertex 48.4 12.7 2.4
      vertex 47.3708 12.6053 2.4
    endloop
  endfacet
  facet normal 0 0 -1
    outer loop
      vertex 48.4 12.7 2.4
      vertex 47.2485 12.7485 2.4
      vertex 48.3103 14.5293 2.4
    endloop
  endfacet
  facet normal 0 0 -1
    outer loop
      vertex 47.1053 12.8708 2.4
      vertex 48.3103 14.5293 2.4
      vertex 47.2485 12.7485 2.4
    endloop
  endfacet
  facet normal -0 0 -1
    outer loop
      vertex 48.3103 14.5293 2.4
      vertex 47.1053 12.8708 2.4
      vertex 47.8755 14.7958 2.4
    endloop
  endfacet
  facet normal 0 0 -1
    outer loop
      vertex 46.9448 12.9692 2.4
      vertex 47.8755 14.7958 2.4
      vertex 47.1053 12.8708 2.4
    endloop
  endfacet
  facet normal -0 0 -1
    outer loop
      vertex 47.8755 14.7958 2.4
      vertex 46.9448 12.9692 2.4
      vertex 47.4043 14.9909 2.4
    endloop
  endfacet
  facet normal 0 0 -1
    outer loop
      vertex 46.7708 13.0413 2.4
      vertex 47.4043 14.9909 2.4
      vertex 46.9448 12.9692 2.4
    endloop
  endfacet
  facet normal -0 0 -1
    outer loop
      vertex 47.4043 14.9909 2.4
      vertex 46.7708 13.0413 2.4
      vertex 46.9084 15.11 2.4
    endloop
  endfacet
  facet normal 0 0 -1
    outer loop
      vertex 46.5877 13.0852 2.4
      vertex 46.9084 15.11 2.4
      vertex 46.7708 13.0413 2.4
    endloop
  endfacet
  facet normal 0 0 -1
    outer loop
      vertex 46.4 13.1 2.4
      vertex 46.9084 15.11 2.4
      vertex 46.5877 13.0852 2.4
    endloop
  endfacet
  facet normal 0 0 -1
    outer loop
      vertex 46.4 13.1 2.4
      vertex 46.4 15.15 2.4
      vertex 46.9084 15.11 2.4
    endloop
  endfacet
  facet normal 0 0 -1
    outer loop
      vertex 46.2123 13.0852 2.4
      vertex 46.4 15.15 2.4
      vertex 46.4 13.1 2.4
    endloop
  endfacet
  facet normal 0 0 -1
    outer loop
      vertex 45.8916 15.11 2.4
      vertex 46.2123 13.0852 2.4
      vertex 46.0292 13.0413 2.4
    endloop
  endfacet
  facet normal 0 0 -1
    outer loop
      vertex 46.2123 13.0852 2.4
      vertex 45.8916 15.11 2.4
      vertex 46.4 15.15 2.4
    endloop
  endfacet
  facet normal 0 0 -1
    outer loop
      vertex 45.3957 14.9909 2.4
      vertex 46.0292 13.0413 2.4
      vertex 45.8552 12.9692 2.4
    endloop
  endfacet
  facet normal 0 0 -1
    outer loop
      vertex 44.9245 14.7958 2.4
      vertex 45.8552 12.9692 2.4
      vertex 45.6947 12.8708 2.4
    endloop
  endfacet
  facet normal 0 0 -1
    outer loop
      vertex 44.4897 14.5293 2.4
      vertex 45.6947 12.8708 2.4
      vertex 45.5515 12.7485 2.4
    endloop
  endfacet
  facet normal 0 0 -1
    outer loop
      vertex 44.1019 14.1981 2.4
      vertex 45.5515 12.7485 2.4
      vertex 45.4292 12.6053 2.4
    endloop
  endfacet
  facet normal 0 0 -1
    outer loop
      vertex 46.0292 13.0413 2.4
      vertex 45.3957 14.9909 2.4
      vertex 45.8916 15.11 2.4
    endloop
  endfacet
  facet normal 0 0 -1
    outer loop
      vertex 43.7707 13.8103 2.4
      vertex 45.4292 12.6053 2.4
      vertex 45.3308 12.4448 2.4
    endloop
  endfacet
  facet normal 0 0 -1
    outer loop
      vertex 43.5042 13.3755 2.4
      vertex 45.3308 12.4448 2.4
      vertex 45.2587 12.2708 2.4
    endloop
  endfacet
  facet normal 0 0 -1
    outer loop
      vertex 43.3091 12.9043 2.4
      vertex 45.2587 12.2708 2.4
      vertex 45.2148 12.0877 2.4
    endloop
  endfacet
  facet normal 0 0 -1
    outer loop
      vertex 43.19 12.4084 2.4
      vertex 45.2148 12.0877 2.4
      vertex 45.2 11.9 2.4
    endloop
  endfacet
  facet normal 0 0 -1
    outer loop
      vertex 43.5042 10.4245 2.4
      vertex 45.3308 11.3552 2.4
      vertex 43.7707 9.9897 2.4
    endloop
  endfacet
  facet normal 0 0 -1
    outer loop
      vertex 45.8552 12.9692 2.4
      vertex 44.9245 14.7958 2.4
      vertex 45.3957 14.9909 2.4
    endloop
  endfacet
  facet normal -0 0 -1
    outer loop
      vertex 45.3308 11.3552 2.4
      vertex 43.5042 10.4245 2.4
      vertex 45.2587 11.5292 2.4
    endloop
  endfacet
  facet normal 0 0 -1
    outer loop
      vertex 45.6947 12.8708 2.4
      vertex 44.4897 14.5293 2.4
      vertex 44.9245 14.7958 2.4
    endloop
  endfacet
  facet normal 0 0 -1
    outer loop
      vertex 43.3091 10.8957 2.4
      vertex 45.2587 11.5292 2.4
      vertex 43.5042 10.4245 2.4
    endloop
  endfacet
  facet normal 0 0 -1
    outer loop
      vertex 45.5515 12.7485 2.4
      vertex 44.1019 14.1981 2.4
      vertex 44.4897 14.5293 2.4
    endloop
  endfacet
  facet normal -0 0 -1
    outer loop
      vertex 45.2587 11.5292 2.4
      vertex 43.3091 10.8957 2.4
      vertex 45.2148 11.7123 2.4
    endloop
  endfacet
  facet normal 0 0 -1
    outer loop
      vertex 45.4292 12.6053 2.4
      vertex 43.7707 13.8103 2.4
      vertex 44.1019 14.1981 2.4
    endloop
  endfacet
  facet normal 0 0 -1
    outer loop
      vertex 43.19 11.3916 2.4
      vertex 45.2148 11.7123 2.4
      vertex 43.3091 10.8957 2.4
    endloop
  endfacet
  facet normal 0 0 -1
    outer loop
      vertex 45.3308 12.4448 2.4
      vertex 43.5042 13.3755 2.4
      vertex 43.7707 13.8103 2.4
    endloop
  endfacet
  facet normal -0 0 -1
    outer loop
      vertex 45.2148 11.7123 2.4
      vertex 43.19 11.3916 2.4
      vertex 45.2 11.9 2.4
    endloop
  endfacet
  facet normal 0 0 -1
    outer loop
      vertex 45.2587 12.2708 2.4
      vertex 43.3091 12.9043 2.4
      vertex 43.5042 13.3755 2.4
    endloop
  endfacet
  facet normal 0 0 -1
    outer loop
      vertex 43.15 11.9 2.4
      vertex 45.2 11.9 2.4
      vertex 43.19 11.3916 2.4
    endloop
  endfacet
  facet normal 0 0 -1
    outer loop
      vertex 45.2148 12.0877 2.4
      vertex 43.19 12.4084 2.4
      vertex 43.3091 12.9043 2.4
    endloop
  endfacet
  facet normal 0 0 -1
    outer loop
      vertex 45.2 11.9 2.4
      vertex 43.15 11.9 2.4
      vertex 43.19 12.4084 2.4
    endloop
  endfacet
  facet normal 0 0 -1
    outer loop
      vertex 49.6 11.35 2.4
      vertex 49.65 11.9 2.4
      vertex 49.61 11.3916 2.4
    endloop
  endfacet
  facet normal 0 0 -1
    outer loop
      vertex 49.6 12.45 2.4
      vertex 49.65 11.9 2.4
      vertex 49.6 11.35 2.4
    endloop
  endfacet
  facet normal 0 0 -1
    outer loop
      vertex 49.65 11.9 2.4
      vertex 49.6 12.45 2.4
      vertex 49.61 12.4084 2.4
    endloop
  endfacet
  facet normal 0 0 -1
    outer loop
      vertex 46.4 8.65 2.4
      vertex 46.95 8.7 2.4
      vertex 46.9084 8.69001 2.4
    endloop
  endfacet
  facet normal 0 0 -1
    outer loop
      vertex 45.85 8.7 2.4
      vertex 46.4 8.65 2.4
      vertex 45.8916 8.69001 2.4
    endloop
  endfacet
  facet normal 0 0 -1
    outer loop
      vertex 46.4 8.65 2.4
      vertex 45.85 8.7 2.4
      vertex 46.95 8.7 2.4
    endloop
  endfacet
  facet normal -0.0784358 0.996919 0
    outer loop
      vertex 46.4 15.15 2.4
      vertex 45.8916 15.11 8.4
      vertex 46.4 15.15 8.4
    endloop
  endfacet
  facet normal -0.0784358 0.996919 0
    outer loop
      vertex 45.8916 15.11 8.4
      vertex 46.4 15.15 2.4
      vertex 45.8916 15.11 2.4
    endloop
  endfacet
  facet normal -0.852593 -0.522576 0
    outer loop
      vertex 43.7707 9.9897 2.4
      vertex 43.5042 10.4245 8.4
      vertex 43.5042 10.4245 2.4
    endloop
  endfacet
  facet normal -0.852593 -0.522576 0
    outer loop
      vertex 43.5042 10.4245 8.4
      vertex 43.7707 9.9897 2.4
      vertex 43.7707 9.9897 8.4
    endloop
  endfacet
  facet normal -0.923933 0.382554 0
    outer loop
      vertex 43.3091 12.9043 2.4
      vertex 43.5042 13.3755 8.4
      vertex 43.5042 13.3755 2.4
    endloop
  endfacet
  facet normal -0.923933 0.382554 0
    outer loop
      vertex 43.5042 13.3755 8.4
      vertex 43.3091 12.9043 2.4
      vertex 43.3091 12.9043 8.4
    endloop
  endfacet
  facet normal -0.760418 -0.649434 0
    outer loop
      vertex 44.1019 9.6019 2.4
      vertex 43.7707 9.9897 8.4
      vertex 43.7707 9.9897 2.4
    endloop
  endfacet
  facet normal -0.760418 -0.649434 0
    outer loop
      vertex 43.7707 9.9897 8.4
      vertex 44.1019 9.6019 2.4
      vertex 44.1019 9.6019 8.4
    endloop
  endfacet
  facet normal 0 0 1
    outer loop
      vertex 48.4 12.7 8.4
      vertex 47.5852 12.0877 8.4
      vertex 47.6 11.9 8.4
    endloop
  endfacet
  facet normal 0 0 1
    outer loop
      vertex 48.4 12.7 8.4
      vertex 47.5413 12.2708 8.4
      vertex 47.5852 12.0877 8.4
    endloop
  endfacet
  facet normal 0 0 1
    outer loop
      vertex 48.4 12.7 8.4
      vertex 47.4692 12.4448 8.4
      vertex 47.5413 12.2708 8.4
    endloop
  endfacet
  facet normal 0 0 1
    outer loop
      vertex 46.9448 12.9692 8.4
      vertex 47.8755 14.7958 8.4
      vertex 47.4043 14.9909 8.4
    endloop
  endfacet
  facet normal 0 0 1
    outer loop
      vertex 48.4 12.7 8.4
      vertex 47.3708 12.6053 8.4
      vertex 47.4692 12.4448 8.4
    endloop
  endfacet
  facet normal 0 0 1
    outer loop
      vertex 48.4 12.7 8.4
      vertex 47.2485 12.7485 8.4
      vertex 47.3708 12.6053 8.4
    endloop
  endfacet
  facet normal 0 0 1
    outer loop
      vertex 48.6981 14.1981 8.4
      vertex 47.2485 12.7485 8.4
      vertex 48.4 12.7 8.4
    endloop
  endfacet
  facet normal 0 0 1
    outer loop
      vertex 47.8755 14.7958 8.4
      vertex 46.9448 12.9692 8.4
      vertex 47.1053 12.8708 8.4
    endloop
  endfacet
  facet normal 0 0 1
    outer loop
      vertex 46.7708 13.0413 8.4
      vertex 47.4043 14.9909 8.4
      vertex 46.9084 15.11 8.4
    endloop
  endfacet
  facet normal 0 0 1
    outer loop
      vertex 47.4043 14.9909 8.4
      vertex 46.7708 13.0413 8.4
      vertex 46.9448 12.9692 8.4
    endloop
  endfacet
  facet normal 0 0 1
    outer loop
      vertex 46.9084 15.11 8.4
      vertex 46.5877 13.0852 8.4
      vertex 46.7708 13.0413 8.4
    endloop
  endfacet
  facet normal 0 0 1
    outer loop
      vertex 46.4 15.15 8.4
      vertex 46.5877 13.0852 8.4
      vertex 46.9084 15.11 8.4
    endloop
  endfacet
  facet normal 0 0 1
    outer loop
      vertex 46.4 15.15 8.4
      vertex 46.4 13.1 8.4
      vertex 46.5877 13.0852 8.4
    endloop
  endfacet
  facet normal 0 0 1
    outer loop
      vertex 46.4 15.15 8.4
      vertex 46.2123 13.0852 8.4
      vertex 46.4 13.1 8.4
    endloop
  endfacet
  facet normal -0 0 1
    outer loop
      vertex 45.8916 15.11 8.4
      vertex 46.2123 13.0852 8.4
      vertex 46.4 15.15 8.4
    endloop
  endfacet
  facet normal 0 0 1
    outer loop
      vertex 46.2123 13.0852 8.4
      vertex 45.8916 15.11 8.4
      vertex 46.0292 13.0413 8.4
    endloop
  endfacet
  facet normal -0 0 1
    outer loop
      vertex 45.3957 14.9909 8.4
      vertex 46.0292 13.0413 8.4
      vertex 45.8916 15.11 8.4
    endloop
  endfacet
  facet normal 0 0 1
    outer loop
      vertex 46.0292 13.0413 8.4
      vertex 45.3957 14.9909 8.4
      vertex 45.8552 12.9692 8.4
    endloop
  endfacet
  facet normal -0 0 1
    outer loop
      vertex 44.9245 14.7958 8.4
      vertex 45.8552 12.9692 8.4
      vertex 45.3957 14.9909 8.4
    endloop
  endfacet
  facet normal 0 0 1
    outer loop
      vertex 45.8552 12.9692 8.4
      vertex 44.9245 14.7958 8.4
      vertex 45.6947 12.8708 8.4
    endloop
  endfacet
  facet normal -0 0 1
    outer loop
      vertex 44.4897 14.5293 8.4
      vertex 45.6947 12.8708 8.4
      vertex 44.9245 14.7958 8.4
    endloop
  endfacet
  facet normal 0 0 1
    outer loop
      vertex 45.6947 12.8708 8.4
      vertex 44.4897 14.5293 8.4
      vertex 45.5515 12.7485 8.4
    endloop
  endfacet
  facet normal -0 0 1
    outer loop
      vertex 44.1019 14.1981 8.4
      vertex 45.5515 12.7485 8.4
      vertex 44.4897 14.5293 8.4
    endloop
  endfacet
  facet normal 0 0 1
    outer loop
      vertex 45.5515 12.7485 8.4
      vertex 44.1019 14.1981 8.4
      vertex 45.4292 12.6053 8.4
    endloop
  endfacet
  facet normal -0 0 1
    outer loop
      vertex 43.7707 13.8103 8.4
      vertex 45.4292 12.6053 8.4
      vertex 44.1019 14.1981 8.4
    endloop
  endfacet
  facet normal 0 0 1
    outer loop
      vertex 45.4292 12.6053 8.4
      vertex 43.7707 13.8103 8.4
      vertex 45.3308 12.4448 8.4
    endloop
  endfacet
  facet normal 0 0 1
    outer loop
      vertex 48.4 12.7 8.4
      vertex 49.4909 12.9043 8.4
      vertex 49.2958 13.3755 8.4
    endloop
  endfacet
  facet normal 0 0 1
    outer loop
      vertex 48.4 12.7 8.4
      vertex 49.2958 13.3755 8.4
      vertex 49.0293 13.8103 8.4
    endloop
  endfacet
  facet normal 0 0 1
    outer loop
      vertex 48.4 12.7 8.4
      vertex 49.0293 13.8103 8.4
      vertex 48.6981 14.1981 8.4
    endloop
  endfacet
  facet normal 0 0 1
    outer loop
      vertex 49.4909 12.9043 8.4
      vertex 48.4 12.7 8.4
      vertex 49.54 12.7 8.4
    endloop
  endfacet
  facet normal 0 0 1
    outer loop
      vertex 47.1053 12.8708 8.4
      vertex 48.6981 14.1981 8.4
      vertex 48.3103 14.5293 8.4
    endloop
  endfacet
  facet normal 0 0 1
    outer loop
      vertex 47.1053 12.8708 8.4
      vertex 48.3103 14.5293 8.4
      vertex 47.8755 14.7958 8.4
    endloop
  endfacet
  facet normal 0 -0 1
    outer loop
      vertex 47.2485 12.7485 8.4
      vertex 48.6981 14.1981 8.4
      vertex 47.1053 12.8708 8.4
    endloop
  endfacet
  facet normal 0 0 1
    outer loop
      vertex 47.5852 11.7123 8.4
      vertex 48.4 12.7 8.4
      vertex 47.6 11.9 8.4
    endloop
  endfacet
  facet normal 0 0 1
    outer loop
      vertex 48.4 12.7 8.4
      vertex 47.5852 11.7123 8.4
      vertex 48.4 9.9 8.4
    endloop
  endfacet
  facet normal -0 0 1
    outer loop
      vertex 47.5413 11.5292 8.4
      vertex 48.4 9.9 8.4
      vertex 47.5852 11.7123 8.4
    endloop
  endfacet
  facet normal -0 0 1
    outer loop
      vertex 47.4692 11.3552 8.4
      vertex 48.4 9.9 8.4
      vertex 47.5413 11.5292 8.4
    endloop
  endfacet
  facet normal -0 0 1
    outer loop
      vertex 47.3708 11.1947 8.4
      vertex 48.4 9.9 8.4
      vertex 47.4692 11.3552 8.4
    endloop
  endfacet
  facet normal -0 0 1
    outer loop
      vertex 47.2485 11.0515 8.4
      vertex 48.4 9.9 8.4
      vertex 47.3708 11.1947 8.4
    endloop
  endfacet
  facet normal -0 0 1
    outer loop
      vertex 47.1053 10.9292 8.4
      vertex 48.4 9.9 8.4
      vertex 47.2485 11.0515 8.4
    endloop
  endfacet
  facet normal -0 0 1
    outer loop
      vertex 46.9448 10.8308 8.4
      vertex 48.4 9.9 8.4
      vertex 47.1053 10.9292 8.4
    endloop
  endfacet
  facet normal -0 0 1
    outer loop
      vertex 46.7708 10.7587 8.4
      vertex 48.4 9.9 8.4
      vertex 46.9448 10.8308 8.4
    endloop
  endfacet
  facet normal -0 0 1
    outer loop
      vertex 46.5877 10.7148 8.4
      vertex 48.4 9.9 8.4
      vertex 46.7708 10.7587 8.4
    endloop
  endfacet
  facet normal 0 0 1
    outer loop
      vertex 45.6 9.9 8.4
      vertex 46.5877 10.7148 8.4
      vertex 46.4 10.7 8.4
    endloop
  endfacet
  facet normal 0 0 1
    outer loop
      vertex 45.6 9.9 8.4
      vertex 46.4 10.7 8.4
      vertex 46.2123 10.7148 8.4
    endloop
  endfacet
  facet normal 0 0 1
    outer loop
      vertex 45.6 9.9 8.4
      vertex 46.2123 10.7148 8.4
      vertex 46.0292 10.7587 8.4
    endloop
  endfacet
  facet normal 0 0 1
    outer loop
      vertex 46.5877 10.7148 8.4
      vertex 45.6 9.9 8.4
      vertex 48.4 9.9 8.4
    endloop
  endfacet
  facet normal 0 0 1
    outer loop
      vertex 45.8552 10.8308 8.4
      vertex 45.6 9.9 8.4
      vertex 46.0292 10.7587 8.4
    endloop
  endfacet
  facet normal 0 0 1
    outer loop
      vertex 45.6947 10.9292 8.4
      vertex 45.6 9.9 8.4
      vertex 45.8552 10.8308 8.4
    endloop
  endfacet
  facet normal 0 0 1
    outer loop
      vertex 45.5515 11.0515 8.4
      vertex 45.6 9.9 8.4
      vertex 45.6947 10.9292 8.4
    endloop
  endfacet
  facet normal 0 0 1
    outer loop
      vertex 44.1019 9.6019 8.4
      vertex 45.6 9.9 8.4
      vertex 45.5515 11.0515 8.4
    endloop
  endfacet
  facet normal 0 0 1
    outer loop
      vertex 44.1019 9.6019 8.4
      vertex 45.5515 11.0515 8.4
      vertex 45.4292 11.1947 8.4
    endloop
  endfacet
  facet normal 0 0 1
    outer loop
      vertex 45.6 9.9 8.4
      vertex 45.3957 8.80907 8.4
      vertex 45.6 8.76002 8.4
    endloop
  endfacet
  facet normal 0 0 1
    outer loop
      vertex 43.7707 9.9897 8.4
      vertex 45.4292 11.1947 8.4
      vertex 45.3308 11.3552 8.4
    endloop
  endfacet
  facet normal 0 0 1
    outer loop
      vertex 43.5042 10.4245 8.4
      vertex 45.3308 11.3552 8.4
      vertex 45.2587 11.5292 8.4
    endloop
  endfacet
  facet normal 0 0 1
    outer loop
      vertex 43.3091 10.8957 8.4
      vertex 45.2587 11.5292 8.4
      vertex 45.2148 11.7123 8.4
    endloop
  endfacet
  facet normal 0 0 1
    outer loop
      vertex 43.19 11.3916 8.4
      vertex 45.2148 11.7123 8.4
      vertex 45.2 11.9 8.4
    endloop
  endfacet
  facet normal -0 0 1
    outer loop
      vertex 43.5042 13.3755 8.4
      vertex 45.3308 12.4448 8.4
      vertex 43.7707 13.8103 8.4
    endloop
  endfacet
  facet normal 0 0 1
    outer loop
      vertex 45.6 9.9 8.4
      vertex 44.9245 9.00423 8.4
      vertex 45.3957 8.80907 8.4
    endloop
  endfacet
  facet normal 0 0 1
    outer loop
      vertex 45.3308 12.4448 8.4
      vertex 43.5042 13.3755 8.4
      vertex 45.2587 12.2708 8.4
    endloop
  endfacet
  facet normal 0 0 1
    outer loop
      vertex 45.6 9.9 8.4
      vertex 44.4897 9.27069 8.4
      vertex 44.9245 9.00423 8.4
    endloop
  endfacet
  facet normal -0 0 1
    outer loop
      vertex 43.3091 12.9043 8.4
      vertex 45.2587 12.2708 8.4
      vertex 43.5042 13.3755 8.4
    endloop
  endfacet
  facet normal 0 0 1
    outer loop
      vertex 45.6 9.9 8.4
      vertex 44.1019 9.6019 8.4
      vertex 44.4897 9.27069 8.4
    endloop
  endfacet
  facet normal 0 0 1
    outer loop
      vertex 45.2587 12.2708 8.4
      vertex 43.3091 12.9043 8.4
      vertex 45.2148 12.0877 8.4
    endloop
  endfacet
  facet normal 0 0 1
    outer loop
      vertex 45.4292 11.1947 8.4
      vertex 43.7707 9.9897 8.4
      vertex 44.1019 9.6019 8.4
    endloop
  endfacet
  facet normal -0 0 1
    outer loop
      vertex 43.19 12.4084 8.4
      vertex 45.2148 12.0877 8.4
      vertex 43.3091 12.9043 8.4
    endloop
  endfacet
  facet normal 0 0 1
    outer loop
      vertex 45.3308 11.3552 8.4
      vertex 43.5042 10.4245 8.4
      vertex 43.7707 9.9897 8.4
    endloop
  endfacet
  facet normal 0 0 1
    outer loop
      vertex 45.2148 12.0877 8.4
      vertex 43.19 12.4084 8.4
      vertex 45.2 11.9 8.4
    endloop
  endfacet
  facet normal 0 0 1
    outer loop
      vertex 45.2587 11.5292 8.4
      vertex 43.3091 10.8957 8.4
      vertex 43.5042 10.4245 8.4
    endloop
  endfacet
  facet normal 0 0 1
    outer loop
      vertex 43.15 11.9 8.4
      vertex 45.2 11.9 8.4
      vertex 43.19 12.4084 8.4
    endloop
  endfacet
  facet normal 0 0 1
    outer loop
      vertex 45.2148 11.7123 8.4
      vertex 43.19 11.3916 8.4
      vertex 43.3091 10.8957 8.4
    endloop
  endfacet
  facet normal 0 0 1
    outer loop
      vertex 45.2 11.9 8.4
      vertex 43.15 11.9 8.4
      vertex 43.19 11.3916 8.4
    endloop
  endfacet
  facet normal 0 0 1
    outer loop
      vertex 46.95 8.7 8.4
      vertex 46.4 8.65 8.4
      vertex 46.9084 8.69001 8.4
    endloop
  endfacet
  facet normal -0 0 1
    outer loop
      vertex 45.85 8.7 8.4
      vertex 46.4 8.65 8.4
      vertex 46.95 8.7 8.4
    endloop
  endfacet
  facet normal 0 0 1
    outer loop
      vertex 46.4 8.65 8.4
      vertex 45.85 8.7 8.4
      vertex 45.8916 8.69001 8.4
    endloop
  endfacet
  facet normal 0 0 1
    outer loop
      vertex 49.6 12.45 8.4
      vertex 49.65 11.9 8.4
      vertex 49.61 12.4084 8.4
    endloop
  endfacet
  facet normal 0 0 1
    outer loop
      vertex 49.6 11.35 8.4
      vertex 49.65 11.9 8.4
      vertex 49.6 12.45 8.4
    endloop
  endfacet
  facet normal 0 0 1
    outer loop
      vertex 49.65 11.9 8.4
      vertex 49.6 11.35 8.4
      vertex 49.61 11.3916 8.4
    endloop
  endfacet
  facet normal -0.233529 0.97235 0
    outer loop
      vertex 45.8916 15.11 2.4
      vertex 45.3957 14.9909 8.4
      vertex 45.8916 15.11 8.4
    endloop
  endfacet
  facet normal -0.233529 0.97235 0
    outer loop
      vertex 45.3957 14.9909 8.4
      vertex 45.8916 15.11 2.4
      vertex 45.3957 14.9909 2.4
    endloop
  endfacet
  facet normal -0.233454 -0.972368 0
    outer loop
      vertex 45.3957 8.80907 2.4
      vertex 45.6 8.76002 8.4
      vertex 45.3957 8.80907 8.4
    endloop
  endfacet
  facet normal -0.233454 -0.972368 -0
    outer loop
      vertex 45.6 8.76002 8.4
      vertex 45.3957 8.80907 2.4
      vertex 45.6 8.76002 2.4
    endloop
  endfacet
  facet normal -0.233506 -0.972355 0
    outer loop
      vertex 45.85 8.7 2.4
      vertex 45.8916 8.69001 8.4
      vertex 45.85 8.7 8.4
    endloop
  endfacet
  facet normal -0.233506 -0.972355 -0
    outer loop
      vertex 45.8916 8.69001 8.4
      vertex 45.85 8.7 2.4
      vertex 45.8916 8.69001 2.4
    endloop
  endfacet
  facet normal -0.97235 0.233529 0
    outer loop
      vertex 43.19 12.4084 2.4
      vertex 43.3091 12.9043 8.4
      vertex 43.3091 12.9043 2.4
    endloop
  endfacet
  facet normal -0.97235 0.233529 0
    outer loop
      vertex 43.3091 12.9043 8.4
      vertex 43.19 12.4084 2.4
      vertex 43.19 12.4084 8.4
    endloop
  endfacet
  facet normal -0.0784553 -0.996918 0
    outer loop
      vertex 45.8916 8.69001 2.4
      vertex 46.4 8.65 8.4
      vertex 45.8916 8.69001 8.4
    endloop
  endfacet
  facet normal -0.0784553 -0.996918 -0
    outer loop
      vertex 46.4 8.65 8.4
      vertex 45.8916 8.69001 2.4
      vertex 46.4 8.65 2.4
    endloop
  endfacet
  facet normal -0.522519 -0.852628 0
    outer loop
      vertex 44.4897 9.27069 2.4
      vertex 44.9245 9.00423 8.4
      vertex 44.4897 9.27069 8.4
    endloop
  endfacet
  facet normal -0.522519 -0.852628 -0
    outer loop
      vertex 44.9245 9.00423 8.4
      vertex 44.4897 9.27069 2.4
      vertex 44.9245 9.00423 2.4
    endloop
  endfacet
  facet normal -0.760418 0.649434 0
    outer loop
      vertex 43.7707 13.8103 2.4
      vertex 44.1019 14.1981 8.4
      vertex 44.1019 14.1981 2.4
    endloop
  endfacet
  facet normal -0.760418 0.649434 0
    outer loop
      vertex 44.1019 14.1981 8.4
      vertex 43.7707 13.8103 2.4
      vertex 43.7707 13.8103 8.4
    endloop
  endfacet
  facet normal 0.0786053 -0.996906 0
    outer loop
      vertex 46.2123 13.0852 2.4
      vertex 46.4 13.1 8.4
      vertex 46.2123 13.0852 8.4
    endloop
  endfacet
  facet normal 0.0786053 -0.996906 0
    outer loop
      vertex 46.4 13.1 8.4
      vertex 46.2123 13.0852 2.4
      vertex 46.4 13.1 2.4
    endloop
  endfacet
  facet normal -0.649435 -0.760417 0
    outer loop
      vertex 47.1053 12.8708 2.4
      vertex 47.2485 12.7485 8.4
      vertex 47.1053 12.8708 8.4
    endloop
  endfacet
  facet normal -0.649435 -0.760417 -0
    outer loop
      vertex 47.2485 12.7485 8.4
      vertex 47.1053 12.8708 2.4
      vertex 47.2485 12.7485 2.4
    endloop
  endfacet
  facet normal -0.522674 0.852533 0
    outer loop
      vertex 47.1053 10.9292 2.4
      vertex 46.9448 10.8308 8.4
      vertex 47.1053 10.9292 8.4
    endloop
  endfacet
  facet normal -0.522674 0.852533 0
    outer loop
      vertex 46.9448 10.8308 8.4
      vertex 47.1053 10.9292 2.4
      vertex 46.9448 10.8308 2.4
    endloop
  endfacet
  facet normal -0.97244 -0.233152 0
    outer loop
      vertex 47.5852 12.0877 2.4
      vertex 47.5413 12.2708 8.4
      vertex 47.5413 12.2708 2.4
    endloop
  endfacet
  facet normal -0.97244 -0.233152 0
    outer loop
      vertex 47.5413 12.2708 8.4
      vertex 47.5852 12.0877 2.4
      vertex 47.5852 12.0877 8.4
    endloop
  endfacet
  facet normal -0.233152 0.97244 0
    outer loop
      vertex 46.7708 10.7587 2.4
      vertex 46.5877 10.7148 8.4
      vertex 46.7708 10.7587 8.4
    endloop
  endfacet
  facet normal -0.233152 0.97244 0
    outer loop
      vertex 46.5877 10.7148 8.4
      vertex 46.7708 10.7587 2.4
      vertex 46.5877 10.7148 2.4
    endloop
  endfacet
  facet normal -0.760417 -0.649435 0
    outer loop
      vertex 47.3708 12.6053 2.4
      vertex 47.2485 12.7485 8.4
      vertex 47.2485 12.7485 2.4
    endloop
  endfacet
  facet normal -0.760417 -0.649435 0
    outer loop
      vertex 47.2485 12.7485 8.4
      vertex 47.3708 12.6053 2.4
      vertex 47.3708 12.6053 8.4
    endloop
  endfacet
  facet normal 0.996906 0.0786053 0
    outer loop
      vertex 45.2148 11.7123 8.4
      vertex 45.2 11.9 2.4
      vertex 45.2 11.9 8.4
    endloop
  endfacet
  facet normal 0.996906 0.0786053 0
    outer loop
      vertex 45.2 11.9 2.4
      vertex 45.2148 11.7123 8.4
      vertex 45.2148 11.7123 2.4
    endloop
  endfacet
  facet normal -0.0786053 0.996906 0
    outer loop
      vertex 46.5877 10.7148 2.4
      vertex 46.4 10.7 8.4
      vertex 46.5877 10.7148 8.4
    endloop
  endfacet
  facet normal -0.0786053 0.996906 0
    outer loop
      vertex 46.4 10.7 8.4
      vertex 46.5877 10.7148 2.4
      vertex 46.4 10.7 2.4
    endloop
  endfacet
  facet normal -0.382805 -0.923829 0
    outer loop
      vertex 46.7708 13.0413 2.4
      vertex 46.9448 12.9692 8.4
      vertex 46.7708 13.0413 8.4
    endloop
  endfacet
  facet normal -0.382805 -0.923829 -0
    outer loop
      vertex 46.9448 12.9692 8.4
      vertex 46.7708 13.0413 2.4
      vertex 46.9448 12.9692 2.4
    endloop
  endfacet
  facet normal -0.996906 -0.0786053 0
    outer loop
      vertex 47.6 11.9 2.4
      vertex 47.5852 12.0877 8.4
      vertex 47.5852 12.0877 2.4
    endloop
  endfacet
  facet normal -0.996906 -0.0786053 0
    outer loop
      vertex 47.5852 12.0877 8.4
      vertex 47.6 11.9 2.4
      vertex 47.6 11.9 8.4
    endloop
  endfacet
  facet normal 0.97244 -0.233152 0
    outer loop
      vertex 45.2148 12.0877 8.4
      vertex 45.2587 12.2708 2.4
      vertex 45.2587 12.2708 8.4
    endloop
  endfacet
  facet normal 0.97244 -0.233152 0
    outer loop
      vertex 45.2587 12.2708 2.4
      vertex 45.2148 12.0877 8.4
      vertex 45.2148 12.0877 2.4
    endloop
  endfacet
  facet normal 0.522674 -0.852533 0
    outer loop
      vertex 45.6947 12.8708 2.4
      vertex 45.8552 12.9692 8.4
      vertex 45.6947 12.8708 8.4
    endloop
  endfacet
  facet normal 0.522674 -0.852533 0
    outer loop
      vertex 45.8552 12.9692 8.4
      vertex 45.6947 12.8708 2.4
      vertex 45.8552 12.9692 2.4
    endloop
  endfacet
  facet normal -0.923829 -0.382805 0
    outer loop
      vertex 47.5413 12.2708 2.4
      vertex 47.4692 12.4448 8.4
      vertex 47.4692 12.4448 2.4
    endloop
  endfacet
  facet normal -0.923829 -0.382805 0
    outer loop
      vertex 47.4692 12.4448 8.4
      vertex 47.5413 12.2708 2.4
      vertex 47.5413 12.2708 8.4
    endloop
  endfacet
  facet normal 0.649435 -0.760417 0
    outer loop
      vertex 45.5515 12.7485 2.4
      vertex 45.6947 12.8708 8.4
      vertex 45.5515 12.7485 8.4
    endloop
  endfacet
  facet normal 0.649435 -0.760417 0
    outer loop
      vertex 45.6947 12.8708 8.4
      vertex 45.5515 12.7485 2.4
      vertex 45.6947 12.8708 2.4
    endloop
  endfacet
  facet normal -0.923829 0.382805 0
    outer loop
      vertex 47.4692 11.3552 2.4
      vertex 47.5413 11.5292 8.4
      vertex 47.5413 11.5292 2.4
    endloop
  endfacet
  facet normal -0.923829 0.382805 0
    outer loop
      vertex 47.5413 11.5292 8.4
      vertex 47.4692 11.3552 2.4
      vertex 47.4692 11.3552 8.4
    endloop
  endfacet
  facet normal 0.97244 0.233152 0
    outer loop
      vertex 45.2587 11.5292 8.4
      vertex 45.2148 11.7123 2.4
      vertex 45.2148 11.7123 8.4
    endloop
  endfacet
  facet normal 0.97244 0.233152 0
    outer loop
      vertex 45.2148 11.7123 2.4
      vertex 45.2587 11.5292 8.4
      vertex 45.2587 11.5292 2.4
    endloop
  endfacet
  facet normal -0.649435 0.760417 0
    outer loop
      vertex 47.2485 11.0515 2.4
      vertex 47.1053 10.9292 8.4
      vertex 47.2485 11.0515 8.4
    endloop
  endfacet
  facet normal -0.649435 0.760417 0
    outer loop
      vertex 47.1053 10.9292 8.4
      vertex 47.2485 11.0515 2.4
      vertex 47.1053 10.9292 2.4
    endloop
  endfacet
  facet normal 0.923829 -0.382805 0
    outer loop
      vertex 45.2587 12.2708 8.4
      vertex 45.3308 12.4448 2.4
      vertex 45.3308 12.4448 8.4
    endloop
  endfacet
  facet normal 0.923829 -0.382805 0
    outer loop
      vertex 45.3308 12.4448 2.4
      vertex 45.2587 12.2708 8.4
      vertex 45.2587 12.2708 2.4
    endloop
  endfacet
  facet normal -0.522674 -0.852533 0
    outer loop
      vertex 46.9448 12.9692 2.4
      vertex 47.1053 12.8708 8.4
      vertex 46.9448 12.9692 8.4
    endloop
  endfacet
  facet normal -0.522674 -0.852533 -0
    outer loop
      vertex 47.1053 12.8708 8.4
      vertex 46.9448 12.9692 2.4
      vertex 47.1053 12.8708 2.4
    endloop
  endfacet
  facet normal 0.233152 0.97244 -0
    outer loop
      vertex 46.2123 10.7148 2.4
      vertex 46.0292 10.7587 8.4
      vertex 46.2123 10.7148 8.4
    endloop
  endfacet
  facet normal 0.233152 0.97244 0
    outer loop
      vertex 46.0292 10.7587 8.4
      vertex 46.2123 10.7148 2.4
      vertex 46.0292 10.7587 2.4
    endloop
  endfacet
  facet normal 0.760417 0.649435 0
    outer loop
      vertex 45.5515 11.0515 8.4
      vertex 45.4292 11.1947 2.4
      vertex 45.4292 11.1947 8.4
    endloop
  endfacet
  facet normal 0.760417 0.649435 0
    outer loop
      vertex 45.4292 11.1947 2.4
      vertex 45.5515 11.0515 8.4
      vertex 45.5515 11.0515 2.4
    endloop
  endfacet
  facet normal -0.852533 -0.522674 0
    outer loop
      vertex 47.4692 12.4448 2.4
      vertex 47.3708 12.6053 8.4
      vertex 47.3708 12.6053 2.4
    endloop
  endfacet
  facet normal -0.852533 -0.522674 0
    outer loop
      vertex 47.3708 12.6053 8.4
      vertex 47.4692 12.4448 2.4
      vertex 47.4692 12.4448 8.4
    endloop
  endfacet
  facet normal 0.996906 -0.0786053 0
    outer loop
      vertex 45.2 11.9 8.4
      vertex 45.2148 12.0877 2.4
      vertex 45.2148 12.0877 8.4
    endloop
  endfacet
  facet normal 0.996906 -0.0786053 0
    outer loop
      vertex 45.2148 12.0877 2.4
      vertex 45.2 11.9 8.4
      vertex 45.2 11.9 2.4
    endloop
  endfacet
  facet normal 0.382805 0.923829 -0
    outer loop
      vertex 46.0292 10.7587 2.4
      vertex 45.8552 10.8308 8.4
      vertex 46.0292 10.7587 8.4
    endloop
  endfacet
  facet normal 0.382805 0.923829 0
    outer loop
      vertex 45.8552 10.8308 8.4
      vertex 46.0292 10.7587 2.4
      vertex 45.8552 10.8308 2.4
    endloop
  endfacet
  facet normal -0.852533 0.522674 0
    outer loop
      vertex 47.3708 11.1947 2.4
      vertex 47.4692 11.3552 8.4
      vertex 47.4692 11.3552 2.4
    endloop
  endfacet
  facet normal -0.852533 0.522674 0
    outer loop
      vertex 47.4692 11.3552 8.4
      vertex 47.3708 11.1947 2.4
      vertex 47.3708 11.1947 8.4
    endloop
  endfacet
  facet normal -0.0786053 -0.996906 0
    outer loop
      vertex 46.4 13.1 2.4
      vertex 46.5877 13.0852 8.4
      vertex 46.4 13.1 8.4
    endloop
  endfacet
  facet normal -0.0786053 -0.996906 -0
    outer loop
      vertex 46.5877 13.0852 8.4
      vertex 46.4 13.1 2.4
      vertex 46.5877 13.0852 2.4
    endloop
  endfacet
  facet normal 0.760417 -0.649435 0
    outer loop
      vertex 45.4292 12.6053 8.4
      vertex 45.5515 12.7485 2.4
      vertex 45.5515 12.7485 8.4
    endloop
  endfacet
  facet normal 0.760417 -0.649435 0
    outer loop
      vertex 45.5515 12.7485 2.4
      vertex 45.4292 12.6053 8.4
      vertex 45.4292 12.6053 2.4
    endloop
  endfacet
  facet normal -0.760417 0.649435 0
    outer loop
      vertex 47.2485 11.0515 2.4
      vertex 47.3708 11.1947 8.4
      vertex 47.3708 11.1947 2.4
    endloop
  endfacet
  facet normal -0.760417 0.649435 0
    outer loop
      vertex 47.3708 11.1947 8.4
      vertex 47.2485 11.0515 2.4
      vertex 47.2485 11.0515 8.4
    endloop
  endfacet
  facet normal 0.382805 -0.923829 0
    outer loop
      vertex 45.8552 12.9692 2.4
      vertex 46.0292 13.0413 8.4
      vertex 45.8552 12.9692 8.4
    endloop
  endfacet
  facet normal 0.382805 -0.923829 0
    outer loop
      vertex 46.0292 13.0413 8.4
      vertex 45.8552 12.9692 2.4
      vertex 46.0292 13.0413 2.4
    endloop
  endfacet
  facet normal -0.233152 -0.97244 0
    outer loop
      vertex 46.5877 13.0852 2.4
      vertex 46.7708 13.0413 8.4
      vertex 46.5877 13.0852 8.4
    endloop
  endfacet
  facet normal -0.233152 -0.97244 -0
    outer loop
      vertex 46.7708 13.0413 8.4
      vertex 46.5877 13.0852 2.4
      vertex 46.7708 13.0413 2.4
    endloop
  endfacet
  facet normal 0.233152 -0.97244 0
    outer loop
      vertex 46.0292 13.0413 2.4
      vertex 46.2123 13.0852 8.4
      vertex 46.0292 13.0413 8.4
    endloop
  endfacet
  facet normal 0.233152 -0.97244 0
    outer loop
      vertex 46.2123 13.0852 8.4
      vertex 46.0292 13.0413 2.4
      vertex 46.2123 13.0852 2.4
    endloop
  endfacet
  facet normal 0.923829 0.382805 0
    outer loop
      vertex 45.3308 11.3552 8.4
      vertex 45.2587 11.5292 2.4
      vertex 45.2587 11.5292 8.4
    endloop
  endfacet
  facet normal 0.923829 0.382805 0
    outer loop
      vertex 45.2587 11.5292 2.4
      vertex 45.3308 11.3552 8.4
      vertex 45.3308 11.3552 2.4
    endloop
  endfacet
  facet normal -0.996906 0.0786053 0
    outer loop
      vertex 47.5852 11.7123 2.4
      vertex 47.6 11.9 8.4
      vertex 47.6 11.9 2.4
    endloop
  endfacet
  facet normal -0.996906 0.0786053 0
    outer loop
      vertex 47.6 11.9 8.4
      vertex 47.5852 11.7123 2.4
      vertex 47.5852 11.7123 8.4
    endloop
  endfacet
  facet normal 0.852533 0.522674 0
    outer loop
      vertex 45.4292 11.1947 8.4
      vertex 45.3308 11.3552 2.4
      vertex 45.3308 11.3552 8.4
    endloop
  endfacet
  facet normal 0.852533 0.522674 0
    outer loop
      vertex 45.3308 11.3552 2.4
      vertex 45.4292 11.1947 8.4
      vertex 45.4292 11.1947 2.4
    endloop
  endfacet
  facet normal 0.649435 0.760417 -0
    outer loop
      vertex 45.6947 10.9292 2.4
      vertex 45.5515 11.0515 8.4
      vertex 45.6947 10.9292 8.4
    endloop
  endfacet
  facet normal 0.649435 0.760417 0
    outer loop
      vertex 45.5515 11.0515 8.4
      vertex 45.6947 10.9292 2.4
      vertex 45.5515 11.0515 2.4
    endloop
  endfacet
  facet normal -0.382805 0.923829 0
    outer loop
      vertex 46.9448 10.8308 2.4
      vertex 46.7708 10.7587 8.4
      vertex 46.9448 10.8308 8.4
    endloop
  endfacet
  facet normal -0.382805 0.923829 0
    outer loop
      vertex 46.7708 10.7587 8.4
      vertex 46.9448 10.8308 2.4
      vertex 46.7708 10.7587 2.4
    endloop
  endfacet
  facet normal -0.97244 0.233152 0
    outer loop
      vertex 47.5413 11.5292 2.4
      vertex 47.5852 11.7123 8.4
      vertex 47.5852 11.7123 2.4
    endloop
  endfacet
  facet normal -0.97244 0.233152 0
    outer loop
      vertex 47.5852 11.7123 8.4
      vertex 47.5413 11.5292 2.4
      vertex 47.5413 11.5292 8.4
    endloop
  endfacet
  facet normal 0.0786053 0.996906 -0
    outer loop
      vertex 46.4 10.7 2.4
      vertex 46.2123 10.7148 8.4
      vertex 46.4 10.7 8.4
    endloop
  endfacet
  facet normal 0.0786053 0.996906 0
    outer loop
      vertex 46.2123 10.7148 8.4
      vertex 46.4 10.7 2.4
      vertex 46.2123 10.7148 2.4
    endloop
  endfacet
  facet normal 0.852533 -0.522674 0
    outer loop
      vertex 45.3308 12.4448 8.4
      vertex 45.4292 12.6053 2.4
      vertex 45.4292 12.6053 8.4
    endloop
  endfacet
  facet normal 0.852533 -0.522674 0
    outer loop
      vertex 45.4292 12.6053 2.4
      vertex 45.3308 12.4448 8.4
      vertex 45.3308 12.4448 2.4
    endloop
  endfacet
  facet normal 0.522674 0.852533 -0
    outer loop
      vertex 45.8552 10.8308 2.4
      vertex 45.6947 10.9292 8.4
      vertex 45.8552 10.8308 8.4
    endloop
  endfacet
  facet normal 0.522674 0.852533 0
    outer loop
      vertex 45.6947 10.9292 8.4
      vertex 45.8552 10.8308 2.4
      vertex 45.6947 10.9292 2.4
    endloop
  endfacet
  facet normal -0.649434 -0.760418 0
    outer loop
      vertex 8.1019 65.6019 2.4
      vertex 8.4897 65.2707 8.4
      vertex 8.1019 65.6019 8.4
    endloop
  endfacet
  facet normal -0.649434 -0.760418 -0
    outer loop
      vertex 8.4897 65.2707 8.4
      vertex 8.1019 65.6019 2.4
      vertex 8.4897 65.2707 2.4
    endloop
  endfacet
  facet normal 0.97235 0.233529 0
    outer loop
      vertex 13.61 68.4084 8.4
      vertex 13.4909 68.9043 2.4
      vertex 13.4909 68.9043 8.4
    endloop
  endfacet
  facet normal 0.97235 0.233529 0
    outer loop
      vertex 13.4909 68.9043 2.4
      vertex 13.61 68.4084 8.4
      vertex 13.61 68.4084 2.4
    endloop
  endfacet
  facet normal 0.996919 0.0784358 0
    outer loop
      vertex 13.65 67.9 8.4
      vertex 13.61 68.4084 2.4
      vertex 13.61 68.4084 8.4
    endloop
  endfacet
  facet normal 0.996919 0.0784358 0
    outer loop
      vertex 13.61 68.4084 2.4
      vertex 13.65 67.9 8.4
      vertex 13.65 67.9 2.4
    endloop
  endfacet
  facet normal 0.923933 0.382554 0
    outer loop
      vertex 13.4909 68.9043 8.4
      vertex 13.2958 69.3755 2.4
      vertex 13.2958 69.3755 8.4
    endloop
  endfacet
  facet normal 0.923933 0.382554 0
    outer loop
      vertex 13.2958 69.3755 2.4
      vertex 13.4909 68.9043 8.4
      vertex 13.4909 68.9043 2.4
    endloop
  endfacet
  facet normal 0.235383 0.971903 -0
    outer loop
      vertex 11.4043 70.9909 2.4
      vertex 11.3915 70.994 8.4
      vertex 11.4043 70.9909 8.4
    endloop
  endfacet
  facet normal 0.235383 0.971903 0
    outer loop
      vertex 11.3915 70.994 8.4
      vertex 11.4043 70.9909 2.4
      vertex 11.3915 70.994 2.4
    endloop
  endfacet
  facet normal 0.760418 0.649434 0
    outer loop
      vertex 13.0293 69.8103 8.4
      vertex 12.6981 70.1981 2.4
      vertex 12.6981 70.1981 8.4
    endloop
  endfacet
  facet normal 0.760418 0.649434 0
    outer loop
      vertex 12.6981 70.1981 2.4
      vertex 13.0293 69.8103 8.4
      vertex 13.0293 69.8103 2.4
    endloop
  endfacet
  facet normal -0.382582 -0.923922 0
    outer loop
      vertex 8.92453 65.0042 2.4
      vertex 9.39569 64.8091 8.4
      vertex 8.92453 65.0042 8.4
    endloop
  endfacet
  facet normal -0.382582 -0.923922 -0
    outer loop
      vertex 9.39569 64.8091 8.4
      vertex 8.92453 65.0042 2.4
      vertex 9.39569 64.8091 2.4
    endloop
  endfacet
  facet normal 0.382554 -0.923933 0
    outer loop
      vertex 11.4043 64.8091 2.4
      vertex 11.8755 65.0042 8.4
      vertex 11.4043 64.8091 8.4
    endloop
  endfacet
  facet normal 0.382554 -0.923933 0
    outer loop
      vertex 11.8755 65.0042 8.4
      vertex 11.4043 64.8091 2.4
      vertex 11.8755 65.0042 2.4
    endloop
  endfacet
  facet normal -0.996918 0.0784511 0
    outer loop
      vertex 7.15 67.9 2.4
      vertex 7.18313 68.321 8.4
      vertex 7.18313 68.321 2.4
    endloop
  endfacet
  facet normal -0.996918 0.0784511 0
    outer loop
      vertex 7.18313 68.321 8.4
      vertex 7.15 67.9 2.4
      vertex 7.15 67.9 8.4
    endloop
  endfacet
  facet normal -0.996918 -0.0784553 0
    outer loop
      vertex 7.19001 67.3916 2.4
      vertex 7.15 67.9 8.4
      vertex 7.15 67.9 2.4
    endloop
  endfacet
  facet normal -0.996918 -0.0784553 0
    outer loop
      vertex 7.15 67.9 8.4
      vertex 7.19001 67.3916 2.4
      vertex 7.19001 67.3916 8.4
    endloop
  endfacet
  facet normal 0.233529 -0.97235 0
    outer loop
      vertex 10.9084 64.69 2.4
      vertex 11.4043 64.8091 8.4
      vertex 10.9084 64.69 8.4
    endloop
  endfacet
  facet normal 0.233529 -0.97235 0
    outer loop
      vertex 11.4043 64.8091 8.4
      vertex 10.9084 64.69 2.4
      vertex 11.4043 64.8091 2.4
    endloop
  endfacet
  facet normal 0.760418 -0.649434 0
    outer loop
      vertex 12.6981 65.6019 8.4
      vertex 13.0293 65.9897 2.4
      vertex 13.0293 65.9897 8.4
    endloop
  endfacet
  facet normal 0.760418 -0.649434 0
    outer loop
      vertex 13.0293 65.9897 2.4
      vertex 12.6981 65.6019 8.4
      vertex 12.6981 65.6019 2.4
    endloop
  endfacet
  facet normal 0.0784358 -0.996919 0
    outer loop
      vertex 10.4 64.65 2.4
      vertex 10.9084 64.69 8.4
      vertex 10.4 64.65 8.4
    endloop
  endfacet
  facet normal 0.0784358 -0.996919 0
    outer loop
      vertex 10.9084 64.69 8.4
      vertex 10.4 64.65 2.4
      vertex 10.9084 64.69 2.4
    endloop
  endfacet
  facet normal -0.972355 -0.233506 0
    outer loop
      vertex 7.2 67.35 2.4
      vertex 7.19001 67.3916 8.4
      vertex 7.19001 67.3916 2.4
    endloop
  endfacet
  facet normal -0.972355 -0.233506 0
    outer loop
      vertex 7.19001 67.3916 8.4
      vertex 7.2 67.35 2.4
      vertex 7.2 67.35 8.4
    endloop
  endfacet
  facet normal -0.972368 -0.233454 0
    outer loop
      vertex 7.30907 66.8957 2.4
      vertex 7.26002 67.1 8.4
      vertex 7.26002 67.1 2.4
    endloop
  endfacet
  facet normal -0.972368 -0.233454 0
    outer loop
      vertex 7.26002 67.1 8.4
      vertex 7.30907 66.8957 2.4
      vertex 7.30907 66.8957 8.4
    endloop
  endfacet
  facet normal 0.649434 -0.760418 0
    outer loop
      vertex 12.3103 65.2707 2.4
      vertex 12.6981 65.6019 8.4
      vertex 12.3103 65.2707 8.4
    endloop
  endfacet
  facet normal 0.649434 -0.760418 0
    outer loop
      vertex 12.6981 65.6019 8.4
      vertex 12.3103 65.2707 2.4
      vertex 12.6981 65.6019 2.4
    endloop
  endfacet
  facet normal 0.522576 0.852593 -0
    outer loop
      vertex 12.3103 70.5293 2.4
      vertex 11.8755 70.7958 8.4
      vertex 12.3103 70.5293 8.4
    endloop
  endfacet
  facet normal 0.522576 0.852593 0
    outer loop
      vertex 11.8755 70.7958 8.4
      vertex 12.3103 70.5293 2.4
      vertex 11.8755 70.7958 2.4
    endloop
  endfacet
  facet normal 0.382554 0.923933 -0
    outer loop
      vertex 11.8755 70.7958 2.4
      vertex 11.4043 70.9909 8.4
      vertex 11.8755 70.7958 8.4
    endloop
  endfacet
  facet normal 0.382554 0.923933 0
    outer loop
      vertex 11.4043 70.9909 8.4
      vertex 11.8755 70.7958 2.4
      vertex 11.4043 70.9909 2.4
    endloop
  endfacet
  facet normal 0.852593 0.522576 0
    outer loop
      vertex 13.2958 69.3755 8.4
      vertex 13.0293 69.8103 2.4
      vertex 13.0293 69.8103 8.4
    endloop
  endfacet
  facet normal 0.852593 0.522576 0
    outer loop
      vertex 13.0293 69.8103 2.4
      vertex 13.2958 69.3755 8.4
      vertex 13.2958 69.3755 2.4
    endloop
  endfacet
  facet normal -0.923892 -0.382654 0
    outer loop
      vertex 7.50423 66.4245 2.4
      vertex 7.30907 66.8957 8.4
      vertex 7.30907 66.8957 2.4
    endloop
  endfacet
  facet normal -0.923892 -0.382654 0
    outer loop
      vertex 7.30907 66.8957 8.4
      vertex 7.50423 66.4245 2.4
      vertex 7.50423 66.4245 8.4
    endloop
  endfacet
  facet normal 0.649434 0.760418 -0
    outer loop
      vertex 12.6981 70.1981 2.4
      vertex 12.3103 70.5293 8.4
      vertex 12.6981 70.1981 8.4
    endloop
  endfacet
  facet normal 0.649434 0.760418 0
    outer loop
      vertex 12.3103 70.5293 8.4
      vertex 12.6981 70.1981 2.4
      vertex 12.3103 70.5293 2.4
    endloop
  endfacet
  facet normal 0.996919 -0.0784358 0
    outer loop
      vertex 13.61 67.3916 8.4
      vertex 13.65 67.9 2.4
      vertex 13.65 67.9 8.4
    endloop
  endfacet
  facet normal 0.996919 -0.0784358 0
    outer loop
      vertex 13.65 67.9 2.4
      vertex 13.61 67.3916 8.4
      vertex 13.61 67.3916 2.4
    endloop
  endfacet
  facet normal 0.97235 -0.233529 0
    outer loop
      vertex 13.4909 66.8957 8.4
      vertex 13.61 67.3916 2.4
      vertex 13.61 67.3916 8.4
    endloop
  endfacet
  facet normal 0.97235 -0.233529 0
    outer loop
      vertex 13.61 67.3916 2.4
      vertex 13.4909 66.8957 8.4
      vertex 13.4909 66.8957 2.4
    endloop
  endfacet
  facet normal -0.852619 -0.522533 0
    outer loop
      vertex 7.7707 65.9897 2.4
      vertex 7.50423 66.4245 8.4
      vertex 7.50423 66.4245 2.4
    endloop
  endfacet
  facet normal -0.852619 -0.522533 0
    outer loop
      vertex 7.50423 66.4245 8.4
      vertex 7.7707 65.9897 2.4
      vertex 7.7707 65.9897 8.4
    endloop
  endfacet
  facet normal 0.923933 -0.382554 0
    outer loop
      vertex 13.2958 66.4245 8.4
      vertex 13.4909 66.8957 2.4
      vertex 13.4909 66.8957 8.4
    endloop
  endfacet
  facet normal 0.923933 -0.382554 0
    outer loop
      vertex 13.4909 66.8957 2.4
      vertex 13.2958 66.4245 8.4
      vertex 13.2958 66.4245 2.4
    endloop
  endfacet
  facet normal -0.760418 -0.649434 0
    outer loop
      vertex 8.1019 65.6019 2.4
      vertex 7.7707 65.9897 8.4
      vertex 7.7707 65.9897 2.4
    endloop
  endfacet
  facet normal -0.760418 -0.649434 0
    outer loop
      vertex 7.7707 65.9897 8.4
      vertex 8.1019 65.6019 2.4
      vertex 8.1019 65.6019 8.4
    endloop
  endfacet
  facet normal 0.522576 -0.852593 0
    outer loop
      vertex 11.8755 65.0042 2.4
      vertex 12.3103 65.2707 8.4
      vertex 11.8755 65.0042 8.4
    endloop
  endfacet
  facet normal 0.522576 -0.852593 0
    outer loop
      vertex 12.3103 65.2707 8.4
      vertex 11.8755 65.0042 2.4
      vertex 12.3103 65.2707 2.4
    endloop
  endfacet
  facet normal 0 0 1
    outer loop
      vertex 11.6 67.9 8.4
      vertex 13.65 67.9 8.4
      vertex 13.61 68.4084 8.4
    endloop
  endfacet
  facet normal 0 0 1
    outer loop
      vertex 11.5852 68.0877 8.4
      vertex 13.61 68.4084 8.4
      vertex 13.4909 68.9043 8.4
    endloop
  endfacet
  facet normal 0 0 1
    outer loop
      vertex 13.65 67.9 8.4
      vertex 11.6 67.9 8.4
      vertex 13.61 67.3916 8.4
    endloop
  endfacet
  facet normal 0 0 1
    outer loop
      vertex 11.5413 68.2708 8.4
      vertex 13.4909 68.9043 8.4
      vertex 13.2958 69.3755 8.4
    endloop
  endfacet
  facet normal -0 0 1
    outer loop
      vertex 11.5852 67.7123 8.4
      vertex 13.61 67.3916 8.4
      vertex 11.6 67.9 8.4
    endloop
  endfacet
  facet normal 0 0 1
    outer loop
      vertex 11.4692 68.4448 8.4
      vertex 13.2958 69.3755 8.4
      vertex 13.0293 69.8103 8.4
    endloop
  endfacet
  facet normal 0 0 1
    outer loop
      vertex 13.61 67.3916 8.4
      vertex 11.5852 67.7123 8.4
      vertex 13.4909 66.8957 8.4
    endloop
  endfacet
  facet normal 0 0 1
    outer loop
      vertex 11.3708 68.6053 8.4
      vertex 13.0293 69.8103 8.4
      vertex 12.6981 70.1981 8.4
    endloop
  endfacet
  facet normal -0 0 1
    outer loop
      vertex 11.5413 67.5292 8.4
      vertex 13.4909 66.8957 8.4
      vertex 11.5852 67.7123 8.4
    endloop
  endfacet
  facet normal 0 0 1
    outer loop
      vertex 11.2 69.9 8.4
      vertex 12.6981 70.1981 8.4
      vertex 12.3103 70.5293 8.4
    endloop
  endfacet
  facet normal 0 0 1
    outer loop
      vertex 13.4909 66.8957 8.4
      vertex 11.5413 67.5292 8.4
      vertex 13.2958 66.4245 8.4
    endloop
  endfacet
  facet normal 0 0 1
    outer loop
      vertex 11.2 69.9 8.4
      vertex 12.3103 70.5293 8.4
      vertex 11.8755 70.7958 8.4
    endloop
  endfacet
  facet normal -0 0 1
    outer loop
      vertex 11.4692 67.3552 8.4
      vertex 13.2958 66.4245 8.4
      vertex 11.5413 67.5292 8.4
    endloop
  endfacet
  facet normal 0 0 1
    outer loop
      vertex 13.2958 66.4245 8.4
      vertex 11.4692 67.3552 8.4
      vertex 13.0293 65.9897 8.4
    endloop
  endfacet
  facet normal 0 0 1
    outer loop
      vertex 13.61 68.4084 8.4
      vertex 11.5852 68.0877 8.4
      vertex 11.6 67.9 8.4
    endloop
  endfacet
  facet normal 0 0 1
    outer loop
      vertex 13.4909 68.9043 8.4
      vertex 11.5413 68.2708 8.4
      vertex 11.5852 68.0877 8.4
    endloop
  endfacet
  facet normal 0 0 1
    outer loop
      vertex 13.2958 69.3755 8.4
      vertex 11.4692 68.4448 8.4
      vertex 11.5413 68.2708 8.4
    endloop
  endfacet
  facet normal 0 0 1
    outer loop
      vertex 11.2368 70.6205 8.4
      vertex 11.8755 70.7958 8.4
      vertex 11.4043 70.9909 8.4
    endloop
  endfacet
  facet normal 0 0 1
    outer loop
      vertex 11.2368 70.6205 8.4
      vertex 11.4043 70.9909 8.4
      vertex 11.3915 70.994 8.4
    endloop
  endfacet
  facet normal 0 -0 1
    outer loop
      vertex 11.2485 68.7485 8.4
      vertex 12.6981 70.1981 8.4
      vertex 11.2 69.9 8.4
    endloop
  endfacet
  facet normal 0 0 1
    outer loop
      vertex 13.0293 69.8103 8.4
      vertex 11.3708 68.6053 8.4
      vertex 11.4692 68.4448 8.4
    endloop
  endfacet
  facet normal 0 0 1
    outer loop
      vertex 11.2 70.5605 8.4
      vertex 11.8755 70.7958 8.4
      vertex 11.2368 70.6205 8.4
    endloop
  endfacet
  facet normal 0 0 1
    outer loop
      vertex 11.8755 70.7958 8.4
      vertex 11.2 70.5605 8.4
      vertex 11.2 69.9 8.4
    endloop
  endfacet
  facet normal 0 0 1
    outer loop
      vertex 12.6981 70.1981 8.4
      vertex 11.2485 68.7485 8.4
      vertex 11.3708 68.6053 8.4
    endloop
  endfacet
  facet normal 0 0 1
    outer loop
      vertex 11.2 69.9 8.4
      vertex 11.1053 68.8708 8.4
      vertex 11.2485 68.7485 8.4
    endloop
  endfacet
  facet normal 0 0 1
    outer loop
      vertex 11.2 69.9 8.4
      vertex 10.9448 68.9692 8.4
      vertex 11.1053 68.8708 8.4
    endloop
  endfacet
  facet normal 0 0 1
    outer loop
      vertex 11.2 69.9 8.4
      vertex 10.7708 69.0413 8.4
      vertex 10.9448 68.9692 8.4
    endloop
  endfacet
  facet normal -0 0 1
    outer loop
      vertex 10.7586 69.9 8.4
      vertex 10.7708 69.0413 8.4
      vertex 11.2 69.9 8.4
    endloop
  endfacet
  facet normal -0 0 1
    outer loop
      vertex 10.4552 69.5448 8.4
      vertex 10.7708 69.0413 8.4
      vertex 10.7586 69.9 8.4
    endloop
  endfacet
  facet normal 0 0 1
    outer loop
      vertex 10.7708 69.0413 8.4
      vertex 10.4552 69.5448 8.4
      vertex 10.5877 69.0852 8.4
    endloop
  endfacet
  facet normal 0 0 1
    outer loop
      vertex 10.4552 69.5448 8.4
      vertex 10.4 69.1 8.4
      vertex 10.5877 69.0852 8.4
    endloop
  endfacet
  facet normal 0 0 1
    outer loop
      vertex 10.4552 69.5448 8.4
      vertex 10.2123 69.0852 8.4
      vertex 10.4 69.1 8.4
    endloop
  endfacet
  facet normal -0 0 1
    outer loop
      vertex 9.94809 69.1117 8.4
      vertex 10.2123 69.0852 8.4
      vertex 10.4552 69.5448 8.4
    endloop
  endfacet
  facet normal 0 0 1
    outer loop
      vertex 10.2123 69.0852 8.4
      vertex 9.94809 69.1117 8.4
      vertex 10.0292 69.0413 8.4
    endloop
  endfacet
  facet normal 0 0 1
    outer loop
      vertex 9.94809 69.1117 8.4
      vertex 9.85521 68.9692 8.4
      vertex 10.0292 69.0413 8.4
    endloop
  endfacet
  facet normal 0 0 1
    outer loop
      vertex 9.94809 69.1117 8.4
      vertex 9.69466 68.8708 8.4
      vertex 9.85521 68.9692 8.4
    endloop
  endfacet
  facet normal 0 0 1
    outer loop
      vertex 9.37946 68.7632 8.4
      vertex 9.69466 68.8708 8.4
      vertex 9.94809 69.1117 8.4
    endloop
  endfacet
  facet normal 0 0 1
    outer loop
      vertex 9.69466 68.8708 8.4
      vertex 9.37946 68.7632 8.4
      vertex 9.55147 68.7485 8.4
    endloop
  endfacet
  facet normal 0 0 1
    outer loop
      vertex 9.37946 68.7632 8.4
      vertex 9.42918 68.6053 8.4
      vertex 9.55147 68.7485 8.4
    endloop
  endfacet
  facet normal 0 0 1
    outer loop
      vertex 9.37946 68.7632 8.4
      vertex 9.33079 68.4448 8.4
      vertex 9.42918 68.6053 8.4
    endloop
  endfacet
  facet normal -0 0 1
    outer loop
      vertex 8.76332 68.508 8.4
      vertex 9.33079 68.4448 8.4
      vertex 9.37946 68.7632 8.4
    endloop
  endfacet
  facet normal 0 0 1
    outer loop
      vertex 8.76332 68.508 8.4
      vertex 9.2 67.9 8.4
      vertex 9.21477 68.0877 8.4
    endloop
  endfacet
  facet normal 0 0 1
    outer loop
      vertex 9.33079 68.4448 8.4
      vertex 8.76332 68.508 8.4
      vertex 9.25873 68.2708 8.4
    endloop
  endfacet
  facet normal 0 0 1
    outer loop
      vertex 8.76332 68.508 8.4
      vertex 9.21477 68.0877 8.4
      vertex 9.25873 68.2708 8.4
    endloop
  endfacet
  facet normal 0 0 1
    outer loop
      vertex 9.2 67.9 8.4
      vertex 8.76332 68.508 8.4
      vertex 8.4 68.4208 8.4
    endloop
  endfacet
  facet normal 0 0 1
    outer loop
      vertex 9.2 67.9 8.4
      vertex 8.4 67.1 8.4
      vertex 8.92453 65.0042 8.4
    endloop
  endfacet
  facet normal 0 0 1
    outer loop
      vertex 9.2 67.9 8.4
      vertex 8.4 68.4208 8.4
      vertex 8.4 67.1 8.4
    endloop
  endfacet
  facet normal 0 0 1
    outer loop
      vertex 8.92453 65.0042 8.4
      vertex 8.4 67.1 8.4
      vertex 8.4897 65.2707 8.4
    endloop
  endfacet
  facet normal 0 0 1
    outer loop
      vertex 8.4 67.1 8.4
      vertex 8.1019 65.6019 8.4
      vertex 8.4897 65.2707 8.4
    endloop
  endfacet
  facet normal 0 0 1
    outer loop
      vertex 8.4 67.1 8.4
      vertex 7.7707 65.9897 8.4
      vertex 8.1019 65.6019 8.4
    endloop
  endfacet
  facet normal 0 0 1
    outer loop
      vertex 8.4 67.1 8.4
      vertex 7.50423 66.4245 8.4
      vertex 7.7707 65.9897 8.4
    endloop
  endfacet
  facet normal 0 0 1
    outer loop
      vertex 8.4 67.1 8.4
      vertex 7.30907 66.8957 8.4
      vertex 7.50423 66.4245 8.4
    endloop
  endfacet
  facet normal 0 -0 1
    outer loop
      vertex 7.30907 66.8957 8.4
      vertex 8.4 67.1 8.4
      vertex 7.26002 67.1 8.4
    endloop
  endfacet
  facet normal -0 0 1
    outer loop
      vertex 11.3708 67.1947 8.4
      vertex 13.0293 65.9897 8.4
      vertex 11.4692 67.3552 8.4
    endloop
  endfacet
  facet normal 0 0 1
    outer loop
      vertex 13.0293 65.9897 8.4
      vertex 11.3708 67.1947 8.4
      vertex 12.6981 65.6019 8.4
    endloop
  endfacet
  facet normal -0 0 1
    outer loop
      vertex 11.2485 67.0515 8.4
      vertex 12.6981 65.6019 8.4
      vertex 11.3708 67.1947 8.4
    endloop
  endfacet
  facet normal 0 0 1
    outer loop
      vertex 12.6981 65.6019 8.4
      vertex 11.2485 67.0515 8.4
      vertex 12.3103 65.2707 8.4
    endloop
  endfacet
  facet normal -0 0 1
    outer loop
      vertex 11.1053 66.9292 8.4
      vertex 12.3103 65.2707 8.4
      vertex 11.2485 67.0515 8.4
    endloop
  endfacet
  facet normal 0 0 1
    outer loop
      vertex 12.3103 65.2707 8.4
      vertex 11.1053 66.9292 8.4
      vertex 11.8755 65.0042 8.4
    endloop
  endfacet
  facet normal -0 0 1
    outer loop
      vertex 10.9448 66.8308 8.4
      vertex 11.8755 65.0042 8.4
      vertex 11.1053 66.9292 8.4
    endloop
  endfacet
  facet normal 0 0 1
    outer loop
      vertex 11.8755 65.0042 8.4
      vertex 10.9448 66.8308 8.4
      vertex 11.4043 64.8091 8.4
    endloop
  endfacet
  facet normal -0 0 1
    outer loop
      vertex 10.7708 66.7587 8.4
      vertex 11.4043 64.8091 8.4
      vertex 10.9448 66.8308 8.4
    endloop
  endfacet
  facet normal 0 0 1
    outer loop
      vertex 11.4043 64.8091 8.4
      vertex 10.7708 66.7587 8.4
      vertex 10.9084 64.69 8.4
    endloop
  endfacet
  facet normal -0 0 1
    outer loop
      vertex 10.5877 66.7148 8.4
      vertex 10.9084 64.69 8.4
      vertex 10.7708 66.7587 8.4
    endloop
  endfacet
  facet normal -0 0 1
    outer loop
      vertex 10.4 66.7 8.4
      vertex 10.9084 64.69 8.4
      vertex 10.5877 66.7148 8.4
    endloop
  endfacet
  facet normal 0 0 1
    outer loop
      vertex 10.4 66.7 8.4
      vertex 10.4 64.65 8.4
      vertex 10.9084 64.69 8.4
    endloop
  endfacet
  facet normal 0 0 1
    outer loop
      vertex 10.2123 66.7148 8.4
      vertex 10.4 64.65 8.4
      vertex 10.4 66.7 8.4
    endloop
  endfacet
  facet normal 0 0 1
    outer loop
      vertex 9.89159 64.69 8.4
      vertex 10.2123 66.7148 8.4
      vertex 10.0292 66.7587 8.4
    endloop
  endfacet
  facet normal 0 0 1
    outer loop
      vertex 10.2123 66.7148 8.4
      vertex 9.89159 64.69 8.4
      vertex 10.4 64.65 8.4
    endloop
  endfacet
  facet normal 0 0 1
    outer loop
      vertex 9.39569 64.8091 8.4
      vertex 10.0292 66.7587 8.4
      vertex 9.85521 66.8308 8.4
    endloop
  endfacet
  facet normal 0 0 1
    outer loop
      vertex 8.92453 65.0042 8.4
      vertex 9.85521 66.8308 8.4
      vertex 9.69466 66.9292 8.4
    endloop
  endfacet
  facet normal 0 0 1
    outer loop
      vertex 8.92453 65.0042 8.4
      vertex 9.69466 66.9292 8.4
      vertex 9.55147 67.0515 8.4
    endloop
  endfacet
  facet normal 0 0 1
    outer loop
      vertex 8.92453 65.0042 8.4
      vertex 9.55147 67.0515 8.4
      vertex 9.42918 67.1947 8.4
    endloop
  endfacet
  facet normal 0 0 1
    outer loop
      vertex 10.0292 66.7587 8.4
      vertex 9.39569 64.8091 8.4
      vertex 9.89159 64.69 8.4
    endloop
  endfacet
  facet normal 0 0 1
    outer loop
      vertex 8.92453 65.0042 8.4
      vertex 9.42918 67.1947 8.4
      vertex 9.33079 67.3552 8.4
    endloop
  endfacet
  facet normal 0 0 1
    outer loop
      vertex 8.92453 65.0042 8.4
      vertex 9.33079 67.3552 8.4
      vertex 9.25873 67.5292 8.4
    endloop
  endfacet
  facet normal 0 0 1
    outer loop
      vertex 8.92453 65.0042 8.4
      vertex 9.25873 67.5292 8.4
      vertex 9.21477 67.7123 8.4
    endloop
  endfacet
  facet normal 0 0 1
    outer loop
      vertex 8.92453 65.0042 8.4
      vertex 9.21477 67.7123 8.4
      vertex 9.2 67.9 8.4
    endloop
  endfacet
  facet normal 0 0 1
    outer loop
      vertex 9.85521 66.8308 8.4
      vertex 8.92453 65.0042 8.4
      vertex 9.39569 64.8091 8.4
    endloop
  endfacet
  facet normal -0 0 1
    outer loop
      vertex 7.15 67.9 8.4
      vertex 7.2 67.35 8.4
      vertex 7.2 68.3197 8.4
    endloop
  endfacet
  facet normal 0 0 1
    outer loop
      vertex 7.15 67.9 8.4
      vertex 7.2 68.3197 8.4
      vertex 7.18313 68.321 8.4
    endloop
  endfacet
  facet normal 0 0 1
    outer loop
      vertex 7.2 67.35 8.4
      vertex 7.15 67.9 8.4
      vertex 7.19001 67.3916 8.4
    endloop
  endfacet
  facet normal -0.233529 -0.97235 0
    outer loop
      vertex 9.39569 64.8091 2.4
      vertex 9.89159 64.69 8.4
      vertex 9.39569 64.8091 8.4
    endloop
  endfacet
  facet normal -0.233529 -0.97235 -0
    outer loop
      vertex 9.89159 64.69 8.4
      vertex 9.39569 64.8091 2.4
      vertex 9.89159 64.69 2.4
    endloop
  endfacet
  facet normal 0.852593 -0.522576 0
    outer loop
      vertex 13.0293 65.9897 8.4
      vertex 13.2958 66.4245 2.4
      vertex 13.2958 66.4245 8.4
    endloop
  endfacet
  facet normal 0.852593 -0.522576 0
    outer loop
      vertex 13.2958 66.4245 2.4
      vertex 13.0293 65.9897 8.4
      vertex 13.0293 65.9897 2.4
    endloop
  endfacet
  facet normal -0.0784343 -0.996919 0
    outer loop
      vertex 9.89159 64.69 2.4
      vertex 10.4 64.65 8.4
      vertex 9.89159 64.69 8.4
    endloop
  endfacet
  facet normal -0.0784343 -0.996919 -0
    outer loop
      vertex 10.4 64.65 8.4
      vertex 9.89159 64.69 2.4
      vertex 10.4 64.65 2.4
    endloop
  endfacet
  facet normal -0.52255 -0.852609 0
    outer loop
      vertex 8.4897 65.2707 2.4
      vertex 8.92453 65.0042 8.4
      vertex 8.4897 65.2707 8.4
    endloop
  endfacet
  facet normal -0.52255 -0.852609 -0
    outer loop
      vertex 8.92453 65.0042 8.4
      vertex 8.4897 65.2707 2.4
      vertex 8.92453 65.0042 2.4
    endloop
  endfacet
  facet normal 0.0786053 -0.996906 0
    outer loop
      vertex 10.2123 69.0852 2.4
      vertex 10.4 69.1 8.4
      vertex 10.2123 69.0852 8.4
    endloop
  endfacet
  facet normal 0.0786053 -0.996906 0
    outer loop
      vertex 10.4 69.1 8.4
      vertex 10.2123 69.0852 2.4
      vertex 10.4 69.1 2.4
    endloop
  endfacet
  facet normal -0.649435 -0.760417 0
    outer loop
      vertex 11.1053 68.8708 2.4
      vertex 11.2485 68.7485 8.4
      vertex 11.1053 68.8708 8.4
    endloop
  endfacet
  facet normal -0.649435 -0.760417 -0
    outer loop
      vertex 11.2485 68.7485 8.4
      vertex 11.1053 68.8708 2.4
      vertex 11.2485 68.7485 2.4
    endloop
  endfacet
  facet normal -0.522674 0.852533 0
    outer loop
      vertex 11.1053 66.9292 2.4
      vertex 10.9448 66.8308 8.4
      vertex 11.1053 66.9292 8.4
    endloop
  endfacet
  facet normal -0.522674 0.852533 0
    outer loop
      vertex 10.9448 66.8308 8.4
      vertex 11.1053 66.9292 2.4
      vertex 10.9448 66.8308 2.4
    endloop
  endfacet
  facet normal -0.97244 -0.233152 0
    outer loop
      vertex 11.5852 68.0877 2.4
      vertex 11.5413 68.2708 8.4
      vertex 11.5413 68.2708 2.4
    endloop
  endfacet
  facet normal -0.97244 -0.233152 0
    outer loop
      vertex 11.5413 68.2708 8.4
      vertex 11.5852 68.0877 2.4
      vertex 11.5852 68.0877 8.4
    endloop
  endfacet
  facet normal -0.233152 0.97244 0
    outer loop
      vertex 10.7708 66.7587 2.4
      vertex 10.5877 66.7148 8.4
      vertex 10.7708 66.7587 8.4
    endloop
  endfacet
  facet normal -0.233152 0.97244 0
    outer loop
      vertex 10.5877 66.7148 8.4
      vertex 10.7708 66.7587 2.4
      vertex 10.5877 66.7148 2.4
    endloop
  endfacet
  facet normal -0.760417 -0.649435 0
    outer loop
      vertex 11.3708 68.6053 2.4
      vertex 11.2485 68.7485 8.4
      vertex 11.2485 68.7485 2.4
    endloop
  endfacet
  facet normal -0.760417 -0.649435 0
    outer loop
      vertex 11.2485 68.7485 8.4
      vertex 11.3708 68.6053 2.4
      vertex 11.3708 68.6053 8.4
    endloop
  endfacet
  facet normal 0.996918 0.0784469 0
    outer loop
      vertex 9.21477 67.7123 8.4
      vertex 9.2 67.9 2.4
      vertex 9.2 67.9 8.4
    endloop
  endfacet
  facet normal 0.996918 0.0784469 0
    outer loop
      vertex 9.2 67.9 2.4
      vertex 9.21477 67.7123 8.4
      vertex 9.21477 67.7123 2.4
    endloop
  endfacet
  facet normal -0.0786053 0.996906 0
    outer loop
      vertex 10.5877 66.7148 2.4
      vertex 10.4 66.7 8.4
      vertex 10.5877 66.7148 8.4
    endloop
  endfacet
  facet normal -0.0786053 0.996906 0
    outer loop
      vertex 10.4 66.7 8.4
      vertex 10.5877 66.7148 2.4
      vertex 10.4 66.7 2.4
    endloop
  endfacet
  facet normal -0.382805 -0.923829 0
    outer loop
      vertex 10.7708 69.0413 2.4
      vertex 10.9448 68.9692 8.4
      vertex 10.7708 69.0413 8.4
    endloop
  endfacet
  facet normal -0.382805 -0.923829 -0
    outer loop
      vertex 10.9448 68.9692 8.4
      vertex 10.7708 69.0413 2.4
      vertex 10.9448 68.9692 2.4
    endloop
  endfacet
  facet normal -0.996906 -0.0786053 0
    outer loop
      vertex 11.6 67.9 2.4
      vertex 11.5852 68.0877 8.4
      vertex 11.5852 68.0877 2.4
    endloop
  endfacet
  facet normal -0.996906 -0.0786053 0
    outer loop
      vertex 11.5852 68.0877 8.4
      vertex 11.6 67.9 2.4
      vertex 11.6 67.9 8.4
    endloop
  endfacet
  facet normal 0.972368 -0.233453 0
    outer loop
      vertex 9.21477 68.0877 8.4
      vertex 9.25873 68.2708 2.4
      vertex 9.25873 68.2708 8.4
    endloop
  endfacet
  facet normal 0.972368 -0.233453 0
    outer loop
      vertex 9.25873 68.2708 2.4
      vertex 9.21477 68.0877 8.4
      vertex 9.21477 68.0877 2.4
    endloop
  endfacet
  facet normal 0.522556 -0.852605 0
    outer loop
      vertex 9.69466 68.8708 2.4
      vertex 9.85521 68.9692 8.4
      vertex 9.69466 68.8708 8.4
    endloop
  endfacet
  facet normal 0.522556 -0.852605 0
    outer loop
      vertex 9.85521 68.9692 8.4
      vertex 9.69466 68.8708 2.4
      vertex 9.85521 68.9692 2.4
    endloop
  endfacet
  facet normal -0.923829 -0.382805 0
    outer loop
      vertex 11.5413 68.2708 2.4
      vertex 11.4692 68.4448 8.4
      vertex 11.4692 68.4448 2.4
    endloop
  endfacet
  facet normal -0.923829 -0.382805 0
    outer loop
      vertex 11.4692 68.4448 8.4
      vertex 11.5413 68.2708 2.4
      vertex 11.5413 68.2708 8.4
    endloop
  endfacet
  facet normal 0.649461 -0.760395 0
    outer loop
      vertex 9.55147 68.7485 2.4
      vertex 9.69466 68.8708 8.4
      vertex 9.55147 68.7485 8.4
    endloop
  endfacet
  facet normal 0.649461 -0.760395 0
    outer loop
      vertex 9.69466 68.8708 8.4
      vertex 9.55147 68.7485 2.4
      vertex 9.69466 68.8708 2.4
    endloop
  endfacet
  facet normal -0.923829 0.382805 0
    outer loop
      vertex 11.4692 67.3552 2.4
      vertex 11.5413 67.5292 8.4
      vertex 11.5413 67.5292 2.4
    endloop
  endfacet
  facet normal -0.923829 0.382805 0
    outer loop
      vertex 11.5413 67.5292 8.4
      vertex 11.4692 67.3552 2.4
      vertex 11.4692 67.3552 8.4
    endloop
  endfacet
  facet normal 0.972368 0.233453 0
    outer loop
      vertex 9.25873 67.5292 8.4
      vertex 9.21477 67.7123 2.4
      vertex 9.21477 67.7123 8.4
    endloop
  endfacet
  facet normal 0.972368 0.233453 0
    outer loop
      vertex 9.21477 67.7123 2.4
      vertex 9.25873 67.5292 8.4
      vertex 9.25873 67.5292 2.4
    endloop
  endfacet
  facet normal -0.649435 0.760417 0
    outer loop
      vertex 11.2485 67.0515 2.4
      vertex 11.1053 66.9292 8.4
      vertex 11.2485 67.0515 8.4
    endloop
  endfacet
  facet normal -0.649435 0.760417 0
    outer loop
      vertex 11.1053 66.9292 8.4
      vertex 11.2485 67.0515 2.4
      vertex 11.1053 66.9292 2.4
    endloop
  endfacet
  facet normal 0.923904 -0.382624 0
    outer loop
      vertex 9.25873 68.2708 8.4
      vertex 9.33079 68.4448 2.4
      vertex 9.33079 68.4448 8.4
    endloop
  endfacet
  facet normal 0.923904 -0.382624 0
    outer loop
      vertex 9.33079 68.4448 2.4
      vertex 9.25873 68.2708 8.4
      vertex 9.25873 68.2708 2.4
    endloop
  endfacet
  facet normal -0.522674 -0.852533 0
    outer loop
      vertex 10.9448 68.9692 2.4
      vertex 11.1053 68.8708 8.4
      vertex 10.9448 68.9692 8.4
    endloop
  endfacet
  facet normal -0.522674 -0.852533 -0
    outer loop
      vertex 11.1053 68.8708 8.4
      vertex 10.9448 68.9692 2.4
      vertex 11.1053 68.8708 2.4
    endloop
  endfacet
  facet normal 0.233152 0.97244 -0
    outer loop
      vertex 10.2123 66.7148 2.4
      vertex 10.0292 66.7587 8.4
      vertex 10.2123 66.7148 8.4
    endloop
  endfacet
  facet normal 0.233152 0.97244 0
    outer loop
      vertex 10.0292 66.7587 8.4
      vertex 10.2123 66.7148 2.4
      vertex 10.0292 66.7587 2.4
    endloop
  endfacet
  facet normal 0.760444 0.649404 0
    outer loop
      vertex 9.55147 67.0515 8.4
      vertex 9.42918 67.1947 2.4
      vertex 9.42918 67.1947 8.4
    endloop
  endfacet
  facet normal 0.760444 0.649404 0
    outer loop
      vertex 9.42918 67.1947 2.4
      vertex 9.55147 67.0515 8.4
      vertex 9.55147 67.0515 2.4
    endloop
  endfacet
  facet normal -0.852533 -0.522674 0
    outer loop
      vertex 11.4692 68.4448 2.4
      vertex 11.3708 68.6053 8.4
      vertex 11.3708 68.6053 2.4
    endloop
  endfacet
  facet normal -0.852533 -0.522674 0
    outer loop
      vertex 11.3708 68.6053 8.4
      vertex 11.4692 68.4448 2.4
      vertex 11.4692 68.4448 8.4
    endloop
  endfacet
  facet normal 0.996918 -0.0784469 0
    outer loop
      vertex 9.2 67.9 8.4
      vertex 9.21477 68.0877 2.4
      vertex 9.21477 68.0877 8.4
    endloop
  endfacet
  facet normal 0.996918 -0.0784469 0
    outer loop
      vertex 9.21477 68.0877 2.4
      vertex 9.2 67.9 8.4
      vertex 9.2 67.9 2.4
    endloop
  endfacet
  facet normal 0.382824 0.923821 -0
    outer loop
      vertex 10.0292 66.7587 2.4
      vertex 9.85521 66.8308 8.4
      vertex 10.0292 66.7587 8.4
    endloop
  endfacet
  facet normal 0.382824 0.923821 0
    outer loop
      vertex 9.85521 66.8308 8.4
      vertex 10.0292 66.7587 2.4
      vertex 9.85521 66.8308 2.4
    endloop
  endfacet
  facet normal -0.852533 0.522674 0
    outer loop
      vertex 11.3708 67.1947 2.4
      vertex 11.4692 67.3552 8.4
      vertex 11.4692 67.3552 2.4
    endloop
  endfacet
  facet normal -0.852533 0.522674 0
    outer loop
      vertex 11.4692 67.3552 8.4
      vertex 11.3708 67.1947 2.4
      vertex 11.3708 67.1947 8.4
    endloop
  endfacet
  facet normal -0.0786053 -0.996906 0
    outer loop
      vertex 10.4 69.1 2.4
      vertex 10.5877 69.0852 8.4
      vertex 10.4 69.1 8.4
    endloop
  endfacet
  facet normal -0.0786053 -0.996906 -0
    outer loop
      vertex 10.5877 69.0852 8.4
      vertex 10.4 69.1 2.4
      vertex 10.5877 69.0852 2.4
    endloop
  endfacet
  facet normal 0.760444 -0.649404 0
    outer loop
      vertex 9.42918 68.6053 8.4
      vertex 9.55147 68.7485 2.4
      vertex 9.55147 68.7485 8.4
    endloop
  endfacet
  facet normal 0.760444 -0.649404 0
    outer loop
      vertex 9.55147 68.7485 2.4
      vertex 9.42918 68.6053 8.4
      vertex 9.42918 68.6053 2.4
    endloop
  endfacet
  facet normal -0.760417 0.649435 0
    outer loop
      vertex 11.2485 67.0515 2.4
      vertex 11.3708 67.1947 8.4
      vertex 11.3708 67.1947 2.4
    endloop
  endfacet
  facet normal -0.760417 0.649435 0
    outer loop
      vertex 11.3708 67.1947 8.4
      vertex 11.2485 67.0515 2.4
      vertex 11.2485 67.0515 8.4
    endloop
  endfacet
  facet normal 0.382824 -0.923821 0
    outer loop
      vertex 9.85521 68.9692 2.4
      vertex 10.0292 69.0413 8.4
      vertex 9.85521 68.9692 8.4
    endloop
  endfacet
  facet normal 0.382824 -0.923821 0
    outer loop
      vertex 10.0292 69.0413 8.4
      vertex 9.85521 68.9692 2.4
      vertex 10.0292 69.0413 2.4
    endloop
  endfacet
  facet normal -0.233152 -0.97244 0
    outer loop
      vertex 10.5877 69.0852 2.4
      vertex 10.7708 69.0413 8.4
      vertex 10.5877 69.0852 8.4
    endloop
  endfacet
  facet normal -0.233152 -0.97244 -0
    outer loop
      vertex 10.7708 69.0413 8.4
      vertex 10.5877 69.0852 2.4
      vertex 10.7708 69.0413 2.4
    endloop
  endfacet
  facet normal 0.233152 -0.97244 0
    outer loop
      vertex 10.0292 69.0413 2.4
      vertex 10.2123 69.0852 8.4
      vertex 10.0292 69.0413 8.4
    endloop
  endfacet
  facet normal 0.233152 -0.97244 0
    outer loop
      vertex 10.2123 69.0852 8.4
      vertex 10.0292 69.0413 2.4
      vertex 10.2123 69.0852 2.4
    endloop
  endfacet
  facet normal 0.923904 0.382624 0
    outer loop
      vertex 9.33079 67.3552 8.4
      vertex 9.25873 67.5292 2.4
      vertex 9.25873 67.5292 8.4
    endloop
  endfacet
  facet normal 0.923904 0.382624 0
    outer loop
      vertex 9.25873 67.5292 2.4
      vertex 9.33079 67.3552 8.4
      vertex 9.33079 67.3552 2.4
    endloop
  endfacet
  facet normal -0.996906 0.0786053 0
    outer loop
      vertex 11.5852 67.7123 2.4
      vertex 11.6 67.9 8.4
      vertex 11.6 67.9 2.4
    endloop
  endfacet
  facet normal -0.996906 0.0786053 0
    outer loop
      vertex 11.6 67.9 8.4
      vertex 11.5852 67.7123 2.4
      vertex 11.5852 67.7123 8.4
    endloop
  endfacet
  facet normal 0.852556 0.522636 0
    outer loop
      vertex 9.42918 67.1947 8.4
      vertex 9.33079 67.3552 2.4
      vertex 9.33079 67.3552 8.4
    endloop
  endfacet
  facet normal 0.852556 0.522636 0
    outer loop
      vertex 9.33079 67.3552 2.4
      vertex 9.42918 67.1947 8.4
      vertex 9.42918 67.1947 2.4
    endloop
  endfacet
  facet normal 0.649461 0.760395 -0
    outer loop
      vertex 9.69466 66.9292 2.4
      vertex 9.55147 67.0515 8.4
      vertex 9.69466 66.9292 8.4
    endloop
  endfacet
  facet normal 0.649461 0.760395 0
    outer loop
      vertex 9.55147 67.0515 8.4
      vertex 9.69466 66.9292 2.4
      vertex 9.55147 67.0515 2.4
    endloop
  endfacet
  facet normal -0.382805 0.923829 0
    outer loop
      vertex 10.9448 66.8308 2.4
      vertex 10.7708 66.7587 8.4
      vertex 10.9448 66.8308 8.4
    endloop
  endfacet
  facet normal -0.382805 0.923829 0
    outer loop
      vertex 10.7708 66.7587 8.4
      vertex 10.9448 66.8308 2.4
      vertex 10.7708 66.7587 2.4
    endloop
  endfacet
  facet normal -0.97244 0.233152 0
    outer loop
      vertex 11.5413 67.5292 2.4
      vertex 11.5852 67.7123 8.4
      vertex 11.5852 67.7123 2.4
    endloop
  endfacet
  facet normal -0.97244 0.233152 0
    outer loop
      vertex 11.5852 67.7123 8.4
      vertex 11.5413 67.5292 2.4
      vertex 11.5413 67.5292 8.4
    endloop
  endfacet
  facet normal 0.0786053 0.996906 -0
    outer loop
      vertex 10.4 66.7 2.4
      vertex 10.2123 66.7148 8.4
      vertex 10.4 66.7 8.4
    endloop
  endfacet
  facet normal 0.0786053 0.996906 0
    outer loop
      vertex 10.2123 66.7148 8.4
      vertex 10.4 66.7 2.4
      vertex 10.2123 66.7148 2.4
    endloop
  endfacet
  facet normal 0.852556 -0.522636 0
    outer loop
      vertex 9.33079 68.4448 8.4
      vertex 9.42918 68.6053 2.4
      vertex 9.42918 68.6053 8.4
    endloop
  endfacet
  facet normal 0.852556 -0.522636 0
    outer loop
      vertex 9.42918 68.6053 2.4
      vertex 9.33079 68.4448 8.4
      vertex 9.33079 68.4448 2.4
    endloop
  endfacet
  facet normal 0.522556 0.852605 -0
    outer loop
      vertex 9.85521 66.8308 2.4
      vertex 9.69466 66.9292 8.4
      vertex 9.85521 66.8308 8.4
    endloop
  endfacet
  facet normal 0.522556 0.852605 0
    outer loop
      vertex 9.69466 66.9292 8.4
      vertex 9.85521 66.8308 2.4
      vertex 9.69466 66.9292 2.4
    endloop
  endfacet
  facet normal -0.649434 -0.760418 0
    outer loop
      vertex 44.1019 65.6019 2.4
      vertex 44.4897 65.2707 8.4
      vertex 44.1019 65.6019 8.4
    endloop
  endfacet
  facet normal -0.649434 -0.760418 -0
    outer loop
      vertex 44.4897 65.2707 8.4
      vertex 44.1019 65.6019 2.4
      vertex 44.4897 65.2707 2.4
    endloop
  endfacet
  facet normal 0.972302 0.233727 0
    outer loop
      vertex 49.61 68.4084 8.4
      vertex 49.6 68.45 2.4
      vertex 49.6 68.45 8.4
    endloop
  endfacet
  facet normal 0.972302 0.233727 0
    outer loop
      vertex 49.6 68.45 2.4
      vertex 49.61 68.4084 8.4
      vertex 49.61 68.4084 2.4
    endloop
  endfacet
  facet normal 0.996919 0.0784358 0
    outer loop
      vertex 49.65 67.9 8.4
      vertex 49.61 68.4084 2.4
      vertex 49.61 68.4084 8.4
    endloop
  endfacet
  facet normal 0.996919 0.0784358 0
    outer loop
      vertex 49.61 68.4084 2.4
      vertex 49.65 67.9 8.4
      vertex 49.65 67.9 2.4
    endloop
  endfacet
  facet normal 0.233727 0.972302 -0
    outer loop
      vertex 46.95 71.1 2.4
      vertex 46.9084 71.11 8.4
      vertex 46.95 71.1 8.4
    endloop
  endfacet
  facet normal 0.233727 0.972302 0
    outer loop
      vertex 46.9084 71.11 8.4
      vertex 46.95 71.1 2.4
      vertex 46.9084 71.11 2.4
    endloop
  endfacet
  facet normal -0.382554 -0.923933 0
    outer loop
      vertex 44.9245 65.0042 2.4
      vertex 45.3957 64.8091 8.4
      vertex 44.9245 65.0042 8.4
    endloop
  endfacet
  facet normal -0.382554 -0.923933 -0
    outer loop
      vertex 45.3957 64.8091 8.4
      vertex 44.9245 65.0042 2.4
      vertex 45.3957 64.8091 2.4
    endloop
  endfacet
  facet normal -0.649434 0.760418 0
    outer loop
      vertex 44.4897 70.5293 2.4
      vertex 44.1019 70.1981 8.4
      vertex 44.4897 70.5293 8.4
    endloop
  endfacet
  facet normal -0.649434 0.760418 0
    outer loop
      vertex 44.1019 70.1981 8.4
      vertex 44.4897 70.5293 2.4
      vertex 44.1019 70.1981 2.4
    endloop
  endfacet
  facet normal 0.382554 -0.923933 0
    outer loop
      vertex 47.4043 64.8091 2.4
      vertex 47.8755 65.0042 8.4
      vertex 47.4043 64.8091 8.4
    endloop
  endfacet
  facet normal 0.382554 -0.923933 0
    outer loop
      vertex 47.8755 65.0042 8.4
      vertex 47.4043 64.8091 2.4
      vertex 47.8755 65.0042 2.4
    endloop
  endfacet
  facet normal -0.996919 0.0784358 0
    outer loop
      vertex 43.15 67.9 2.4
      vertex 43.19 68.4084 8.4
      vertex 43.19 68.4084 2.4
    endloop
  endfacet
  facet normal -0.996919 0.0784358 0
    outer loop
      vertex 43.19 68.4084 8.4
      vertex 43.15 67.9 2.4
      vertex 43.15 67.9 8.4
    endloop
  endfacet
  facet normal -0.996919 -0.0784358 0
    outer loop
      vertex 43.19 67.3916 2.4
      vertex 43.15 67.9 8.4
      vertex 43.15 67.9 2.4
    endloop
  endfacet
  facet normal -0.996919 -0.0784358 0
    outer loop
      vertex 43.15 67.9 8.4
      vertex 43.19 67.3916 2.4
      vertex 43.19 67.3916 8.4
    endloop
  endfacet
  facet normal 0.233529 -0.97235 0
    outer loop
      vertex 46.9084 64.69 2.4
      vertex 47.4043 64.8091 8.4
      vertex 46.9084 64.69 8.4
    endloop
  endfacet
  facet normal 0.233529 -0.97235 0
    outer loop
      vertex 47.4043 64.8091 8.4
      vertex 46.9084 64.69 2.4
      vertex 47.4043 64.8091 2.4
    endloop
  endfacet
  facet normal -0.382554 0.923933 0
    outer loop
      vertex 45.3957 70.9909 2.4
      vertex 44.9245 70.7958 8.4
      vertex 45.3957 70.9909 8.4
    endloop
  endfacet
  facet normal -0.382554 0.923933 0
    outer loop
      vertex 44.9245 70.7958 8.4
      vertex 45.3957 70.9909 2.4
      vertex 44.9245 70.7958 2.4
    endloop
  endfacet
  facet normal 0.760418 -0.649434 0
    outer loop
      vertex 48.6981 65.6019 8.4
      vertex 49.0293 65.9897 2.4
      vertex 49.0293 65.9897 8.4
    endloop
  endfacet
  facet normal 0.760418 -0.649434 0
    outer loop
      vertex 49.0293 65.9897 2.4
      vertex 48.6981 65.6019 8.4
      vertex 48.6981 65.6019 2.4
    endloop
  endfacet
  facet normal -0.852593 0.522576 0
    outer loop
      vertex 43.5042 69.3755 2.4
      vertex 43.7707 69.8103 8.4
      vertex 43.7707 69.8103 2.4
    endloop
  endfacet
  facet normal -0.852593 0.522576 0
    outer loop
      vertex 43.7707 69.8103 8.4
      vertex 43.5042 69.3755 2.4
      vertex 43.5042 69.3755 8.4
    endloop
  endfacet
  facet normal 0.0784358 -0.996919 0
    outer loop
      vertex 46.4 64.65 2.4
      vertex 46.9084 64.69 8.4
      vertex 46.4 64.65 8.4
    endloop
  endfacet
  facet normal 0.0784358 -0.996919 0
    outer loop
      vertex 46.9084 64.69 8.4
      vertex 46.4 64.65 2.4
      vertex 46.9084 64.69 2.4
    endloop
  endfacet
  facet normal -0.97235 -0.233529 0
    outer loop
      vertex 43.3091 66.8957 2.4
      vertex 43.19 67.3916 8.4
      vertex 43.19 67.3916 2.4
    endloop
  endfacet
  facet normal -0.97235 -0.233529 0
    outer loop
      vertex 43.19 67.3916 8.4
      vertex 43.3091 66.8957 2.4
      vertex 43.3091 66.8957 8.4
    endloop
  endfacet
  facet normal -0.522576 0.852593 0
    outer loop
      vertex 44.9245 70.7958 2.4
      vertex 44.4897 70.5293 8.4
      vertex 44.9245 70.7958 8.4
    endloop
  endfacet
  facet normal -0.522576 0.852593 0
    outer loop
      vertex 44.4897 70.5293 8.4
      vertex 44.9245 70.7958 2.4
      vertex 44.4897 70.5293 2.4
    endloop
  endfacet
  facet normal 0.649434 -0.760418 0
    outer loop
      vertex 48.3103 65.2707 2.4
      vertex 48.6981 65.6019 8.4
      vertex 48.3103 65.2707 8.4
    endloop
  endfacet
  facet normal 0.649434 -0.760418 0
    outer loop
      vertex 48.6981 65.6019 8.4
      vertex 48.3103 65.2707 2.4
      vertex 48.6981 65.6019 2.4
    endloop
  endfacet
  facet normal 0.0784358 0.996919 -0
    outer loop
      vertex 46.9084 71.11 2.4
      vertex 46.4 71.15 8.4
      vertex 46.9084 71.11 8.4
    endloop
  endfacet
  facet normal 0.0784358 0.996919 0
    outer loop
      vertex 46.4 71.15 8.4
      vertex 46.9084 71.11 2.4
      vertex 46.4 71.15 2.4
    endloop
  endfacet
  facet normal -0.923933 -0.382554 0
    outer loop
      vertex 43.5042 66.4245 2.4
      vertex 43.3091 66.8957 8.4
      vertex 43.3091 66.8957 2.4
    endloop
  endfacet
  facet normal -0.923933 -0.382554 0
    outer loop
      vertex 43.3091 66.8957 8.4
      vertex 43.5042 66.4245 2.4
      vertex 43.5042 66.4245 8.4
    endloop
  endfacet
  facet normal 0.996919 -0.0784358 0
    outer loop
      vertex 49.61 67.3916 8.4
      vertex 49.65 67.9 2.4
      vertex 49.65 67.9 8.4
    endloop
  endfacet
  facet normal 0.996919 -0.0784358 0
    outer loop
      vertex 49.65 67.9 2.4
      vertex 49.61 67.3916 8.4
      vertex 49.61 67.3916 2.4
    endloop
  endfacet
  facet normal 0.972314 -0.233679 0
    outer loop
      vertex 49.4909 66.8957 8.4
      vertex 49.54 67.1 2.4
      vertex 49.54 67.1 8.4
    endloop
  endfacet
  facet normal 0.972314 -0.233679 0
    outer loop
      vertex 49.54 67.1 2.4
      vertex 49.4909 66.8957 8.4
      vertex 49.4909 66.8957 2.4
    endloop
  endfacet
  facet normal 0.972302 -0.233727 0
    outer loop
      vertex 49.6 67.35 8.4
      vertex 49.61 67.3916 2.4
      vertex 49.61 67.3916 8.4
    endloop
  endfacet
  facet normal 0.972302 -0.233727 0
    outer loop
      vertex 49.61 67.3916 2.4
      vertex 49.6 67.35 8.4
      vertex 49.6 67.35 2.4
    endloop
  endfacet
  facet normal 0 0 -1
    outer loop
      vertex 48.4 67.1 2.4
      vertex 47.5852 67.7123 2.4
      vertex 47.6 67.9 2.4
    endloop
  endfacet
  facet normal 0 0 -1
    outer loop
      vertex 48.4 67.1 2.4
      vertex 47.5413 67.5292 2.4
      vertex 47.5852 67.7123 2.4
    endloop
  endfacet
  facet normal 0 0 -1
    outer loop
      vertex 48.4 67.1 2.4
      vertex 47.4692 67.3552 2.4
      vertex 47.5413 67.5292 2.4
    endloop
  endfacet
  facet normal 0 0 -1
    outer loop
      vertex 46.9448 66.8308 2.4
      vertex 47.8755 65.0042 2.4
      vertex 47.4043 64.8091 2.4
    endloop
  endfacet
  facet normal 0 0 -1
    outer loop
      vertex 48.4 67.1 2.4
      vertex 47.3708 67.1947 2.4
      vertex 47.4692 67.3552 2.4
    endloop
  endfacet
  facet normal -0 0 -1
    outer loop
      vertex 48.4 67.1 2.4
      vertex 47.2485 67.0515 2.4
      vertex 47.3708 67.1947 2.4
    endloop
  endfacet
  facet normal 0 0 -1
    outer loop
      vertex 48.6981 65.6019 2.4
      vertex 47.2485 67.0515 2.4
      vertex 48.4 67.1 2.4
    endloop
  endfacet
  facet normal 0 0 -1
    outer loop
      vertex 47.8755 65.0042 2.4
      vertex 46.9448 66.8308 2.4
      vertex 47.1053 66.9292 2.4
    endloop
  endfacet
  facet normal 0 0 -1
    outer loop
      vertex 46.7708 66.7587 2.4
      vertex 47.4043 64.8091 2.4
      vertex 46.9084 64.69 2.4
    endloop
  endfacet
  facet normal 0 0 -1
    outer loop
      vertex 47.4043 64.8091 2.4
      vertex 46.7708 66.7587 2.4
      vertex 46.9448 66.8308 2.4
    endloop
  endfacet
  facet normal 0 0 -1
    outer loop
      vertex 46.9084 64.69 2.4
      vertex 46.5877 66.7148 2.4
      vertex 46.7708 66.7587 2.4
    endloop
  endfacet
  facet normal 0 0 -1
    outer loop
      vertex 46.4 64.65 2.4
      vertex 46.5877 66.7148 2.4
      vertex 46.9084 64.69 2.4
    endloop
  endfacet
  facet normal 0 0 -1
    outer loop
      vertex 46.4 64.65 2.4
      vertex 46.4 66.7 2.4
      vertex 46.5877 66.7148 2.4
    endloop
  endfacet
  facet normal 0 0 -1
    outer loop
      vertex 46.4 64.65 2.4
      vertex 46.2123 66.7148 2.4
      vertex 46.4 66.7 2.4
    endloop
  endfacet
  facet normal 0 0 -1
    outer loop
      vertex 45.8916 64.69 2.4
      vertex 46.2123 66.7148 2.4
      vertex 46.4 64.65 2.4
    endloop
  endfacet
  facet normal -0 0 -1
    outer loop
      vertex 46.2123 66.7148 2.4
      vertex 45.8916 64.69 2.4
      vertex 46.0292 66.7587 2.4
    endloop
  endfacet
  facet normal 0 0 -1
    outer loop
      vertex 45.3957 64.8091 2.4
      vertex 46.0292 66.7587 2.4
      vertex 45.8916 64.69 2.4
    endloop
  endfacet
  facet normal -0 0 -1
    outer loop
      vertex 46.0292 66.7587 2.4
      vertex 45.3957 64.8091 2.4
      vertex 45.8552 66.8308 2.4
    endloop
  endfacet
  facet normal 0 0 -1
    outer loop
      vertex 44.9245 65.0042 2.4
      vertex 45.8552 66.8308 2.4
      vertex 45.3957 64.8091 2.4
    endloop
  endfacet
  facet normal -0 0 -1
    outer loop
      vertex 45.8552 66.8308 2.4
      vertex 44.9245 65.0042 2.4
      vertex 45.6947 66.9292 2.4
    endloop
  endfacet
  facet normal 0 0 -1
    outer loop
      vertex 44.4897 65.2707 2.4
      vertex 45.6947 66.9292 2.4
      vertex 44.9245 65.0042 2.4
    endloop
  endfacet
  facet normal -0 0 -1
    outer loop
      vertex 45.6947 66.9292 2.4
      vertex 44.4897 65.2707 2.4
      vertex 45.5515 67.0515 2.4
    endloop
  endfacet
  facet normal 0 0 -1
    outer loop
      vertex 44.1019 65.6019 2.4
      vertex 45.5515 67.0515 2.4
      vertex 44.4897 65.2707 2.4
    endloop
  endfacet
  facet normal -0 0 -1
    outer loop
      vertex 45.5515 67.0515 2.4
      vertex 44.1019 65.6019 2.4
      vertex 45.4292 67.1947 2.4
    endloop
  endfacet
  facet normal 0 0 -1
    outer loop
      vertex 43.7707 65.9897 2.4
      vertex 45.4292 67.1947 2.4
      vertex 44.1019 65.6019 2.4
    endloop
  endfacet
  facet normal -0 0 -1
    outer loop
      vertex 45.4292 67.1947 2.4
      vertex 43.7707 65.9897 2.4
      vertex 45.3308 67.3552 2.4
    endloop
  endfacet
  facet normal 0 0 -1
    outer loop
      vertex 48.4 67.1 2.4
      vertex 49.4909 66.8957 2.4
      vertex 49.2958 66.4245 2.4
    endloop
  endfacet
  facet normal 0 0 -1
    outer loop
      vertex 48.4 67.1 2.4
      vertex 49.2958 66.4245 2.4
      vertex 49.0293 65.9897 2.4
    endloop
  endfacet
  facet normal 0 0 -1
    outer loop
      vertex 48.4 67.1 2.4
      vertex 49.0293 65.9897 2.4
      vertex 48.6981 65.6019 2.4
    endloop
  endfacet
  facet normal 0 0 -1
    outer loop
      vertex 49.4909 66.8957 2.4
      vertex 48.4 67.1 2.4
      vertex 49.54 67.1 2.4
    endloop
  endfacet
  facet normal 0 0 -1
    outer loop
      vertex 47.1053 66.9292 2.4
      vertex 48.6981 65.6019 2.4
      vertex 48.3103 65.2707 2.4
    endloop
  endfacet
  facet normal 0 0 -1
    outer loop
      vertex 47.1053 66.9292 2.4
      vertex 48.3103 65.2707 2.4
      vertex 47.8755 65.0042 2.4
    endloop
  endfacet
  facet normal 0 -0 -1
    outer loop
      vertex 47.2485 67.0515 2.4
      vertex 48.6981 65.6019 2.4
      vertex 47.1053 66.9292 2.4
    endloop
  endfacet
  facet normal 0 0 -1
    outer loop
      vertex 47.5852 68.0877 2.4
      vertex 48.4 67.1 2.4
      vertex 47.6 67.9 2.4
    endloop
  endfacet
  facet normal 0 0 -1
    outer loop
      vertex 48.4 67.1 2.4
      vertex 47.5852 68.0877 2.4
      vertex 48.4 69.9 2.4
    endloop
  endfacet
  facet normal 0 0 -1
    outer loop
      vertex 47.5413 68.2708 2.4
      vertex 48.4 69.9 2.4
      vertex 47.5852 68.0877 2.4
    endloop
  endfacet
  facet normal 0 0 -1
    outer loop
      vertex 47.4692 68.4448 2.4
      vertex 48.4 69.9 2.4
      vertex 47.5413 68.2708 2.4
    endloop
  endfacet
  facet normal 0 0 -1
    outer loop
      vertex 47.3708 68.6053 2.4
      vertex 48.4 69.9 2.4
      vertex 47.4692 68.4448 2.4
    endloop
  endfacet
  facet normal 0 0 -1
    outer loop
      vertex 47.2485 68.7485 2.4
      vertex 48.4 69.9 2.4
      vertex 47.3708 68.6053 2.4
    endloop
  endfacet
  facet normal 0 0 -1
    outer loop
      vertex 47.1053 68.8708 2.4
      vertex 48.4 69.9 2.4
      vertex 47.2485 68.7485 2.4
    endloop
  endfacet
  facet normal 0 0 -1
    outer loop
      vertex 46.9448 68.9692 2.4
      vertex 48.4 69.9 2.4
      vertex 47.1053 68.8708 2.4
    endloop
  endfacet
  facet normal 0 0 -1
    outer loop
      vertex 46.7708 69.0413 2.4
      vertex 48.4 69.9 2.4
      vertex 46.9448 68.9692 2.4
    endloop
  endfacet
  facet normal 0 0 -1
    outer loop
      vertex 46.5877 69.0852 2.4
      vertex 48.4 69.9 2.4
      vertex 46.7708 69.0413 2.4
    endloop
  endfacet
  facet normal 0 0 -1
    outer loop
      vertex 45.6 69.9 2.4
      vertex 46.5877 69.0852 2.4
      vertex 46.4 69.1 2.4
    endloop
  endfacet
  facet normal 0 0 -1
    outer loop
      vertex 45.6 69.9 2.4
      vertex 46.4 69.1 2.4
      vertex 46.2123 69.0852 2.4
    endloop
  endfacet
  facet normal 0 0 -1
    outer loop
      vertex 45.6 69.9 2.4
      vertex 46.2123 69.0852 2.4
      vertex 46.0292 69.0413 2.4
    endloop
  endfacet
  facet normal 0 0 -1
    outer loop
      vertex 46.5877 69.0852 2.4
      vertex 45.6 69.9 2.4
      vertex 48.4 69.9 2.4
    endloop
  endfacet
  facet normal 0 0 -1
    outer loop
      vertex 45.8552 68.9692 2.4
      vertex 45.6 69.9 2.4
      vertex 46.0292 69.0413 2.4
    endloop
  endfacet
  facet normal 0 0 -1
    outer loop
      vertex 45.6947 68.8708 2.4
      vertex 45.6 69.9 2.4
      vertex 45.8552 68.9692 2.4
    endloop
  endfacet
  facet normal 0 0 -1
    outer loop
      vertex 45.5515 68.7485 2.4
      vertex 45.6 69.9 2.4
      vertex 45.6947 68.8708 2.4
    endloop
  endfacet
  facet normal 0 0 -1
    outer loop
      vertex 44.1019 70.1981 2.4
      vertex 45.6 69.9 2.4
      vertex 45.5515 68.7485 2.4
    endloop
  endfacet
  facet normal 0 0 -1
    outer loop
      vertex 44.1019 70.1981 2.4
      vertex 45.5515 68.7485 2.4
      vertex 45.4292 68.6053 2.4
    endloop
  endfacet
  facet normal 0 0 -1
    outer loop
      vertex 45.6 69.9 2.4
      vertex 45.3957 70.9909 2.4
      vertex 45.6 71.04 2.4
    endloop
  endfacet
  facet normal 0 0 -1
    outer loop
      vertex 43.7707 69.8103 2.4
      vertex 45.4292 68.6053 2.4
      vertex 45.3308 68.4448 2.4
    endloop
  endfacet
  facet normal 0 0 -1
    outer loop
      vertex 43.5042 69.3755 2.4
      vertex 45.3308 68.4448 2.4
      vertex 45.2587 68.2708 2.4
    endloop
  endfacet
  facet normal 0 0 -1
    outer loop
      vertex 43.3091 68.9043 2.4
      vertex 45.2587 68.2708 2.4
      vertex 45.2148 68.0877 2.4
    endloop
  endfacet
  facet normal 0 0 -1
    outer loop
      vertex 43.19 68.4084 2.4
      vertex 45.2148 68.0877 2.4
      vertex 45.2 67.9 2.4
    endloop
  endfacet
  facet normal 0 0 -1
    outer loop
      vertex 43.5042 66.4245 2.4
      vertex 45.3308 67.3552 2.4
      vertex 43.7707 65.9897 2.4
    endloop
  endfacet
  facet normal 0 0 -1
    outer loop
      vertex 45.6 69.9 2.4
      vertex 44.9245 70.7958 2.4
      vertex 45.3957 70.9909 2.4
    endloop
  endfacet
  facet normal -0 0 -1
    outer loop
      vertex 45.3308 67.3552 2.4
      vertex 43.5042 66.4245 2.4
      vertex 45.2587 67.5292 2.4
    endloop
  endfacet
  facet normal 0 0 -1
    outer loop
      vertex 45.6 69.9 2.4
      vertex 44.4897 70.5293 2.4
      vertex 44.9245 70.7958 2.4
    endloop
  endfacet
  facet normal 0 0 -1
    outer loop
      vertex 43.3091 66.8957 2.4
      vertex 45.2587 67.5292 2.4
      vertex 43.5042 66.4245 2.4
    endloop
  endfacet
  facet normal 0 0 -1
    outer loop
      vertex 45.6 69.9 2.4
      vertex 44.1019 70.1981 2.4
      vertex 44.4897 70.5293 2.4
    endloop
  endfacet
  facet normal -0 0 -1
    outer loop
      vertex 45.2587 67.5292 2.4
      vertex 43.3091 66.8957 2.4
      vertex 45.2148 67.7123 2.4
    endloop
  endfacet
  facet normal 0 0 -1
    outer loop
      vertex 45.4292 68.6053 2.4
      vertex 43.7707 69.8103 2.4
      vertex 44.1019 70.1981 2.4
    endloop
  endfacet
  facet normal 0 0 -1
    outer loop
      vertex 43.19 67.3916 2.4
      vertex 45.2148 67.7123 2.4
      vertex 43.3091 66.8957 2.4
    endloop
  endfacet
  facet normal 0 0 -1
    outer loop
      vertex 45.3308 68.4448 2.4
      vertex 43.5042 69.3755 2.4
      vertex 43.7707 69.8103 2.4
    endloop
  endfacet
  facet normal -0 0 -1
    outer loop
      vertex 45.2148 67.7123 2.4
      vertex 43.19 67.3916 2.4
      vertex 45.2 67.9 2.4
    endloop
  endfacet
  facet normal 0 0 -1
    outer loop
      vertex 45.2587 68.2708 2.4
      vertex 43.3091 68.9043 2.4
      vertex 43.5042 69.3755 2.4
    endloop
  endfacet
  facet normal 0 0 -1
    outer loop
      vertex 43.15 67.9 2.4
      vertex 45.2 67.9 2.4
      vertex 43.19 67.3916 2.4
    endloop
  endfacet
  facet normal 0 0 -1
    outer loop
      vertex 45.2148 68.0877 2.4
      vertex 43.19 68.4084 2.4
      vertex 43.3091 68.9043 2.4
    endloop
  endfacet
  facet normal 0 0 -1
    outer loop
      vertex 45.2 67.9 2.4
      vertex 43.15 67.9 2.4
      vertex 43.19 68.4084 2.4
    endloop
  endfacet
  facet normal 0 0 -1
    outer loop
      vertex 49.6 67.35 2.4
      vertex 49.65 67.9 2.4
      vertex 49.61 67.3916 2.4
    endloop
  endfacet
  facet normal 0 0 -1
    outer loop
      vertex 49.6 68.45 2.4
      vertex 49.65 67.9 2.4
      vertex 49.6 67.35 2.4
    endloop
  endfacet
  facet normal 0 0 -1
    outer loop
      vertex 49.65 67.9 2.4
      vertex 49.6 68.45 2.4
      vertex 49.61 68.4084 2.4
    endloop
  endfacet
  facet normal 0 0 -1
    outer loop
      vertex 46.95 71.1 2.4
      vertex 46.4 71.15 2.4
      vertex 46.9084 71.11 2.4
    endloop
  endfacet
  facet normal 0 0 -1
    outer loop
      vertex 45.85 71.1 2.4
      vertex 46.4 71.15 2.4
      vertex 46.95 71.1 2.4
    endloop
  endfacet
  facet normal 0 0 -1
    outer loop
      vertex 46.4 71.15 2.4
      vertex 45.85 71.1 2.4
      vertex 45.8916 71.11 2.4
    endloop
  endfacet
  facet normal -0.0784358 0.996919 0
    outer loop
      vertex 46.4 71.15 2.4
      vertex 45.8916 71.11 8.4
      vertex 46.4 71.15 8.4
    endloop
  endfacet
  facet normal -0.0784358 0.996919 0
    outer loop
      vertex 45.8916 71.11 8.4
      vertex 46.4 71.15 2.4
      vertex 45.8916 71.11 2.4
    endloop
  endfacet
  facet normal -0.852593 -0.522576 0
    outer loop
      vertex 43.7707 65.9897 2.4
      vertex 43.5042 66.4245 8.4
      vertex 43.5042 66.4245 2.4
    endloop
  endfacet
  facet normal -0.852593 -0.522576 0
    outer loop
      vertex 43.5042 66.4245 8.4
      vertex 43.7707 65.9897 2.4
      vertex 43.7707 65.9897 8.4
    endloop
  endfacet
  facet normal -0.923933 0.382554 0
    outer loop
      vertex 43.3091 68.9043 2.4
      vertex 43.5042 69.3755 8.4
      vertex 43.5042 69.3755 2.4
    endloop
  endfacet
  facet normal -0.923933 0.382554 0
    outer loop
      vertex 43.5042 69.3755 8.4
      vertex 43.3091 68.9043 2.4
      vertex 43.3091 68.9043 8.4
    endloop
  endfacet
  facet normal 0.923933 -0.382554 0
    outer loop
      vertex 49.2958 66.4245 8.4
      vertex 49.4909 66.8957 2.4
      vertex 49.4909 66.8957 8.4
    endloop
  endfacet
  facet normal 0.923933 -0.382554 0
    outer loop
      vertex 49.4909 66.8957 2.4
      vertex 49.2958 66.4245 8.4
      vertex 49.2958 66.4245 2.4
    endloop
  endfacet
  facet normal -0.760418 -0.649434 0
    outer loop
      vertex 44.1019 65.6019 2.4
      vertex 43.7707 65.9897 8.4
      vertex 43.7707 65.9897 2.4
    endloop
  endfacet
  facet normal -0.760418 -0.649434 0
    outer loop
      vertex 43.7707 65.9897 8.4
      vertex 44.1019 65.6019 2.4
      vertex 44.1019 65.6019 8.4
    endloop
  endfacet
  facet normal 0.522576 -0.852593 0
    outer loop
      vertex 47.8755 65.0042 2.4
      vertex 48.3103 65.2707 8.4
      vertex 47.8755 65.0042 8.4
    endloop
  endfacet
  facet normal 0.522576 -0.852593 0
    outer loop
      vertex 48.3103 65.2707 8.4
      vertex 47.8755 65.0042 2.4
      vertex 48.3103 65.2707 2.4
    endloop
  endfacet
  facet normal -0 0 1
    outer loop
      vertex 45.3957 70.9909 8.4
      vertex 45.6 69.9 8.4
      vertex 45.6 71.04 8.4
    endloop
  endfacet
  facet normal -0 0 1
    outer loop
      vertex 44.9245 70.7958 8.4
      vertex 45.6 69.9 8.4
      vertex 45.3957 70.9909 8.4
    endloop
  endfacet
  facet normal -0 0 1
    outer loop
      vertex 44.4897 70.5293 8.4
      vertex 45.6 69.9 8.4
      vertex 44.9245 70.7958 8.4
    endloop
  endfacet
  facet normal -0 0 1
    outer loop
      vertex 44.1019 70.1981 8.4
      vertex 45.6 69.9 8.4
      vertex 44.4897 70.5293 8.4
    endloop
  endfacet
  facet normal 0 0 1
    outer loop
      vertex 45.6 69.9 8.4
      vertex 44.1019 70.1981 8.4
      vertex 45.5515 68.7485 8.4
    endloop
  endfacet
  facet normal 0 0 1
    outer loop
      vertex 45.5515 68.7485 8.4
      vertex 44.1019 70.1981 8.4
      vertex 45.4292 68.6053 8.4
    endloop
  endfacet
  facet normal -0 0 1
    outer loop
      vertex 43.7707 69.8103 8.4
      vertex 45.4292 68.6053 8.4
      vertex 44.1019 70.1981 8.4
    endloop
  endfacet
  facet normal 0 0 1
    outer loop
      vertex 45.4292 68.6053 8.4
      vertex 43.7707 69.8103 8.4
      vertex 45.3308 68.4448 8.4
    endloop
  endfacet
  facet normal -0 0 1
    outer loop
      vertex 47.5852 68.0877 8.4
      vertex 48.4 67.1 8.4
      vertex 48.4 69.9 8.4
    endloop
  endfacet
  facet normal -0 0 1
    outer loop
      vertex 47.5413 67.5292 8.4
      vertex 48.4 67.1 8.4
      vertex 47.5852 67.7123 8.4
    endloop
  endfacet
  facet normal 0 0 1
    outer loop
      vertex 48.4 67.1 8.4
      vertex 47.6 67.9 8.4
      vertex 47.5852 67.7123 8.4
    endloop
  endfacet
  facet normal 0 0 1
    outer loop
      vertex 48.4 67.1 8.4
      vertex 47.5852 68.0877 8.4
      vertex 47.6 67.9 8.4
    endloop
  endfacet
  facet normal 0 0 1
    outer loop
      vertex 48.4 69.9 8.4
      vertex 47.5413 68.2708 8.4
      vertex 47.5852 68.0877 8.4
    endloop
  endfacet
  facet normal 0 0 1
    outer loop
      vertex 48.4 69.9 8.4
      vertex 47.4692 68.4448 8.4
      vertex 47.5413 68.2708 8.4
    endloop
  endfacet
  facet normal 0 0 1
    outer loop
      vertex 48.4 69.9 8.4
      vertex 47.3708 68.6053 8.4
      vertex 47.4692 68.4448 8.4
    endloop
  endfacet
  facet normal 0 0 1
    outer loop
      vertex 48.4 69.9 8.4
      vertex 47.2485 68.7485 8.4
      vertex 47.3708 68.6053 8.4
    endloop
  endfacet
  facet normal 0 0 1
    outer loop
      vertex 48.4 69.9 8.4
      vertex 47.1053 68.8708 8.4
      vertex 47.2485 68.7485 8.4
    endloop
  endfacet
  facet normal 0 0 1
    outer loop
      vertex 48.4 69.9 8.4
      vertex 46.9448 68.9692 8.4
      vertex 47.1053 68.8708 8.4
    endloop
  endfacet
  facet normal 0 0 1
    outer loop
      vertex 48.4 69.9 8.4
      vertex 46.7708 69.0413 8.4
      vertex 46.9448 68.9692 8.4
    endloop
  endfacet
  facet normal 0 0 1
    outer loop
      vertex 48.4 69.9 8.4
      vertex 46.5877 69.0852 8.4
      vertex 46.7708 69.0413 8.4
    endloop
  endfacet
  facet normal -0 0 1
    outer loop
      vertex 45.6 69.9 8.4
      vertex 46.5877 69.0852 8.4
      vertex 48.4 69.9 8.4
    endloop
  endfacet
  facet normal 0 0 1
    outer loop
      vertex 46.5877 69.0852 8.4
      vertex 45.6 69.9 8.4
      vertex 46.4 69.1 8.4
    endloop
  endfacet
  facet normal 0 0 1
    outer loop
      vertex 46.4 69.1 8.4
      vertex 45.6 69.9 8.4
      vertex 46.2123 69.0852 8.4
    endloop
  endfacet
  facet normal 0 0 1
    outer loop
      vertex 46.2123 69.0852 8.4
      vertex 45.6 69.9 8.4
      vertex 46.0292 69.0413 8.4
    endloop
  endfacet
  facet normal 0 0 1
    outer loop
      vertex 45.6 69.9 8.4
      vertex 45.8552 68.9692 8.4
      vertex 46.0292 69.0413 8.4
    endloop
  endfacet
  facet normal 0 0 1
    outer loop
      vertex 45.6 69.9 8.4
      vertex 45.6947 68.8708 8.4
      vertex 45.8552 68.9692 8.4
    endloop
  endfacet
  facet normal 0 0 1
    outer loop
      vertex 45.6947 68.8708 8.4
      vertex 45.6 69.9 8.4
      vertex 45.5515 68.7485 8.4
    endloop
  endfacet
  facet normal -0 0 1
    outer loop
      vertex 48.4 67.1 8.4
      vertex 49.4909 66.8957 8.4
      vertex 49.54 67.1 8.4
    endloop
  endfacet
  facet normal 0 0 1
    outer loop
      vertex 49.4909 66.8957 8.4
      vertex 48.4 67.1 8.4
      vertex 49.2958 66.4245 8.4
    endloop
  endfacet
  facet normal 0 0 1
    outer loop
      vertex 49.2958 66.4245 8.4
      vertex 48.4 67.1 8.4
      vertex 49.0293 65.9897 8.4
    endloop
  endfacet
  facet normal 0 0 1
    outer loop
      vertex 49.0293 65.9897 8.4
      vertex 48.4 67.1 8.4
      vertex 48.6981 65.6019 8.4
    endloop
  endfacet
  facet normal 0 0 1
    outer loop
      vertex 48.6981 65.6019 8.4
      vertex 48.4 67.1 8.4
      vertex 48.3103 65.2707 8.4
    endloop
  endfacet
  facet normal -0 0 1
    outer loop
      vertex 47.4692 67.3552 8.4
      vertex 48.4 67.1 8.4
      vertex 47.5413 67.5292 8.4
    endloop
  endfacet
  facet normal -0 0 1
    outer loop
      vertex 47.3708 67.1947 8.4
      vertex 48.4 67.1 8.4
      vertex 47.4692 67.3552 8.4
    endloop
  endfacet
  facet normal 0 0 1
    outer loop
      vertex 47.2485 67.0515 8.4
      vertex 48.4 67.1 8.4
      vertex 47.3708 67.1947 8.4
    endloop
  endfacet
  facet normal 0 0 1
    outer loop
      vertex 48.4 67.1 8.4
      vertex 47.2485 67.0515 8.4
      vertex 48.3103 65.2707 8.4
    endloop
  endfacet
  facet normal -0 0 1
    outer loop
      vertex 47.1053 66.9292 8.4
      vertex 48.3103 65.2707 8.4
      vertex 47.2485 67.0515 8.4
    endloop
  endfacet
  facet normal 0 0 1
    outer loop
      vertex 48.3103 65.2707 8.4
      vertex 47.1053 66.9292 8.4
      vertex 47.8755 65.0042 8.4
    endloop
  endfacet
  facet normal -0 0 1
    outer loop
      vertex 46.9448 66.8308 8.4
      vertex 47.8755 65.0042 8.4
      vertex 47.1053 66.9292 8.4
    endloop
  endfacet
  facet normal 0 0 1
    outer loop
      vertex 47.8755 65.0042 8.4
      vertex 46.9448 66.8308 8.4
      vertex 47.4043 64.8091 8.4
    endloop
  endfacet
  facet normal -0 0 1
    outer loop
      vertex 46.7708 66.7587 8.4
      vertex 47.4043 64.8091 8.4
      vertex 46.9448 66.8308 8.4
    endloop
  endfacet
  facet normal 0 0 1
    outer loop
      vertex 47.4043 64.8091 8.4
      vertex 46.7708 66.7587 8.4
      vertex 46.9084 64.69 8.4
    endloop
  endfacet
  facet normal -0 0 1
    outer loop
      vertex 46.5877 66.7148 8.4
      vertex 46.9084 64.69 8.4
      vertex 46.7708 66.7587 8.4
    endloop
  endfacet
  facet normal -0 0 1
    outer loop
      vertex 46.4 66.7 8.4
      vertex 46.9084 64.69 8.4
      vertex 46.5877 66.7148 8.4
    endloop
  endfacet
  facet normal 0 0 1
    outer loop
      vertex 46.4 66.7 8.4
      vertex 46.4 64.65 8.4
      vertex 46.9084 64.69 8.4
    endloop
  endfacet
  facet normal 0 0 1
    outer loop
      vertex 46.2123 66.7148 8.4
      vertex 46.4 64.65 8.4
      vertex 46.4 66.7 8.4
    endloop
  endfacet
  facet normal 0 0 1
    outer loop
      vertex 45.8916 64.69 8.4
      vertex 46.2123 66.7148 8.4
      vertex 46.0292 66.7587 8.4
    endloop
  endfacet
  facet normal 0 0 1
    outer loop
      vertex 46.2123 66.7148 8.4
      vertex 45.8916 64.69 8.4
      vertex 46.4 64.65 8.4
    endloop
  endfacet
  facet normal 0 0 1
    outer loop
      vertex 45.3957 64.8091 8.4
      vertex 46.0292 66.7587 8.4
      vertex 45.8552 66.8308 8.4
    endloop
  endfacet
  facet normal 0 0 1
    outer loop
      vertex 44.9245 65.0042 8.4
      vertex 45.8552 66.8308 8.4
      vertex 45.6947 66.9292 8.4
    endloop
  endfacet
  facet normal 0 0 1
    outer loop
      vertex 44.4897 65.2707 8.4
      vertex 45.6947 66.9292 8.4
      vertex 45.5515 67.0515 8.4
    endloop
  endfacet
  facet normal 0 0 1
    outer loop
      vertex 44.1019 65.6019 8.4
      vertex 45.5515 67.0515 8.4
      vertex 45.4292 67.1947 8.4
    endloop
  endfacet
  facet normal 0 0 1
    outer loop
      vertex 46.0292 66.7587 8.4
      vertex 45.3957 64.8091 8.4
      vertex 45.8916 64.69 8.4
    endloop
  endfacet
  facet normal 0 0 1
    outer loop
      vertex 43.7707 65.9897 8.4
      vertex 45.4292 67.1947 8.4
      vertex 45.3308 67.3552 8.4
    endloop
  endfacet
  facet normal 0 0 1
    outer loop
      vertex 43.5042 66.4245 8.4
      vertex 45.3308 67.3552 8.4
      vertex 45.2587 67.5292 8.4
    endloop
  endfacet
  facet normal 0 0 1
    outer loop
      vertex 43.3091 66.8957 8.4
      vertex 45.2587 67.5292 8.4
      vertex 45.2148 67.7123 8.4
    endloop
  endfacet
  facet normal 0 0 1
    outer loop
      vertex 43.19 67.3916 8.4
      vertex 45.2148 67.7123 8.4
      vertex 45.2 67.9 8.4
    endloop
  endfacet
  facet normal -0 0 1
    outer loop
      vertex 43.5042 69.3755 8.4
      vertex 45.3308 68.4448 8.4
      vertex 43.7707 69.8103 8.4
    endloop
  endfacet
  facet normal 0 0 1
    outer loop
      vertex 45.8552 66.8308 8.4
      vertex 44.9245 65.0042 8.4
      vertex 45.3957 64.8091 8.4
    endloop
  endfacet
  facet normal 0 0 1
    outer loop
      vertex 45.3308 68.4448 8.4
      vertex 43.5042 69.3755 8.4
      vertex 45.2587 68.2708 8.4
    endloop
  endfacet
  facet normal 0 0 1
    outer loop
      vertex 45.6947 66.9292 8.4
      vertex 44.4897 65.2707 8.4
      vertex 44.9245 65.0042 8.4
    endloop
  endfacet
  facet normal -0 0 1
    outer loop
      vertex 43.3091 68.9043 8.4
      vertex 45.2587 68.2708 8.4
      vertex 43.5042 69.3755 8.4
    endloop
  endfacet
  facet normal 0 0 1
    outer loop
      vertex 45.5515 67.0515 8.4
      vertex 44.1019 65.6019 8.4
      vertex 44.4897 65.2707 8.4
    endloop
  endfacet
  facet normal 0 0 1
    outer loop
      vertex 45.2587 68.2708 8.4
      vertex 43.3091 68.9043 8.4
      vertex 45.2148 68.0877 8.4
    endloop
  endfacet
  facet normal 0 0 1
    outer loop
      vertex 45.4292 67.1947 8.4
      vertex 43.7707 65.9897 8.4
      vertex 44.1019 65.6019 8.4
    endloop
  endfacet
  facet normal -0 0 1
    outer loop
      vertex 43.19 68.4084 8.4
      vertex 45.2148 68.0877 8.4
      vertex 43.3091 68.9043 8.4
    endloop
  endfacet
  facet normal 0 0 1
    outer loop
      vertex 45.3308 67.3552 8.4
      vertex 43.5042 66.4245 8.4
      vertex 43.7707 65.9897 8.4
    endloop
  endfacet
  facet normal 0 0 1
    outer loop
      vertex 45.2148 68.0877 8.4
      vertex 43.19 68.4084 8.4
      vertex 45.2 67.9 8.4
    endloop
  endfacet
  facet normal 0 0 1
    outer loop
      vertex 45.2587 67.5292 8.4
      vertex 43.3091 66.8957 8.4
      vertex 43.5042 66.4245 8.4
    endloop
  endfacet
  facet normal 0 0 1
    outer loop
      vertex 43.15 67.9 8.4
      vertex 45.2 67.9 8.4
      vertex 43.19 68.4084 8.4
    endloop
  endfacet
  facet normal 0 0 1
    outer loop
      vertex 45.2148 67.7123 8.4
      vertex 43.19 67.3916 8.4
      vertex 43.3091 66.8957 8.4
    endloop
  endfacet
  facet normal 0 0 1
    outer loop
      vertex 45.2 67.9 8.4
      vertex 43.15 67.9 8.4
      vertex 43.19 67.3916 8.4
    endloop
  endfacet
  facet normal 0 0 1
    outer loop
      vertex 46.4 71.15 8.4
      vertex 46.95 71.1 8.4
      vertex 46.9084 71.11 8.4
    endloop
  endfacet
  facet normal 0 0 1
    outer loop
      vertex 45.85 71.1 8.4
      vertex 46.4 71.15 8.4
      vertex 45.8916 71.11 8.4
    endloop
  endfacet
  facet normal 0 0 1
    outer loop
      vertex 46.4 71.15 8.4
      vertex 45.85 71.1 8.4
      vertex 46.95 71.1 8.4
    endloop
  endfacet
  facet normal 0 0 1
    outer loop
      vertex 49.6 68.45 8.4
      vertex 49.65 67.9 8.4
      vertex 49.61 68.4084 8.4
    endloop
  endfacet
  facet normal 0 0 1
    outer loop
      vertex 49.6 67.35 8.4
      vertex 49.65 67.9 8.4
      vertex 49.6 68.45 8.4
    endloop
  endfacet
  facet normal 0 0 1
    outer loop
      vertex 49.65 67.9 8.4
      vertex 49.6 67.35 8.4
      vertex 49.61 67.3916 8.4
    endloop
  endfacet
  facet normal -0.233679 0.972314 0
    outer loop
      vertex 45.6 71.04 2.4
      vertex 45.3957 70.9909 8.4
      vertex 45.6 71.04 8.4
    endloop
  endfacet
  facet normal -0.233679 0.972314 0
    outer loop
      vertex 45.3957 70.9909 8.4
      vertex 45.6 71.04 2.4
      vertex 45.3957 70.9909 2.4
    endloop
  endfacet
  facet normal -0.233727 0.972302 0
    outer loop
      vertex 45.8916 71.11 2.4
      vertex 45.85 71.1 8.4
      vertex 45.8916 71.11 8.4
    endloop
  endfacet
  facet normal -0.233727 0.972302 0
    outer loop
      vertex 45.85 71.1 8.4
      vertex 45.8916 71.11 2.4
      vertex 45.85 71.1 2.4
    endloop
  endfacet
  facet normal -0.233529 -0.97235 0
    outer loop
      vertex 45.3957 64.8091 2.4
      vertex 45.8916 64.69 8.4
      vertex 45.3957 64.8091 8.4
    endloop
  endfacet
  facet normal -0.233529 -0.97235 -0
    outer loop
      vertex 45.8916 64.69 8.4
      vertex 45.3957 64.8091 2.4
      vertex 45.8916 64.69 2.4
    endloop
  endfacet
  facet normal 0.852593 -0.522576 0
    outer loop
      vertex 49.0293 65.9897 8.4
      vertex 49.2958 66.4245 2.4
      vertex 49.2958 66.4245 8.4
    endloop
  endfacet
  facet normal 0.852593 -0.522576 0
    outer loop
      vertex 49.2958 66.4245 2.4
      vertex 49.0293 65.9897 8.4
      vertex 49.0293 65.9897 2.4
    endloop
  endfacet
  facet normal -0.97235 0.233529 0
    outer loop
      vertex 43.19 68.4084 2.4
      vertex 43.3091 68.9043 8.4
      vertex 43.3091 68.9043 2.4
    endloop
  endfacet
  facet normal -0.97235 0.233529 0
    outer loop
      vertex 43.3091 68.9043 8.4
      vertex 43.19 68.4084 2.4
      vertex 43.19 68.4084 8.4
    endloop
  endfacet
  facet normal -0.0784358 -0.996919 0
    outer loop
      vertex 45.8916 64.69 2.4
      vertex 46.4 64.65 8.4
      vertex 45.8916 64.69 8.4
    endloop
  endfacet
  facet normal -0.0784358 -0.996919 -0
    outer loop
      vertex 46.4 64.65 8.4
      vertex 45.8916 64.69 2.4
      vertex 46.4 64.65 2.4
    endloop
  endfacet
  facet normal -0.522576 -0.852593 0
    outer loop
      vertex 44.4897 65.2707 2.4
      vertex 44.9245 65.0042 8.4
      vertex 44.4897 65.2707 8.4
    endloop
  endfacet
  facet normal -0.522576 -0.852593 -0
    outer loop
      vertex 44.9245 65.0042 8.4
      vertex 44.4897 65.2707 2.4
      vertex 44.9245 65.0042 2.4
    endloop
  endfacet
  facet normal -0.760418 0.649434 0
    outer loop
      vertex 43.7707 69.8103 2.4
      vertex 44.1019 70.1981 8.4
      vertex 44.1019 70.1981 2.4
    endloop
  endfacet
  facet normal -0.760418 0.649434 0
    outer loop
      vertex 44.1019 70.1981 8.4
      vertex 43.7707 69.8103 2.4
      vertex 43.7707 69.8103 8.4
    endloop
  endfacet
  facet normal 0.0786053 -0.996906 0
    outer loop
      vertex 46.2123 69.0852 2.4
      vertex 46.4 69.1 8.4
      vertex 46.2123 69.0852 8.4
    endloop
  endfacet
  facet normal 0.0786053 -0.996906 0
    outer loop
      vertex 46.4 69.1 8.4
      vertex 46.2123 69.0852 2.4
      vertex 46.4 69.1 2.4
    endloop
  endfacet
  facet normal -0.649435 -0.760417 0
    outer loop
      vertex 47.1053 68.8708 2.4
      vertex 47.2485 68.7485 8.4
      vertex 47.1053 68.8708 8.4
    endloop
  endfacet
  facet normal -0.649435 -0.760417 -0
    outer loop
      vertex 47.2485 68.7485 8.4
      vertex 47.1053 68.8708 2.4
      vertex 47.2485 68.7485 2.4
    endloop
  endfacet
  facet normal -0.522674 0.852533 0
    outer loop
      vertex 47.1053 66.9292 2.4
      vertex 46.9448 66.8308 8.4
      vertex 47.1053 66.9292 8.4
    endloop
  endfacet
  facet normal -0.522674 0.852533 0
    outer loop
      vertex 46.9448 66.8308 8.4
      vertex 47.1053 66.9292 2.4
      vertex 46.9448 66.8308 2.4
    endloop
  endfacet
  facet normal -0.97244 -0.233152 0
    outer loop
      vertex 47.5852 68.0877 2.4
      vertex 47.5413 68.2708 8.4
      vertex 47.5413 68.2708 2.4
    endloop
  endfacet
  facet normal -0.97244 -0.233152 0
    outer loop
      vertex 47.5413 68.2708 8.4
      vertex 47.5852 68.0877 2.4
      vertex 47.5852 68.0877 8.4
    endloop
  endfacet
  facet normal -0.233152 0.97244 0
    outer loop
      vertex 46.7708 66.7587 2.4
      vertex 46.5877 66.7148 8.4
      vertex 46.7708 66.7587 8.4
    endloop
  endfacet
  facet normal -0.233152 0.97244 0
    outer loop
      vertex 46.5877 66.7148 8.4
      vertex 46.7708 66.7587 2.4
      vertex 46.5877 66.7148 2.4
    endloop
  endfacet
  facet normal -0.760417 -0.649435 0
    outer loop
      vertex 47.3708 68.6053 2.4
      vertex 47.2485 68.7485 8.4
      vertex 47.2485 68.7485 2.4
    endloop
  endfacet
  facet normal -0.760417 -0.649435 0
    outer loop
      vertex 47.2485 68.7485 8.4
      vertex 47.3708 68.6053 2.4
      vertex 47.3708 68.6053 8.4
    endloop
  endfacet
  facet normal 0.996906 0.0786053 0
    outer loop
      vertex 45.2148 67.7123 8.4
      vertex 45.2 67.9 2.4
      vertex 45.2 67.9 8.4
    endloop
  endfacet
  facet normal 0.996906 0.0786053 0
    outer loop
      vertex 45.2 67.9 2.4
      vertex 45.2148 67.7123 8.4
      vertex 45.2148 67.7123 2.4
    endloop
  endfacet
  facet normal -0.0786053 0.996906 0
    outer loop
      vertex 46.5877 66.7148 2.4
      vertex 46.4 66.7 8.4
      vertex 46.5877 66.7148 8.4
    endloop
  endfacet
  facet normal -0.0786053 0.996906 0
    outer loop
      vertex 46.4 66.7 8.4
      vertex 46.5877 66.7148 2.4
      vertex 46.4 66.7 2.4
    endloop
  endfacet
  facet normal -0.382805 -0.923829 0
    outer loop
      vertex 46.7708 69.0413 2.4
      vertex 46.9448 68.9692 8.4
      vertex 46.7708 69.0413 8.4
    endloop
  endfacet
  facet normal -0.382805 -0.923829 -0
    outer loop
      vertex 46.9448 68.9692 8.4
      vertex 46.7708 69.0413 2.4
      vertex 46.9448 68.9692 2.4
    endloop
  endfacet
  facet normal -0.996906 -0.0786053 0
    outer loop
      vertex 47.6 67.9 2.4
      vertex 47.5852 68.0877 8.4
      vertex 47.5852 68.0877 2.4
    endloop
  endfacet
  facet normal -0.996906 -0.0786053 0
    outer loop
      vertex 47.5852 68.0877 8.4
      vertex 47.6 67.9 2.4
      vertex 47.6 67.9 8.4
    endloop
  endfacet
  facet normal 0.97244 -0.233152 0
    outer loop
      vertex 45.2148 68.0877 8.4
      vertex 45.2587 68.2708 2.4
      vertex 45.2587 68.2708 8.4
    endloop
  endfacet
  facet normal 0.97244 -0.233152 0
    outer loop
      vertex 45.2587 68.2708 2.4
      vertex 45.2148 68.0877 8.4
      vertex 45.2148 68.0877 2.4
    endloop
  endfacet
  facet normal 0.522674 -0.852533 0
    outer loop
      vertex 45.6947 68.8708 2.4
      vertex 45.8552 68.9692 8.4
      vertex 45.6947 68.8708 8.4
    endloop
  endfacet
  facet normal 0.522674 -0.852533 0
    outer loop
      vertex 45.8552 68.9692 8.4
      vertex 45.6947 68.8708 2.4
      vertex 45.8552 68.9692 2.4
    endloop
  endfacet
  facet normal -0.923829 -0.382805 0
    outer loop
      vertex 47.5413 68.2708 2.4
      vertex 47.4692 68.4448 8.4
      vertex 47.4692 68.4448 2.4
    endloop
  endfacet
  facet normal -0.923829 -0.382805 0
    outer loop
      vertex 47.4692 68.4448 8.4
      vertex 47.5413 68.2708 2.4
      vertex 47.5413 68.2708 8.4
    endloop
  endfacet
  facet normal 0.649435 -0.760417 0
    outer loop
      vertex 45.5515 68.7485 2.4
      vertex 45.6947 68.8708 8.4
      vertex 45.5515 68.7485 8.4
    endloop
  endfacet
  facet normal 0.649435 -0.760417 0
    outer loop
      vertex 45.6947 68.8708 8.4
      vertex 45.5515 68.7485 2.4
      vertex 45.6947 68.8708 2.4
    endloop
  endfacet
  facet normal -0.923829 0.382805 0
    outer loop
      vertex 47.4692 67.3552 2.4
      vertex 47.5413 67.5292 8.4
      vertex 47.5413 67.5292 2.4
    endloop
  endfacet
  facet normal -0.923829 0.382805 0
    outer loop
      vertex 47.5413 67.5292 8.4
      vertex 47.4692 67.3552 2.4
      vertex 47.4692 67.3552 8.4
    endloop
  endfacet
  facet normal 0.97244 0.233152 0
    outer loop
      vertex 45.2587 67.5292 8.4
      vertex 45.2148 67.7123 2.4
      vertex 45.2148 67.7123 8.4
    endloop
  endfacet
  facet normal 0.97244 0.233152 0
    outer loop
      vertex 45.2148 67.7123 2.4
      vertex 45.2587 67.5292 8.4
      vertex 45.2587 67.5292 2.4
    endloop
  endfacet
  facet normal -0.649435 0.760417 0
    outer loop
      vertex 47.2485 67.0515 2.4
      vertex 47.1053 66.9292 8.4
      vertex 47.2485 67.0515 8.4
    endloop
  endfacet
  facet normal -0.649435 0.760417 0
    outer loop
      vertex 47.1053 66.9292 8.4
      vertex 47.2485 67.0515 2.4
      vertex 47.1053 66.9292 2.4
    endloop
  endfacet
  facet normal 0.923829 -0.382805 0
    outer loop
      vertex 45.2587 68.2708 8.4
      vertex 45.3308 68.4448 2.4
      vertex 45.3308 68.4448 8.4
    endloop
  endfacet
  facet normal 0.923829 -0.382805 0
    outer loop
      vertex 45.3308 68.4448 2.4
      vertex 45.2587 68.2708 8.4
      vertex 45.2587 68.2708 2.4
    endloop
  endfacet
  facet normal -0.522674 -0.852533 0
    outer loop
      vertex 46.9448 68.9692 2.4
      vertex 47.1053 68.8708 8.4
      vertex 46.9448 68.9692 8.4
    endloop
  endfacet
  facet normal -0.522674 -0.852533 -0
    outer loop
      vertex 47.1053 68.8708 8.4
      vertex 46.9448 68.9692 2.4
      vertex 47.1053 68.8708 2.4
    endloop
  endfacet
  facet normal 0.233152 0.97244 -0
    outer loop
      vertex 46.2123 66.7148 2.4
      vertex 46.0292 66.7587 8.4
      vertex 46.2123 66.7148 8.4
    endloop
  endfacet
  facet normal 0.233152 0.97244 0
    outer loop
      vertex 46.0292 66.7587 8.4
      vertex 46.2123 66.7148 2.4
      vertex 46.0292 66.7587 2.4
    endloop
  endfacet
  facet normal 0.760417 0.649435 0
    outer loop
      vertex 45.5515 67.0515 8.4
      vertex 45.4292 67.1947 2.4
      vertex 45.4292 67.1947 8.4
    endloop
  endfacet
  facet normal 0.760417 0.649435 0
    outer loop
      vertex 45.4292 67.1947 2.4
      vertex 45.5515 67.0515 8.4
      vertex 45.5515 67.0515 2.4
    endloop
  endfacet
  facet normal -0.852533 -0.522674 0
    outer loop
      vertex 47.4692 68.4448 2.4
      vertex 47.3708 68.6053 8.4
      vertex 47.3708 68.6053 2.4
    endloop
  endfacet
  facet normal -0.852533 -0.522674 0
    outer loop
      vertex 47.3708 68.6053 8.4
      vertex 47.4692 68.4448 2.4
      vertex 47.4692 68.4448 8.4
    endloop
  endfacet
  facet normal 0.996906 -0.0786053 0
    outer loop
      vertex 45.2 67.9 8.4
      vertex 45.2148 68.0877 2.4
      vertex 45.2148 68.0877 8.4
    endloop
  endfacet
  facet normal 0.996906 -0.0786053 0
    outer loop
      vertex 45.2148 68.0877 2.4
      vertex 45.2 67.9 8.4
      vertex 45.2 67.9 2.4
    endloop
  endfacet
  facet normal 0.382805 0.923829 -0
    outer loop
      vertex 46.0292 66.7587 2.4
      vertex 45.8552 66.8308 8.4
      vertex 46.0292 66.7587 8.4
    endloop
  endfacet
  facet normal 0.382805 0.923829 0
    outer loop
      vertex 45.8552 66.8308 8.4
      vertex 46.0292 66.7587 2.4
      vertex 45.8552 66.8308 2.4
    endloop
  endfacet
  facet normal -0.852533 0.522674 0
    outer loop
      vertex 47.3708 67.1947 2.4
      vertex 47.4692 67.3552 8.4
      vertex 47.4692 67.3552 2.4
    endloop
  endfacet
  facet normal -0.852533 0.522674 0
    outer loop
      vertex 47.4692 67.3552 8.4
      vertex 47.3708 67.1947 2.4
      vertex 47.3708 67.1947 8.4
    endloop
  endfacet
  facet normal -0.0786053 -0.996906 0
    outer loop
      vertex 46.4 69.1 2.4
      vertex 46.5877 69.0852 8.4
      vertex 46.4 69.1 8.4
    endloop
  endfacet
  facet normal -0.0786053 -0.996906 -0
    outer loop
      vertex 46.5877 69.0852 8.4
      vertex 46.4 69.1 2.4
      vertex 46.5877 69.0852 2.4
    endloop
  endfacet
  facet normal 0.760417 -0.649435 0
    outer loop
      vertex 45.4292 68.6053 8.4
      vertex 45.5515 68.7485 2.4
      vertex 45.5515 68.7485 8.4
    endloop
  endfacet
  facet normal 0.760417 -0.649435 0
    outer loop
      vertex 45.5515 68.7485 2.4
      vertex 45.4292 68.6053 8.4
      vertex 45.4292 68.6053 2.4
    endloop
  endfacet
  facet normal -0.760417 0.649435 0
    outer loop
      vertex 47.2485 67.0515 2.4
      vertex 47.3708 67.1947 8.4
      vertex 47.3708 67.1947 2.4
    endloop
  endfacet
  facet normal -0.760417 0.649435 0
    outer loop
      vertex 47.3708 67.1947 8.4
      vertex 47.2485 67.0515 2.4
      vertex 47.2485 67.0515 8.4
    endloop
  endfacet
  facet normal 0.382805 -0.923829 0
    outer loop
      vertex 45.8552 68.9692 2.4
      vertex 46.0292 69.0413 8.4
      vertex 45.8552 68.9692 8.4
    endloop
  endfacet
  facet normal 0.382805 -0.923829 0
    outer loop
      vertex 46.0292 69.0413 8.4
      vertex 45.8552 68.9692 2.4
      vertex 46.0292 69.0413 2.4
    endloop
  endfacet
  facet normal -0.233152 -0.97244 0
    outer loop
      vertex 46.5877 69.0852 2.4
      vertex 46.7708 69.0413 8.4
      vertex 46.5877 69.0852 8.4
    endloop
  endfacet
  facet normal -0.233152 -0.97244 -0
    outer loop
      vertex 46.7708 69.0413 8.4
      vertex 46.5877 69.0852 2.4
      vertex 46.7708 69.0413 2.4
    endloop
  endfacet
  facet normal 0.233152 -0.97244 0
    outer loop
      vertex 46.0292 69.0413 2.4
      vertex 46.2123 69.0852 8.4
      vertex 46.0292 69.0413 8.4
    endloop
  endfacet
  facet normal 0.233152 -0.97244 0
    outer loop
      vertex 46.2123 69.0852 8.4
      vertex 46.0292 69.0413 2.4
      vertex 46.2123 69.0852 2.4
    endloop
  endfacet
  facet normal 0.923829 0.382805 0
    outer loop
      vertex 45.3308 67.3552 8.4
      vertex 45.2587 67.5292 2.4
      vertex 45.2587 67.5292 8.4
    endloop
  endfacet
  facet normal 0.923829 0.382805 0
    outer loop
      vertex 45.2587 67.5292 2.4
      vertex 45.3308 67.3552 8.4
      vertex 45.3308 67.3552 2.4
    endloop
  endfacet
  facet normal -0.996906 0.0786053 0
    outer loop
      vertex 47.5852 67.7123 2.4
      vertex 47.6 67.9 8.4
      vertex 47.6 67.9 2.4
    endloop
  endfacet
  facet normal -0.996906 0.0786053 0
    outer loop
      vertex 47.6 67.9 8.4
      vertex 47.5852 67.7123 2.4
      vertex 47.5852 67.7123 8.4
    endloop
  endfacet
  facet normal 0.852533 0.522674 0
    outer loop
      vertex 45.4292 67.1947 8.4
      vertex 45.3308 67.3552 2.4
      vertex 45.3308 67.3552 8.4
    endloop
  endfacet
  facet normal 0.852533 0.522674 0
    outer loop
      vertex 45.3308 67.3552 2.4
      vertex 45.4292 67.1947 8.4
      vertex 45.4292 67.1947 2.4
    endloop
  endfacet
  facet normal 0.649435 0.760417 -0
    outer loop
      vertex 45.6947 66.9292 2.4
      vertex 45.5515 67.0515 8.4
      vertex 45.6947 66.9292 8.4
    endloop
  endfacet
  facet normal 0.649435 0.760417 0
    outer loop
      vertex 45.5515 67.0515 8.4
      vertex 45.6947 66.9292 2.4
      vertex 45.5515 67.0515 2.4
    endloop
  endfacet
  facet normal -0.382805 0.923829 0
    outer loop
      vertex 46.9448 66.8308 2.4
      vertex 46.7708 66.7587 8.4
      vertex 46.9448 66.8308 8.4
    endloop
  endfacet
  facet normal -0.382805 0.923829 0
    outer loop
      vertex 46.7708 66.7587 8.4
      vertex 46.9448 66.8308 2.4
      vertex 46.7708 66.7587 2.4
    endloop
  endfacet
  facet normal -0.97244 0.233152 0
    outer loop
      vertex 47.5413 67.5292 2.4
      vertex 47.5852 67.7123 8.4
      vertex 47.5852 67.7123 2.4
    endloop
  endfacet
  facet normal -0.97244 0.233152 0
    outer loop
      vertex 47.5852 67.7123 8.4
      vertex 47.5413 67.5292 2.4
      vertex 47.5413 67.5292 8.4
    endloop
  endfacet
  facet normal 0.0786053 0.996906 -0
    outer loop
      vertex 46.4 66.7 2.4
      vertex 46.2123 66.7148 8.4
      vertex 46.4 66.7 8.4
    endloop
  endfacet
  facet normal 0.0786053 0.996906 0
    outer loop
      vertex 46.2123 66.7148 8.4
      vertex 46.4 66.7 2.4
      vertex 46.2123 66.7148 2.4
    endloop
  endfacet
  facet normal 0.852533 -0.522674 0
    outer loop
      vertex 45.3308 68.4448 8.4
      vertex 45.4292 68.6053 2.4
      vertex 45.4292 68.6053 8.4
    endloop
  endfacet
  facet normal 0.852533 -0.522674 0
    outer loop
      vertex 45.4292 68.6053 2.4
      vertex 45.3308 68.4448 8.4
      vertex 45.3308 68.4448 2.4
    endloop
  endfacet
  facet normal 0.522674 0.852533 -0
    outer loop
      vertex 45.8552 66.8308 2.4
      vertex 45.6947 66.9292 8.4
      vertex 45.8552 66.8308 8.4
    endloop
  endfacet
  facet normal 0.522674 0.852533 0
    outer loop
      vertex 45.6947 66.9292 8.4
      vertex 45.8552 66.8308 2.4
      vertex 45.6947 66.9292 2.4
    endloop
  endfacet
  facet normal 1 -0 0
    outer loop
      vertex 11.2 9.43948 11.9
      vertex 11.2 9.9 8.4
      vertex 11.2 9.9 11.9
    endloop
  endfacet
  facet normal 1 0 0
    outer loop
      vertex 11.2 9.9 8.4
      vertex 11.2 9.43948 11.9
      vertex 11.2 9.43948 8.4
    endloop
  endfacet
  facet normal 0 0 1
    outer loop
      vertex 8.4 12.7 11.9
      vertex 8.11485 11.6477 11.9
      vertex 8.4 11.5792 11.9
    endloop
  endfacet
  facet normal 0 0 1
    outer loop
      vertex 8.4 12.7 11.9
      vertex 7.45 11.7 11.9
      vertex 8.11485 11.6477 11.9
    endloop
  endfacet
  facet normal -0 0 1
    outer loop
      vertex 7.2 12.7 11.9
      vertex 7.45 11.7 11.9
      vertex 8.4 12.7 11.9
    endloop
  endfacet
  facet normal 0 0 1
    outer loop
      vertex 7.45 11.7 11.9
      vertex 7.2 12.7 11.9
      vertex 7.2 11.6803 11.9
    endloop
  endfacet
  facet normal 0 0 1
    outer loop
      vertex 7.2 8.7 11.9
      vertex 8.39046 8.74443 11.9
      vertex 8.17638 8.87561 11.9
    endloop
  endfacet
  facet normal 0 0 1
    outer loop
      vertex 7.2 8.7 11.9
      vertex 8.17638 8.87561 11.9
      vertex 7.94443 8.97169 11.9
    endloop
  endfacet
  facet normal 0 0 1
    outer loop
      vertex 7.2 8.7 11.9
      vertex 7.94443 8.97169 11.9
      vertex 7.70029 9.0303 11.9
    endloop
  endfacet
  facet normal 0 0 1
    outer loop
      vertex 7.2 8.7 11.9
      vertex 7.70029 9.0303 11.9
      vertex 7.45 9.05 11.9
    endloop
  endfacet
  facet normal 0 0 1
    outer loop
      vertex 7.2 8.7 11.9
      vertex 7.45 9.05 11.9
      vertex 7.2 9.03032 11.9
    endloop
  endfacet
  facet normal 0 0 1
    outer loop
      vertex 8.39046 8.74443 11.9
      vertex 7.2 8.7 11.9
      vertex 8.44247 8.7 11.9
    endloop
  endfacet
  facet normal 0 0 1
    outer loop
      vertex 11.2 9.9 11.9
      vertex 10.9178 9.9 11.9
      vertex 11.2 9.43948 11.9
    endloop
  endfacet
  facet normal -1 0 0
    outer loop
      vertex 7.2 12.45 8.4
      vertex 7.2 12.7 2.4
      vertex 7.2 12.45 2.4
    endloop
  endfacet
  facet normal 0 0 0
    outer loop
      vertex 7.2 12.7 2.4
      vertex 7.2 9.03032 2.4
      vertex 7.2 12.45 2.4
    endloop
  endfacet
  facet normal 0 0 0
    outer loop
      vertex 7.2 8.7 2.4
      vertex 7.2 9.03032 2.4
      vertex 7.2 12.7 2.4
    endloop
  endfacet
  facet normal -1 0 0
    outer loop
      vertex 7.2 8.7 2.4
      vertex 7.2 9.03032 11.9
      vertex 7.2 9.03032 2.4
    endloop
  endfacet
  facet normal -1 -0 0
    outer loop
      vertex 7.2 9.03032 11.9
      vertex 7.2 8.7 2.4
      vertex 7.2 8.7 11.9
    endloop
  endfacet
  facet normal -1 0 0
    outer loop
      vertex 7.2 12.7 2.4
      vertex 7.2 12.45 8.4
      vertex 7.2 12.7 11.9
    endloop
  endfacet
  facet normal -1 0 0
    outer loop
      vertex 7.2 11.6803 11.9
      vertex 7.2 12.45 8.4
      vertex 7.2 11.6803 8.4
    endloop
  endfacet
  facet normal -1 0 0
    outer loop
      vertex 7.2 12.45 8.4
      vertex 7.2 11.6803 11.9
      vertex 7.2 12.7 11.9
    endloop
  endfacet
  facet normal 0 1 -0
    outer loop
      vertex 11.2 9.9 8.4
      vertex 10.9178 9.9 11.9
      vertex 11.2 9.9 11.9
    endloop
  endfacet
  facet normal 0 1 0
    outer loop
      vertex 10.9178 9.9 11.9
      vertex 11.2 9.9 8.4
      vertex 10.9178 9.9 8.4
    endloop
  endfacet
  facet normal 0 -1 0
    outer loop
      vertex 7.2 8.7 11.9
      vertex 8.44247 8.7 2.4
      vertex 8.44247 8.7 11.9
    endloop
  endfacet
  facet normal 0 -1 0
    outer loop
      vertex 7.2 8.7 2.4
      vertex 8.44247 8.7 2.4
      vertex 7.2 8.7 11.9
    endloop
  endfacet
  facet normal 0 0 0
    outer loop
      vertex 11.2 8.7 2.4
      vertex 8.44247 8.7 2.4
      vertex 7.2 8.7 2.4
    endloop
  endfacet
  facet normal 1 -0 0
    outer loop
      vertex 8.4 11.5792 11.9
      vertex 8.4 12.7 8.4
      vertex 8.4 12.7 11.9
    endloop
  endfacet
  facet normal 1 0 0
    outer loop
      vertex 8.4 12.7 8.4
      vertex 8.4 11.5792 11.9
      vertex 8.4 11.5792 8.4
    endloop
  endfacet
  facet normal 0 1 0
    outer loop
      vertex 7.26002 12.7 8.4
      vertex 8.4 12.7 11.9
      vertex 8.4 12.7 8.4
    endloop
  endfacet
  facet normal 0 1 0
    outer loop
      vertex 8.4 12.7 11.9
      vertex 7.26002 12.7 8.4
      vertex 7.2 12.7 11.9
    endloop
  endfacet
  facet normal 0 1 0
    outer loop
      vertex 7.2 12.7 2.4
      vertex 7.26002 12.7 8.4
      vertex 7.26002 12.7 2.4
    endloop
  endfacet
  facet normal 0 1 0
    outer loop
      vertex 7.26002 12.7 8.4
      vertex 7.2 12.7 2.4
      vertex 7.2 12.7 11.9
    endloop
  endfacet
  facet normal 0 0 0
    outer loop
      vertex 7.2 12.7 2.4
      vertex 7.26002 12.7 2.4
      vertex 8.4 12.7 2.4
    endloop
  endfacet
  facet normal 1 0 0
    outer loop
      vertex 49.6 12.7 11.9
      vertex 49.6 12.45 8.4
      vertex 49.6 12.7 2.4
    endloop
  endfacet
  facet normal 1 0 0
    outer loop
      vertex 49.6 12.7 11.9
      vertex 49.6 11.35 8.4
      vertex 49.6 12.45 8.4
    endloop
  endfacet
  facet normal 1 0 0
    outer loop
      vertex 49.6 8.7 2.4
      vertex 49.6 11.35 8.4
      vertex 49.6 8.7 11.9
    endloop
  endfacet
  facet normal 1 -0 0
    outer loop
      vertex 49.6 8.7 11.9
      vertex 49.6 11.35 8.4
      vertex 49.6 12.7 11.9
    endloop
  endfacet
  facet normal 1 0 0
    outer loop
      vertex 49.6 12.45 2.4
      vertex 49.6 12.7 2.4
      vertex 49.6 12.45 8.4
    endloop
  endfacet
  facet normal 0 0 0
    outer loop
      vertex 49.6 11.35 2.4
      vertex 49.6 12.7 2.4
      vertex 49.6 12.45 2.4
    endloop
  endfacet
  facet normal -0 0 0
    outer loop
      vertex 49.6 11.35 2.4
      vertex 49.6 8.7 2.4
      vertex 49.6 12.7 2.4
    endloop
  endfacet
  facet normal 1 0 0
    outer loop
      vertex 49.6 11.35 8.4
      vertex 49.6 8.7 2.4
      vertex 49.6 11.35 2.4
    endloop
  endfacet
  facet normal 0 0 1
    outer loop
      vertex 48.4 9.9 11.9
      vertex 49.6 12.7 11.9
      vertex 48.4 12.7 11.9
    endloop
  endfacet
  facet normal 0 0 1
    outer loop
      vertex 49.6 12.7 11.9
      vertex 48.4 9.9 11.9
      vertex 49.6 8.7 11.9
    endloop
  endfacet
  facet normal 0 0 1
    outer loop
      vertex 45.6 8.7 11.9
      vertex 48.4 9.9 11.9
      vertex 45.6 9.9 11.9
    endloop
  endfacet
  facet normal 0 0 1
    outer loop
      vertex 48.4 9.9 11.9
      vertex 45.6 8.7 11.9
      vertex 49.6 8.7 11.9
    endloop
  endfacet
  facet normal -1 0 0
    outer loop
      vertex 45.6 8.76002 2.4
      vertex 45.6 8.7 2.4
      vertex 45.6 8.76002 8.4
    endloop
  endfacet
  facet normal 0 0 0
    outer loop
      vertex 45.6 8.7 2.4
      vertex 45.6 8.76002 2.4
      vertex 45.6 9.9 2.4
    endloop
  endfacet
  facet normal -1 0 0
    outer loop
      vertex 45.6 8.76002 8.4
      vertex 45.6 9.9 11.9
      vertex 45.6 9.9 8.4
    endloop
  endfacet
  facet normal -1 0 0
    outer loop
      vertex 45.6 8.76002 8.4
      vertex 45.6 8.7 11.9
      vertex 45.6 9.9 11.9
    endloop
  endfacet
  facet normal -1 0 0
    outer loop
      vertex 45.6 8.7 11.9
      vertex 45.6 8.76002 8.4
      vertex 45.6 8.7 2.4
    endloop
  endfacet
  facet normal 0 1 -0
    outer loop
      vertex 48.4 9.9 8.4
      vertex 45.6 9.9 11.9
      vertex 48.4 9.9 11.9
    endloop
  endfacet
  facet normal 0 1 0
    outer loop
      vertex 45.6 9.9 11.9
      vertex 48.4 9.9 8.4
      vertex 45.6 9.9 8.4
    endloop
  endfacet
  facet normal 0 -1 0
    outer loop
      vertex 46.95 8.7 8.4
      vertex 45.6 8.7 11.9
      vertex 45.85 8.7 8.4
    endloop
  endfacet
  facet normal 0 -1 0
    outer loop
      vertex 45.6 8.7 2.4
      vertex 45.85 8.7 8.4
      vertex 45.6 8.7 11.9
    endloop
  endfacet
  facet normal 0 0 -0
    outer loop
      vertex 45.85 8.7 2.4
      vertex 45.6 8.7 2.4
      vertex 46.95 8.7 2.4
    endloop
  endfacet
  facet normal 0 -1 -0
    outer loop
      vertex 45.85 8.7 8.4
      vertex 45.6 8.7 2.4
      vertex 45.85 8.7 2.4
    endloop
  endfacet
  facet normal 0 -1 0
    outer loop
      vertex 45.6 8.7 11.9
      vertex 46.95 8.7 8.4
      vertex 49.6 8.7 11.9
    endloop
  endfacet
  facet normal 0 -1 0
    outer loop
      vertex 49.6 8.7 2.4
      vertex 46.95 8.7 8.4
      vertex 46.95 8.7 2.4
    endloop
  endfacet
  facet normal 0 -1 0
    outer loop
      vertex 46.95 8.7 8.4
      vertex 49.6 8.7 2.4
      vertex 49.6 8.7 11.9
    endloop
  endfacet
  facet normal 0 0 0
    outer loop
      vertex 49.6 8.7 2.4
      vertex 46.95 8.7 2.4
      vertex 45.6 8.7 2.4
    endloop
  endfacet
  facet normal -1 0 0
    outer loop
      vertex 48.4 9.9 8.4
      vertex 48.4 12.7 11.9
      vertex 48.4 12.7 8.4
    endloop
  endfacet
  facet normal -1 -0 0
    outer loop
      vertex 48.4 12.7 11.9
      vertex 48.4 9.9 8.4
      vertex 48.4 9.9 11.9
    endloop
  endfacet
  facet normal 0 1 0
    outer loop
      vertex 49.6 12.7 11.9
      vertex 49.54 12.7 8.4
      vertex 48.4 12.7 11.9
    endloop
  endfacet
  facet normal 0 1 -0
    outer loop
      vertex 49.6 12.7 2.4
      vertex 49.54 12.7 8.4
      vertex 49.6 12.7 11.9
    endloop
  endfacet
  facet normal 0 1 0
    outer loop
      vertex 49.54 12.7 8.4
      vertex 49.6 12.7 2.4
      vertex 49.54 12.7 2.4
    endloop
  endfacet
  facet normal 0 0 0
    outer loop
      vertex 48.4 12.7 2.4
      vertex 49.54 12.7 2.4
      vertex 49.6 12.7 2.4
    endloop
  endfacet
  facet normal 0 1 0
    outer loop
      vertex 48.4 12.7 11.9
      vertex 49.54 12.7 8.4
      vertex 48.4 12.7 8.4
    endloop
  endfacet
  facet normal 1 -0 0
    outer loop
      vertex 11.2 69.9 11.9
      vertex 11.2 70.5605 8.4
      vertex 11.2 70.5605 11.9
    endloop
  endfacet
  facet normal 1 0 0
    outer loop
      vertex 11.2 70.5605 8.4
      vertex 11.2 69.9 11.9
      vertex 11.2 69.9 8.4
    endloop
  endfacet
  facet normal -0 0 1
    outer loop
      vertex 7.2 71.1 11.9
      vertex 7.94443 71.0283 11.9
      vertex 8.1175 71.1 11.9
    endloop
  endfacet
  facet normal 0 0 1
    outer loop
      vertex 7.94443 71.0283 11.9
      vertex 7.2 71.1 11.9
      vertex 7.70029 70.9697 11.9
    endloop
  endfacet
  facet normal 0 0 1
    outer loop
      vertex 7.70029 70.9697 11.9
      vertex 7.2 71.1 11.9
      vertex 7.45 70.95 11.9
    endloop
  endfacet
  facet normal 0 0 1
    outer loop
      vertex 7.45 70.95 11.9
      vertex 7.2 71.1 11.9
      vertex 7.2 70.9697 11.9
    endloop
  endfacet
  facet normal -0 0 1
    outer loop
      vertex 10.8883 70.0519 11.9
      vertex 11.2 69.9 11.9
      vertex 11.2 70.5605 11.9
    endloop
  endfacet
  facet normal 0 0 1
    outer loop
      vertex 11.2 69.9 11.9
      vertex 10.8883 70.0519 11.9
      vertex 10.7586 69.9 11.9
    endloop
  endfacet
  facet normal -0 0 1
    outer loop
      vertex 8.11485 68.3523 11.9
      vertex 8.4 67.1 11.9
      vertex 8.4 68.4208 11.9
    endloop
  endfacet
  facet normal -0 0 1
    outer loop
      vertex 7.45 68.3 11.9
      vertex 8.4 67.1 11.9
      vertex 8.11485 68.3523 11.9
    endloop
  endfacet
  facet normal 0 0 1
    outer loop
      vertex 7.2 67.1 11.9
      vertex 7.45 68.3 11.9
      vertex 7.2 68.3197 11.9
    endloop
  endfacet
  facet normal 0 0 1
    outer loop
      vertex 7.45 68.3 11.9
      vertex 7.2 67.1 11.9
      vertex 8.4 67.1 11.9
    endloop
  endfacet
  facet normal -1 0 0
    outer loop
      vertex 7.2 71.1 2.4
      vertex 7.2 70.9697 2.4
      vertex 7.2 71.1 11.9
    endloop
  endfacet
  facet normal 0 0 0
    outer loop
      vertex 7.2 71.1 2.4
      vertex 7.2 67.35 2.4
      vertex 7.2 70.9697 2.4
    endloop
  endfacet
  facet normal -1 0 0
    outer loop
      vertex 7.2 67.35 2.4
      vertex 7.2 67.1 2.4
      vertex 7.2 67.35 8.4
    endloop
  endfacet
  facet normal 0 0 0
    outer loop
      vertex 7.2 67.1 2.4
      vertex 7.2 67.35 2.4
      vertex 7.2 71.1 2.4
    endloop
  endfacet
  facet normal -1 -0 0
    outer loop
      vertex 7.2 71.1 11.9
      vertex 7.2 70.9697 2.4
      vertex 7.2 70.9697 11.9
    endloop
  endfacet
  facet normal -1 0 0
    outer loop
      vertex 7.2 67.35 8.4
      vertex 7.2 68.3197 11.9
      vertex 7.2 68.3197 8.4
    endloop
  endfacet
  facet normal -1 0 0
    outer loop
      vertex 7.2 67.35 8.4
      vertex 7.2 67.1 11.9
      vertex 7.2 68.3197 11.9
    endloop
  endfacet
  facet normal -1 0 0
    outer loop
      vertex 7.2 67.1 11.9
      vertex 7.2 67.35 8.4
      vertex 7.2 67.1 2.4
    endloop
  endfacet
  facet normal 0 1 -0
    outer loop
      vertex 8.1175 71.1 2.4
      vertex 7.2 71.1 11.9
      vertex 8.1175 71.1 11.9
    endloop
  endfacet
  facet normal 0 1 0
    outer loop
      vertex 8.1175 71.1 2.4
      vertex 7.2 71.1 2.4
      vertex 7.2 71.1 11.9
    endloop
  endfacet
  facet normal 0 0 0
    outer loop
      vertex 7.2 71.1 2.4
      vertex 8.1175 71.1 2.4
      vertex 11.2 71.1 2.4
    endloop
  endfacet
  facet normal 0 -1 0
    outer loop
      vertex 10.7586 69.9 8.4
      vertex 11.2 69.9 11.9
      vertex 10.7586 69.9 11.9
    endloop
  endfacet
  facet normal 0 -1 -0
    outer loop
      vertex 11.2 69.9 11.9
      vertex 10.7586 69.9 8.4
      vertex 11.2 69.9 8.4
    endloop
  endfacet
  facet normal 1 -0 0
    outer loop
      vertex 8.4 67.1 11.9
      vertex 8.4 68.4208 8.4
      vertex 8.4 68.4208 11.9
    endloop
  endfacet
  facet normal 1 0 0
    outer loop
      vertex 8.4 68.4208 8.4
      vertex 8.4 67.1 11.9
      vertex 8.4 67.1 8.4
    endloop
  endfacet
  facet normal 0 -1 0
    outer loop
      vertex 7.2 67.1 11.9
      vertex 7.26002 67.1 8.4
      vertex 8.4 67.1 11.9
    endloop
  endfacet
  facet normal 0 -1 0
    outer loop
      vertex 7.2 67.1 2.4
      vertex 7.26002 67.1 8.4
      vertex 7.2 67.1 11.9
    endloop
  endfacet
  facet normal 0 -1 -0
    outer loop
      vertex 7.26002 67.1 8.4
      vertex 7.2 67.1 2.4
      vertex 7.26002 67.1 2.4
    endloop
  endfacet
  facet normal 0 0 0
    outer loop
      vertex 8.4 67.1 2.4
      vertex 7.26002 67.1 2.4
      vertex 7.2 67.1 2.4
    endloop
  endfacet
  facet normal 0 -1 -0
    outer loop
      vertex 8.4 67.1 11.9
      vertex 7.26002 67.1 8.4
      vertex 8.4 67.1 8.4
    endloop
  endfacet
  facet normal 1 0 0
    outer loop
      vertex 49.6 71.1 11.9
      vertex 49.6 68.45 8.4
      vertex 49.6 71.1 2.4
    endloop
  endfacet
  facet normal 1 -0 0
    outer loop
      vertex 49.6 67.1 11.9
      vertex 49.6 68.45 8.4
      vertex 49.6 71.1 11.9
    endloop
  endfacet
  facet normal 1 0 0
    outer loop
      vertex 49.6 67.1 2.4
      vertex 49.6 67.35 8.4
      vertex 49.6 67.1 11.9
    endloop
  endfacet
  facet normal 1 0 0
    outer loop
      vertex 49.6 68.45 8.4
      vertex 49.6 67.1 11.9
      vertex 49.6 67.35 8.4
    endloop
  endfacet
  facet normal 1 0 0
    outer loop
      vertex 49.6 68.45 2.4
      vertex 49.6 71.1 2.4
      vertex 49.6 68.45 8.4
    endloop
  endfacet
  facet normal 0 0 0
    outer loop
      vertex 49.6 67.35 2.4
      vertex 49.6 71.1 2.4
      vertex 49.6 68.45 2.4
    endloop
  endfacet
  facet normal -0 0 0
    outer loop
      vertex 49.6 67.35 2.4
      vertex 49.6 67.1 2.4
      vertex 49.6 71.1 2.4
    endloop
  endfacet
  facet normal 1 0 0
    outer loop
      vertex 49.6 67.35 8.4
      vertex 49.6 67.1 2.4
      vertex 49.6 67.35 2.4
    endloop
  endfacet
  facet normal 0 0 1
    outer loop
      vertex 49.6 71.1 11.9
      vertex 48.4 69.9 11.9
      vertex 49.6 67.1 11.9
    endloop
  endfacet
  facet normal -0 0 1
    outer loop
      vertex 45.6 71.1 11.9
      vertex 48.4 69.9 11.9
      vertex 49.6 71.1 11.9
    endloop
  endfacet
  facet normal 0 0 1
    outer loop
      vertex 48.4 69.9 11.9
      vertex 45.6 71.1 11.9
      vertex 45.6 69.9 11.9
    endloop
  endfacet
  facet normal 0 0 1
    outer loop
      vertex 49.6 67.1 11.9
      vertex 48.4 69.9 11.9
      vertex 48.4 67.1 11.9
    endloop
  endfacet
  facet normal -1 0 0
    outer loop
      vertex 45.6 71.04 8.4
      vertex 45.6 71.1 2.4
      vertex 45.6 71.04 2.4
    endloop
  endfacet
  facet normal 0 0 0
    outer loop
      vertex 45.6 69.9 2.4
      vertex 45.6 71.04 2.4
      vertex 45.6 71.1 2.4
    endloop
  endfacet
  facet normal -1 0 0
    outer loop
      vertex 45.6 71.1 2.4
      vertex 45.6 71.04 8.4
      vertex 45.6 71.1 11.9
    endloop
  endfacet
  facet normal -1 0 0
    outer loop
      vertex 45.6 69.9 11.9
      vertex 45.6 71.04 8.4
      vertex 45.6 69.9 8.4
    endloop
  endfacet
  facet normal -1 0 0
    outer loop
      vertex 45.6 71.04 8.4
      vertex 45.6 69.9 11.9
      vertex 45.6 71.1 11.9
    endloop
  endfacet
  facet normal 0 1 0
    outer loop
      vertex 49.6 71.1 11.9
      vertex 46.95 71.1 8.4
      vertex 45.6 71.1 11.9
    endloop
  endfacet
  facet normal 0 1 -0
    outer loop
      vertex 49.6 71.1 2.4
      vertex 46.95 71.1 8.4
      vertex 49.6 71.1 11.9
    endloop
  endfacet
  facet normal 0 -0 0
    outer loop
      vertex 46.95 71.1 2.4
      vertex 49.6 71.1 2.4
      vertex 45.85 71.1 2.4
    endloop
  endfacet
  facet normal 0 1 0
    outer loop
      vertex 46.95 71.1 8.4
      vertex 49.6 71.1 2.4
      vertex 46.95 71.1 2.4
    endloop
  endfacet
  facet normal 0 1 -0
    outer loop
      vertex 45.85 71.1 8.4
      vertex 45.6 71.1 11.9
      vertex 46.95 71.1 8.4
    endloop
  endfacet
  facet normal 0 1 0
    outer loop
      vertex 45.6 71.1 2.4
      vertex 45.85 71.1 8.4
      vertex 45.85 71.1 2.4
    endloop
  endfacet
  facet normal 0 1 0
    outer loop
      vertex 45.85 71.1 8.4
      vertex 45.6 71.1 2.4
      vertex 45.6 71.1 11.9
    endloop
  endfacet
  facet normal 0 0 0
    outer loop
      vertex 45.6 71.1 2.4
      vertex 45.85 71.1 2.4
      vertex 49.6 71.1 2.4
    endloop
  endfacet
  facet normal 0 -1 0
    outer loop
      vertex 45.6 69.9 8.4
      vertex 48.4 69.9 11.9
      vertex 45.6 69.9 11.9
    endloop
  endfacet
  facet normal 0 -1 -0
    outer loop
      vertex 48.4 69.9 11.9
      vertex 45.6 69.9 8.4
      vertex 48.4 69.9 8.4
    endloop
  endfacet
  facet normal -1 0 0
    outer loop
      vertex 48.4 67.1 8.4
      vertex 48.4 69.9 11.9
      vertex 48.4 69.9 8.4
    endloop
  endfacet
  facet normal -1 -0 0
    outer loop
      vertex 48.4 69.9 11.9
      vertex 48.4 67.1 8.4
      vertex 48.4 67.1 11.9
    endloop
  endfacet
  facet normal 0 -1 0
    outer loop
      vertex 49.54 67.1 8.4
      vertex 48.4 67.1 11.9
      vertex 48.4 67.1 8.4
    endloop
  endfacet
  facet normal 0 -1 0
    outer loop
      vertex 48.4 67.1 11.9
      vertex 49.54 67.1 8.4
      vertex 49.6 67.1 11.9
    endloop
  endfacet
  facet normal 0 -1 0
    outer loop
      vertex 49.6 67.1 2.4
      vertex 49.54 67.1 8.4
      vertex 49.54 67.1 2.4
    endloop
  endfacet
  facet normal 0 -1 0
    outer loop
      vertex 49.54 67.1 8.4
      vertex 49.6 67.1 2.4
      vertex 49.6 67.1 11.9
    endloop
  endfacet
  facet normal 0 0 0
    outer loop
      vertex 49.6 67.1 2.4
      vertex 49.54 67.1 2.4
      vertex 48.4 67.1 2.4
    endloop
  endfacet
  facet normal -1 0 0
    outer loop
      vertex 26.25 0 12.4
      vertex 26.25 2.4 32.4
      vertex 26.25 2.4 12.4
    endloop
  endfacet
  facet normal -1 -0 0
    outer loop
      vertex 26.25 2.4 32.4
      vertex 26.25 0 12.4
      vertex 26.25 0 32.4
    endloop
  endfacet
  facet normal 0 0 -1
    outer loop
      vertex 23.75 0 32.4
      vertex 26.25 2.4 32.4
      vertex 26.25 0 32.4
    endloop
  endfacet
  facet normal -0 0 -1
    outer loop
      vertex 26.25 2.4 32.4
      vertex 23.75 0 32.4
      vertex 23.75 2.4 32.4
    endloop
  endfacet
  facet normal -0 0 1
    outer loop
      vertex 23.75 2.4 12.4
      vertex 26.25 0 12.4
      vertex 26.25 2.4 12.4
    endloop
  endfacet
  facet normal 0 0 1
    outer loop
      vertex 26.25 0 12.4
      vertex 23.75 2.4 12.4
      vertex 23.75 0 12.4
    endloop
  endfacet
  facet normal 1 -0 0
    outer loop
      vertex 23.75 0 32.4
      vertex 23.75 2.4 12.4
      vertex 23.75 2.4 32.4
    endloop
  endfacet
  facet normal 1 0 0
    outer loop
      vertex 23.75 2.4 12.4
      vertex 23.75 0 32.4
      vertex 23.75 0 12.4
    endloop
  endfacet
  facet normal -1 0 0
    outer loop
      vertex 32.25 0 12.4
      vertex 32.25 2.4 32.4
      vertex 32.25 2.4 12.4
    endloop
  endfacet
  facet normal -1 -0 0
    outer loop
      vertex 32.25 2.4 32.4
      vertex 32.25 0 12.4
      vertex 32.25 0 32.4
    endloop
  endfacet
  facet normal 0 0 -1
    outer loop
      vertex 29.75 0 32.4
      vertex 32.25 2.4 32.4
      vertex 32.25 0 32.4
    endloop
  endfacet
  facet normal -0 0 -1
    outer loop
      vertex 32.25 2.4 32.4
      vertex 29.75 0 32.4
      vertex 29.75 2.4 32.4
    endloop
  endfacet
  facet normal -0 0 1
    outer loop
      vertex 29.75 2.4 12.4
      vertex 32.25 0 12.4
      vertex 32.25 2.4 12.4
    endloop
  endfacet
  facet normal 0 0 1
    outer loop
      vertex 32.25 0 12.4
      vertex 29.75 2.4 12.4
      vertex 29.75 0 12.4
    endloop
  endfacet
  facet normal 1 -0 0
    outer loop
      vertex 29.75 0 32.4
      vertex 29.75 2.4 12.4
      vertex 29.75 2.4 32.4
    endloop
  endfacet
  facet normal 1 0 0
    outer loop
      vertex 29.75 2.4 12.4
      vertex 29.75 0 32.4
      vertex 29.75 0 12.4
    endloop
  endfacet
  facet normal -1 0 0
    outer loop
      vertex 38.25 0 12.4
      vertex 38.25 2.4 32.4
      vertex 38.25 2.4 12.4
    endloop
  endfacet
  facet normal -1 -0 0
    outer loop
      vertex 38.25 2.4 32.4
      vertex 38.25 0 12.4
      vertex 38.25 0 32.4
    endloop
  endfacet
  facet normal 0 0 -1
    outer loop
      vertex 35.75 0 32.4
      vertex 38.25 2.4 32.4
      vertex 38.25 0 32.4
    endloop
  endfacet
  facet normal -0 0 -1
    outer loop
      vertex 38.25 2.4 32.4
      vertex 35.75 0 32.4
      vertex 35.75 2.4 32.4
    endloop
  endfacet
  facet normal -0 0 1
    outer loop
      vertex 35.75 2.4 12.4
      vertex 38.25 0 12.4
      vertex 38.25 2.4 12.4
    endloop
  endfacet
  facet normal 0 0 1
    outer loop
      vertex 38.25 0 12.4
      vertex 35.75 2.4 12.4
      vertex 35.75 0 12.4
    endloop
  endfacet
  facet normal 1 -0 0
    outer loop
      vertex 35.75 0 32.4
      vertex 35.75 2.4 12.4
      vertex 35.75 2.4 32.4
    endloop
  endfacet
  facet normal 1 0 0
    outer loop
      vertex 35.75 2.4 12.4
      vertex 35.75 0 32.4
      vertex 35.75 0 12.4
    endloop
  endfacet
  facet normal -1 0 0
    outer loop
      vertex 44.25 0 12.4
      vertex 44.25 2.4 32.4
      vertex 44.25 2.4 12.4
    endloop
  endfacet
  facet normal -1 -0 0
    outer loop
      vertex 44.25 2.4 32.4
      vertex 44.25 0 12.4
      vertex 44.25 0 32.4
    endloop
  endfacet
  facet normal 0 0 -1
    outer loop
      vertex 41.75 0 32.4
      vertex 44.25 2.4 32.4
      vertex 44.25 0 32.4
    endloop
  endfacet
  facet normal -0 0 -1
    outer loop
      vertex 44.25 2.4 32.4
      vertex 41.75 0 32.4
      vertex 41.75 2.4 32.4
    endloop
  endfacet
  facet normal -0 0 1
    outer loop
      vertex 41.75 2.4 12.4
      vertex 44.25 0 12.4
      vertex 44.25 2.4 12.4
    endloop
  endfacet
  facet normal 0 0 1
    outer loop
      vertex 44.25 0 12.4
      vertex 41.75 2.4 12.4
      vertex 41.75 0 12.4
    endloop
  endfacet
  facet normal 1 -0 0
    outer loop
      vertex 41.75 0 32.4
      vertex 41.75 2.4 12.4
      vertex 41.75 2.4 32.4
    endloop
  endfacet
  facet normal 1 0 0
    outer loop
      vertex 41.75 2.4 12.4
      vertex 41.75 0 32.4
      vertex 41.75 0 12.4
    endloop
  endfacet
  facet normal -1 0 0
    outer loop
      vertex 50.25 0 12.4
      vertex 50.25 2.4 32.4
      vertex 50.25 2.4 12.4
    endloop
  endfacet
  facet normal -1 -0 0
    outer loop
      vertex 50.25 2.4 32.4
      vertex 50.25 0 12.4
      vertex 50.25 0 32.4
    endloop
  endfacet
  facet normal 0 0 -1
    outer loop
      vertex 47.75 0 32.4
      vertex 50.25 2.4 32.4
      vertex 50.25 0 32.4
    endloop
  endfacet
  facet normal -0 0 -1
    outer loop
      vertex 50.25 2.4 32.4
      vertex 47.75 0 32.4
      vertex 47.75 2.4 32.4
    endloop
  endfacet
  facet normal -0 0 1
    outer loop
      vertex 47.75 2.4 12.4
      vertex 50.25 0 12.4
      vertex 50.25 2.4 12.4
    endloop
  endfacet
  facet normal 0 0 1
    outer loop
      vertex 50.25 0 12.4
      vertex 47.75 2.4 12.4
      vertex 47.75 0 12.4
    endloop
  endfacet
  facet normal 1 -0 0
    outer loop
      vertex 47.75 0 32.4
      vertex 47.75 2.4 12.4
      vertex 47.75 2.4 32.4
    endloop
  endfacet
  facet normal 1 0 0
    outer loop
      vertex 47.75 2.4 12.4
      vertex 47.75 0 32.4
      vertex 47.75 0 12.4
    endloop
  endfacet
  facet normal -1 0 0
    outer loop
      vertex 56.25 0 12.4
      vertex 56.25 2.4 32.4
      vertex 56.25 2.4 12.4
    endloop
  endfacet
  facet normal -1 -0 0
    outer loop
      vertex 56.25 2.4 32.4
      vertex 56.25 0 12.4
      vertex 56.25 0 32.4
    endloop
  endfacet
  facet normal 0 0 -1
    outer loop
      vertex 53.75 0 32.4
      vertex 56.25 2.4 32.4
      vertex 56.25 0 32.4
    endloop
  endfacet
  facet normal -0 0 -1
    outer loop
      vertex 56.25 2.4 32.4
      vertex 53.75 0 32.4
      vertex 53.75 2.4 32.4
    endloop
  endfacet
  facet normal -0 0 1
    outer loop
      vertex 53.75 2.4 12.4
      vertex 56.25 0 12.4
      vertex 56.25 2.4 12.4
    endloop
  endfacet
  facet normal 0 0 1
    outer loop
      vertex 56.25 0 12.4
      vertex 53.75 2.4 12.4
      vertex 53.75 0 12.4
    endloop
  endfacet
  facet normal 1 -0 0
    outer loop
      vertex 53.75 0 32.4
      vertex 53.75 2.4 12.4
      vertex 53.75 2.4 32.4
    endloop
  endfacet
  facet normal 1 0 0
    outer loop
      vertex 53.75 2.4 12.4
      vertex 53.75 0 32.4
      vertex 53.75 0 12.4
    endloop
  endfacet
  facet normal -1 0 0
    outer loop
      vertex 62.25 0 12.4
      vertex 62.25 2.4 32.4
      vertex 62.25 2.4 12.4
    endloop
  endfacet
  facet normal -1 -0 0
    outer loop
      vertex 62.25 2.4 32.4
      vertex 62.25 0 12.4
      vertex 62.25 0 32.4
    endloop
  endfacet
  facet normal 0 0 -1
    outer loop
      vertex 59.75 0 32.4
      vertex 62.25 2.4 32.4
      vertex 62.25 0 32.4
    endloop
  endfacet
  facet normal -0 0 -1
    outer loop
      vertex 62.25 2.4 32.4
      vertex 59.75 0 32.4
      vertex 59.75 2.4 32.4
    endloop
  endfacet
  facet normal -0 0 1
    outer loop
      vertex 59.75 2.4 12.4
      vertex 62.25 0 12.4
      vertex 62.25 2.4 12.4
    endloop
  endfacet
  facet normal 0 0 1
    outer loop
      vertex 62.25 0 12.4
      vertex 59.75 2.4 12.4
      vertex 59.75 0 12.4
    endloop
  endfacet
  facet normal 1 -0 0
    outer loop
      vertex 59.75 0 32.4
      vertex 59.75 2.4 12.4
      vertex 59.75 2.4 32.4
    endloop
  endfacet
  facet normal 1 0 0
    outer loop
      vertex 59.75 2.4 12.4
      vertex 59.75 0 32.4
      vertex 59.75 0 12.4
    endloop
  endfacet
  facet normal -1 0 0
    outer loop
      vertex 68.25 0 12.4
      vertex 68.25 2.4 32.4
      vertex 68.25 2.4 12.4
    endloop
  endfacet
  facet normal -1 -0 0
    outer loop
      vertex 68.25 2.4 32.4
      vertex 68.25 0 12.4
      vertex 68.25 0 32.4
    endloop
  endfacet
  facet normal 0 0 -1
    outer loop
      vertex 65.75 0 32.4
      vertex 68.25 2.4 32.4
      vertex 68.25 0 32.4
    endloop
  endfacet
  facet normal -0 0 -1
    outer loop
      vertex 68.25 2.4 32.4
      vertex 65.75 0 32.4
      vertex 65.75 2.4 32.4
    endloop
  endfacet
  facet normal -0 0 1
    outer loop
      vertex 65.75 2.4 12.4
      vertex 68.25 0 12.4
      vertex 68.25 2.4 12.4
    endloop
  endfacet
  facet normal 0 0 1
    outer loop
      vertex 68.25 0 12.4
      vertex 65.75 2.4 12.4
      vertex 65.75 0 12.4
    endloop
  endfacet
  facet normal 1 -0 0
    outer loop
      vertex 65.75 0 32.4
      vertex 65.75 2.4 12.4
      vertex 65.75 2.4 32.4
    endloop
  endfacet
  facet normal 1 0 0
    outer loop
      vertex 65.75 2.4 12.4
      vertex 65.75 0 32.4
      vertex 65.75 0 12.4
    endloop
  endfacet
  facet normal -1 0 0
    outer loop
      vertex 74.25 0 12.4
      vertex 74.25 2.4 32.4
      vertex 74.25 2.4 12.4
    endloop
  endfacet
  facet normal -1 -0 0
    outer loop
      vertex 74.25 2.4 32.4
      vertex 74.25 0 12.4
      vertex 74.25 0 32.4
    endloop
  endfacet
  facet normal 0 0 -1
    outer loop
      vertex 71.75 0 32.4
      vertex 74.25 2.4 32.4
      vertex 74.25 0 32.4
    endloop
  endfacet
  facet normal -0 0 -1
    outer loop
      vertex 74.25 2.4 32.4
      vertex 71.75 0 32.4
      vertex 71.75 2.4 32.4
    endloop
  endfacet
  facet normal -0 0 1
    outer loop
      vertex 71.75 2.4 12.4
      vertex 74.25 0 12.4
      vertex 74.25 2.4 12.4
    endloop
  endfacet
  facet normal 0 0 1
    outer loop
      vertex 74.25 0 12.4
      vertex 71.75 2.4 12.4
      vertex 71.75 0 12.4
    endloop
  endfacet
  facet normal 1 -0 0
    outer loop
      vertex 71.75 0 32.4
      vertex 71.75 2.4 12.4
      vertex 71.75 2.4 32.4
    endloop
  endfacet
  facet normal 1 0 0
    outer loop
      vertex 71.75 2.4 12.4
      vertex 71.75 0 32.4
      vertex 71.75 0 12.4
    endloop
  endfacet
  facet normal -1 0 0
    outer loop
      vertex 80.25 0 12.4
      vertex 80.25 2.4 32.4
      vertex 80.25 2.4 12.4
    endloop
  endfacet
  facet normal -1 -0 0
    outer loop
      vertex 80.25 2.4 32.4
      vertex 80.25 0 12.4
      vertex 80.25 0 32.4
    endloop
  endfacet
  facet normal 0 0 -1
    outer loop
      vertex 77.75 0 32.4
      vertex 80.25 2.4 32.4
      vertex 80.25 0 32.4
    endloop
  endfacet
  facet normal -0 0 -1
    outer loop
      vertex 80.25 2.4 32.4
      vertex 77.75 0 32.4
      vertex 77.75 2.4 32.4
    endloop
  endfacet
  facet normal -0 0 1
    outer loop
      vertex 77.75 2.4 12.4
      vertex 80.25 0 12.4
      vertex 80.25 2.4 12.4
    endloop
  endfacet
  facet normal 0 0 1
    outer loop
      vertex 80.25 0 12.4
      vertex 77.75 2.4 12.4
      vertex 77.75 0 12.4
    endloop
  endfacet
  facet normal 1 -0 0
    outer loop
      vertex 77.75 0 32.4
      vertex 77.75 2.4 12.4
      vertex 77.75 2.4 32.4
    endloop
  endfacet
  facet normal 1 0 0
    outer loop
      vertex 77.75 2.4 12.4
      vertex 77.75 0 32.4
      vertex 77.75 0 12.4
    endloop
  endfacet
  facet normal -1 0 0
    outer loop
      vertex 86.25 0 12.4
      vertex 86.25 2.4 32.4
      vertex 86.25 2.4 12.4
    endloop
  endfacet
  facet normal -1 -0 0
    outer loop
      vertex 86.25 2.4 32.4
      vertex 86.25 0 12.4
      vertex 86.25 0 32.4
    endloop
  endfacet
  facet normal 0 0 -1
    outer loop
      vertex 83.75 0 32.4
      vertex 86.25 2.4 32.4
      vertex 86.25 0 32.4
    endloop
  endfacet
  facet normal -0 0 -1
    outer loop
      vertex 86.25 2.4 32.4
      vertex 83.75 0 32.4
      vertex 83.75 2.4 32.4
    endloop
  endfacet
  facet normal -0 0 1
    outer loop
      vertex 83.75 2.4 12.4
      vertex 86.25 0 12.4
      vertex 86.25 2.4 12.4
    endloop
  endfacet
  facet normal 0 0 1
    outer loop
      vertex 86.25 0 12.4
      vertex 83.75 2.4 12.4
      vertex 83.75 0 12.4
    endloop
  endfacet
  facet normal 1 -0 0
    outer loop
      vertex 83.75 0 32.4
      vertex 83.75 2.4 12.4
      vertex 83.75 2.4 32.4
    endloop
  endfacet
  facet normal 1 0 0
    outer loop
      vertex 83.75 2.4 12.4
      vertex 83.75 0 32.4
      vertex 83.75 0 12.4
    endloop
  endfacet
  facet normal -1 0 0
    outer loop
      vertex 26.25 0 47.4
      vertex 26.25 2.4 67.4
      vertex 26.25 2.4 47.4
    endloop
  endfacet
  facet normal -1 -0 0
    outer loop
      vertex 26.25 2.4 67.4
      vertex 26.25 0 47.4
      vertex 26.25 0 67.4
    endloop
  endfacet
  facet normal 0 0 -1
    outer loop
      vertex 23.75 0 67.4
      vertex 26.25 2.4 67.4
      vertex 26.25 0 67.4
    endloop
  endfacet
  facet normal -0 0 -1
    outer loop
      vertex 26.25 2.4 67.4
      vertex 23.75 0 67.4
      vertex 23.75 2.4 67.4
    endloop
  endfacet
  facet normal -0 0 1
    outer loop
      vertex 23.75 2.4 47.4
      vertex 26.25 0 47.4
      vertex 26.25 2.4 47.4
    endloop
  endfacet
  facet normal 0 0 1
    outer loop
      vertex 26.25 0 47.4
      vertex 23.75 2.4 47.4
      vertex 23.75 0 47.4
    endloop
  endfacet
  facet normal 1 -0 0
    outer loop
      vertex 23.75 0 67.4
      vertex 23.75 2.4 47.4
      vertex 23.75 2.4 67.4
    endloop
  endfacet
  facet normal 1 0 0
    outer loop
      vertex 23.75 2.4 47.4
      vertex 23.75 0 67.4
      vertex 23.75 0 47.4
    endloop
  endfacet
  facet normal -1 0 0
    outer loop
      vertex 32.25 0 47.4
      vertex 32.25 2.4 67.4
      vertex 32.25 2.4 47.4
    endloop
  endfacet
  facet normal -1 -0 0
    outer loop
      vertex 32.25 2.4 67.4
      vertex 32.25 0 47.4
      vertex 32.25 0 67.4
    endloop
  endfacet
  facet normal 0 0 -1
    outer loop
      vertex 29.75 0 67.4
      vertex 32.25 2.4 67.4
      vertex 32.25 0 67.4
    endloop
  endfacet
  facet normal -0 0 -1
    outer loop
      vertex 32.25 2.4 67.4
      vertex 29.75 0 67.4
      vertex 29.75 2.4 67.4
    endloop
  endfacet
  facet normal -0 0 1
    outer loop
      vertex 29.75 2.4 47.4
      vertex 32.25 0 47.4
      vertex 32.25 2.4 47.4
    endloop
  endfacet
  facet normal 0 0 1
    outer loop
      vertex 32.25 0 47.4
      vertex 29.75 2.4 47.4
      vertex 29.75 0 47.4
    endloop
  endfacet
  facet normal 1 -0 0
    outer loop
      vertex 29.75 0 67.4
      vertex 29.75 2.4 47.4
      vertex 29.75 2.4 67.4
    endloop
  endfacet
  facet normal 1 0 0
    outer loop
      vertex 29.75 2.4 47.4
      vertex 29.75 0 67.4
      vertex 29.75 0 47.4
    endloop
  endfacet
  facet normal -1 0 0
    outer loop
      vertex 38.25 0 47.4
      vertex 38.25 2.4 67.4
      vertex 38.25 2.4 47.4
    endloop
  endfacet
  facet normal -1 -0 0
    outer loop
      vertex 38.25 2.4 67.4
      vertex 38.25 0 47.4
      vertex 38.25 0 67.4
    endloop
  endfacet
  facet normal 0 0 -1
    outer loop
      vertex 35.75 0 67.4
      vertex 38.25 2.4 67.4
      vertex 38.25 0 67.4
    endloop
  endfacet
  facet normal -0 0 -1
    outer loop
      vertex 38.25 2.4 67.4
      vertex 35.75 0 67.4
      vertex 35.75 2.4 67.4
    endloop
  endfacet
  facet normal -0 0 1
    outer loop
      vertex 35.75 2.4 47.4
      vertex 38.25 0 47.4
      vertex 38.25 2.4 47.4
    endloop
  endfacet
  facet normal 0 0 1
    outer loop
      vertex 38.25 0 47.4
      vertex 35.75 2.4 47.4
      vertex 35.75 0 47.4
    endloop
  endfacet
  facet normal 1 -0 0
    outer loop
      vertex 35.75 0 67.4
      vertex 35.75 2.4 47.4
      vertex 35.75 2.4 67.4
    endloop
  endfacet
  facet normal 1 0 0
    outer loop
      vertex 35.75 2.4 47.4
      vertex 35.75 0 67.4
      vertex 35.75 0 47.4
    endloop
  endfacet
  facet normal -1 0 0
    outer loop
      vertex 44.25 0 47.4
      vertex 44.25 2.4 67.4
      vertex 44.25 2.4 47.4
    endloop
  endfacet
  facet normal -1 -0 0
    outer loop
      vertex 44.25 2.4 67.4
      vertex 44.25 0 47.4
      vertex 44.25 0 67.4
    endloop
  endfacet
  facet normal 0 0 -1
    outer loop
      vertex 41.75 0 67.4
      vertex 44.25 2.4 67.4
      vertex 44.25 0 67.4
    endloop
  endfacet
  facet normal -0 0 -1
    outer loop
      vertex 44.25 2.4 67.4
      vertex 41.75 0 67.4
      vertex 41.75 2.4 67.4
    endloop
  endfacet
  facet normal -0 0 1
    outer loop
      vertex 41.75 2.4 47.4
      vertex 44.25 0 47.4
      vertex 44.25 2.4 47.4
    endloop
  endfacet
  facet normal 0 0 1
    outer loop
      vertex 44.25 0 47.4
      vertex 41.75 2.4 47.4
      vertex 41.75 0 47.4
    endloop
  endfacet
  facet normal 1 -0 0
    outer loop
      vertex 41.75 0 67.4
      vertex 41.75 2.4 47.4
      vertex 41.75 2.4 67.4
    endloop
  endfacet
  facet normal 1 0 0
    outer loop
      vertex 41.75 2.4 47.4
      vertex 41.75 0 67.4
      vertex 41.75 0 47.4
    endloop
  endfacet
  facet normal -1 0 0
    outer loop
      vertex 50.25 0 47.4
      vertex 50.25 2.4 67.4
      vertex 50.25 2.4 47.4
    endloop
  endfacet
  facet normal -1 -0 0
    outer loop
      vertex 50.25 2.4 67.4
      vertex 50.25 0 47.4
      vertex 50.25 0 67.4
    endloop
  endfacet
  facet normal 0 0 -1
    outer loop
      vertex 47.75 0 67.4
      vertex 50.25 2.4 67.4
      vertex 50.25 0 67.4
    endloop
  endfacet
  facet normal -0 0 -1
    outer loop
      vertex 50.25 2.4 67.4
      vertex 47.75 0 67.4
      vertex 47.75 2.4 67.4
    endloop
  endfacet
  facet normal -0 0 1
    outer loop
      vertex 47.75 2.4 47.4
      vertex 50.25 0 47.4
      vertex 50.25 2.4 47.4
    endloop
  endfacet
  facet normal 0 0 1
    outer loop
      vertex 50.25 0 47.4
      vertex 47.75 2.4 47.4
      vertex 47.75 0 47.4
    endloop
  endfacet
  facet normal 1 -0 0
    outer loop
      vertex 47.75 0 67.4
      vertex 47.75 2.4 47.4
      vertex 47.75 2.4 67.4
    endloop
  endfacet
  facet normal 1 0 0
    outer loop
      vertex 47.75 2.4 47.4
      vertex 47.75 0 67.4
      vertex 47.75 0 47.4
    endloop
  endfacet
  facet normal -1 0 0
    outer loop
      vertex 56.25 0 47.4
      vertex 56.25 2.4 67.4
      vertex 56.25 2.4 47.4
    endloop
  endfacet
  facet normal -1 -0 0
    outer loop
      vertex 56.25 2.4 67.4
      vertex 56.25 0 47.4
      vertex 56.25 0 67.4
    endloop
  endfacet
  facet normal 0 0 -1
    outer loop
      vertex 53.75 0 67.4
      vertex 56.25 2.4 67.4
      vertex 56.25 0 67.4
    endloop
  endfacet
  facet normal -0 0 -1
    outer loop
      vertex 56.25 2.4 67.4
      vertex 53.75 0 67.4
      vertex 53.75 2.4 67.4
    endloop
  endfacet
  facet normal -0 0 1
    outer loop
      vertex 53.75 2.4 47.4
      vertex 56.25 0 47.4
      vertex 56.25 2.4 47.4
    endloop
  endfacet
  facet normal 0 0 1
    outer loop
      vertex 56.25 0 47.4
      vertex 53.75 2.4 47.4
      vertex 53.75 0 47.4
    endloop
  endfacet
  facet normal 1 -0 0
    outer loop
      vertex 53.75 0 67.4
      vertex 53.75 2.4 47.4
      vertex 53.75 2.4 67.4
    endloop
  endfacet
  facet normal 1 0 0
    outer loop
      vertex 53.75 2.4 47.4
      vertex 53.75 0 67.4
      vertex 53.75 0 47.4
    endloop
  endfacet
  facet normal -1 0 0
    outer loop
      vertex 62.25 0 47.4
      vertex 62.25 2.4 67.4
      vertex 62.25 2.4 47.4
    endloop
  endfacet
  facet normal -1 -0 0
    outer loop
      vertex 62.25 2.4 67.4
      vertex 62.25 0 47.4
      vertex 62.25 0 67.4
    endloop
  endfacet
  facet normal 0 0 -1
    outer loop
      vertex 59.75 0 67.4
      vertex 62.25 2.4 67.4
      vertex 62.25 0 67.4
    endloop
  endfacet
  facet normal -0 0 -1
    outer loop
      vertex 62.25 2.4 67.4
      vertex 59.75 0 67.4
      vertex 59.75 2.4 67.4
    endloop
  endfacet
  facet normal -0 0 1
    outer loop
      vertex 59.75 2.4 47.4
      vertex 62.25 0 47.4
      vertex 62.25 2.4 47.4
    endloop
  endfacet
  facet normal 0 0 1
    outer loop
      vertex 62.25 0 47.4
      vertex 59.75 2.4 47.4
      vertex 59.75 0 47.4
    endloop
  endfacet
  facet normal 1 -0 0
    outer loop
      vertex 59.75 0 67.4
      vertex 59.75 2.4 47.4
      vertex 59.75 2.4 67.4
    endloop
  endfacet
  facet normal 1 0 0
    outer loop
      vertex 59.75 2.4 47.4
      vertex 59.75 0 67.4
      vertex 59.75 0 47.4
    endloop
  endfacet
  facet normal -1 0 0
    outer loop
      vertex 68.25 0 47.4
      vertex 68.25 2.4 67.4
      vertex 68.25 2.4 47.4
    endloop
  endfacet
  facet normal -1 -0 0
    outer loop
      vertex 68.25 2.4 67.4
      vertex 68.25 0 47.4
      vertex 68.25 0 67.4
    endloop
  endfacet
  facet normal 0 0 -1
    outer loop
      vertex 65.75 0 67.4
      vertex 68.25 2.4 67.4
      vertex 68.25 0 67.4
    endloop
  endfacet
  facet normal -0 0 -1
    outer loop
      vertex 68.25 2.4 67.4
      vertex 65.75 0 67.4
      vertex 65.75 2.4 67.4
    endloop
  endfacet
  facet normal -0 0 1
    outer loop
      vertex 65.75 2.4 47.4
      vertex 68.25 0 47.4
      vertex 68.25 2.4 47.4
    endloop
  endfacet
  facet normal 0 0 1
    outer loop
      vertex 68.25 0 47.4
      vertex 65.75 2.4 47.4
      vertex 65.75 0 47.4
    endloop
  endfacet
  facet normal 1 -0 0
    outer loop
      vertex 65.75 0 67.4
      vertex 65.75 2.4 47.4
      vertex 65.75 2.4 67.4
    endloop
  endfacet
  facet normal 1 0 0
    outer loop
      vertex 65.75 2.4 47.4
      vertex 65.75 0 67.4
      vertex 65.75 0 47.4
    endloop
  endfacet
  facet normal -1 0 0
    outer loop
      vertex 74.25 0 47.4
      vertex 74.25 2.4 67.4
      vertex 74.25 2.4 47.4
    endloop
  endfacet
  facet normal -1 -0 0
    outer loop
      vertex 74.25 2.4 67.4
      vertex 74.25 0 47.4
      vertex 74.25 0 67.4
    endloop
  endfacet
  facet normal 0 0 -1
    outer loop
      vertex 71.75 0 67.4
      vertex 74.25 2.4 67.4
      vertex 74.25 0 67.4
    endloop
  endfacet
  facet normal -0 0 -1
    outer loop
      vertex 74.25 2.4 67.4
      vertex 71.75 0 67.4
      vertex 71.75 2.4 67.4
    endloop
  endfacet
  facet normal -0 0 1
    outer loop
      vertex 71.75 2.4 47.4
      vertex 74.25 0 47.4
      vertex 74.25 2.4 47.4
    endloop
  endfacet
  facet normal 0 0 1
    outer loop
      vertex 74.25 0 47.4
      vertex 71.75 2.4 47.4
      vertex 71.75 0 47.4
    endloop
  endfacet
  facet normal 1 -0 0
    outer loop
      vertex 71.75 0 67.4
      vertex 71.75 2.4 47.4
      vertex 71.75 2.4 67.4
    endloop
  endfacet
  facet normal 1 0 0
    outer loop
      vertex 71.75 2.4 47.4
      vertex 71.75 0 67.4
      vertex 71.75 0 47.4
    endloop
  endfacet
  facet normal -1 0 0
    outer loop
      vertex 80.25 0 47.4
      vertex 80.25 2.4 67.4
      vertex 80.25 2.4 47.4
    endloop
  endfacet
  facet normal -1 -0 0
    outer loop
      vertex 80.25 2.4 67.4
      vertex 80.25 0 47.4
      vertex 80.25 0 67.4
    endloop
  endfacet
  facet normal 0 0 -1
    outer loop
      vertex 77.75 0 67.4
      vertex 80.25 2.4 67.4
      vertex 80.25 0 67.4
    endloop
  endfacet
  facet normal -0 0 -1
    outer loop
      vertex 80.25 2.4 67.4
      vertex 77.75 0 67.4
      vertex 77.75 2.4 67.4
    endloop
  endfacet
  facet normal -0 0 1
    outer loop
      vertex 77.75 2.4 47.4
      vertex 80.25 0 47.4
      vertex 80.25 2.4 47.4
    endloop
  endfacet
  facet normal 0 0 1
    outer loop
      vertex 80.25 0 47.4
      vertex 77.75 2.4 47.4
      vertex 77.75 0 47.4
    endloop
  endfacet
  facet normal 1 -0 0
    outer loop
      vertex 77.75 0 67.4
      vertex 77.75 2.4 47.4
      vertex 77.75 2.4 67.4
    endloop
  endfacet
  facet normal 1 0 0
    outer loop
      vertex 77.75 2.4 47.4
      vertex 77.75 0 67.4
      vertex 77.75 0 47.4
    endloop
  endfacet
  facet normal -1 0 0
    outer loop
      vertex 86.25 0 47.4
      vertex 86.25 2.4 67.4
      vertex 86.25 2.4 47.4
    endloop
  endfacet
  facet normal -1 -0 0
    outer loop
      vertex 86.25 2.4 67.4
      vertex 86.25 0 47.4
      vertex 86.25 0 67.4
    endloop
  endfacet
  facet normal 0 0 -1
    outer loop
      vertex 83.75 0 67.4
      vertex 86.25 2.4 67.4
      vertex 86.25 0 67.4
    endloop
  endfacet
  facet normal -0 0 -1
    outer loop
      vertex 86.25 2.4 67.4
      vertex 83.75 0 67.4
      vertex 83.75 2.4 67.4
    endloop
  endfacet
  facet normal -0 0 1
    outer loop
      vertex 83.75 2.4 47.4
      vertex 86.25 0 47.4
      vertex 86.25 2.4 47.4
    endloop
  endfacet
  facet normal 0 0 1
    outer loop
      vertex 86.25 0 47.4
      vertex 83.75 2.4 47.4
      vertex 83.75 0 47.4
    endloop
  endfacet
  facet normal 1 -0 0
    outer loop
      vertex 83.75 0 67.4
      vertex 83.75 2.4 47.4
      vertex 83.75 2.4 67.4
    endloop
  endfacet
  facet normal 1 0 0
    outer loop
      vertex 83.75 2.4 47.4
      vertex 83.75 0 67.4
      vertex 83.75 0 47.4
    endloop
  endfacet
  facet normal -1 0 0
    outer loop
      vertex 26.25 77.6 37.4
      vertex 26.25 80 62.4
      vertex 26.25 80 37.4
    endloop
  endfacet
  facet normal -1 -0 0
    outer loop
      vertex 26.25 80 62.4
      vertex 26.25 77.6 37.4
      vertex 26.25 77.6 62.4
    endloop
  endfacet
  facet normal 0 0 -1
    outer loop
      vertex 23.75 77.6 62.4
      vertex 26.25 80 62.4
      vertex 26.25 77.6 62.4
    endloop
  endfacet
  facet normal -0 0 -1
    outer loop
      vertex 26.25 80 62.4
      vertex 23.75 77.6 62.4
      vertex 23.75 80 62.4
    endloop
  endfacet
  facet normal -0 0 1
    outer loop
      vertex 23.75 80 37.4
      vertex 26.25 77.6 37.4
      vertex 26.25 80 37.4
    endloop
  endfacet
  facet normal 0 0 1
    outer loop
      vertex 26.25 77.6 37.4
      vertex 23.75 80 37.4
      vertex 23.75 77.6 37.4
    endloop
  endfacet
  facet normal 1 -0 0
    outer loop
      vertex 23.75 77.6 62.4
      vertex 23.75 80 37.4
      vertex 23.75 80 62.4
    endloop
  endfacet
  facet normal 1 0 0
    outer loop
      vertex 23.75 80 37.4
      vertex 23.75 77.6 62.4
      vertex 23.75 77.6 37.4
    endloop
  endfacet
  facet normal -1 0 0
    outer loop
      vertex 32.25 77.6 37.4
      vertex 32.25 80 62.4
      vertex 32.25 80 37.4
    endloop
  endfacet
  facet normal -1 -0 0
    outer loop
      vertex 32.25 80 62.4
      vertex 32.25 77.6 37.4
      vertex 32.25 77.6 62.4
    endloop
  endfacet
  facet normal 0 0 -1
    outer loop
      vertex 29.75 77.6 62.4
      vertex 32.25 80 62.4
      vertex 32.25 77.6 62.4
    endloop
  endfacet
  facet normal -0 0 -1
    outer loop
      vertex 32.25 80 62.4
      vertex 29.75 77.6 62.4
      vertex 29.75 80 62.4
    endloop
  endfacet
  facet normal -0 0 1
    outer loop
      vertex 29.75 80 37.4
      vertex 32.25 77.6 37.4
      vertex 32.25 80 37.4
    endloop
  endfacet
  facet normal 0 0 1
    outer loop
      vertex 32.25 77.6 37.4
      vertex 29.75 80 37.4
      vertex 29.75 77.6 37.4
    endloop
  endfacet
  facet normal 1 -0 0
    outer loop
      vertex 29.75 77.6 62.4
      vertex 29.75 80 37.4
      vertex 29.75 80 62.4
    endloop
  endfacet
  facet normal 1 0 0
    outer loop
      vertex 29.75 80 37.4
      vertex 29.75 77.6 62.4
      vertex 29.75 77.6 37.4
    endloop
  endfacet
  facet normal -1 0 0
    outer loop
      vertex 38.25 77.6 37.4
      vertex 38.25 80 62.4
      vertex 38.25 80 37.4
    endloop
  endfacet
  facet normal -1 -0 0
    outer loop
      vertex 38.25 80 62.4
      vertex 38.25 77.6 37.4
      vertex 38.25 77.6 62.4
    endloop
  endfacet
  facet normal 0 0 -1
    outer loop
      vertex 35.75 77.6 62.4
      vertex 38.25 80 62.4
      vertex 38.25 77.6 62.4
    endloop
  endfacet
  facet normal -0 0 -1
    outer loop
      vertex 38.25 80 62.4
      vertex 35.75 77.6 62.4
      vertex 35.75 80 62.4
    endloop
  endfacet
  facet normal -0 0 1
    outer loop
      vertex 35.75 80 37.4
      vertex 38.25 77.6 37.4
      vertex 38.25 80 37.4
    endloop
  endfacet
  facet normal 0 0 1
    outer loop
      vertex 38.25 77.6 37.4
      vertex 35.75 80 37.4
      vertex 35.75 77.6 37.4
    endloop
  endfacet
  facet normal 1 -0 0
    outer loop
      vertex 35.75 77.6 62.4
      vertex 35.75 80 37.4
      vertex 35.75 80 62.4
    endloop
  endfacet
  facet normal 1 0 0
    outer loop
      vertex 35.75 80 37.4
      vertex 35.75 77.6 62.4
      vertex 35.75 77.6 37.4
    endloop
  endfacet
  facet normal -1 0 0
    outer loop
      vertex 44.25 77.6 37.4
      vertex 44.25 80 62.4
      vertex 44.25 80 37.4
    endloop
  endfacet
  facet normal -1 -0 0
    outer loop
      vertex 44.25 80 62.4
      vertex 44.25 77.6 37.4
      vertex 44.25 77.6 62.4
    endloop
  endfacet
  facet normal 0 0 -1
    outer loop
      vertex 41.75 77.6 62.4
      vertex 44.25 80 62.4
      vertex 44.25 77.6 62.4
    endloop
  endfacet
  facet normal -0 0 -1
    outer loop
      vertex 44.25 80 62.4
      vertex 41.75 77.6 62.4
      vertex 41.75 80 62.4
    endloop
  endfacet
  facet normal -0 0 1
    outer loop
      vertex 41.75 80 37.4
      vertex 44.25 77.6 37.4
      vertex 44.25 80 37.4
    endloop
  endfacet
  facet normal 0 0 1
    outer loop
      vertex 44.25 77.6 37.4
      vertex 41.75 80 37.4
      vertex 41.75 77.6 37.4
    endloop
  endfacet
  facet normal 1 -0 0
    outer loop
      vertex 41.75 77.6 62.4
      vertex 41.75 80 37.4
      vertex 41.75 80 62.4
    endloop
  endfacet
  facet normal 1 0 0
    outer loop
      vertex 41.75 80 37.4
      vertex 41.75 77.6 62.4
      vertex 41.75 77.6 37.4
    endloop
  endfacet
  facet normal -1 0 0
    outer loop
      vertex 50.25 77.6 37.4
      vertex 50.25 80 62.4
      vertex 50.25 80 37.4
    endloop
  endfacet
  facet normal -1 -0 0
    outer loop
      vertex 50.25 80 62.4
      vertex 50.25 77.6 37.4
      vertex 50.25 77.6 62.4
    endloop
  endfacet
  facet normal 0 0 -1
    outer loop
      vertex 47.75 77.6 62.4
      vertex 50.25 80 62.4
      vertex 50.25 77.6 62.4
    endloop
  endfacet
  facet normal -0 0 -1
    outer loop
      vertex 50.25 80 62.4
      vertex 47.75 77.6 62.4
      vertex 47.75 80 62.4
    endloop
  endfacet
  facet normal -0 0 1
    outer loop
      vertex 47.75 80 37.4
      vertex 50.25 77.6 37.4
      vertex 50.25 80 37.4
    endloop
  endfacet
  facet normal 0 0 1
    outer loop
      vertex 50.25 77.6 37.4
      vertex 47.75 80 37.4
      vertex 47.75 77.6 37.4
    endloop
  endfacet
  facet normal 1 -0 0
    outer loop
      vertex 47.75 77.6 62.4
      vertex 47.75 80 37.4
      vertex 47.75 80 62.4
    endloop
  endfacet
  facet normal 1 0 0
    outer loop
      vertex 47.75 80 37.4
      vertex 47.75 77.6 62.4
      vertex 47.75 77.6 37.4
    endloop
  endfacet
  facet normal -1 0 0
    outer loop
      vertex 56.25 77.6 37.4
      vertex 56.25 80 62.4
      vertex 56.25 80 37.4
    endloop
  endfacet
  facet normal -1 -0 0
    outer loop
      vertex 56.25 80 62.4
      vertex 56.25 77.6 37.4
      vertex 56.25 77.6 62.4
    endloop
  endfacet
  facet normal 0 0 -1
    outer loop
      vertex 53.75 77.6 62.4
      vertex 56.25 80 62.4
      vertex 56.25 77.6 62.4
    endloop
  endfacet
  facet normal -0 0 -1
    outer loop
      vertex 56.25 80 62.4
      vertex 53.75 77.6 62.4
      vertex 53.75 80 62.4
    endloop
  endfacet
  facet normal -0 0 1
    outer loop
      vertex 53.75 80 37.4
      vertex 56.25 77.6 37.4
      vertex 56.25 80 37.4
    endloop
  endfacet
  facet normal 0 0 1
    outer loop
      vertex 56.25 77.6 37.4
      vertex 53.75 80 37.4
      vertex 53.75 77.6 37.4
    endloop
  endfacet
  facet normal 1 -0 0
    outer loop
      vertex 53.75 77.6 62.4
      vertex 53.75 80 37.4
      vertex 53.75 80 62.4
    endloop
  endfacet
  facet normal 1 0 0
    outer loop
      vertex 53.75 80 37.4
      vertex 53.75 77.6 62.4
      vertex 53.75 77.6 37.4
    endloop
  endfacet
  facet normal -1 0 0
    outer loop
      vertex 62.25 77.6 37.4
      vertex 62.25 80 62.4
      vertex 62.25 80 37.4
    endloop
  endfacet
  facet normal -1 -0 0
    outer loop
      vertex 62.25 80 62.4
      vertex 62.25 77.6 37.4
      vertex 62.25 77.6 62.4
    endloop
  endfacet
  facet normal 0 0 -1
    outer loop
      vertex 59.75 77.6 62.4
      vertex 62.25 80 62.4
      vertex 62.25 77.6 62.4
    endloop
  endfacet
  facet normal -0 0 -1
    outer loop
      vertex 62.25 80 62.4
      vertex 59.75 77.6 62.4
      vertex 59.75 80 62.4
    endloop
  endfacet
  facet normal -0 0 1
    outer loop
      vertex 59.75 80 37.4
      vertex 62.25 77.6 37.4
      vertex 62.25 80 37.4
    endloop
  endfacet
  facet normal 0 0 1
    outer loop
      vertex 62.25 77.6 37.4
      vertex 59.75 80 37.4
      vertex 59.75 77.6 37.4
    endloop
  endfacet
  facet normal 1 -0 0
    outer loop
      vertex 59.75 77.6 62.4
      vertex 59.75 80 37.4
      vertex 59.75 80 62.4
    endloop
  endfacet
  facet normal 1 0 0
    outer loop
      vertex 59.75 80 37.4
      vertex 59.75 77.6 62.4
      vertex 59.75 77.6 37.4
    endloop
  endfacet
  facet normal -1 0 0
    outer loop
      vertex 68.25 77.6 37.4
      vertex 68.25 80 62.4
      vertex 68.25 80 37.4
    endloop
  endfacet
  facet normal -1 -0 0
    outer loop
      vertex 68.25 80 62.4
      vertex 68.25 77.6 37.4
      vertex 68.25 77.6 62.4
    endloop
  endfacet
  facet normal 0 0 -1
    outer loop
      vertex 65.75 77.6 62.4
      vertex 68.25 80 62.4
      vertex 68.25 77.6 62.4
    endloop
  endfacet
  facet normal -0 0 -1
    outer loop
      vertex 68.25 80 62.4
      vertex 65.75 77.6 62.4
      vertex 65.75 80 62.4
    endloop
  endfacet
  facet normal -0 0 1
    outer loop
      vertex 65.75 80 37.4
      vertex 68.25 77.6 37.4
      vertex 68.25 80 37.4
    endloop
  endfacet
  facet normal 0 0 1
    outer loop
      vertex 68.25 77.6 37.4
      vertex 65.75 80 37.4
      vertex 65.75 77.6 37.4
    endloop
  endfacet
  facet normal 1 -0 0
    outer loop
      vertex 65.75 77.6 62.4
      vertex 65.75 80 37.4
      vertex 65.75 80 62.4
    endloop
  endfacet
  facet normal 1 0 0
    outer loop
      vertex 65.75 80 37.4
      vertex 65.75 77.6 62.4
      vertex 65.75 77.6 37.4
    endloop
  endfacet
  facet normal -1 0 0
    outer loop
      vertex 74.25 77.6 37.4
      vertex 74.25 80 62.4
      vertex 74.25 80 37.4
    endloop
  endfacet
  facet normal -1 -0 0
    outer loop
      vertex 74.25 80 62.4
      vertex 74.25 77.6 37.4
      vertex 74.25 77.6 62.4
    endloop
  endfacet
  facet normal 0 0 -1
    outer loop
      vertex 71.75 77.6 62.4
      vertex 74.25 80 62.4
      vertex 74.25 77.6 62.4
    endloop
  endfacet
  facet normal -0 0 -1
    outer loop
      vertex 74.25 80 62.4
      vertex 71.75 77.6 62.4
      vertex 71.75 80 62.4
    endloop
  endfacet
  facet normal -0 0 1
    outer loop
      vertex 71.75 80 37.4
      vertex 74.25 77.6 37.4
      vertex 74.25 80 37.4
    endloop
  endfacet
  facet normal 0 0 1
    outer loop
      vertex 74.25 77.6 37.4
      vertex 71.75 80 37.4
      vertex 71.75 77.6 37.4
    endloop
  endfacet
  facet normal 1 -0 0
    outer loop
      vertex 71.75 77.6 62.4
      vertex 71.75 80 37.4
      vertex 71.75 80 62.4
    endloop
  endfacet
  facet normal 1 0 0
    outer loop
      vertex 71.75 80 37.4
      vertex 71.75 77.6 62.4
      vertex 71.75 77.6 37.4
    endloop
  endfacet
  facet normal -1 0 0
    outer loop
      vertex 80.25 77.6 37.4
      vertex 80.25 80 62.4
      vertex 80.25 80 37.4
    endloop
  endfacet
  facet normal -1 -0 0
    outer loop
      vertex 80.25 80 62.4
      vertex 80.25 77.6 37.4
      vertex 80.25 77.6 62.4
    endloop
  endfacet
  facet normal 0 0 -1
    outer loop
      vertex 77.75 77.6 62.4
      vertex 80.25 80 62.4
      vertex 80.25 77.6 62.4
    endloop
  endfacet
  facet normal -0 0 -1
    outer loop
      vertex 80.25 80 62.4
      vertex 77.75 77.6 62.4
      vertex 77.75 80 62.4
    endloop
  endfacet
  facet normal -0 0 1
    outer loop
      vertex 77.75 80 37.4
      vertex 80.25 77.6 37.4
      vertex 80.25 80 37.4
    endloop
  endfacet
  facet normal 0 0 1
    outer loop
      vertex 80.25 77.6 37.4
      vertex 77.75 80 37.4
      vertex 77.75 77.6 37.4
    endloop
  endfacet
  facet normal 1 -0 0
    outer loop
      vertex 77.75 77.6 62.4
      vertex 77.75 80 37.4
      vertex 77.75 80 62.4
    endloop
  endfacet
  facet normal 1 0 0
    outer loop
      vertex 77.75 80 37.4
      vertex 77.75 77.6 62.4
      vertex 77.75 77.6 37.4
    endloop
  endfacet
  facet normal -1 0 0
    outer loop
      vertex 86.25 77.6 37.4
      vertex 86.25 80 62.4
      vertex 86.25 80 37.4
    endloop
  endfacet
  facet normal -1 -0 0
    outer loop
      vertex 86.25 80 62.4
      vertex 86.25 77.6 37.4
      vertex 86.25 77.6 62.4
    endloop
  endfacet
  facet normal 0 0 -1
    outer loop
      vertex 83.75 77.6 62.4
      vertex 86.25 80 62.4
      vertex 86.25 77.6 62.4
    endloop
  endfacet
  facet normal -0 0 -1
    outer loop
      vertex 86.25 80 62.4
      vertex 83.75 77.6 62.4
      vertex 83.75 80 62.4
    endloop
  endfacet
  facet normal -0 0 1
    outer loop
      vertex 83.75 80 37.4
      vertex 86.25 77.6 37.4
      vertex 86.25 80 37.4
    endloop
  endfacet
  facet normal 0 0 1
    outer loop
      vertex 86.25 77.6 37.4
      vertex 83.75 80 37.4
      vertex 83.75 77.6 37.4
    endloop
  endfacet
  facet normal 1 -0 0
    outer loop
      vertex 83.75 77.6 62.4
      vertex 83.75 80 37.4
      vertex 83.75 80 62.4
    endloop
  endfacet
  facet normal 1 0 0
    outer loop
      vertex 83.75 80 37.4
      vertex 83.75 77.6 62.4
      vertex 83.75 77.6 37.4
    endloop
  endfacet
  facet normal 0 0 -1
    outer loop
      vertex 107.6 25.9 39.4
      vertex 110 40.4 39.4
      vertex 110 25.9 39.4
    endloop
  endfacet
  facet normal -0 0 -1
    outer loop
      vertex 110 40.4 39.4
      vertex 107.6 25.9 39.4
      vertex 107.6 40.4 39.4
    endloop
  endfacet
  facet normal -0 0 1
    outer loop
      vertex 107.6 40.4 30.4
      vertex 110 25.9 30.4
      vertex 110 40.4 30.4
    endloop
  endfacet
  facet normal 0 0 1
    outer loop
      vertex 110 25.9 30.4
      vertex 107.6 40.4 30.4
      vertex 107.6 25.9 30.4
    endloop
  endfacet
  facet normal 0 -1 0
    outer loop
      vertex 107.6 40.4 30.4
      vertex 110 40.4 39.4
      vertex 107.6 40.4 39.4
    endloop
  endfacet
  facet normal 0 -1 -0
    outer loop
      vertex 110 40.4 39.4
      vertex 107.6 40.4 30.4
      vertex 110 40.4 30.4
    endloop
  endfacet
  facet normal 0 1 -0
    outer loop
      vertex 110 25.9 30.4
      vertex 107.6 25.9 39.4
      vertex 110 25.9 39.4
    endloop
  endfacet
  facet normal 0 1 0
    outer loop
      vertex 107.6 25.9 39.4
      vertex 110 25.9 30.4
      vertex 107.6 25.9 30.4
    endloop
  endfacet
  facet normal 0 0 -1
    outer loop
      vertex 0 15.9 15.9
      vertex 2.4 30.4 15.9
      vertex 2.4 15.9 15.9
    endloop
  endfacet
  facet normal -0 0 -1
    outer loop
      vertex 2.4 30.4 15.9
      vertex 0 15.9 15.9
      vertex 0 30.4 15.9
    endloop
  endfacet
  facet normal -0 0 1
    outer loop
      vertex 0 30.4 6.9
      vertex 2.4 15.9 6.9
      vertex 2.4 30.4 6.9
    endloop
  endfacet
  facet normal 0 0 1
    outer loop
      vertex 2.4 15.9 6.9
      vertex 0 30.4 6.9
      vertex 0 15.9 6.9
    endloop
  endfacet
  facet normal 0 -1 0
    outer loop
      vertex 0 30.4 6.9
      vertex 2.4 30.4 15.9
      vertex 0 30.4 15.9
    endloop
  endfacet
  facet normal 0 -1 -0
    outer loop
      vertex 2.4 30.4 15.9
      vertex 0 30.4 6.9
      vertex 2.4 30.4 6.9
    endloop
  endfacet
  facet normal 0 1 -0
    outer loop
      vertex 2.4 15.9 6.9
      vertex 0 15.9 15.9
      vertex 2.4 15.9 15.9
    endloop
  endfacet
  facet normal 0 1 0
    outer loop
      vertex 0 15.9 15.9
      vertex 2.4 15.9 6.9
      vertex 0 15.9 6.9
    endloop
  endfacet
  facet normal -1 0 0
    outer loop
      vertex 1 64.4 26.4
      vertex 1 63.9 29.4
      vertex 1 64.4 44.4
    endloop
  endfacet
  facet normal -1 0 0
    outer loop
      vertex 1 64.4 26.4
      vertex 1 57.9 29.4
      vertex 1 63.9 29.4
    endloop
  endfacet
  facet normal -1 -0 0
    outer loop
      vertex 1 57.9 29.4
      vertex 1 18.4 26.4
      vertex 1 57.9 41.4
    endloop
  endfacet
  facet normal -1 0 0
    outer loop
      vertex 1 18.4 26.4
      vertex 1 57.9 29.4
      vertex 1 64.4 26.4
    endloop
  endfacet
  facet normal -1 0 0
    outer loop
      vertex 1 63.9 41.4
      vertex 1 64.4 44.4
      vertex 1 63.9 29.4
    endloop
  endfacet
  facet normal -1 0 0
    outer loop
      vertex 1 57.9 41.4
      vertex 1 64.4 44.4
      vertex 1 63.9 41.4
    endloop
  endfacet
  facet normal -1 0 0
    outer loop
      vertex 1 18.4 44.4
      vertex 1 57.9 41.4
      vertex 1 18.4 26.4
    endloop
  endfacet
  facet normal -1 0 0
    outer loop
      vertex 1 57.9 41.4
      vertex 1 18.4 44.4
      vertex 1 64.4 44.4
    endloop
  endfacet
  facet normal 0 0 -1
    outer loop
      vertex 0 18.4 44.4
      vertex 1 64.4 44.4
      vertex 1 18.4 44.4
    endloop
  endfacet
  facet normal -0 0 -1
    outer loop
      vertex 1 64.4 44.4
      vertex 0 18.4 44.4
      vertex 0 64.4 44.4
    endloop
  endfacet
  facet normal -0 0 1
    outer loop
      vertex 0 64.4 26.4
      vertex 1 18.4 26.4
      vertex 1 64.4 26.4
    endloop
  endfacet
  facet normal 0 0 1
    outer loop
      vertex 1 18.4 26.4
      vertex 0 64.4 26.4
      vertex 0 18.4 26.4
    endloop
  endfacet
  facet normal 0 -1 0
    outer loop
      vertex 0 64.4 26.4
      vertex 1 64.4 44.4
      vertex 0 64.4 44.4
    endloop
  endfacet
  facet normal 0 -1 -0
    outer loop
      vertex 1 64.4 44.4
      vertex 0 64.4 26.4
      vertex 1 64.4 26.4
    endloop
  endfacet
  facet normal 0 1 -0
    outer loop
      vertex 1 18.4 26.4
      vertex 0 18.4 44.4
      vertex 1 18.4 44.4
    endloop
  endfacet
  facet normal 0 1 0
    outer loop
      vertex 0 18.4 44.4
      vertex 1 18.4 26.4
      vertex 0 18.4 26.4
    endloop
  endfacet
  facet normal 0 0 -1
    outer loop
      vertex 1 57.9 41.4
      vertex 2.4 63.9 41.4
      vertex 2.4 57.9 41.4
    endloop
  endfacet
  facet normal -0 0 -1
    outer loop
      vertex 2.4 63.9 41.4
      vertex 1 57.9 41.4
      vertex 1 63.9 41.4
    endloop
  endfacet
  facet normal -0 0 1
    outer loop
      vertex 1 63.9 29.4
      vertex 2.4 57.9 29.4
      vertex 2.4 63.9 29.4
    endloop
  endfacet
  facet normal 0 0 1
    outer loop
      vertex 2.4 57.9 29.4
      vertex 1 63.9 29.4
      vertex 1 57.9 29.4
    endloop
  endfacet
  facet normal 0 -1 0
    outer loop
      vertex 1 63.9 29.4
      vertex 2.4 63.9 41.4
      vertex 1 63.9 41.4
    endloop
  endfacet
  facet normal 0 -1 -0
    outer loop
      vertex 2.4 63.9 41.4
      vertex 1 63.9 29.4
      vertex 2.4 63.9 29.4
    endloop
  endfacet
  facet normal 0 1 -0
    outer loop
      vertex 2.4 57.9 29.4
      vertex 1 57.9 41.4
      vertex 2.4 57.9 41.4
    endloop
  endfacet
  facet normal 0 1 0
    outer loop
      vertex 1 57.9 41.4
      vertex 2.4 57.9 29.4
      vertex 1 57.9 29.4
    endloop
  endfacet
  facet normal -1 0 0
    outer loop
      vertex 60 77.6 12.4
      vertex 60 80 19.4
      vertex 60 80 12.4
    endloop
  endfacet
  facet normal -1 -0 0
    outer loop
      vertex 60 80 19.4
      vertex 60 77.6 12.4
      vertex 60 77.6 19.4
    endloop
  endfacet
  facet normal 0 0 -1
    outer loop
      vertex 50 77.6 19.4
      vertex 60 80 19.4
      vertex 60 77.6 19.4
    endloop
  endfacet
  facet normal -0 0 -1
    outer loop
      vertex 60 80 19.4
      vertex 50 77.6 19.4
      vertex 50 80 19.4
    endloop
  endfacet
  facet normal -0 0 1
    outer loop
      vertex 50 80 12.4
      vertex 60 77.6 12.4
      vertex 60 80 12.4
    endloop
  endfacet
  facet normal 0 0 1
    outer loop
      vertex 60 77.6 12.4
      vertex 50 80 12.4
      vertex 50 77.6 12.4
    endloop
  endfacet
  facet normal 1 -0 0
    outer loop
      vertex 50 77.6 19.4
      vertex 50 80 12.4
      vertex 50 80 19.4
    endloop
  endfacet
  facet normal 1 0 0
    outer loop
      vertex 50 80 12.4
      vertex 50 77.6 19.4
      vertex 50 77.6 12.4
    endloop
  endfacet
endsolid OpenSCAD_Model
